file,year,line_no,keyword,context
0209teireikaigijuroku,2020,41,予算,補正予算(第５号)）[上程、説明、質疑、付託] ・・・・・・・・・・・・・・・・・・・・・・・・・・・・・・・ －11－
0209teireikaigijuroku,2020,41,補正予算,補正予算(第５号)）[上程、説明、質疑、付託] ・・・・・・・・・・・・・・・・・・・・・・・・・・・・・・・ －11－
0209teireikaigijuroku,2020,44,契約,◎議案第２３号、御杖村小中学校統合施設整備工事に伴う工事請負契約の締結について
0209teireikaigijuroku,2020,44,工事,◎議案第２３号、御杖村小中学校統合施設整備工事に伴う工事請負契約の締結について
0209teireikaigijuroku,2020,47,予算,◎議案第２４号、令和２年度御杖村一般会計補正予算（第６号）の議定について
0209teireikaigijuroku,2020,47,補正予算,◎議案第２４号、令和２年度御杖村一般会計補正予算（第６号）の議定について
0209teireikaigijuroku,2020,49,予算,◎議案第２５号、令和２年度御杖村簡易水道事業特別会計補正予算(第１号)の議定について
0209teireikaigijuroku,2020,49,補正予算,◎議案第２５号、令和２年度御杖村簡易水道事業特別会計補正予算(第１号)の議定について
0209teireikaigijuroku,2020,51,予算,◎議案第２６号、令和２年度御杖村国民健康保険特別会計補正予算(第３号)の議定について
0209teireikaigijuroku,2020,51,補正予算,◎議案第２６号、令和２年度御杖村国民健康保険特別会計補正予算(第３号)の議定について
0209teireikaigijuroku,2020,53,予算,◎議案第２７号、令和２年度御杖村介護保険特別会計補正予算(第２号)の議定について
0209teireikaigijuroku,2020,53,補正予算,◎議案第２７号、令和２年度御杖村介護保険特別会計補正予算(第２号)の議定について
0209teireikaigijuroku,2020,55,予算,◎議案第２８号、令和２年度御杖村後期高齢者医療特別会計補正予算(第１号)の議定について
0209teireikaigijuroku,2020,55,補正予算,◎議案第２８号、令和２年度御杖村後期高齢者医療特別会計補正予算(第１号)の議定について
0209teireikaigijuroku,2020,57,決算,◎認定第１号、令和元年度御杖村一般会計歳入歳出決算の認定について
0209teireikaigijuroku,2020,59,決算,◎認定第２号、令和元年度御杖村簡易水道事業特別会計歳入歳出決算の認定について
0209teireikaigijuroku,2020,61,決算,◎認定第３号、令和元年度御杖村国民健康保険特別会計歳入歳出決算の認定について
0209teireikaigijuroku,2020,63,決算,◎認定第４号、令和元年度御杖村介護保険特別会計歳入歳出決算の認定について
0209teireikaigijuroku,2020,65,決算,◎認定第５号、令和元年度御杖村後期高齢者医療歳入歳出決算の認定について
0209teireikaigijuroku,2020,83,予算,補正予算(第５号)）[委員会報告、質疑、討論、採決] ・・・・・・・・・・・・・・・・・・・・・・・・・ －32－
0209teireikaigijuroku,2020,83,補正予算,補正予算(第５号)）[委員会報告、質疑、討論、採決] ・・・・・・・・・・・・・・・・・・・・・・・・・ －32－
0209teireikaigijuroku,2020,87,予算,・議案第２４号、令和２年度御杖村一般会計補正予算(第５号)の議定について・議案第２５号、令和２
0209teireikaigijuroku,2020,87,補正予算,・議案第２４号、令和２年度御杖村一般会計補正予算(第５号)の議定について・議案第２５号、令和２
0209teireikaigijuroku,2020,88,予算,年度御杖村簡易水道事業特別会計補正予算（第１号）の議定について・議案第２６号、令和２年度
0209teireikaigijuroku,2020,88,補正予算,年度御杖村簡易水道事業特別会計補正予算（第１号）の議定について・議案第２６号、令和２年度
0209teireikaigijuroku,2020,89,予算,御杖村国民健康保険特別会計補正予算(第３号)の議定について・議案第２７号、令和２年度御杖村
0209teireikaigijuroku,2020,89,補正予算,御杖村国民健康保険特別会計補正予算(第３号)の議定について・議案第２７号、令和２年度御杖村
0209teireikaigijuroku,2020,90,予算,介護保険特別会計補正予算(第２号)の議定について・議案第２８号、令和２年度御杖村後期高齢者
0209teireikaigijuroku,2020,90,補正予算,介護保険特別会計補正予算(第２号)の議定について・議案第２８号、令和２年度御杖村後期高齢者
0209teireikaigijuroku,2020,91,予算,医療特別会計補正予算（第１号）の議定について ・・・・・・・・・・・・・・・・・・・・・・・・・・・・・・・・・ －34－
0209teireikaigijuroku,2020,91,補正予算,医療特別会計補正予算（第１号）の議定について ・・・・・・・・・・・・・・・・・・・・・・・・・・・・・・・・・ －34－
0209teireikaigijuroku,2020,92,予算,◎議案第２４号、令和２年度御杖村一般会計補正予算(第６号)の議定について
0209teireikaigijuroku,2020,92,補正予算,◎議案第２４号、令和２年度御杖村一般会計補正予算(第６号)の議定について
0209teireikaigijuroku,2020,94,予算,◎議案第２５号、令和２年度御杖村簡易水道事業特別会計補正予算（第１号)の議定について
0209teireikaigijuroku,2020,94,補正予算,◎議案第２５号、令和２年度御杖村簡易水道事業特別会計補正予算（第１号)の議定について
0209teireikaigijuroku,2020,96,予算,◎議案第２６号、令和２年度御杖村国民健康保険特別会計補正予算(第３号)の議定について
0209teireikaigijuroku,2020,96,補正予算,◎議案第２６号、令和２年度御杖村国民健康保険特別会計補正予算(第３号)の議定について
0209teireikaigijuroku,2020,98,予算,◎議案第２７号、令和２年度御杖村介護保険特別会計補正予算(第２号)の議定について
0209teireikaigijuroku,2020,98,補正予算,◎議案第２７号、令和２年度御杖村介護保険特別会計補正予算(第２号)の議定について
0209teireikaigijuroku,2020,100,予算,◎議案第２８号、令和２年度御杖村後期高齢者医療特別会計補正予算(第１号)の議定について
0209teireikaigijuroku,2020,100,補正予算,◎議案第２８号、令和２年度御杖村後期高齢者医療特別会計補正予算(第１号)の議定について
0209teireikaigijuroku,2020,103,決算,・認定第１号、令和元年度御杖村一般会計歳入歳出決算の認定について・認定第２号、令和元年
0209teireikaigijuroku,2020,104,決算,度御杖村簡易水道事業特別会計歳入歳出決算の認定について・認定第３号、令和元年度御杖村
0209teireikaigijuroku,2020,105,決算,国民健康保険特別会計歳入歳出決算の認定について・認定第４号、令和元年度御杖村介護保険
0209teireikaigijuroku,2020,106,決算,特別会計歳入歳出決算の認定について・認定第５号、令和元年度御杖村後期高齢者医療特別会
0209teireikaigijuroku,2020,107,決算,計歳入歳出決算の認定について ・・・・・・・・・・・・・・・・・・・・・・・・・・・・・・・・・・・・・・・・・・・・・・ －37－
0209teireikaigijuroku,2020,108,決算,◎認定第１号、令和元年度御杖村一般会計歳入歳出決算の認定について
0209teireikaigijuroku,2020,110,決算,◎認定第２号、令和元年度御杖村簡易水道事業特別会計歳入歳出決算の認定について
0209teireikaigijuroku,2020,112,決算,◎認定第３号、令和元年度御杖村国民健康保険特別会計歳入歳出決算の認定について
0209teireikaigijuroku,2020,114,決算,◎認定第４号、令和元年度御杖村介護保険特別会計歳入歳出決算の認定について
0209teireikaigijuroku,2020,116,決算,◎認定第５号、令和元年度御杖村後期高齢者医療特別会計歳入歳出決算の認定について
0209teireikaigijuroku,2020,143,予算,第７   承認第１０号[予算決算委員会付託]
0209teireikaigijuroku,2020,143,決算,第７   承認第１０号[予算決算委員会付託]
0209teireikaigijuroku,2020,144,予算,専決処分の承認を求めることについて（令和２年度御杖村一般会計補正予算(第５号)）
0209teireikaigijuroku,2020,144,補正予算,専決処分の承認を求めることについて（令和２年度御杖村一般会計補正予算(第５号)）
0209teireikaigijuroku,2020,148,契約,御杖村小中学校統合施設整備工事に伴う工事請負契約の締結について
0209teireikaigijuroku,2020,148,工事,御杖村小中学校統合施設整備工事に伴う工事請負契約の締結について
0209teireikaigijuroku,2020,149,予算,第１０ 議案第２４号[予算決算委員会付託]
0209teireikaigijuroku,2020,149,決算,第１０ 議案第２４号[予算決算委員会付託]
0209teireikaigijuroku,2020,150,予算,令和２年度御杖村一般会計補正予算（第６号）の議定について
0209teireikaigijuroku,2020,150,補正予算,令和２年度御杖村一般会計補正予算（第６号）の議定について
0209teireikaigijuroku,2020,151,予算,第１１ 議案第２５号［予算決算委員会付託］
0209teireikaigijuroku,2020,151,決算,第１１ 議案第２５号［予算決算委員会付託］
0209teireikaigijuroku,2020,152,予算,令和２年度御杖村簡易水道事業特別会計補正予算（第１号）の議定について
0209teireikaigijuroku,2020,152,補正予算,令和２年度御杖村簡易水道事業特別会計補正予算（第１号）の議定について
0209teireikaigijuroku,2020,153,予算,第１２ 議案第２６号［予算決算委員会付託］
0209teireikaigijuroku,2020,153,決算,第１２ 議案第２６号［予算決算委員会付託］
0209teireikaigijuroku,2020,154,予算,令和２年度御杖村国民健康保険特別会計補正予算(第３号)の議定について
0209teireikaigijuroku,2020,154,補正予算,令和２年度御杖村国民健康保険特別会計補正予算(第３号)の議定について
0209teireikaigijuroku,2020,155,予算,第１３ 議案第２７号［予算決算委員会付託］
0209teireikaigijuroku,2020,155,決算,第１３ 議案第２７号［予算決算委員会付託］
0209teireikaigijuroku,2020,156,予算,令和２年度御杖村介護保険特別会計補正予算(第２号)の議定について
0209teireikaigijuroku,2020,156,補正予算,令和２年度御杖村介護保険特別会計補正予算(第２号)の議定について
0209teireikaigijuroku,2020,157,予算,第１４ 議案第２８号［予算決算委員会付託］
0209teireikaigijuroku,2020,157,決算,第１４ 議案第２８号［予算決算委員会付託］
0209teireikaigijuroku,2020,158,予算,令和２年度御杖村後期高齢者医療特別会計補正予算（第１号）の議定について
0209teireikaigijuroku,2020,158,補正予算,令和２年度御杖村後期高齢者医療特別会計補正予算（第１号）の議定について
0209teireikaigijuroku,2020,159,予算,第１５ 認定第１号［予算決算委員会付託］
0209teireikaigijuroku,2020,159,決算,第１５ 認定第１号［予算決算委員会付託］
0209teireikaigijuroku,2020,160,決算,令和元年度御杖村一般会計歳入歳出決算の認定について
0209teireikaigijuroku,2020,161,予算,第１６ 認定第２号［予算決算委員会付託］
0209teireikaigijuroku,2020,161,決算,第１６ 認定第２号［予算決算委員会付託］
0209teireikaigijuroku,2020,162,決算,令和元年度御杖村簡易水道事業特別会計歳入歳出決算の認定について
0209teireikaigijuroku,2020,163,予算,第１７ 認定第３号［予算決算委員会付託］
0209teireikaigijuroku,2020,163,決算,第１７ 認定第３号［予算決算委員会付託］
0209teireikaigijuroku,2020,164,決算,令和元年度御杖村国民健康保険特別会計歳入歳出決算の認定について
0209teireikaigijuroku,2020,165,予算,第１８ 認定第４号［予算決算委員会付託］
0209teireikaigijuroku,2020,165,決算,第１８ 認定第４号［予算決算委員会付託］
0209teireikaigijuroku,2020,166,決算,令和元年度御杖村介護保険特別会計歳入歳出決算の認定について
0209teireikaigijuroku,2020,167,予算,第１９ 認定第５号［予算決算委員会付託］
0209teireikaigijuroku,2020,167,決算,第１９ 認定第５号［予算決算委員会付託］
0209teireikaigijuroku,2020,168,決算,令和元年度御杖村後期高齢者医療特別会計歳入歳出決算の認定について
0209teireikaigijuroku,2020,259,予算,での１３日間とし、全員協議会を４日、むらづくり委員会を９日、予算決算委員会を１０
0209teireikaigijuroku,2020,259,決算,での１３日間とし、全員協議会を４日、むらづくり委員会を９日、予算決算委員会を１０
0209teireikaigijuroku,2020,264,予算,第２２号をむらづくり委員会へ、専決を含む補正予算６件及び決算認定５件は予算決算
0209teireikaigijuroku,2020,264,補正予算,第２２号をむらづくり委員会へ、専決を含む補正予算６件及び決算認定５件は予算決算
0209teireikaigijuroku,2020,264,決算,第２２号をむらづくり委員会へ、専決を含む補正予算６件及び決算認定５件は予算決算
0209teireikaigijuroku,2020,340,予算,補正予算第１号についてでございます。以上１件が提案されました。議案第１号につい
0209teireikaigijuroku,2020,340,補正予算,補正予算第１号についてでございます。以上１件が提案されました。議案第１号につい
0209teireikaigijuroku,2020,341,繰越,"ては、歳入歳出ともに 3,085,千円の増額です。歳入の増額分は、昨年度の繰越金での増"
0209teireikaigijuroku,2020,344,工事,"円と不慮の出費がかさみ、加えて中央監視盤電気工事費が当初 19,197 千円をみていたと"
0209teireikaigijuroku,2020,393,予算,これは、来年度の政府予算編成に向けて、県および市町村から要望を行う場でござい
0209teireikaigijuroku,2020,394,予算,ます。本村の長年の悲願である国道 368 号線全線早期改良に向け、その予算確保と事業
0209teireikaigijuroku,2020,400,予算,さて、今定例会の案件は、新型コロナ対策関連の補正予算や令和元年度決算が中心と
0209teireikaigijuroku,2020,400,補正予算,さて、今定例会の案件は、新型コロナ対策関連の補正予算や令和元年度決算が中心と
0209teireikaigijuroku,2020,400,決算,さて、今定例会の案件は、新型コロナ対策関連の補正予算や令和元年度決算が中心と
0209teireikaigijuroku,2020,401,予算,なっております。補正予算につきましては、国の新型コロナウイルス感染症対応地方創
0209teireikaigijuroku,2020,401,補正予算,なっております。補正予算につきましては、国の新型コロナウイルス感染症対応地方創
0209teireikaigijuroku,2020,402,予算,生臨時交付金第 2 次補正予算分を活用した対策事業を計上させていただいております。
0209teireikaigijuroku,2020,402,補正予算,生臨時交付金第 2 次補正予算分を活用した対策事業を計上させていただいております。
0209teireikaigijuroku,2020,403,決算,また、令和元年度の決算につきましては、歳入の確保と経費削減や創意工夫などに努め
0209teireikaigijuroku,2020,405,基金,ていた財政調整基金の繰り入れを行うことなく、約 3 億円の積み増しを行いました。今
0209teireikaigijuroku,2020,578,予算,（令和２年度御杖村一般会計補正予算(第５号)）
0209teireikaigijuroku,2020,578,補正予算,（令和２年度御杖村一般会計補正予算(第５号)）
0209teireikaigijuroku,2020,582,予算,令和２年度御杖村一般会計補正予算第５号を議題と致します。本案について、提案理由
0209teireikaigijuroku,2020,582,補正予算,令和２年度御杖村一般会計補正予算第５号を議題と致します。本案について、提案理由
0209teireikaigijuroku,2020,595,予算,月から事業開始をしたく、7 月 22 日に補正予算の専決処分をさせていただきましたの
0209teireikaigijuroku,2020,595,補正予算,月から事業開始をしたく、7 月 22 日に補正予算の専決処分をさせていただきましたの
0209teireikaigijuroku,2020,603,予算,員協議会で詳細な説明を受け、予算決算委員会に付託することにしたいと思います。ご
0209teireikaigijuroku,2020,603,決算,員協議会で詳細な説明を受け、予算決算委員会に付託することにしたいと思います。ご
0209teireikaigijuroku,2020,609,予算,承認を求めることについて、令和２年度御杖村一般会計補正予算第５号は、予算決算委
0209teireikaigijuroku,2020,609,補正予算,承認を求めることについて、令和２年度御杖村一般会計補正予算第５号は、予算決算委
0209teireikaigijuroku,2020,609,決算,承認を求めることについて、令和２年度御杖村一般会計補正予算第５号は、予算決算委
0209teireikaigijuroku,2020,623,予算,○村長（伊藤収宜君）：本案につきましては、本年度の当初予算に計上し議決をいただき
0209teireikaigijuroku,2020,640,工事,◎議案第２３号御杖村小中学校統合施設整備工事に
0209teireikaigijuroku,2020,641,契約,伴う工事請負契約の締結について
0209teireikaigijuroku,2020,641,工事,伴う工事請負契約の締結について
0209teireikaigijuroku,2020,645,工事,：次に、日程第９議案第２３号御杖村小中学校統合施設整備工事に伴う
0209teireikaigijuroku,2020,646,契約,工事請負契約の締結についてを議題と致します。本案については、議会運営委員長の報
0209teireikaigijuroku,2020,646,工事,工事請負契約の締結についてを議題と致します。本案については、議会運営委員長の報
0209teireikaigijuroku,2020,652,契約,○村長（伊藤収宜君）：本案につきましては、議会の議決に付すべき契約及び財産の取得
0209teireikaigijuroku,2020,652,財産,○村長（伊藤収宜君）：本案につきましては、議会の議決に付すべき契約及び財産の取得
0209teireikaigijuroku,2020,652,取得,○村長（伊藤収宜君）：本案につきましては、議会の議決に付すべき契約及び財産の取得
0209teireikaigijuroku,2020,653,契約,"又は処分に関する条例第 2 条の規定に定める予定価格 5,000 万円以上の工事請負契約"
0209teireikaigijuroku,2020,653,工事,"又は処分に関する条例第 2 条の規定に定める予定価格 5,000 万円以上の工事請負契約"
0209teireikaigijuroku,2020,655,契約,求めるものでございます。契約の内容につきましては、教育次長が説明いたします。
0209teireikaigijuroku,2020,661,契約,○教育委員会次長（中村康幸君）：この契約につきましては、御杖村小中学校統合施設整備
0209teireikaigijuroku,2020,662,契約,工事を 8 月 25 日に一般競争入札を行った結果、契約金額税込 8 億 8 千万円で、村本・
0209teireikaigijuroku,2020,662,工事,工事を 8 月 25 日に一般競争入札を行った結果、契約金額税込 8 億 8 千万円で、村本・
0209teireikaigijuroku,2020,662,入札,工事を 8 月 25 日に一般競争入札を行った結果、契約金額税込 8 億 8 千万円で、村本・
0209teireikaigijuroku,2020,663,工事,松塚特定建設工事共同企業体、代表者北葛城郡広陵町村本建設株式会社奈良本店、常務
0209teireikaigijuroku,2020,665,契約,工事請負契約を締結するものであります。
0209teireikaigijuroku,2020,665,工事,工事請負契約を締結するものであります。
0209teireikaigijuroku,2020,666,契約,高額の契約案件でございますので、入札の経緯につきましても説明報告をさせていた
0209teireikaigijuroku,2020,666,入札,高額の契約案件でございますので、入札の経緯につきましても説明報告をさせていた
0209teireikaigijuroku,2020,667,入札,だきます。役場内の請負業者選定審査会を、7 月 7 日に開催し、入札参加の条件等を決
0209teireikaigijuroku,2020,668,入札,定しました。奈良県が定めている入札方法や入札参加形態などを参考としながら検討
0209teireikaigijuroku,2020,669,工事,し、本件工事の入札は、一般競争入札方式で行い、奈良県内に建設業法に基づく建築工
0209teireikaigijuroku,2020,669,入札,し、本件工事の入札は、一般競争入札方式で行い、奈良県内に建設業法に基づく建築工
0209teireikaigijuroku,2020,670,工事,事業の許可を受けている本店・支店又は営業所を有する２者で構成される特定建設工事
0209teireikaigijuroku,2020,671,工事,"共同企業体で、建築一式工事における総合評定値が、代表者は 1,300 点以上、構成員は"
0209teireikaigijuroku,2020,673,入札,績、技術力等を評価した値であり、入札参加企業の信頼性と、競争原理が働くよう対象
0209teireikaigijuroku,2020,675,入札,そして、翌日の 7 月 8 日から 7 月 22 日までを入札参加受付期間として、村のホーム
0209teireikaigijuroku,2020,676,入札,ページで入札公告を行いました。この期間中には、奈良県内や近畿管内の建設業界新聞
0209teireikaigijuroku,2020,678,入札,しかし、結果といたしまして入札参加者は１者となり、8 月 25 日に行いました入札
0209teireikaigijuroku,2020,679,入札,"で、公表予定価格税込み 8 億 8,227 万 8,100 円に対しまして、8 億 8,000 万円での入札"
0209teireikaigijuroku,2020,682,予算,ます。工期は、本契約の日から令和 3 年 8 月 24 日までで、村の予算は、令和 2 年度、3
0209teireikaigijuroku,2020,682,契約,ます。工期は、本契約の日から令和 3 年 8 月 24 日までで、村の予算は、令和 2 年度、3
0209teireikaigijuroku,2020,684,契約,入札日の翌日、8 月 26 日に仮契約を行いましたこの契約の締結につきまして、ご審議
0209teireikaigijuroku,2020,684,入札,入札日の翌日、8 月 26 日に仮契約を行いましたこの契約の締結につきまして、ご審議
0209teireikaigijuroku,2020,695,入札,入札ということでございますが、１者しか応募していないということでございまして､考
0209teireikaigijuroku,2020,697,契約,いえば随時契約だというような誤解も生むと、しっかりとした説明をしてなかったら。
0209teireikaigijuroku,2020,698,契約,私そう思うんです。それと、募集した企業とか契約金額とかには、全協で何度も説明を
0209teireikaigijuroku,2020,699,工事,いただいていますので意見は挟みませんけれど、やはり 8 億 8 千万の工事費というとお
0209teireikaigijuroku,2020,700,予算,そらく御杖村政で３回目ぐらいにあたる高額予算の事業だと思うんです。若者団地は、
0209teireikaigijuroku,2020,701,入札,20 何億かかっていますが、これは何回にも分けて入札していますので、１回として 8 億
0209teireikaigijuroku,2020,708,工事,のことを充分念頭に入れて取り組んでいただきたいと。そして、こういう大きい工事で
0209teireikaigijuroku,2020,709,入札,ございますので、県としては一般競争入札ということでそれに基づいてされたようでご
0209teireikaigijuroku,2020,710,入札,ざいますが、過去においては指名競争入札ということで業者を指名していると。そうな
0209teireikaigijuroku,2020,711,入札,ると指名された業者は必ず入札に来るし、現説等でしっかり把握して入札してくるとい
0209teireikaigijuroku,2020,712,入札,うことでございますので、競争原理がもっと働くと、私はそう思うのです。一般競争入札
0209teireikaigijuroku,2020,727,入札,：何点か質問いただきました。まず、指名競争入札がいいのではないか
0209teireikaigijuroku,2020,728,入札,という意見がございました。一般競争入札にしたというのは、指名競争といいますのは
0209teireikaigijuroku,2020,729,入札,村のこの業者にという意識が働きます、そうした中で、一般競争入札というのはより開
0209teireikaigijuroku,2020,734,工事,それと、広告期間につきましては、ひと月程みております。こうした中で、この工事に
0209teireikaigijuroku,2020,746,工事,近になく工事費としては大きい規模の事業費でございます。村といたしましても村民の
0209teireikaigijuroku,2020,756,工事,４０年前から御杖村の公共工事を受注した建設関係の会社は、村本組と松塚組しかない
0209teireikaigijuroku,2020,771,工事,につきましても、今回の工事におきまして特にグランドの水はけにつきましての手入れ
0209teireikaigijuroku,2020,775,工事,と協議をして工事の方を進めてまいりたいと考えております。
0209teireikaigijuroku,2020,783,入札,：私は、この入札に関しましての手順と申しますか、実施執行にあたり
0209teireikaigijuroku,2020,786,入札,なるほど一般競争入札ということで広くこの入札に対して参加する者を募るということ
0209teireikaigijuroku,2020,787,入札,が基本でございます。指名競争入札となれば先ほど村長からも説明がございましたよう
0209teireikaigijuroku,2020,788,入札,に、私は、かえってそれが充分には開かれた入札ではなくなると思っております。それ
0209teireikaigijuroku,2020,793,入札,す。そうゆうことで、この入札に関しましては私はそれぞれの必要なルールに乗っ取っ
0209teireikaigijuroku,2020,807,契約,杖村小中学校統合施設整備工事に伴う工事請負契約の締結については、原案のとおり可
0209teireikaigijuroku,2020,807,工事,杖村小中学校統合施設整備工事に伴う工事請負契約の締結については、原案のとおり可
0209teireikaigijuroku,2020,823,予算,◎議案第２４号令和２年度御杖村一般会計補正予算
0209teireikaigijuroku,2020,823,補正予算,◎議案第２４号令和２年度御杖村一般会計補正予算
0209teireikaigijuroku,2020,829,予算,正予算第６号の議定についてを議題と致します。本案について、提案理由の説明を求め
0209teireikaigijuroku,2020,838,基金,年度からの繰越金が確定し歳入が増額となることに伴い、財政調整基金積立金を約
0209teireikaigijuroku,2020,838,繰越,年度からの繰越金が確定し歳入が増額となることに伴い、財政調整基金積立金を約
0209teireikaigijuroku,2020,846,予算,全員協議会で詳細な説明を受け、予算決算委員会に付託することにしたいと思います。
0209teireikaigijuroku,2020,846,決算,全員協議会で詳細な説明を受け、予算決算委員会に付託することにしたいと思います。
0209teireikaigijuroku,2020,851,予算,度御杖村一般会計補正予算第６号の議定については、予算決算委員会に付託することに
0209teireikaigijuroku,2020,851,補正予算,度御杖村一般会計補正予算第６号の議定については、予算決算委員会に付託することに
0209teireikaigijuroku,2020,851,決算,度御杖村一般会計補正予算第６号の議定については、予算決算委員会に付託することに
0209teireikaigijuroku,2020,856,予算,会計補正予算（第６号）の議定について
0209teireikaigijuroku,2020,856,補正予算,会計補正予算（第６号）の議定について
0209teireikaigijuroku,2020,862,予算,業特別会計補正予算第１号の議定についてを議題と致します。本案について、提案理由
0209teireikaigijuroku,2020,862,補正予算,業特別会計補正予算第１号の議定についてを議題と致します。本案について、提案理由
0209teireikaigijuroku,2020,870,基金,度からの繰越金が確定したことに伴い、見合いの支出として基金積立を行うものござ
0209teireikaigijuroku,2020,870,繰越,度からの繰越金が確定したことに伴い、見合いの支出として基金積立を行うものござ
0209teireikaigijuroku,2020,877,予算,全員協議会で詳細な説明を受け、予算決算委員会に付託することにしたいと思います。
0209teireikaigijuroku,2020,877,決算,全員協議会で詳細な説明を受け、予算決算委員会に付託することにしたいと思います。
0209teireikaigijuroku,2020,882,予算,度御杖村簡易水道事業特別会計補正予算第１号の議定については、予算決算委員会に付
0209teireikaigijuroku,2020,882,補正予算,度御杖村簡易水道事業特別会計補正予算第１号の議定については、予算決算委員会に付
0209teireikaigijuroku,2020,882,決算,度御杖村簡易水道事業特別会計補正予算第１号の議定については、予算決算委員会に付
0209teireikaigijuroku,2020,887,予算,会計補正予算（第３号）の議定について
0209teireikaigijuroku,2020,887,補正予算,会計補正予算（第３号）の議定について
0209teireikaigijuroku,2020,892,予算,補正予算第３号の議定についてを議題と致します。本案について、提案理由の説明を求
0209teireikaigijuroku,2020,892,補正予算,補正予算第３号の議定についてを議題と致します。本案について、提案理由の説明を求
0209teireikaigijuroku,2020,899,予算,：本案につきましては、事業勘定予算の歳入歳出それぞれに 48 万 4 千
0209teireikaigijuroku,2020,900,予算,"円を追加し、補正後の総額を 2 億 8,515 万 1 千円に、また診療施設勘定予算の歳入歳出"
0209teireikaigijuroku,2020,902,繰越,ざいます。主な内容は、前年度からの繰越金確定による調整と、診療施設勘定では新型
0209teireikaigijuroku,2020,910,予算,全員協議会で詳細な説明を受け、予算決算委員会に付託することにしたいと思います。
0209teireikaigijuroku,2020,910,決算,全員協議会で詳細な説明を受け、予算決算委員会に付託することにしたいと思います。
0209teireikaigijuroku,2020,916,予算,度御杖村国民健康保険特別会計補正予算第３号の議定については、予算決算委員会に付
0209teireikaigijuroku,2020,916,補正予算,度御杖村国民健康保険特別会計補正予算第３号の議定については、予算決算委員会に付
0209teireikaigijuroku,2020,916,決算,度御杖村国民健康保険特別会計補正予算第３号の議定については、予算決算委員会に付
0209teireikaigijuroku,2020,921,予算,会計補正予算（第２号）の議定について
0209teireikaigijuroku,2020,921,補正予算,会計補正予算（第２号）の議定について
0209teireikaigijuroku,2020,926,予算,予算第２号の議定についてを議題と致します。本案について、提案理由の説明を求めま
0209teireikaigijuroku,2020,942,予算,全員協議会で詳細な説明を受け、予算決算委員会に付託することにしたいと思います。
0209teireikaigijuroku,2020,942,決算,全員協議会で詳細な説明を受け、予算決算委員会に付託することにしたいと思います。
0209teireikaigijuroku,2020,947,予算,度御杖村介護保険特別会計補正予算第２号の議定については、予算決算委員会に付託す
0209teireikaigijuroku,2020,947,補正予算,度御杖村介護保険特別会計補正予算第２号の議定については、予算決算委員会に付託す
0209teireikaigijuroku,2020,947,決算,度御杖村介護保険特別会計補正予算第２号の議定については、予算決算委員会に付託す
0209teireikaigijuroku,2020,952,予算,特別会計補正予算（第１号）の議定について
0209teireikaigijuroku,2020,952,補正予算,特別会計補正予算（第１号）の議定について
0209teireikaigijuroku,2020,957,予算,計補正予算第１号の議定についてを議題と致します。本案について、提案理由の説明を
0209teireikaigijuroku,2020,957,補正予算,計補正予算第１号の議定についてを議題と致します。本案について、提案理由の説明を
0209teireikaigijuroku,2020,968,繰越,"正後の総額を 3,755 万 4 千円とするものでございます。内容は、前年度からの繰越金が"
0209teireikaigijuroku,2020,975,予算,全員協議会で詳細な説明を受け、予算決算委員会に付託することにしたいと思います。
0209teireikaigijuroku,2020,975,決算,全員協議会で詳細な説明を受け、予算決算委員会に付託することにしたいと思います。
0209teireikaigijuroku,2020,980,予算,度御杖村後期高齢者医療特別会計補正予算第１号の議定については、予算決算委員会に
0209teireikaigijuroku,2020,980,補正予算,度御杖村後期高齢者医療特別会計補正予算第１号の議定については、予算決算委員会に
0209teireikaigijuroku,2020,980,決算,度御杖村後期高齢者医療特別会計補正予算第１号の議定については、予算決算委員会に
0209teireikaigijuroku,2020,985,決算,・認定第１号令和元年度御杖村一般会計歳入歳出決算の認定について
0209teireikaigijuroku,2020,986,決算,・認定第２号令和元年度御杖村簡易水道事業特別会計歳入歳出決算の
0209teireikaigijuroku,2020,988,決算,・認定第３号令和元年度御杖村国民健康保険特別会計歳入歳出決算の
0209teireikaigijuroku,2020,990,決算,・認定第４号令和元年度御杖村介護保険特別会計歳入歳出決算の認定
0209teireikaigijuroku,2020,992,決算,・認定第５号令和元年度御杖村後期高齢者医療特別会計歳入歳出決算
0209teireikaigijuroku,2020,997,決算,：次に、日程第１５認定第１号令和元年度御杖村一般会計歳入歳出決算
0209teireikaigijuroku,2020,999,決算,出決算の認定について、日程第１７認定第３号令和元年度御杖村国民健康保険特別会計
0209teireikaigijuroku,2020,1000,決算,歳入歳出決算の認定について、日程第１８認定第４号令和元年度御杖村介護保険特別会
0209teireikaigijuroku,2020,1001,決算,計歳入歳出決算の認定について、日程第１９認定第５号令和元年度御杖村後期高齢者医
0209teireikaigijuroku,2020,1002,決算,療特別会計歳入歳出決算の認定について、以上５議案は、令和元年度各会計決算の案件
0209teireikaigijuroku,2020,1003,決算,ですので、一括議題とします。まず、一般会計決算について、説明を求めます。伊藤村
0209teireikaigijuroku,2020,1011,決算,度御杖村一般会計歳入歳出決算の認定についてお願いするものです。決算の額でござい
0209teireikaigijuroku,2020,1023,決算,：失礼します。令和元年度一般会計決算について、本日提案を致し
0209teireikaigijuroku,2020,1024,決算,ました概要につきまして、皆様に、決算の内容に関する説明書をお配りさせて頂いてお
0209teireikaigijuroku,2020,1026,予算,一般会計決算の概要。予算の執行にあたって、計上した歳入については財源の確保に努
0209teireikaigijuroku,2020,1026,決算,一般会計決算の概要。予算の執行にあたって、計上した歳入については財源の確保に努
0209teireikaigijuroku,2020,1028,決算,入歳出決算額は、決算書の 95 ページの実質収支に関する調書のとおり歳入総額 26 億
0209teireikaigijuroku,2020,1030,繰越,となりました。収支差引額から、繰越明許費によって翌年度へ繰り越すべき財源 257 万
0209teireikaigijuroku,2020,1032,決算,"歳入決算の状況について令和元年度の歳入総額は、26 億 1,529 万 3 千円で、前年度"
0209teireikaigijuroku,2020,1035,繰越,"万 6 千円、同 13.3％、繰越金 3 億 4,775 万 5 千円、同 13.3％、村税 1 億 503 万 4 千円、"
0209teireikaigijuroku,2020,1037,決算,般会計歳入決算の内訳のとおりでございますが朗読は省略させて頂きます。
0209teireikaigijuroku,2020,1038,決算,これを前年度決算額と比較しますと、村税は第２表のとおり、総額で 1 億 503 万 4 千
0209teireikaigijuroku,2020,1042,決算,それぞれの税の状況は次のページ、３ページ、第２表、村税決算の状況のとおりで
0209teireikaigijuroku,2020,1061,財産,"県支出金のうち主なものは、第５表に列記したとおりです。財産収入は、1,124 万 6 千"
0209teireikaigijuroku,2020,1064,基金,"６ページをご覧下さい。令和元年度末における基金の現金保有残高は 31 億 1,022 万 4"
0209teireikaigijuroku,2020,1065,基金,"千円で、各基金別の内訳は第６表のとおりです。繰越金は、3 億 4,775 万 5 千円で、対"
0209teireikaigijuroku,2020,1065,繰越,"千円で、各基金別の内訳は第６表のとおりです。繰越金は、3 億 4,775 万 5 千円で、対"
0209teireikaigijuroku,2020,1068,補助金,気・熱自立的普及促進事業補助金が増額の主な要因となっています。村債は、借入総額
0209teireikaigijuroku,2020,1075,決算,７ページをご覧下さい。歳出決算の状況について、令和元年度の歳出総額は 24 億
0209teireikaigijuroku,2020,1077,決算,"た。目的別決算の主な内訳は、第７表のとおり、総務費 7 億 7,135 万 9 千円、構成比"
0209teireikaigijuroku,2020,1079,決算,"10.2％、土木費 2 億 3,041 万 5 千円、同 9.4％となりました。前年度決算と比較して増"
0209teireikaigijuroku,2020,1080,基金,額となった項目では、総務費が、財政調整基金積立金、ケーブルテレビネットワーク光
0209teireikaigijuroku,2020,1082,工事,"が、診療所・保健センター・福祉センター空調設備改修工事等により、6,754 万 2 千"
0209teireikaigijuroku,2020,1090,決算,９ページをご覧下さい。性質別決算の主な内訳は、第８表のとおり、普通建設事業
0209teireikaigijuroku,2020,1093,決算,"6,581 万 5 千円、同 10.8％等となっています。前年度決算額と比較しますと、人件費"
0209teireikaigijuroku,2020,1098,補助金,した。補助費は、御杖村ふるさと交流公社への補助金及びプレミアム商品券発行事業
0209teireikaigijuroku,2020,1099,補助金,"補助金の増等により 7,925 万 3 千円、65.0％の増額となりました。一部事務組合への"
0209teireikaigijuroku,2020,1113,決算,以上で一般会計決算の概要説明を終わらせて頂きます。詳細につきましては、決算事
0209teireikaigijuroku,2020,1116,決算,○議長（山岡隆良君）：次に、特別会計決算を一括して、説明を求めます。伊藤村長。
0209teireikaigijuroku,2020,1124,決算,者医療特別会計、以上 4 会計の歳入歳出決算の認定について、お願いするものでござい
0209teireikaigijuroku,2020,1133,決算,：失礼します。令和元年度特別会計決算につきまして、決算の内容
0209teireikaigijuroku,2020,1135,決算,第１１表のとおり、特別会計決算の状況でございます。簡易水道事業特別会計は、
0209teireikaigijuroku,2020,1161,決算,以上で特別会計の決算の概要並びに村債の状況についての説明を終わらせていただきま
0209teireikaigijuroku,2020,1162,決算,すが、一般会計同様、詳細につきましては、決算事項別明細書等をご覧いただきまして、
0209teireikaigijuroku,2020,1165,決算,：ここで、令和元年度一般会計及び特別会計の決算について、監査委員
0209teireikaigijuroku,2020,1166,決算,に決算審査の意見を求めます。山崎監査委員。
0209teireikaigijuroku,2020,1171,決算,○８番（山崎往男君）：ただ今、議長のご指名がございましたので、決算審査報告を申し上
0209teireikaigijuroku,2020,1172,決算,げたいと思います。お手元の令和元年度御杖村一般会計、特別会計の決算審査意見書を
0209teireikaigijuroku,2020,1175,決算,した。決算審査意見書の各諸表の朗読は省略させて頂きまして、７ページの決算審査結
0209teireikaigijuroku,2020,1177,決算,令和元年度決算審査結論、地方公共団体の財政の健全化に関する法律の施行に基づき、
0209teireikaigijuroku,2020,1193,予算,本年も村長はじめ関係者の効率的な予算執行により、基金残高の増額につなげた努力
0209teireikaigijuroku,2020,1193,基金,本年も村長はじめ関係者の効率的な予算執行により、基金残高の増額につなげた努力
0209teireikaigijuroku,2020,1196,決算,いし、令和元年度決算審査の結論とする。以上でございます。
0209teireikaigijuroku,2020,1198,決算,：ただ今、当局よりの説明と、監査委員より決算審査に係る意見をいた
0209teireikaigijuroku,2020,1199,決算,だきました。これから決算５議案について一括して、統括的質疑を行います。質疑はご
0209teireikaigijuroku,2020,1202,決算,○議長（山岡隆良君）：質疑なしと認めます。これで質疑を終わります。決算議案について、
0209teireikaigijuroku,2020,1203,予算,全員協議会で詳細な説明を受け、一括して予算決算委員会に付託することにしたいと思
0209teireikaigijuroku,2020,1203,決算,全員協議会で詳細な説明を受け、一括して予算決算委員会に付託することにしたいと思
0209teireikaigijuroku,2020,1208,決算,１９認定第５号までの令和元年度一般会計歳入歳出決算及び各特別会計歳入歳出決
0209teireikaigijuroku,2020,1209,予算,算の認定については、予算決算委員会に付託することに決定しました。
0209teireikaigijuroku,2020,1209,決算,算の認定については、予算決算委員会に付託することに決定しました。
0209teireikaigijuroku,2020,1316,工事,及び大規模改修工事を実施しました。
0209teireikaigijuroku,2020,1362,予算,専決処分の承認を求めることについて（令和２年度御杖村一般会計補正予算(第５号)）
0209teireikaigijuroku,2020,1362,補正予算,専決処分の承認を求めることについて（令和２年度御杖村一般会計補正予算(第５号)）
0209teireikaigijuroku,2020,1366,予算,令和２年度御杖村一般会計補正予算(第６号)の議定について
0209teireikaigijuroku,2020,1366,補正予算,令和２年度御杖村一般会計補正予算(第６号)の議定について
0209teireikaigijuroku,2020,1368,予算,令和２年度御杖村簡易水道事業特別会計補正予算(第１号)の議定について
0209teireikaigijuroku,2020,1368,補正予算,令和２年度御杖村簡易水道事業特別会計補正予算(第１号)の議定について
0209teireikaigijuroku,2020,1370,予算,令和２年度御杖村国民健康保険特別会計補正予算（第３号）の議定について
0209teireikaigijuroku,2020,1370,補正予算,令和２年度御杖村国民健康保険特別会計補正予算（第３号）の議定について
0209teireikaigijuroku,2020,1372,予算,令和２年度御杖村介護保険特別会計補正予算(第２号)の議定について
0209teireikaigijuroku,2020,1372,補正予算,令和２年度御杖村介護保険特別会計補正予算(第２号)の議定について
0209teireikaigijuroku,2020,1374,予算,令和２年度御杖村後期高齢者医療特別会計補正予算(第１号)の議定について
0209teireikaigijuroku,2020,1374,補正予算,令和２年度御杖村後期高齢者医療特別会計補正予算(第１号)の議定について
0209teireikaigijuroku,2020,1376,決算,令和元年度御杖村一般会計歳入歳出決算の認定について
0209teireikaigijuroku,2020,1378,決算,令和元年度御杖村簡易水道事業特別会計歳入歳出決算の認定について
0209teireikaigijuroku,2020,1380,決算,令和元年度御杖村国民健康保険特別会計歳入歳出決算の認定について
0209teireikaigijuroku,2020,1382,決算,令和元年度御杖村介護保険特別会計歳入歳出決算の認定について
0209teireikaigijuroku,2020,1384,決算,令和元年度御杖村後期高齢者医療特別会計歳入歳出決算の認定について
0209teireikaigijuroku,2020,1433,予算,（令和２年度御杖村一般会計補正予算(第５号)）
0209teireikaigijuroku,2020,1433,補正予算,（令和２年度御杖村一般会計補正予算(第５号)）
0209teireikaigijuroku,2020,1437,予算,令和２年度御杖村一般会計補正予算第５号を議題とします。本案件につきましては、予
0209teireikaigijuroku,2020,1437,補正予算,令和２年度御杖村一般会計補正予算第５号を議題とします。本案件につきましては、予
0209teireikaigijuroku,2020,1438,決算,算決算委員会へ付託した案件でございます。御杖村会議規則第４１条第１項の規定に基
0209teireikaigijuroku,2020,1440,予算,○予算決算委員会委員長（松岡一生君）：はい。
0209teireikaigijuroku,2020,1440,決算,○予算決算委員会委員長（松岡一生君）：はい。
0209teireikaigijuroku,2020,1443,予算,○予算決算委員会委員長（松岡一生君）：予算決算委員会を代表しまして、当委員会に付
0209teireikaigijuroku,2020,1443,決算,○予算決算委員会委員長（松岡一生君）：予算決算委員会を代表しまして、当委員会に付
0209teireikaigijuroku,2020,1446,予算,て、専決補正予算１件及び補正予算５件、決算認定５件の合計１１件の案件が付託
0209teireikaigijuroku,2020,1446,補正予算,て、専決補正予算１件及び補正予算５件、決算認定５件の合計１１件の案件が付託
0209teireikaigijuroku,2020,1446,決算,て、専決補正予算１件及び補正予算５件、決算認定５件の合計１１件の案件が付託
0209teireikaigijuroku,2020,1453,予算,決定いたしました。以上で、予算決算委員会の報告とさせていただきます。
0209teireikaigijuroku,2020,1453,決算,決定いたしました。以上で、予算決算委員会の報告とさせていただきます。
0209teireikaigijuroku,2020,1469,予算,決処分の承認を求めることについて、令和２年度御杖村一般会計補正予算第５号は、委
0209teireikaigijuroku,2020,1469,補正予算,決処分の承認を求めることについて、令和２年度御杖村一般会計補正予算第５号は、委
0209teireikaigijuroku,2020,1514,予算,・議案第２４号令和２年度御杖村一般会計補正予算(第６号)の
0209teireikaigijuroku,2020,1514,補正予算,・議案第２４号令和２年度御杖村一般会計補正予算(第６号)の
0209teireikaigijuroku,2020,1517,予算,補正予算（第１号）の議定について
0209teireikaigijuroku,2020,1517,補正予算,補正予算（第１号）の議定について
0209teireikaigijuroku,2020,1519,予算,補正予算（第３号）の議定について
0209teireikaigijuroku,2020,1519,補正予算,補正予算（第３号）の議定について
0209teireikaigijuroku,2020,1521,予算,予算(第２号)の議定について
0209teireikaigijuroku,2020,1523,予算,補正予算（第１号）の議定について
0209teireikaigijuroku,2020,1523,補正予算,補正予算（第１号）の議定について
0209teireikaigijuroku,2020,1525,予算,○議長（山岡隆良君）：次に、日程第３議案２４号令和２年度御杖村一般会計補正予算第６
0209teireikaigijuroku,2020,1525,補正予算,○議長（山岡隆良君）：次に、日程第３議案２４号令和２年度御杖村一般会計補正予算第６
0209teireikaigijuroku,2020,1527,予算,予算第１号の議定について、日程第５議案第２６号令和２年度御杖村国民健康保険特別
0209teireikaigijuroku,2020,1528,予算,会計補正予算第３号の議定について、日程第６議案第２７号令和２年度御杖村介護保険
0209teireikaigijuroku,2020,1528,補正予算,会計補正予算第３号の議定について、日程第６議案第２７号令和２年度御杖村介護保険
0209teireikaigijuroku,2020,1529,予算,特別会計補正予算第２号の議定について、日程第７議案第２８号令和２年度御杖村後期
0209teireikaigijuroku,2020,1529,補正予算,特別会計補正予算第２号の議定について、日程第７議案第２８号令和２年度御杖村後期
0209teireikaigijuroku,2020,1530,予算,高齢者医療特別会計補正予算第 1 号の議定について以上の５件につきましては、予算決
0209teireikaigijuroku,2020,1530,補正予算,高齢者医療特別会計補正予算第 1 号の議定について以上の５件につきましては、予算決
0209teireikaigijuroku,2020,1534,予算,○予算決算委員会委員長（松岡一生君）：はい。
0209teireikaigijuroku,2020,1534,決算,○予算決算委員会委員長（松岡一生君）：はい。
0209teireikaigijuroku,2020,1537,予算,○予算決算委員会委員長（松岡一生君）：それでは、日程第３議案第２４号から日程第 7
0209teireikaigijuroku,2020,1537,決算,○予算決算委員会委員長（松岡一生君）：それでは、日程第３議案第２４号から日程第 7
0209teireikaigijuroku,2020,1538,予算,議案第２８号の補正予算５件につきまして、一括して、その審査結果について報告
0209teireikaigijuroku,2020,1538,補正予算,議案第２８号の補正予算５件につきまして、一括して、その審査結果について報告
0209teireikaigijuroku,2020,1544,予算,採決の結果につきましては、補正予算５件ともに全員の賛成により、原案のとお
0209teireikaigijuroku,2020,1544,補正予算,採決の結果につきましては、補正予算５件ともに全員の賛成により、原案のとお
0209teireikaigijuroku,2020,1545,予算,り可決すべきものと決定いたしました。以上で、予算決算委員会の報告とさせてい
0209teireikaigijuroku,2020,1545,決算,り可決すべきものと決定いたしました。以上で、予算決算委員会の報告とさせてい
0209teireikaigijuroku,2020,1556,予算,◎議案第２４号令和２年度御杖村一般会計補正予算(第６号)
0209teireikaigijuroku,2020,1556,補正予算,◎議案第２４号令和２年度御杖村一般会計補正予算(第６号)
0209teireikaigijuroku,2020,1560,予算,○議長（山岡隆良君）：先ず、日程第３議案第２４号令和２年度御杖村一般会計補正予算第
0209teireikaigijuroku,2020,1560,補正予算,○議長（山岡隆良君）：先ず、日程第３議案第２４号令和２年度御杖村一般会計補正予算第
0209teireikaigijuroku,2020,1570,予算,令和２年度御杖村一般会計補正予算第６号の議定については、委員長の報告のとおり可
0209teireikaigijuroku,2020,1570,補正予算,令和２年度御杖村一般会計補正予算第６号の議定については、委員長の報告のとおり可
0209teireikaigijuroku,2020,1575,予算,補正予算(第１号)の議定について
0209teireikaigijuroku,2020,1575,補正予算,補正予算(第１号)の議定について
0209teireikaigijuroku,2020,1579,予算,計補正予算第１号の議定についてを議題とし、討論を行います。討論はありませんか。
0209teireikaigijuroku,2020,1579,補正予算,計補正予算第１号の議定についてを議題とし、討論を行います。討論はありませんか。
0209teireikaigijuroku,2020,1588,予算,和２年度御杖村簡易水道事業特別会計補正予算第１号の議定については、委員長の報告
0209teireikaigijuroku,2020,1588,補正予算,和２年度御杖村簡易水道事業特別会計補正予算第１号の議定については、委員長の報告
0209teireikaigijuroku,2020,1593,予算,補正予算(第３号)の議定について
0209teireikaigijuroku,2020,1593,補正予算,補正予算(第３号)の議定について
0209teireikaigijuroku,2020,1597,予算,計補正予算第３号の議定についてを議題とし、討論を行います。討論はありませんか。
0209teireikaigijuroku,2020,1597,補正予算,計補正予算第３号の議定についてを議題とし、討論を行います。討論はありませんか。
0209teireikaigijuroku,2020,1607,予算,和２年度御杖村国民健康保険特別会計補正予算第３号の議定については、委員長の報告
0209teireikaigijuroku,2020,1607,補正予算,和２年度御杖村国民健康保険特別会計補正予算第３号の議定については、委員長の報告
0209teireikaigijuroku,2020,1612,予算,予算(第２号)の議定について
0209teireikaigijuroku,2020,1616,予算,正予算第２号の議定についてを議題とし、討論を行います。討論はありませんか。
0209teireikaigijuroku,2020,1625,予算,和２年度御杖村介護保険特別会計補正予算第２号の議定については、委員長の報告のと
0209teireikaigijuroku,2020,1625,補正予算,和２年度御杖村介護保険特別会計補正予算第２号の議定については、委員長の報告のと
0209teireikaigijuroku,2020,1630,予算,補正予算(第２号)の議定について
0209teireikaigijuroku,2020,1630,補正予算,補正予算(第２号)の議定について
0209teireikaigijuroku,2020,1634,予算,計補正予算第１号の議定についてを議題とし、討論を行います。討論はありませんか。
0209teireikaigijuroku,2020,1634,補正予算,計補正予算第１号の議定についてを議題とし、討論を行います。討論はありませんか。
0209teireikaigijuroku,2020,1642,予算,令和２年度御杖村後期高齢者医療特別会計補正予算第１号の議定については、委員長の
0209teireikaigijuroku,2020,1642,補正予算,令和２年度御杖村後期高齢者医療特別会計補正予算第１号の議定については、委員長の
0209teireikaigijuroku,2020,1650,決算,・認定第１号令和元年度御杖村一般会計歳入歳出決算の認定
0209teireikaigijuroku,2020,1653,決算,決算の認定について
0209teireikaigijuroku,2020,1655,決算,決算の認定について
0209teireikaigijuroku,2020,1656,決算,・認定第４号令和元年度御杖村介護保険特別会計歳入歳出決算
0209teireikaigijuroku,2020,1659,決算,歳出決算の認定について
0209teireikaigijuroku,2020,1662,決算,：次に、日程第８認定第１号令和元年度御杖村一般会計歳入歳出決算
0209teireikaigijuroku,2020,1664,決算,決算の認定について、日程第１０認定第３号令和元年度御杖村国民健康保険特別会計歳
0209teireikaigijuroku,2020,1665,決算,入歳出決算の認定について、日程第１１認定第４号令和元年度御杖村介護保険特別会計
0209teireikaigijuroku,2020,1666,決算,歳入歳出決算の認定について、日程第１２認定第５号令和元年度御杖村後期高齢者医療
0209teireikaigijuroku,2020,1667,決算,特別会計歳入歳出決算の認定について、以上の５件は、各会計決算認定の案件ですの
0209teireikaigijuroku,2020,1669,予算,本件につきましては、予算決算委員会へ付託した案件でございます。御杖村会議規則
0209teireikaigijuroku,2020,1669,決算,本件につきましては、予算決算委員会へ付託した案件でございます。御杖村会議規則
0209teireikaigijuroku,2020,1672,予算,○予算決算委員会委員長（松岡一生君）：はい。
0209teireikaigijuroku,2020,1672,決算,○予算決算委員会委員長（松岡一生君）：はい。
0209teireikaigijuroku,2020,1675,予算,○予算決算委員会委員長（松岡一生君）：それでは、日程第８認定第１号から日程第１２
0209teireikaigijuroku,2020,1675,決算,○予算決算委員会委員長（松岡一生君）：それでは、日程第８認定第１号から日程第１２
0209teireikaigijuroku,2020,1676,決算,認定第５号の各会計歳入歳出決算認定の５件につきまして、一括して、その審査結
0209teireikaigijuroku,2020,1682,予算,成により、原案のとおり認定すべきものと決定いたしました。以上で、予算決算委
0209teireikaigijuroku,2020,1682,決算,成により、原案のとおり認定すべきものと決定いたしました。以上で、予算決算委
0209teireikaigijuroku,2020,1694,決算,◎認定第１号令和元年度御杖村一般会計歳入歳出決算
0209teireikaigijuroku,2020,1699,決算,：先ず、日程第８認定第１号令和元年度御杖村一般会計歳入歳出決算
0209teireikaigijuroku,2020,1709,決算,和元年度御杖村一般会計歳入歳出決算の認定については、委員長の報告のとおり認定さ
0209teireikaigijuroku,2020,1714,決算,歳入歳出決算の認定について
0209teireikaigijuroku,2020,1718,決算,歳入歳出決算の認定についてを議題とし、討論を行います。討論はありませんか。
0209teireikaigijuroku,2020,1727,決算,元年度御杖村簡易水道事業特別会計歳入歳出決算の認定については、委員長の報告のと
0209teireikaigijuroku,2020,1732,決算,歳入歳出決算の認定について
0209teireikaigijuroku,2020,1736,決算,計歳入歳出決算の認定についてを議題とし、討論を行います。討論はありませんか。
0209teireikaigijuroku,2020,1746,決算,和元年度御杖村国民健康保険特別会計歳入歳出決算の認定については、委員長の報告の
0209teireikaigijuroku,2020,1751,決算,決算の認定について
0209teireikaigijuroku,2020,1755,決算,歳出決算の認定についてを議題とし、討論を行います。討論はありませんか。
0209teireikaigijuroku,2020,1764,決算,元年度御杖村介護保険特別会計歳入歳出決算の認定については、委員長の報告のとおり
0209teireikaigijuroku,2020,1769,決算,歳入歳出決算の認定について
0209teireikaigijuroku,2020,1773,決算,計歳入歳出決算の認定についてを議題とし、討論を行います。討論はありませんか。
0209teireikaigijuroku,2020,1781,決算,令和元年度御杖村後期高齢者医療特別会計歳入歳出決算の認定については、委員長の報
04555830,2018,43,契約,◎議案第 38 号、御杖村長期継続契約を締結することができる契約を定め
04555830,2018,54,予算,◎議案第 43 号、平成 30 年度御杖村一般会計補正予算（第 5 号）の
04555830,2018,54,補正予算,◎議案第 43 号、平成 30 年度御杖村一般会計補正予算（第 5 号）の
04555830,2018,56,予算,◎議案第 44 号、平成 30 年度御杖村簡易水道事業特別会計補正予算
04555830,2018,56,補正予算,◎議案第 44 号、平成 30 年度御杖村簡易水道事業特別会計補正予算
04555830,2018,58,予算,◎議案第 45 号、平成 30 年度御杖村国民健康保険特別会計補正予算
04555830,2018,58,補正予算,◎議案第 45 号、平成 30 年度御杖村国民健康保険特別会計補正予算
04555830,2018,60,予算,◎議案第 46 号、平成 30 年度御杖村介護保険特別会計補正予算
04555830,2018,60,補正予算,◎議案第 46 号、平成 30 年度御杖村介護保険特別会計補正予算
04555830,2018,63,契約,工事に伴う工事変更請負契約の締結について［上程、説明］ . . . . - 21 -
04555830,2018,63,工事,工事に伴う工事変更請負契約の締結について［上程、説明］ . . . . - 21 -
04555830,2018,92,予算,・議案第 43 号、平成 30 年度御杖村一般会計補正予算( 第 5 号) の議
04555830,2018,92,補正予算,・議案第 43 号、平成 30 年度御杖村一般会計補正予算( 第 5 号) の議
04555830,2018,94,予算,予算( 第 2 号) の議定について・議案第 45 号、平成 30 年度御杖村国民健康
04555830,2018,95,予算,保険特別会計補正予算( 第 2 号) の議定について ・議案第 46 号、平成 30
04555830,2018,95,補正予算,保険特別会計補正予算( 第 2 号) の議定について ・議案第 46 号、平成 30
04555830,2018,96,予算,年度御杖村介護保険特別会計補正予算( 第 3 号) の議定について
04555830,2018,96,補正予算,年度御杖村介護保険特別会計補正予算( 第 3 号) の議定について
04555830,2018,97,予算,◎議案第 43 号、平成 30 年度御杖村一般会計補正予算（第 5 号）の
04555830,2018,97,補正予算,◎議案第 43 号、平成 30 年度御杖村一般会計補正予算（第 5 号）の
04555830,2018,99,予算,◎議案第 44 号、平成 30 年度御杖村簡易水道事業特別会計補正予算
04555830,2018,99,補正予算,◎議案第 44 号、平成 30 年度御杖村簡易水道事業特別会計補正予算
04555830,2018,101,予算,◎議案第 45 号、平成 30 年度御杖村国民健康保険特別会計補正予算
04555830,2018,101,補正予算,◎議案第 45 号、平成 30 年度御杖村国民健康保険特別会計補正予算
04555830,2018,103,予算,◎議案第 46 号、平成 30 年度御杖村介護保険特別会計補正予算
04555830,2018,103,補正予算,◎議案第 46 号、平成 30 年度御杖村介護保険特別会計補正予算
04555830,2018,105,工事,◎議案第 47 号、桃俣多目的研修センター耐震・改修工事に伴う工事
04555830,2018,106,契約,変更請負契約の締結について［質疑、討論、採決］ . . . . . . . . . . . - 32 -
04555830,2018,139,契約,御杖村長期継続契約を締結することができる契約を定める条例の制定に
04555830,2018,154,予算,平成 30 年度御杖村一般会計補正予算（第 5 号）の議定について
04555830,2018,154,補正予算,平成 30 年度御杖村一般会計補正予算（第 5 号）の議定について
04555830,2018,156,予算,平成 30 年度御杖村簡易水道事業特別会計補正予算（第 2 号）の議
04555830,2018,156,補正予算,平成 30 年度御杖村簡易水道事業特別会計補正予算（第 2 号）の議
04555830,2018,159,予算,平成 30 年度御杖村国民健康保険特別会計補正予算（第 2 号）の議
04555830,2018,159,補正予算,平成 30 年度御杖村国民健康保険特別会計補正予算（第 2 号）の議
04555830,2018,165,予算,平成 30 年度御杖村介護保険特別会計補正予算（第 3 号）の議定に
04555830,2018,165,補正予算,平成 30 年度御杖村介護保険特別会計補正予算（第 3 号）の議定に
04555830,2018,168,契約,桃俣多目的研修センター耐震・改修工事に伴う工事変更請負契約の
04555830,2018,168,工事,桃俣多目的研修センター耐震・改修工事に伴う工事変更請負契約の
04555830,2018,263,予算,から 20 日までの 8 日間とし、全員協議会を 14 日、予算決算委員会を 17 日、続
04555830,2018,263,決算,から 20 日までの 8 日間とし、全員協議会を 14 日、予算決算委員会を 17 日、続
04555830,2018,287,決算,められました。これを受けまして松井連合長よりそれぞれの決算内容につきまし
04555830,2018,289,決算,認定第 1 号平成 29 年度桜井宇陀広域連合一般会計歳入歳出決算についてで
04555830,2018,290,決算,"ございます。歳入決算額が 1, 547 万 4, 811 円、歳出決算額が 1, 325 万 6, 398 円、"
04555830,2018,292,決算,第 2 号平成 29 年度桜井宇陀広域連合ふるさと町村基金特別会計歳入歳出決算
04555830,2018,292,基金,第 2 号平成 29 年度桜井宇陀広域連合ふるさと町村基金特別会計歳入歳出決算
04555830,2018,293,決算,"につきましてでございます。歳入決算額が 1, 136 万 8, 867 円、歳出決算額が 891"
04555830,2018,296,決算,"出決算について説明を受けました。歳入決算額につきましては、5, 955 万 9, 403"
04555830,2018,297,決算,"円、歳出決算額が 5, 188 万 3, 939 円、差引残額 772 万 5, 464 円を次年度へ繰"
04555830,2018,298,決算,越したという説明でございます。いずれも黒字決算ということでございまして、翌
04555830,2018,299,繰越,年度に繰越をされております。この後続きまして、桜井宇陀広域連合の監査委員
04555830,2018,300,決算,から決算審査意見書にもとづきまして報告を受けました。監査委員につきまして
04555830,2018,326,予算,3、議案第 6 号平成 30 年宇陀衛生一部事務組合一般会計歳入歳出補正予算第
04555830,2018,326,補正予算,3、議案第 6 号平成 30 年宇陀衛生一部事務組合一般会計歳入歳出補正予算第
04555830,2018,328,予算,"算総額を 1 億 1, 253 万 7, 000 円とするもの、予算削減理由については、修繕費"
04555830,2018,334,予算,告がありました。30 年度補正予算第 2 号並びに認定第 1 号 29 年度決算認定に
04555830,2018,334,補正予算,告がありました。30 年度補正予算第 2 号並びに認定第 1 号 29 年度決算認定に
04555830,2018,334,決算,告がありました。30 年度補正予算第 2 号並びに認定第 1 号 29 年度決算認定に
04555830,2018,335,決算,ついて、全員の挙手により承認されました。その後、29 年度決算認定の審議の
04555830,2018,336,基金,"過程において財政調整基金が 6, 500 万と非常に大きな額が積み上がっているが、"
04555830,2018,338,基金,ているなかにあり、財政調整基金の使い方や設備更新の際の資金調達について
04555830,2018,356,決算,境衛生組合一般会計歳入歳出決算について、以上 1 件が提案されました。認定
04555830,2018,357,決算,"第 1 号については、平成 29 年度歳入歳出決算について、歳入額 1 億 8,630 万"
04555830,2018,358,繰越,"1 千円、歳出額 1 億 8,471 万 7 千円で、翌年度繰越金が 158 万 4 千円となって"
04555830,2018,381,決算,度曽爾御杖行政一部事務組合一般会計歳入歳出決算の認定の件、3 第 2 号議
04555830,2018,382,予算,案、 平成 30 年度曽爾御杖行政一部事務組合会計歳入歳出予算補正第 1 号です。
04555830,2018,386,決算,会計歳入歳出決算認定について、監査委員より監査報告がされました。第 2 号
04555830,2018,387,予算,議案については、歳入歳出予算の総額から歳入歳出それぞれ 114 万 4 千円を増
04555830,2018,446,予算,び特別会計の補正予算､また契約締結､和解及び損害賠償の額､人事案件など
04555830,2018,446,補正予算,び特別会計の補正予算､また契約締結､和解及び損害賠償の額､人事案件など
04555830,2018,446,契約,び特別会計の補正予算､また契約締結､和解及び損害賠償の額､人事案件など
04555830,2018,547,予算,現在、平成 31 年度予算の編成作業中であると思われますが、インバウンドを
04555830,2018,641,予算,頂戴いたしました。現在、来年度予算編成時期であり、来年度以降に実施でき
04555830,2018,642,予算,るものがありましたら、予算を計上してまいりたいと考えております。
04555830,2018,692,契約,◎議案第 38 号、御杖村長期継続契約を締結することができ
04555830,2018,693,契約,る契約を定める条例の制定について、［上程、説明、質
04555830,2018,696,契約,○ 議長（盛岡英成君） 次に、日程第 7、議案第 38 号、御杖村長期継続契約を締
04555830,2018,697,契約,結することができる契約を定める条例の制定について、を議題とします。
04555830,2018,700,契約,○ 村長（伊藤収宜君） 地方自治法第 234 条の 3 の規定に基づく長期継続契約の
04555830,2018,701,契約,内、複数年契約を結ぶものをこの条例で定めるもので、事務の効率化を図ります。
04555830,2018,702,契約,電子計算機等の物品の借り入れ、また毎年度当初から役務の提供を受ける契約
04555830,2018,707,契約,おいては、地方自治法第 234 条の 3 に規定する政令で定める契約は、翌年度以
04555830,2018,708,契約,降にわたり物品を借り入れ又は役務の提供を受ける契約で、その契約の性質上
04555830,2018,709,契約,翌年度以降にわたり契約を締結しなければ当該契約に係る事務の取扱いに支
04555830,2018,711,契約,程の条例第 1 条第 1 項第 1 号の物品を借り入れる契約は、具体的には電子計算
04555830,2018,712,契約,機、複写機その他事務用機器などのリース契約であり、また、第 2 号の役務の
04555830,2018,713,契約,提供を受ける契約につきましては、具体的には、庁舎その他の施設における清
04555830,2018,716,契約,必要があるものとなり、長期継続契約を締結することにより事務の効率化を図っ
04555830,2018,717,契約,ていきたいと考えております。また、第 2 条におきまして契約期間を定めており、
04555830,2018,733,契約,御杖村長期継続契約を締結することができる契約を定める条例の制定について
04555830,2018,862,予算,◎議案第 43 号、平成 30 年度御杖村一般会計補正予算（第
04555830,2018,862,補正予算,◎議案第 43 号、平成 30 年度御杖村一般会計補正予算（第
04555830,2018,867,予算,会計補正予算（第 5 号）の議定についてを議題とします。本案について、提案
04555830,2018,867,補正予算,会計補正予算（第 5 号）の議定についてを議題とします。本案について、提案
04555830,2018,871,予算,"歳入歳出予算それぞれに 2, 995 万 4 千円を追加し、歳入歳出予算の総額を"
04555830,2018,883,予算,本案については、全員協議会で詳細説明を受け、予算決算委員会に付託する
04555830,2018,883,決算,本案については、全員協議会で詳細説明を受け、予算決算委員会に付託する
04555830,2018,888,予算,年度御杖村一般会計補正予算（第 5 号）の議定については、予算決算委員会
04555830,2018,888,補正予算,年度御杖村一般会計補正予算（第 5 号）の議定については、予算決算委員会
04555830,2018,888,決算,年度御杖村一般会計補正予算（第 5 号）の議定については、予算決算委員会
04555830,2018,893,予算,計補正予算（第 2 号）の議定について［上程、説明、質
04555830,2018,893,補正予算,計補正予算（第 2 号）の議定について［上程、説明、質
04555830,2018,896,予算,水道事業特別会計補正予算（第 2 号）の議定についてを議題とします。本案に
04555830,2018,896,補正予算,水道事業特別会計補正予算（第 2 号）の議定についてを議題とします。本案に
04555830,2018,899,予算,○ 村長（伊藤収宜君） 本案につきましては、歳入歳出予算それぞれに 5 万 5 千円
04555830,2018,900,予算,"を追加し、歳入歳出予算の総額を、歳入歳出それぞれ 1 億 2, 269 万 8 千円とす"
04555830,2018,908,予算,本案については、全員協議会で詳細説明を受け、予算決算委員会に付託する
04555830,2018,908,決算,本案については、全員協議会で詳細説明を受け、予算決算委員会に付託する
04555830,2018,916,予算,年度御杖村簡易水道事業特別会計補正予算（第 2 号）の議定については、予
04555830,2018,916,補正予算,年度御杖村簡易水道事業特別会計補正予算（第 2 号）の議定については、予
04555830,2018,917,決算,算決算委員会に付託することに決定しました。
04555830,2018,921,予算,計補正予算（第 2 号）の議定について［上程、説明、質
04555830,2018,921,補正予算,計補正予算（第 2 号）の議定について［上程、説明、質
04555830,2018,924,予算,健康保険特別会計補正予算（第 2 号）の議定についてを議題とします。本案に
04555830,2018,924,補正予算,健康保険特別会計補正予算（第 2 号）の議定についてを議題とします。本案に
04555830,2018,928,予算,事業勘定は、歳入歳出予算それぞれに 100 万 3 千円を追加し、歳入歳出予算の
04555830,2018,935,予算,ての歳入歳出予算総額の説明がございませんでしたが、再度答弁を願いたいと
04555830,2018,937,予算,○ 村長（伊藤収宜君） 診療施設勘定の歳入歳出予算の総額に、歳入歳出それぞ
04555830,2018,938,予算,"れ 13 万 7 千円を追加し、歳入歳出予算の総額をそれぞれ 1 億 1, 232 万 1 千円"
04555830,2018,939,予算,とする診療施設勘定の予算でございます。よろしくお願いいたします。
04555830,2018,944,予算,本案については、全員協議会で詳細説明を受け、予算決算委員会に付託する
04555830,2018,944,決算,本案については、全員協議会で詳細説明を受け、予算決算委員会に付託する
04555830,2018,949,予算,年度御杖村国民健康保険特別会計補正予算（第 2 号）の議定については、予
04555830,2018,949,補正予算,年度御杖村国民健康保険特別会計補正予算（第 2 号）の議定については、予
04555830,2018,950,決算,算決算委員会に付託することに決定しました。
04555830,2018,957,予算,正予算（第 3 号）の議定について［上程、説明、質疑、
04555830,2018,960,予算,保険特別会計補正予算（第 3 号）の議定についてを議題とします。本案につい
04555830,2018,960,補正予算,保険特別会計補正予算（第 3 号）の議定についてを議題とします。本案につい
04555830,2018,963,予算,"○ 村長（伊藤収宜君） 本案につきましては、歳入歳出予算それぞれに 2, 923 万 5"
04555830,2018,964,予算,"千円を追加し、歳入歳出予算の総額を歳入歳出それぞれ 3 億 8, 067 万 5 千円と"
04555830,2018,973,予算,本案については、全員協議会で詳細説明を受け、予算決算委員会に付託する
04555830,2018,973,決算,本案については、全員協議会で詳細説明を受け、予算決算委員会に付託する
04555830,2018,978,予算,年度御杖村介護保険特別会計補正予算（第 3 号）の議定については、予算決
04555830,2018,978,補正予算,年度御杖村介護保険特別会計補正予算（第 3 号）の議定については、予算決
04555830,2018,983,契約,震・改修工事に伴う工事変更請負契約の締結について
04555830,2018,983,工事,震・改修工事に伴う工事変更請負契約の締結について
04555830,2018,986,契約,改修工事に伴う工事変更請負契約の締結についてを議題とします。
04555830,2018,986,工事,改修工事に伴う工事変更請負契約の締結についてを議題とします。
04555830,2018,989,工事,○ 村長（伊藤収宜君） 本工事については、事業費の変更増額が必要となり、変更
04555830,2018,990,契約,"契約後の予定価格が 5, 000 万円以上となることから、議会の議決に付すべき契"
04555830,2018,991,財産,約及び財産の取得又は処分に関する条例第２条の規定により、議決を求めるも
04555830,2018,991,取得,約及び財産の取得又は処分に関する条例第２条の規定により、議決を求めるも
04555830,2018,997,契約,目的研修センター耐震・改修工事に伴う工事変更請負契約の締結については、
04555830,2018,997,工事,目的研修センター耐震・改修工事に伴う工事変更請負契約の締結については、
04555830,2018,1118,予算,平成 30 年度御杖村一般会計補正予算（第 5 号）の議定について
04555830,2018,1118,補正予算,平成 30 年度御杖村一般会計補正予算（第 5 号）の議定について
04555830,2018,1120,予算,平成 30 年度御杖村簡易水道事業特別会計補正予算（第 2 号）の議
04555830,2018,1120,補正予算,平成 30 年度御杖村簡易水道事業特別会計補正予算（第 2 号）の議
04555830,2018,1123,予算,平成 30 年度御杖村国民健康保険特別会計補正予算（第 2 号）の議
04555830,2018,1123,補正予算,平成 30 年度御杖村国民健康保険特別会計補正予算（第 2 号）の議
04555830,2018,1126,予算,平成 30 年度御杖村介護保険特別会計補正予算（第 3 号）の議定に
04555830,2018,1126,補正予算,平成 30 年度御杖村介護保険特別会計補正予算（第 3 号）の議定に
04555830,2018,1129,契約,桃俣多目的研修センター耐震・改修工事に伴う工事変更請負契約の
04555830,2018,1129,工事,桃俣多目的研修センター耐震・改修工事に伴う工事変更請負契約の
04555830,2018,1315,予算,・議案第 43 号、平成 30 年度御杖村一般会計補正予算
04555830,2018,1315,補正予算,・議案第 43 号、平成 30 年度御杖村一般会計補正予算
04555830,2018,1318,予算,会計補正予算（第 2 号）の議定について
04555830,2018,1318,補正予算,会計補正予算（第 2 号）の議定について
04555830,2018,1320,予算,会計補正予算（第 2 号）の議定について
04555830,2018,1320,補正予算,会計補正予算（第 2 号）の議定について
04555830,2018,1322,予算,補正予算（第 3 号）の議定について
04555830,2018,1322,補正予算,補正予算（第 3 号）の議定について
04555830,2018,1324,予算,会計補正予算（第 5 号）の議定について
04555830,2018,1324,補正予算,会計補正予算（第 5 号）の議定について
04555830,2018,1329,予算,日程第 9、議案第 46 号、平成 30 年度御杖村介護保険特別会計補正予算（第
04555830,2018,1329,補正予算,日程第 9、議案第 46 号、平成 30 年度御杖村介護保険特別会計補正予算（第
04555830,2018,1332,予算,本案件につきましては、予算決算委員会へ付託した案件でございます。会議
04555830,2018,1332,決算,本案件につきましては、予算決算委員会へ付託した案件でございます。会議
04555830,2018,1336,予算,○ 予算決算委員長（松岡一生君） 議長より指名いただきましたので、委員会を代
04555830,2018,1336,決算,○ 予算決算委員長（松岡一生君） 議長より指名いただきましたので、委員会を代
04555830,2018,1339,予算,経過でございますが、12 月 13 日の本会議において、補正予算の議定 4 件が
04555830,2018,1339,補正予算,経過でございますが、12 月 13 日の本会議において、補正予算の議定 4 件が
04555830,2018,1342,予算,審査でございますが、本議題の補正予算 4 件につきまして、各会計ごとに質
04555830,2018,1342,補正予算,審査でございますが、本議題の補正予算 4 件につきまして、各会計ごとに質
04555830,2018,1346,予算,割愛をさせていただきます。採決の結果につきましては、補正予算 4 会計とも、
04555830,2018,1346,補正予算,割愛をさせていただきます。採決の結果につきましては、補正予算 4 会計とも、
04555830,2018,1348,予算,以上で、議案第 43 号から議案第 46 号についての、予算決算委員会の審査
04555830,2018,1348,決算,以上で、議案第 43 号から議案第 46 号についての、予算決算委員会の審査
04555830,2018,1358,予算,◎議案第 43 号、平成 30 年度御杖村一般会計補正予算（第
04555830,2018,1358,補正予算,◎議案第 43 号、平成 30 年度御杖村一般会計補正予算（第
04555830,2018,1361,予算,まず、日程第 6、議案第 43 号、平成 30 年度御杖村一般会計補正予算（第 5
04555830,2018,1361,補正予算,まず、日程第 6、議案第 43 号、平成 30 年度御杖村一般会計補正予算（第 5
04555830,2018,1372,予算,平成 30 年度御杖村一般会計補正予算（第 5 号）の議定について、委員長の報
04555830,2018,1372,補正予算,平成 30 年度御杖村一般会計補正予算（第 5 号）の議定について、委員長の報
04555830,2018,1377,予算,計補正予算（第 2 号）の議定について［討論・採決］
04555830,2018,1377,補正予算,計補正予算（第 2 号）の議定について［討論・採決］
04555830,2018,1379,予算,易水道事業特別会計補正予算（第 2 号）の議定についてを議題とし、討論を行
04555830,2018,1379,補正予算,易水道事業特別会計補正予算（第 2 号）の議定についてを議題とし、討論を行
04555830,2018,1390,予算,平成 30 年度御杖村簡易水道事業特別会計補正予算( 第 2 号）の議定について
04555830,2018,1390,補正予算,平成 30 年度御杖村簡易水道事業特別会計補正予算( 第 2 号）の議定について
04555830,2018,1395,予算,計補正予算（第 2 号）の議定について［討論・採決］
04555830,2018,1395,補正予算,計補正予算（第 2 号）の議定について［討論・採決］
04555830,2018,1397,予算,民健康保険特別会計補正予算（第 2 号）の議定についてを議題とし、討論を行
04555830,2018,1397,補正予算,民健康保険特別会計補正予算（第 2 号）の議定についてを議題とし、討論を行
04555830,2018,1410,予算,平成 30 年度御杖村国民健康保険特別会計補正予算（第 2 号）の議定について
04555830,2018,1410,補正予算,平成 30 年度御杖村国民健康保険特別会計補正予算（第 2 号）の議定について
04555830,2018,1415,予算,正予算（第 3 号）の議定について［討論・採決］
04555830,2018,1417,予算,別会計補正予算（第 3 号）の議定についてを議題とし、討論を行います。
04555830,2018,1417,補正予算,別会計補正予算（第 3 号）の議定についてを議題とし、討論を行います。
04555830,2018,1427,予算,平成 30 年度御杖村介護保険特別会計補正予算（第 3 号）の議定については、
04555830,2018,1427,補正予算,平成 30 年度御杖村介護保険特別会計補正予算（第 3 号）の議定については、
04555830,2018,1431,工事,◎議案第 47 号、桃俣多目的研修センター耐震・改修工事
04555830,2018,1432,契約,に伴う工事変更請負契約の締結について［質疑、討論、
04555830,2018,1432,工事,に伴う工事変更請負契約の締結について［質疑、討論、
04555830,2018,1435,契約,耐震・改修工事に伴う工事変更請負契約の締結についてを議題とします。本案
04555830,2018,1435,工事,耐震・改修工事に伴う工事変更請負契約の締結についてを議題とします。本案
04555830,2018,1450,契約,桃俣多目的研修センター耐震・改修工事に伴う工事変更請負契約の締結につい
04555830,2018,1450,工事,桃俣多目的研修センター耐震・改修工事に伴う工事変更請負契約の締結につい
2026gikaikaigiroku3gatsu,2026,34,予算,（令和７年度御杖村一般会計補正予算(第５号）)
2026gikaikaigiroku3gatsu,2026,34,補正予算,（令和７年度御杖村一般会計補正予算(第５号）)
2026gikaikaigiroku3gatsu,2026,35,予算,[上程、説明、総括的質疑、予算決算委員会付託] ・・・・・・・・・・・・・・・・・・・・・・・・・・・ －６－
2026gikaikaigiroku3gatsu,2026,35,決算,[上程、説明、総括的質疑、予算決算委員会付託] ・・・・・・・・・・・・・・・・・・・・・・・・・・・ －６－
2026gikaikaigiroku3gatsu,2026,37,予算,（令和７年度御杖村一般会計補正予算(第６号）)
2026gikaikaigiroku3gatsu,2026,37,補正予算,（令和７年度御杖村一般会計補正予算(第６号）)
2026gikaikaigiroku3gatsu,2026,38,予算,[上程、説明、総括的質疑、予算決算委員会付託] ・・・・・・・・・・・・・・・・・・・・・・・・・・・ －７－
2026gikaikaigiroku3gatsu,2026,38,決算,[上程、説明、総括的質疑、予算決算委員会付託] ・・・・・・・・・・・・・・・・・・・・・・・・・・・ －７－
2026gikaikaigiroku3gatsu,2026,40,予算,（令和７年度御杖村一般会計補正予算(第７号）)
2026gikaikaigiroku3gatsu,2026,40,補正予算,（令和７年度御杖村一般会計補正予算(第７号）)
2026gikaikaigiroku3gatsu,2026,41,予算,[上程、説明、総括的質疑、予算決算委員会付託] ・・・・・・・・・・・・・・・・・・・・・・・・・・・ －７－
2026gikaikaigiroku3gatsu,2026,41,決算,[上程、説明、総括的質疑、予算決算委員会付託] ・・・・・・・・・・・・・・・・・・・・・・・・・・・ －７－
2026gikaikaigiroku3gatsu,2026,45,基金,◎議案第２号村保有基金の運用収益等を有効活用するための関係条例の整理に関する
2026gikaikaigiroku3gatsu,2026,83,予算,◎議案第１７号令和７年度御杖村一般会計補正予算（第８号）の議定について
2026gikaikaigiroku3gatsu,2026,83,補正予算,◎議案第１７号令和７年度御杖村一般会計補正予算（第８号）の議定について
2026gikaikaigiroku3gatsu,2026,84,予算,[上程、説明、総括的質疑、予算決算委員会付託] ・・・・・・・・・・・・・・・・・・・・・・・・・・・ －21－
2026gikaikaigiroku3gatsu,2026,84,決算,[上程、説明、総括的質疑、予算決算委員会付託] ・・・・・・・・・・・・・・・・・・・・・・・・・・・ －21－
2026gikaikaigiroku3gatsu,2026,85,予算,◎議案第１８号令和７年度御杖村国民健康保険特別会計補正予算（第２号）の議定について
2026gikaikaigiroku3gatsu,2026,85,補正予算,◎議案第１８号令和７年度御杖村国民健康保険特別会計補正予算（第２号）の議定について
2026gikaikaigiroku3gatsu,2026,86,予算,[上程、説明、総括的質疑、予算決算委員会付託] ・・・・・・・・・・・・・・・・・・・・・・・・・・・ －22－
2026gikaikaigiroku3gatsu,2026,86,決算,[上程、説明、総括的質疑、予算決算委員会付託] ・・・・・・・・・・・・・・・・・・・・・・・・・・・ －22－
2026gikaikaigiroku3gatsu,2026,87,予算,◎議案第１９号令和７年度御杖村介護保険特別会計補正予算（第４号）の議定について
2026gikaikaigiroku3gatsu,2026,87,補正予算,◎議案第１９号令和７年度御杖村介護保険特別会計補正予算（第４号）の議定について
2026gikaikaigiroku3gatsu,2026,88,予算,[上程、説明、総括的質疑、予算決算委員会付託] ・・・・・・・・・・・・・・・・・・・・・・・・・・・ －22－
2026gikaikaigiroku3gatsu,2026,88,決算,[上程、説明、総括的質疑、予算決算委員会付託] ・・・・・・・・・・・・・・・・・・・・・・・・・・・ －22－
2026gikaikaigiroku3gatsu,2026,90,予算,◎議案第２０号令和８年度御杖村一般会計予算の議定について
2026gikaikaigiroku3gatsu,2026,91,予算,[上程、説明、総括的質疑、予算決算委員会付託] ・・・・・・・・・・・・・・・・・・・・・・・・・・・ －25－
2026gikaikaigiroku3gatsu,2026,91,決算,[上程、説明、総括的質疑、予算決算委員会付託] ・・・・・・・・・・・・・・・・・・・・・・・・・・・ －25－
2026gikaikaigiroku3gatsu,2026,92,予算,◎議案第２１号令和８年度御杖村国民健康保険特別会計予算の議定について
2026gikaikaigiroku3gatsu,2026,93,予算,[上程、説明、総括的質疑、予算決算委員会付託] ・・・・・・・・・・・・・・・・・・・・・・・・・・・ －27－
2026gikaikaigiroku3gatsu,2026,93,決算,[上程、説明、総括的質疑、予算決算委員会付託] ・・・・・・・・・・・・・・・・・・・・・・・・・・・ －27－
2026gikaikaigiroku3gatsu,2026,94,予算,◎議案第２２号令和８年度御杖村介護保険特別会計予算の議定について
2026gikaikaigiroku3gatsu,2026,95,予算,[上程、説明、総括的質疑、予算決算委員会付託] ・・・・・・・・・・・・・・・・・・・・・・・・・・・ －28－
2026gikaikaigiroku3gatsu,2026,95,決算,[上程、説明、総括的質疑、予算決算委員会付託] ・・・・・・・・・・・・・・・・・・・・・・・・・・・ －28－
2026gikaikaigiroku3gatsu,2026,96,予算,◎議案第２３号令和８年度御杖村後期高齢者医療特別会計予算の議定について
2026gikaikaigiroku3gatsu,2026,97,予算,[上程、説明、総括的質疑、予算決算委員会付託] ・・・・・・・・・・・・・・・・・・・・・・・・・・・ －28－
2026gikaikaigiroku3gatsu,2026,97,決算,[上程、説明、総括的質疑、予算決算委員会付託] ・・・・・・・・・・・・・・・・・・・・・・・・・・・ －28－
2026gikaikaigiroku3gatsu,2026,98,予算,◎議案第２４号令和８年度御杖村簡易水道事業会計予算の議定について
2026gikaikaigiroku3gatsu,2026,99,予算,[上程、説明、総括的質疑、予算決算委員会付託] ・・・・・・・・・・・・・・・・・・・・・・・・・・・ －29－
2026gikaikaigiroku3gatsu,2026,99,決算,[上程、説明、総括的質疑、予算決算委員会付託] ・・・・・・・・・・・・・・・・・・・・・・・・・・・ －29－
2026gikaikaigiroku3gatsu,2026,118,予算,◎承認第１号専決処分の承認を求めることについて（令和７年度御杖村一般会計補正予算(第５
2026gikaikaigiroku3gatsu,2026,118,補正予算,◎承認第１号専決処分の承認を求めることについて（令和７年度御杖村一般会計補正予算(第５
2026gikaikaigiroku3gatsu,2026,119,予算,号）)、承認第２号専決処分の承認を求めることについて（令和７年度御杖村一般会計補正予算
2026gikaikaigiroku3gatsu,2026,119,補正予算,号）)、承認第２号専決処分の承認を求めることについて（令和７年度御杖村一般会計補正予算
2026gikaikaigiroku3gatsu,2026,121,予算,予算(第７号）)
2026gikaikaigiroku3gatsu,2026,124,予算,（令和７年度御杖村一般会計補正予算(第５号）)
2026gikaikaigiroku3gatsu,2026,124,補正予算,（令和７年度御杖村一般会計補正予算(第５号）)
2026gikaikaigiroku3gatsu,2026,127,予算,（令和７年度御杖村一般会計補正予算(第６号）)
2026gikaikaigiroku3gatsu,2026,127,補正予算,（令和７年度御杖村一般会計補正予算(第６号）)
2026gikaikaigiroku3gatsu,2026,130,予算,（令和７年度御杖村一般会計補正予算(第７号）)
2026gikaikaigiroku3gatsu,2026,130,補正予算,（令和７年度御杖村一般会計補正予算(第７号）)
2026gikaikaigiroku3gatsu,2026,133,基金,制定について、議案第２号村保有基金の運用収益等を有効活用するための関係条例の整
2026gikaikaigiroku3gatsu,2026,145,基金,◎議案第２号村保有基金の運用収益等を有効活用するための関係条例の整理に関する
2026gikaikaigiroku3gatsu,2026,162,予算,◎議案第１７号令和７年度御杖村一般会計補正予算(第８号)の議定について、議案第１８号
2026gikaikaigiroku3gatsu,2026,162,補正予算,◎議案第１７号令和７年度御杖村一般会計補正予算(第８号)の議定について、議案第１８号
2026gikaikaigiroku3gatsu,2026,163,予算,令和７年度御杖村国民健康保険特別会計補正予算（第２号）の議定について、議案第１９
2026gikaikaigiroku3gatsu,2026,163,補正予算,令和７年度御杖村国民健康保険特別会計補正予算（第２号）の議定について、議案第１９
2026gikaikaigiroku3gatsu,2026,164,予算,号令和７年度御杖村介護保険特別会計補正予算（第４号）の議定について
2026gikaikaigiroku3gatsu,2026,164,補正予算,号令和７年度御杖村介護保険特別会計補正予算（第４号）の議定について
2026gikaikaigiroku3gatsu,2026,166,予算,◎議案第１７号令和７年度御杖村一般会計補正予算(第８号)の議定について
2026gikaikaigiroku3gatsu,2026,166,補正予算,◎議案第１７号令和７年度御杖村一般会計補正予算(第８号)の議定について
2026gikaikaigiroku3gatsu,2026,168,予算,◎議案第１８号令和７年度御杖村国民健康保険特別会計補正予算（第２号）の議定について
2026gikaikaigiroku3gatsu,2026,168,補正予算,◎議案第１８号令和７年度御杖村国民健康保険特別会計補正予算（第２号）の議定について
2026gikaikaigiroku3gatsu,2026,170,予算,◎議案第１９号令和７年度御杖村介護保険特別会計補正予算（第４号）の議定について
2026gikaikaigiroku3gatsu,2026,170,補正予算,◎議案第１９号令和７年度御杖村介護保険特別会計補正予算（第４号）の議定について
2026gikaikaigiroku3gatsu,2026,172,予算,◎議案第２０号令和８年度御杖村一般会計予算の議定について、議案第２１号令和８年度御
2026gikaikaigiroku3gatsu,2026,173,予算,杖村国民健康保険特別会計予算の議定について、議案第２２号令和８年度御杖村介護保
2026gikaikaigiroku3gatsu,2026,174,予算,険特別会計予算の議定について、議案第２３号令和８年度御杖村後期高齢者医療特別会
2026gikaikaigiroku3gatsu,2026,175,予算,計予算の議定について、議案第２４号令和８年度御杖村簡易水道事業会計予算の議定に
2026gikaikaigiroku3gatsu,2026,178,予算,◎議案第２０号令和８年度御杖村一般会計予算の議定について
2026gikaikaigiroku3gatsu,2026,180,予算,◎議案第２１号令和８年度御杖村国民健康保険特別会計予算の議定について
2026gikaikaigiroku3gatsu,2026,182,予算,◎議案第２２号令和８年度御杖村介護保険特別会計予算の議定について
2026gikaikaigiroku3gatsu,2026,184,予算,◎議案第２３号令和８年度御杖村後期高齢者医療特別会計予算の議定について
2026gikaikaigiroku3gatsu,2026,186,予算,◎議案第２４号令和８年度御杖村簡易水道事業特別会計予算の議定について
2026gikaikaigiroku3gatsu,2026,208,予算,日程第４ 承認第１号 【予算決算委員会付託】
2026gikaikaigiroku3gatsu,2026,208,決算,日程第４ 承認第１号 【予算決算委員会付託】
2026gikaikaigiroku3gatsu,2026,210,予算,（令和７年度御杖村一般会計補正予算(第５号）)
2026gikaikaigiroku3gatsu,2026,210,補正予算,（令和７年度御杖村一般会計補正予算(第５号）)
2026gikaikaigiroku3gatsu,2026,211,予算,日程第５ 承認第２号 【予算決算委員会付託】
2026gikaikaigiroku3gatsu,2026,211,決算,日程第５ 承認第２号 【予算決算委員会付託】
2026gikaikaigiroku3gatsu,2026,213,予算,（令和７年度御杖村一般会計補正予算(第６号）)
2026gikaikaigiroku3gatsu,2026,213,補正予算,（令和７年度御杖村一般会計補正予算(第６号）)
2026gikaikaigiroku3gatsu,2026,214,予算,日程第６ 承認第３号 【予算決算委員会付託】
2026gikaikaigiroku3gatsu,2026,214,決算,日程第６ 承認第３号 【予算決算委員会付託】
2026gikaikaigiroku3gatsu,2026,216,予算,（令和７年度御杖村一般会計補正予算(第７号）)
2026gikaikaigiroku3gatsu,2026,216,補正予算,（令和７年度御杖村一般会計補正予算(第７号）)
2026gikaikaigiroku3gatsu,2026,221,基金,村保有基金の運用収益等を有効活用するための関係条例の整理に関する条例
2026gikaikaigiroku3gatsu,2026,258,予算,日程第２３ 議案第１７号 【予算決算委員会付託】
2026gikaikaigiroku3gatsu,2026,258,決算,日程第２３ 議案第１７号 【予算決算委員会付託】
2026gikaikaigiroku3gatsu,2026,259,予算,令和７年度御杖村一般会計補正予算（第８号）の議定について
2026gikaikaigiroku3gatsu,2026,259,補正予算,令和７年度御杖村一般会計補正予算（第８号）の議定について
2026gikaikaigiroku3gatsu,2026,260,予算,日程第２４ 議案第１８号 【予算決算委員会付託】
2026gikaikaigiroku3gatsu,2026,260,決算,日程第２４ 議案第１８号 【予算決算委員会付託】
2026gikaikaigiroku3gatsu,2026,261,予算,令和７年度御杖村国民健康保険特別会計補正予算（第２号）の議定について
2026gikaikaigiroku3gatsu,2026,261,補正予算,令和７年度御杖村国民健康保険特別会計補正予算（第２号）の議定について
2026gikaikaigiroku3gatsu,2026,262,予算,日程第２５ 議案第１９号 【予算決算委員会付託】
2026gikaikaigiroku3gatsu,2026,262,決算,日程第２５ 議案第１９号 【予算決算委員会付託】
2026gikaikaigiroku3gatsu,2026,263,予算,令和７年度御杖村介護保険特別会計補正予算（第４号）の議定について
2026gikaikaigiroku3gatsu,2026,263,補正予算,令和７年度御杖村介護保険特別会計補正予算（第４号）の議定について
2026gikaikaigiroku3gatsu,2026,264,予算,日程第２６ 議案第２０号 【予算決算委員会付託】
2026gikaikaigiroku3gatsu,2026,264,決算,日程第２６ 議案第２０号 【予算決算委員会付託】
2026gikaikaigiroku3gatsu,2026,265,予算,令和８年度御杖村一般会計予算の議定について
2026gikaikaigiroku3gatsu,2026,266,予算,日程第２７ 議案第２１号 【予算決算委員会付託】
2026gikaikaigiroku3gatsu,2026,266,決算,日程第２７ 議案第２１号 【予算決算委員会付託】
2026gikaikaigiroku3gatsu,2026,267,予算,令和８年度御杖村国民健康保険特別会計予算の議定について
2026gikaikaigiroku3gatsu,2026,268,予算,日程第２８ 議案第２２号 【予算決算委員会付託】
2026gikaikaigiroku3gatsu,2026,268,決算,日程第２８ 議案第２２号 【予算決算委員会付託】
2026gikaikaigiroku3gatsu,2026,269,予算,令和８年度御杖村介護保険特別会計予算の議定について
2026gikaikaigiroku3gatsu,2026,270,予算,日程第２９ 議案第２３号 【予算決算委員会付託】
2026gikaikaigiroku3gatsu,2026,270,決算,日程第２９ 議案第２３号 【予算決算委員会付託】
2026gikaikaigiroku3gatsu,2026,271,予算,令和８年度御杖村後期高齢者医療特別会計予算の議定について
2026gikaikaigiroku3gatsu,2026,272,予算,日程第３０ 議案第２４号 【予算決算委員会付託】
2026gikaikaigiroku3gatsu,2026,272,決算,日程第３０ 議案第２４号 【予算決算委員会付託】
2026gikaikaigiroku3gatsu,2026,273,予算,令和８年度御杖村簡易水道事業会計予算の議定について
2026gikaikaigiroku3gatsu,2026,351,予算,委員会を９日、予算決算委員会を１１日、それぞれ午前９時開会、続会議を１６日午前１０時開会と
2026gikaikaigiroku3gatsu,2026,351,決算,委員会を９日、予算決算委員会を１１日、それぞれ午前９時開会、続会議を１６日午前１０時開会と
2026gikaikaigiroku3gatsu,2026,357,基金,案第２号村保有基金の運用収益等を有効活用するための関係条例の整理に関する条例の制定に
2026gikaikaigiroku3gatsu,2026,362,予算,の８議案については、むらづくり委員会へ、専決処分を含む令和７年度補正予算６件及び令和８年
2026gikaikaigiroku3gatsu,2026,362,補正予算,の８議案については、むらづくり委員会へ、専決処分を含む令和７年度補正予算６件及び令和８年
2026gikaikaigiroku3gatsu,2026,363,予算,度の当初予算５件の１１議案については、予算決算委員会へそれぞれ付託することと決定しました。
2026gikaikaigiroku3gatsu,2026,363,決算,度の当初予算５件の１１議案については、予算決算委員会へそれぞれ付託することと決定しました。
2026gikaikaigiroku3gatsu,2026,380,予算,（令和７年度御杖村一般会計補正予算（第５号））
2026gikaikaigiroku3gatsu,2026,380,補正予算,（令和７年度御杖村一般会計補正予算（第５号））
2026gikaikaigiroku3gatsu,2026,381,予算,［上程、説明、総括的質疑、予算決算委員会付託］
2026gikaikaigiroku3gatsu,2026,381,決算,［上程、説明、総括的質疑、予算決算委員会付託］
2026gikaikaigiroku3gatsu,2026,383,予算,度御杖村一般会計補正予算第５号を議題と致します。本案について、提案理由の説明を求めます。
2026gikaikaigiroku3gatsu,2026,383,補正予算,度御杖村一般会計補正予算第５号を議題と致します。本案について、提案理由の説明を求めます。
2026gikaikaigiroku3gatsu,2026,389,予算,事業継続支援補助金を追加するものでございます。早急に予算措置が必要となったことから、去
2026gikaikaigiroku3gatsu,2026,389,補助金,事業継続支援補助金を追加するものでございます。早急に予算措置が必要となったことから、去
2026gikaikaigiroku3gatsu,2026,396,予算,運営委員会委員長の報告のとおり、全員協議会で詳細な説明を受け、予算決算委員会に付託す
2026gikaikaigiroku3gatsu,2026,396,決算,運営委員会委員長の報告のとおり、全員協議会で詳細な説明を受け、予算決算委員会に付託す
2026gikaikaigiroku3gatsu,2026,401,予算,求めることについて、令和７年度御杖村一般会計補正予算第５号は、予算決算委員会に付託す
2026gikaikaigiroku3gatsu,2026,401,補正予算,求めることについて、令和７年度御杖村一般会計補正予算第５号は、予算決算委員会に付託す
2026gikaikaigiroku3gatsu,2026,401,決算,求めることについて、令和７年度御杖村一般会計補正予算第５号は、予算決算委員会に付託す
2026gikaikaigiroku3gatsu,2026,407,予算,（令和７年度御杖村一般会計補正予算（第６号））
2026gikaikaigiroku3gatsu,2026,407,補正予算,（令和７年度御杖村一般会計補正予算（第６号））
2026gikaikaigiroku3gatsu,2026,408,予算,［上程、説明、総括的質疑、予算決算委員会付託］
2026gikaikaigiroku3gatsu,2026,408,決算,［上程、説明、総括的質疑、予算決算委員会付託］
2026gikaikaigiroku3gatsu,2026,410,予算,度御杖村一般会計補正予算第６号を議題と致します。本案について、提案理由の説明を求めます。
2026gikaikaigiroku3gatsu,2026,410,補正予算,度御杖村一般会計補正予算第６号を議題と致します。本案について、提案理由の説明を求めます。
2026gikaikaigiroku3gatsu,2026,416,予算,点支援地方創生臨時交付金を活用した地域振興券など追加するものでございます。早急に予算
2026gikaikaigiroku3gatsu,2026,423,予算,運営委員会委員長の報告のとおり、全員協議会で詳細な説明を受け、予算決算委員会に付託す
2026gikaikaigiroku3gatsu,2026,423,決算,運営委員会委員長の報告のとおり、全員協議会で詳細な説明を受け、予算決算委員会に付託す
2026gikaikaigiroku3gatsu,2026,427,予算,求めることについて、令和７年度御杖村一般会計補正予算第６号も、予算決算委員会に付託する
2026gikaikaigiroku3gatsu,2026,427,補正予算,求めることについて、令和７年度御杖村一般会計補正予算第６号も、予算決算委員会に付託する
2026gikaikaigiroku3gatsu,2026,427,決算,求めることについて、令和７年度御杖村一般会計補正予算第６号も、予算決算委員会に付託する
2026gikaikaigiroku3gatsu,2026,433,予算,（令和７年度御杖村一般会計補正予算（第７号））
2026gikaikaigiroku3gatsu,2026,433,補正予算,（令和７年度御杖村一般会計補正予算（第７号））
2026gikaikaigiroku3gatsu,2026,434,予算,［上程、説明、総括的質疑、予算決算委員会付託］
2026gikaikaigiroku3gatsu,2026,434,決算,［上程、説明、総括的質疑、予算決算委員会付託］
2026gikaikaigiroku3gatsu,2026,436,予算,度御杖村一般会計補正予算第７号を議題と致します。本案について、提案理由の説明を求めます。
2026gikaikaigiroku3gatsu,2026,436,補正予算,度御杖村一般会計補正予算第７号を議題と致します。本案について、提案理由の説明を求めます。
2026gikaikaigiroku3gatsu,2026,444,予算,高裁判所裁判官国民審査の執行経費を追加するものでございます。早急に予算措置が必要とな
2026gikaikaigiroku3gatsu,2026,451,予算,運営委員会委員長の報告のとおり、全員協議会で詳細な説明を受け、予算決算委員会に付託す
2026gikaikaigiroku3gatsu,2026,451,決算,運営委員会委員長の報告のとおり、全員協議会で詳細な説明を受け、予算決算委員会に付託す
2026gikaikaigiroku3gatsu,2026,455,予算,求めることについて、令和７年度御杖村一般会計補正予算第７号も、予算決算委員会に付託する
2026gikaikaigiroku3gatsu,2026,455,補正予算,求めることについて、令和７年度御杖村一般会計補正予算第７号も、予算決算委員会に付託する
2026gikaikaigiroku3gatsu,2026,455,決算,求めることについて、令和７年度御杖村一般会計補正予算第７号も、予算決算委員会に付託する
2026gikaikaigiroku3gatsu,2026,483,基金,◎議案第２号村保有基金の運用収益等を有効活用するための
2026gikaikaigiroku3gatsu,2026,487,基金,○議長(寺前伊平君)：次に、日程第８、議案第２号、村保有基金の運用収益等を有効活用するため
2026gikaikaigiroku3gatsu,2026,492,基金,○村長(伊藤収宜君)：本案につきましては、村保有基金の運用収益等を有効活用するために、整理
2026gikaikaigiroku3gatsu,2026,493,基金,条例として基金条例の一部改正を行うものでございます。よろしくお願いします。
2026gikaikaigiroku3gatsu,2026,501,基金,○議長(寺前伊平君)：異議なしと認めます。したがって、日程第８、議案第２号、村保有基金の運用
2026gikaikaigiroku3gatsu,2026,1026,予算,◎議案第１７号令和７年度御杖村一般会計補正予算（第８号）の
2026gikaikaigiroku3gatsu,2026,1026,補正予算,◎議案第１７号令和７年度御杖村一般会計補正予算（第８号）の
2026gikaikaigiroku3gatsu,2026,1028,予算,［上程、説明、総括的質疑、予算決算委員会付託］
2026gikaikaigiroku3gatsu,2026,1028,決算,［上程、説明、総括的質疑、予算決算委員会付託］
2026gikaikaigiroku3gatsu,2026,1029,予算,○議長(寺前伊平君)：次に、日程第２３、議案第１７号、令和７年度御杖村一般会計補正予算第８号
2026gikaikaigiroku3gatsu,2026,1029,補正予算,○議長(寺前伊平君)：次に、日程第２３、議案第１７号、令和７年度御杖村一般会計補正予算第８号
2026gikaikaigiroku3gatsu,2026,1033,予算,○村長(伊藤収宜君)：本案につきましては、歳入歳出予算の総額から歳入歳出それぞれ８，６２２万
2026gikaikaigiroku3gatsu,2026,1041,予算,運営委員会委員長の報告のとおり、全員協議会で詳細な説明を受け、予算決算委員会に付託す
2026gikaikaigiroku3gatsu,2026,1041,決算,運営委員会委員長の報告のとおり、全員協議会で詳細な説明を受け、予算決算委員会に付託す
2026gikaikaigiroku3gatsu,2026,1045,予算,村一般会計補正予算第８号の議定については、予算決算委員会に付託することに決定しました。
2026gikaikaigiroku3gatsu,2026,1045,補正予算,村一般会計補正予算第８号の議定については、予算決算委員会に付託することに決定しました。
2026gikaikaigiroku3gatsu,2026,1045,決算,村一般会計補正予算第８号の議定については、予算決算委員会に付託することに決定しました。
2026gikaikaigiroku3gatsu,2026,1048,予算,予算（第２号）の議定について
2026gikaikaigiroku3gatsu,2026,1049,予算,［上程、説明、総括的質疑、予算決算委員会付託］
2026gikaikaigiroku3gatsu,2026,1049,決算,［上程、説明、総括的質疑、予算決算委員会付託］
2026gikaikaigiroku3gatsu,2026,1051,予算,正予算第２号の議定についてを議題と致します。本案について、提案理由の説明を求めます。
2026gikaikaigiroku3gatsu,2026,1055,予算,○村長(伊藤収宜君)：本案につきましては、先ず、事業勘定ですが、歳入歳出予算の総額に歳入歳
2026gikaikaigiroku3gatsu,2026,1058,予算,は、歳入歳出予算の総額から歳入歳出からそれぞれ１５０万円を減額し、補正後の総額を１億
2026gikaikaigiroku3gatsu,2026,1065,予算,運営委員会委員長の報告のとおり、全員協議会で詳細な説明を受け、予算決算委員会に付託す
2026gikaikaigiroku3gatsu,2026,1065,決算,運営委員会委員長の報告のとおり、全員協議会で詳細な説明を受け、予算決算委員会に付託す
2026gikaikaigiroku3gatsu,2026,1069,予算,村国民健康保険特別会計補正予算第２号の議定についても、予算決算委員会に付託することに
2026gikaikaigiroku3gatsu,2026,1069,補正予算,村国民健康保険特別会計補正予算第２号の議定についても、予算決算委員会に付託することに
2026gikaikaigiroku3gatsu,2026,1069,決算,村国民健康保険特別会計補正予算第２号の議定についても、予算決算委員会に付託することに
2026gikaikaigiroku3gatsu,2026,1075,予算,◎議案第１９号令和７年度御杖村介護保険特別会計補正予算
2026gikaikaigiroku3gatsu,2026,1075,補正予算,◎議案第１９号令和７年度御杖村介護保険特別会計補正予算
2026gikaikaigiroku3gatsu,2026,1077,予算,［上程、説明、総括的質疑、予算決算委員会付託］
2026gikaikaigiroku3gatsu,2026,1077,決算,［上程、説明、総括的質疑、予算決算委員会付託］
2026gikaikaigiroku3gatsu,2026,1079,予算,予算第４号の議定についてを議題と致します。本案について、提案理由の説明を求めます。伊藤
2026gikaikaigiroku3gatsu,2026,1083,予算,○村長(伊藤収宜君)：本案に.つきましては、歳入歳出予算の総額から歳入歳出それぞれ４２４万５
2026gikaikaigiroku3gatsu,2026,1085,基金,給付費の実績見込みに合わせた減額及び介護給付費準備基金の積立を行うものでございます。
2026gikaikaigiroku3gatsu,2026,1092,予算,運営委員会委員長の報告のとおり、全員協議会で詳細な説明を受け、予算決算委員会に付託す
2026gikaikaigiroku3gatsu,2026,1092,決算,運営委員会委員長の報告のとおり、全員協議会で詳細な説明を受け、予算決算委員会に付託す
2026gikaikaigiroku3gatsu,2026,1096,予算,村介護保険特別会計補正予算第４号の議定についても、予算決算委員会に付託することに決定
2026gikaikaigiroku3gatsu,2026,1096,補正予算,村介護保険特別会計補正予算第４号の議定についても、予算決算委員会に付託することに決定
2026gikaikaigiroku3gatsu,2026,1096,決算,村介護保険特別会計補正予算第４号の議定についても、予算決算委員会に付託することに決定
2026gikaikaigiroku3gatsu,2026,1103,予算,の一般会計予算及び特別会計予算並びに事業会計予算の議案となります。審議に入ります前に、
2026gikaikaigiroku3gatsu,2026,1108,予算,○村長(伊藤収宜君)：本日ここに、令和８年度当初予算案をはじめ、諸議案をご審議いただくにあた
2026gikaikaigiroku3gatsu,2026,1121,予算,に努めてまいります。令和８年度の予算編成を行うにあたり､その方針についてご説明申し上げま
2026gikaikaigiroku3gatsu,2026,1124,補助金,求めず、依存財源のなかでも有利性の高い補助金や交付税措置率の高い起債等を充当できるよ
2026gikaikaigiroku3gatsu,2026,1125,基金,う考慮する必要があります。なお、自主財源の確保の一環として、令和７年度より基金の確実かつ
2026gikaikaigiroku3gatsu,2026,1131,予算,度の予算概要についてご説明申し上げます。令和８年度一般会計の予算規模は、２６億５，３００
2026gikaikaigiroku3gatsu,2026,1133,予算,万円、令和７年度当初予算に対して、１．４％、３，８００万円の減額となりました。一般会計、特別
2026gikaikaigiroku3gatsu,2026,1134,予算,会計、企業会計を合わせ､会計間での重複する金額を除いた純計予算総額は､３３億６，１６１万２
2026gikaikaigiroku3gatsu,2026,1135,予算,千円で、令和７年度当初予算と比較して、２．０％、６，９６６万５千円の減額となりました。以下、新
2026gikaikaigiroku3gatsu,2026,1136,予算,年度予算案の概要につきまして、長期総合計画における基本目標に沿ってご説明申し上げます。
2026gikaikaigiroku3gatsu,2026,1182,予算,予算案の概要について申し上げました。地域とともに課題解決に取り組みながら、安心、快適なむ
2026gikaikaigiroku3gatsu,2026,1190,予算,◎議案第２０号令和８年度御杖村一般会計予算の議定について
2026gikaikaigiroku3gatsu,2026,1191,予算,［上程、説明、総括的質疑、予算決算委員会付託］
2026gikaikaigiroku3gatsu,2026,1191,決算,［上程、説明、総括的質疑、予算決算委員会付託］
2026gikaikaigiroku3gatsu,2026,1193,予算,○議長(寺前伊平君)：それでは、日程第２６、議案第２０号、令和８年度御杖村一般会計予算の議定
2026gikaikaigiroku3gatsu,2026,1203,予算,○副村長（中嶋英樹君）：令和８年度御杖村一般会計予算の概要について、ご説明申し上げます。
2026gikaikaigiroku3gatsu,2026,1205,予算,本村の令和８年度全会計の予算案総括表となっています。区分、一般会計の欄をご覧ください。
2026gikaikaigiroku3gatsu,2026,1206,予算,予算額２６億５，３００万円で、前年度に比べ３，８００百万円、１．４％の減額となります。７ページを
2026gikaikaigiroku3gatsu,2026,1208,予算,区分で金額の大きいもの、すなわち構成比率が高いものについて、令和８年度予算額、構成比、
2026gikaikaigiroku3gatsu,2026,1217,補助金,年度に行った自治体情報システムの標準化に係る補助金が減額となっております。次に、１８の繰
2026gikaikaigiroku3gatsu,2026,1219,基金,減額等に伴う歳入不足を補うため、財政調整基金の繰入を増額しております。次に、１の村税、１
2026gikaikaigiroku3gatsu,2026,1221,取得,んでいますが、固定資産税につきましては、償却資産の新規取得等により増収としております。次
2026gikaikaigiroku3gatsu,2026,1223,予算,ます。主な減額要因といたしましては、地籍調査事業費負担金が国の令和７年度補正予算で措
2026gikaikaigiroku3gatsu,2026,1223,補正予算,ます。主な減額要因といたしましては、地籍調査事業費負担金が国の令和７年度補正予算で措
2026gikaikaigiroku3gatsu,2026,1233,財産,ます。最後に、１６財産収入、３，６０７万１千円、構成比１．４％、２，６５６万３千円、２７９．４％の増と
2026gikaikaigiroku3gatsu,2026,1234,基金,しています。令和７年度より基金の運用に積極的に取り組んでいることから、各基金利子の増額を
2026gikaikaigiroku3gatsu,2026,1240,予算,歳出について説明させていただきます。１５ページへ飛んでいただきまして、予算書の区分である
2026gikaikaigiroku3gatsu,2026,1241,予算,款の区分によりご説明申し上げます。構成比の大きい主なものの令和８年度予算額、構成比、前
2026gikaikaigiroku3gatsu,2026,1244,予算,昨年実施した基幹システム標準化関連事業や庁舎改良工事、国の補正予算措置となった地籍調
2026gikaikaigiroku3gatsu,2026,1244,補正予算,昨年実施した基幹システム標準化関連事業や庁舎改良工事、国の補正予算措置となった地籍調
2026gikaikaigiroku3gatsu,2026,1244,工事,昨年実施した基幹システム標準化関連事業や庁舎改良工事、国の補正予算措置となった地籍調
2026gikaikaigiroku3gatsu,2026,1252,補助金,構成比８．１％、９２１万円、４．１％の減です。株式会社みつえ補助金や半夏生園管理事業が増
2026gikaikaigiroku3gatsu,2026,1266,予算,確認いただければと思います。この資料１９ページからの一般会計予算案の主な施策につきまし
2026gikaikaigiroku3gatsu,2026,1267,予算,ては、全員協議会において担当課長よりご説明申し上げます。以上、令和８年度一般会計予算案
2026gikaikaigiroku3gatsu,2026,1273,予算,員会委員長の報告のとおり、全員協議会で詳細な説明を受け、予算決算委員会に付託すること
2026gikaikaigiroku3gatsu,2026,1273,決算,員会委員長の報告のとおり、全員協議会で詳細な説明を受け、予算決算委員会に付託すること
2026gikaikaigiroku3gatsu,2026,1277,予算,村一般会計予算の議定についても、予算決算委員会に付託することに決定しました。
2026gikaikaigiroku3gatsu,2026,1277,決算,村一般会計予算の議定についても、予算決算委員会に付託することに決定しました。
2026gikaikaigiroku3gatsu,2026,1282,予算,◎議案第２１号令和８年度御杖村国民健康保険特別会計予算
2026gikaikaigiroku3gatsu,2026,1284,予算,［上程、説明、総括的質疑、予算決算委員会付託］
2026gikaikaigiroku3gatsu,2026,1284,決算,［上程、説明、総括的質疑、予算決算委員会付託］
2026gikaikaigiroku3gatsu,2026,1286,予算,予算の議定についてを議題とします。本案について、提案理由の説明を求めます。伊藤村長。
2026gikaikaigiroku3gatsu,2026,1297,予算,運営委員会委員長の報告のとおり、全員協議会で詳細な説明を受け、予算決算委員会に付託す
2026gikaikaigiroku3gatsu,2026,1297,決算,運営委員会委員長の報告のとおり、全員協議会で詳細な説明を受け、予算決算委員会に付託す
2026gikaikaigiroku3gatsu,2026,1302,予算,村国民健康保険特別会計予算の議定についても、予算決算委員会に付託 することに決定しま
2026gikaikaigiroku3gatsu,2026,1302,決算,村国民健康保険特別会計予算の議定についても、予算決算委員会に付託 することに決定しま
2026gikaikaigiroku3gatsu,2026,1308,予算,◎議案第２２号令和８年度御杖村介護保険特別会計予算の
2026gikaikaigiroku3gatsu,2026,1310,予算,［上程、説明、総括的質疑、予算決算委員会付託］
2026gikaikaigiroku3gatsu,2026,1310,決算,［上程、説明、総括的質疑、予算決算委員会付託］
2026gikaikaigiroku3gatsu,2026,1311,予算,○議長(寺前伊平君)：次に、日程第２８、議案第２２号、令和８年度御杖村介護保険特別会計予算の
2026gikaikaigiroku3gatsu,2026,1321,予算,運営委員会委員長の報告のとおり、全員協議会で詳細な説明を受け、予算決算委員会に付託す
2026gikaikaigiroku3gatsu,2026,1321,決算,運営委員会委員長の報告のとおり、全員協議会で詳細な説明を受け、予算決算委員会に付託す
2026gikaikaigiroku3gatsu,2026,1325,予算,村介護保険特別会計予算の議定についても、予算決算委員会に付託する ことに決定しました。
2026gikaikaigiroku3gatsu,2026,1325,決算,村介護保険特別会計予算の議定についても、予算決算委員会に付託する ことに決定しました。
2026gikaikaigiroku3gatsu,2026,1331,予算,予算の議定について
2026gikaikaigiroku3gatsu,2026,1332,予算,［上程、説明、総括的質疑、予算決算委員会付託］
2026gikaikaigiroku3gatsu,2026,1332,決算,［上程、説明、総括的質疑、予算決算委員会付託］
2026gikaikaigiroku3gatsu,2026,1334,予算,予算の議定についてを議題とします。本案について、提案理由の説明を求めます。伊藤村長。
2026gikaikaigiroku3gatsu,2026,1343,予算,運営委員会委員長の報告のとおり、全員協議会で詳細な説明を受け、予算決算委員会に付託す
2026gikaikaigiroku3gatsu,2026,1343,決算,運営委員会委員長の報告のとおり、全員協議会で詳細な説明を受け、予算決算委員会に付託す
2026gikaikaigiroku3gatsu,2026,1348,予算,村後期高齢者医療特別会計予算の議定についても、予算決算委員会に付託することに決定しま
2026gikaikaigiroku3gatsu,2026,1348,決算,村後期高齢者医療特別会計予算の議定についても、予算決算委員会に付託することに決定しま
2026gikaikaigiroku3gatsu,2026,1355,予算,予算の議定について
2026gikaikaigiroku3gatsu,2026,1356,予算,［上程、説明、総括的質疑、予算決算委員会付託］
2026gikaikaigiroku3gatsu,2026,1356,決算,［上程、説明、総括的質疑、予算決算委員会付託］
2026gikaikaigiroku3gatsu,2026,1358,予算,○議長(寺前伊平君)：次に、日程第３０、議案第２４号、令和８年度御杖村簡易水道事業会計予算の
2026gikaikaigiroku3gatsu,2026,1369,予算,運営委員会委員長の報告のとおり、全員協議会で詳細な説明を受け、予算決算委員会に付託す
2026gikaikaigiroku3gatsu,2026,1369,決算,運営委員会委員長の報告のとおり、全員協議会で詳細な説明を受け、予算決算委員会に付託す
2026gikaikaigiroku3gatsu,2026,1373,予算,村簡易水道事業会計予算の議定についても、予算決算委員会に付託する ことに決定しました。
2026gikaikaigiroku3gatsu,2026,1373,決算,村簡易水道事業会計予算の議定についても、予算決算委員会に付託する ことに決定しました。
2026gikaikaigiroku3gatsu,2026,1405,予算,（令和７年度御杖村一般会計補正予算(第５号）)
2026gikaikaigiroku3gatsu,2026,1405,補正予算,（令和７年度御杖村一般会計補正予算(第５号）)
2026gikaikaigiroku3gatsu,2026,1408,予算,（令和７年度御杖村一般会計補正予算(第６号）)
2026gikaikaigiroku3gatsu,2026,1408,補正予算,（令和７年度御杖村一般会計補正予算(第６号）)
2026gikaikaigiroku3gatsu,2026,1411,予算,（令和７年度御杖村一般会計補正予算(第７号）)
2026gikaikaigiroku3gatsu,2026,1411,補正予算,（令和７年度御杖村一般会計補正予算(第７号）)
2026gikaikaigiroku3gatsu,2026,1416,基金,村保有基金の運用収益等を有効活用するための関係条例の整理に関する
2026gikaikaigiroku3gatsu,2026,1433,予算,令和７年度御杖村一般会計補正予算（第８号）の議定について
2026gikaikaigiroku3gatsu,2026,1433,補正予算,令和７年度御杖村一般会計補正予算（第８号）の議定について
2026gikaikaigiroku3gatsu,2026,1435,予算,令和７年度御杖村国民健康保険特別会計補正予算（第２号）の議定について
2026gikaikaigiroku3gatsu,2026,1435,補正予算,令和７年度御杖村国民健康保険特別会計補正予算（第２号）の議定について
2026gikaikaigiroku3gatsu,2026,1437,予算,令和７年度御杖村介護保険特別会計補正予算（第４号）の議定について
2026gikaikaigiroku3gatsu,2026,1437,補正予算,令和７年度御杖村介護保険特別会計補正予算（第４号）の議定について
2026gikaikaigiroku3gatsu,2026,1439,予算,令和８年度御杖村一般会計予算の議定について
2026gikaikaigiroku3gatsu,2026,1441,予算,令和８年度御杖村国民健康保険特別会計予算の議定について
2026gikaikaigiroku3gatsu,2026,1444,予算,令和８年度御杖村介護保険特別会計予算の議定について
2026gikaikaigiroku3gatsu,2026,1446,予算,令和８年度御杖村後期高齢者医療特別会計予算の議定について
2026gikaikaigiroku3gatsu,2026,1448,予算,令和８年度御杖村簡易水道事業会計予算の議定について
2026gikaikaigiroku3gatsu,2026,1511,予算,改正３件、補正     予算１件、当初予算１件と同意１件の以上、６案件が提出され審議に入りました。
2026gikaikaigiroku3gatsu,2026,1517,予算,案第３号令和７年度宇陀衛生一部事務組合一般会計歳入歳出補正予算については、既定の歳
2026gikaikaigiroku3gatsu,2026,1517,補正予算,案第３号令和７年度宇陀衛生一部事務組合一般会計歳入歳出補正予算については、既定の歳
2026gikaikaigiroku3gatsu,2026,1518,予算,入歳出予算の    総額から、歳入歳出それぞれ、５４万２千円を減額し、歳入歳出それぞれ９，４７
2026gikaikaigiroku3gatsu,2026,1520,予算,算についてでは、      歳入歳出予算の総額それぞれ１億７２２万１千円と定めるものです。同意第１
2026gikaikaigiroku3gatsu,2026,1553,予算,予算第２号について、議案第２号公用車、塵芥車売買契約の変更契約の締結について、議案第
2026gikaikaigiroku3gatsu,2026,1553,契約,予算第２号について、議案第２号公用車、塵芥車売買契約の変更契約の締結について、議案第
2026gikaikaigiroku3gatsu,2026,1555,基金,て、議案第４号東宇陀環境衛生組合財政調整基金条例の一部を改正する条例について、議案
2026gikaikaigiroku3gatsu,2026,1556,予算,第５号令和８年度東宇陀環境衛生組合一般会計歳入歳出予算について、追加案件として、議案
2026gikaikaigiroku3gatsu,2026,1561,予算,予算第２号について、衛生費清掃費において３，４５３万７千円を繰越明許費とすることで、可決さ
2026gikaikaigiroku3gatsu,2026,1561,繰越,予算第２号について、衛生費清掃費において３，４５３万７千円を繰越明許費とすることで、可決さ
2026gikaikaigiroku3gatsu,2026,1562,契約,れました。議案第２号公用車、塵芥車売買契約の変更契約の締結について、納期限を令和８年３
2026gikaikaigiroku3gatsu,2026,1563,契約,月３１日から令和８年９月３０日に変更する変更契約の締結が可決されました。議案第３号東宇陀
2026gikaikaigiroku3gatsu,2026,1565,基金,れました。議案第４号東宇陀環境衛生組合財政調整基金条例の一部を改正する条例について、
2026gikaikaigiroku3gatsu,2026,1566,予算,可決されました。議案第５号令和８年度一般会計予算について、歳入歳出それぞれ４億１，９９９
2026gikaikaigiroku3gatsu,2026,1567,基金,万６千円とすることで可決されました。質問においては、山岡議員より、歳入における基金総額と
2026gikaikaigiroku3gatsu,2026,1570,予算,た。また、宇陀市の中川ゆり子議員より、令和７年度予算より増額となった要因と、工事請負費に
2026gikaikaigiroku3gatsu,2026,1570,工事,た。また、宇陀市の中川ゆり子議員より、令和７年度予算より増額となった要因と、工事請負費に
2026gikaikaigiroku3gatsu,2026,1572,入札,おける請負方法、並びに、生活環境影響調査業務委託料における入札の実施について説明を求
2026gikaikaigiroku3gatsu,2026,1597,予算,御杖行政一部事務組合一般会計歳入歳出予算補正第２号の議定 については、歳入歳出予算
2026gikaikaigiroku3gatsu,2026,1598,予算,の総額にそれぞれ１８万３千円を増額し、歳入歳出予算の総額を    ５，２２１万２千円とするもの
2026gikaikaigiroku3gatsu,2026,1601,予算,８年度曽爾御杖行政一部事務組合一般会計歳入歳出予算の議定については、歳入歳出総額が
2026gikaikaigiroku3gatsu,2026,1602,予算,４，５０９万７千円で、前年度当初予算と比較して、５８１万２千円の減額予算となっています。業務
2026gikaikaigiroku3gatsu,2026,1690,予算,す。予算の必要な部分については、予算計上していくことになるんですけれども、予算がいらない、
2026gikaikaigiroku3gatsu,2026,1716,基金,はいずれも重要であると認識しております。その中でも、特に住民の生活支援が重要と考え、基金
2026gikaikaigiroku3gatsu,2026,1717,基金,の運用収益等を有効活用するための基金条例の整理に関する条例を上程しております。昨年９
2026gikaikaigiroku3gatsu,2026,1718,基金,月の定例会でご報告させていただきました本村の基金残高は、一般会計及び特別会計を合わせ、
2026gikaikaigiroku3gatsu,2026,1719,基金,令和６年度末時点におきまして、約４４億円となっています。特に財政調整基金及び減債基金に
2026gikaikaigiroku3gatsu,2026,1720,基金,つきましては、標準財政規模あたりの両基金の合計残高は、奈良県内の１位となっています。平
2026gikaikaigiroku3gatsu,2026,1721,基金,成２３年から各基金の一部金額については債券による運用を行っていましたが、令和７年度から積
2026gikaikaigiroku3gatsu,2026,1722,基金,極的な基金の債権運用を行うことで、毎年３，０００万円の利息収入を得られる見込みとなりました。
2026gikaikaigiroku3gatsu,2026,1723,基金,こうして毎年得られます基金の利息収入は、各基金に積み上げるのではなく、広く住民の皆さん
2026gikaikaigiroku3gatsu,2026,1728,基金,○１番（影山英章君）：詳しい答弁ありがとうございます。基金の運用収益を有効活用されとのことで
2026gikaikaigiroku3gatsu,2026,1752,予算,度御杖村一般会計補正予算（第５号））、承認第２号専決処
2026gikaikaigiroku3gatsu,2026,1752,補正予算,度御杖村一般会計補正予算（第５号））、承認第２号専決処
2026gikaikaigiroku3gatsu,2026,1754,予算,補正予算(第６号）) 承認第３号専決処分の承認を求めること
2026gikaikaigiroku3gatsu,2026,1754,補正予算,補正予算(第６号）) 承認第３号専決処分の承認を求めること
2026gikaikaigiroku3gatsu,2026,1755,予算,について（令和７年度御杖村一般会計補正予算(第７号）)
2026gikaikaigiroku3gatsu,2026,1755,補正予算,について（令和７年度御杖村一般会計補正予算(第７号）)
2026gikaikaigiroku3gatsu,2026,1758,予算,度御杖村一般会計補正予算第５号、日程第４、承認第２号、専決処分の承認を求めることについ
2026gikaikaigiroku3gatsu,2026,1758,補正予算,度御杖村一般会計補正予算第５号、日程第４、承認第２号、専決処分の承認を求めることについ
2026gikaikaigiroku3gatsu,2026,1759,予算,て、令和７年度御杖村一般会計補正予算第６号、日程第５、承認第３号、専決処分の承認を求め
2026gikaikaigiroku3gatsu,2026,1759,補正予算,て、令和７年度御杖村一般会計補正予算第６号、日程第５、承認第３号、専決処分の承認を求め
2026gikaikaigiroku3gatsu,2026,1760,予算,ることについて、令和７年度御杖村一般会計補正予算第７号の３議案につきましては、予算決算
2026gikaikaigiroku3gatsu,2026,1760,補正予算,ることについて、令和７年度御杖村一般会計補正予算第７号の３議案につきましては、予算決算
2026gikaikaigiroku3gatsu,2026,1760,決算,ることについて、令和７年度御杖村一般会計補正予算第７号の３議案につきましては、予算決算
2026gikaikaigiroku3gatsu,2026,1766,予算,１項の規定に基づき、予算決算委員会福田委員長より一括して審査経過及び結果の報告をお願
2026gikaikaigiroku3gatsu,2026,1766,決算,１項の規定に基づき、予算決算委員会福田委員長より一括して審査経過及び結果の報告をお願
2026gikaikaigiroku3gatsu,2026,1767,予算,いします。予算決算委員会委員長、福田麻衣子君。
2026gikaikaigiroku3gatsu,2026,1767,決算,いします。予算決算委員会委員長、福田麻衣子君。
2026gikaikaigiroku3gatsu,2026,1770,予算,○４番（福田麻衣子君）：それでは、予算決算委員会を代表しまして、当委員会に付託されました、
2026gikaikaigiroku3gatsu,2026,1770,決算,○４番（福田麻衣子君）：それでは、予算決算委員会を代表しまして、当委員会に付託されました、
2026gikaikaigiroku3gatsu,2026,1772,予算,補正予算につきまして、その審査の経緯並びに経過と結果についてご報告させていただきます。
2026gikaikaigiroku3gatsu,2026,1772,補正予算,補正予算につきまして、その審査の経緯並びに経過と結果についてご報告させていただきます。
2026gikaikaigiroku3gatsu,2026,1774,予算,各特別会計における専決処分を含む補正予算６件、令和８年度一般会計及び各特別会計にお
2026gikaikaigiroku3gatsu,2026,1774,補正予算,各特別会計における専決処分を含む補正予算６件、令和８年度一般会計及び各特別会計にお
2026gikaikaigiroku3gatsu,2026,1775,予算,ける当初予算５件の合計１１件の案件が付託されたことにより、３月１１日に委員会を開催いたしま
2026gikaikaigiroku3gatsu,2026,1780,予算,正予算について、それぞれ３月５日開催の全員協議会において説明いただいた以外に、提案理
2026gikaikaigiroku3gatsu,2026,1783,予算,なされた令和７年度御杖村一般会計補正予算第５号の株式会社みつえへの物価高騰対策指定
2026gikaikaigiroku3gatsu,2026,1783,補正予算,なされた令和７年度御杖村一般会計補正予算第５号の株式会社みつえへの物価高騰対策指定
2026gikaikaigiroku3gatsu,2026,1784,予算,管理者事業継続支援補助金につきましては、多くの質問に加え、予算においては一定の理解は
2026gikaikaigiroku3gatsu,2026,1784,補助金,管理者事業継続支援補助金につきましては、多くの質問に加え、予算においては一定の理解は
2026gikaikaigiroku3gatsu,2026,1790,予算,村一般会計補正予算、３件につきまして、全員の賛成により承認すべきものと決定いたしました。
2026gikaikaigiroku3gatsu,2026,1790,補正予算,村一般会計補正予算、３件につきまして、全員の賛成により承認すべきものと決定いたしました。
2026gikaikaigiroku3gatsu,2026,1791,予算,以上、予算決算委員会の報告とさせていただきます。
2026gikaikaigiroku3gatsu,2026,1791,決算,以上、予算決算委員会の報告とさせていただきます。
2026gikaikaigiroku3gatsu,2026,1792,予算,○議長（寺前伊平君）：福田委員長、ありがとうございました。これより、予算決算委員会委員長報告
2026gikaikaigiroku3gatsu,2026,1792,決算,○議長（寺前伊平君）：福田委員長、ありがとうございました。これより、予算決算委員会委員長報告
2026gikaikaigiroku3gatsu,2026,1800,予算,（令和７年度御杖村一般会計補正予算(第５号）)
2026gikaikaigiroku3gatsu,2026,1800,補正予算,（令和７年度御杖村一般会計補正予算(第５号）)
2026gikaikaigiroku3gatsu,2026,1803,予算,７年度御杖村一般会計補正予算第５号を議題とし、討論を行います。討論はありませんか。
2026gikaikaigiroku3gatsu,2026,1803,補正予算,７年度御杖村一般会計補正予算第５号を議題とし、討論を行います。討論はありませんか。
2026gikaikaigiroku3gatsu,2026,1806,予算,を行います。本案に対する予算決算委員会委員長の報告は、承認です。日程第３、承認第１号に
2026gikaikaigiroku3gatsu,2026,1806,決算,を行います。本案に対する予算決算委員会委員長の報告は、承認です。日程第３、承認第１号に
2026gikaikaigiroku3gatsu,2026,1807,予算,ついて、予算決算委員会委員長の報告のとおり決定することに賛成の方は、起立願います。
2026gikaikaigiroku3gatsu,2026,1807,決算,ついて、予算決算委員会委員長の報告のとおり決定することに賛成の方は、起立願います。
2026gikaikaigiroku3gatsu,2026,1810,予算,承認を求めることについて、令和７年度御杖村一般会計補正予算第５号は、予算決算委員会委
2026gikaikaigiroku3gatsu,2026,1810,補正予算,承認を求めることについて、令和７年度御杖村一般会計補正予算第５号は、予算決算委員会委
2026gikaikaigiroku3gatsu,2026,1810,決算,承認を求めることについて、令和７年度御杖村一般会計補正予算第５号は、予算決算委員会委
2026gikaikaigiroku3gatsu,2026,1815,予算,（令和７年度御杖村一般会計補正予算(第６号）)
2026gikaikaigiroku3gatsu,2026,1815,補正予算,（令和７年度御杖村一般会計補正予算(第６号）)
2026gikaikaigiroku3gatsu,2026,1818,予算,年度御杖村一般会計補正予算第６号を議題とし、討論を行います。討論はありませんか。
2026gikaikaigiroku3gatsu,2026,1818,補正予算,年度御杖村一般会計補正予算第６号を議題とし、討論を行います。討論はありませんか。
2026gikaikaigiroku3gatsu,2026,1821,予算,を行います。本案に対する予算決算委員会委員長の報告は、承認です。日程第４、承認第２号に
2026gikaikaigiroku3gatsu,2026,1821,決算,を行います。本案に対する予算決算委員会委員長の報告は、承認です。日程第４、承認第２号に
2026gikaikaigiroku3gatsu,2026,1822,予算,ついて、予算決算委員会委員長の報告のとおり決定することに賛成の方は、起立願います。
2026gikaikaigiroku3gatsu,2026,1822,決算,ついて、予算決算委員会委員長の報告のとおり決定することに賛成の方は、起立願います。
2026gikaikaigiroku3gatsu,2026,1826,予算,承認を求めることについて、令和７年度御杖村一般会計補正予算第６号も、予算決算委員会委員
2026gikaikaigiroku3gatsu,2026,1826,補正予算,承認を求めることについて、令和７年度御杖村一般会計補正予算第６号も、予算決算委員会委員
2026gikaikaigiroku3gatsu,2026,1826,決算,承認を求めることについて、令和７年度御杖村一般会計補正予算第６号も、予算決算委員会委員
2026gikaikaigiroku3gatsu,2026,1831,予算,（令和７年度御杖村一般会計補正予算(第７号）)
2026gikaikaigiroku3gatsu,2026,1831,補正予算,（令和７年度御杖村一般会計補正予算(第７号）)
2026gikaikaigiroku3gatsu,2026,1834,予算,年度御杖村一般会計補正予算第７号を議題とし、討論を行います。討論はありませんか。
2026gikaikaigiroku3gatsu,2026,1834,補正予算,年度御杖村一般会計補正予算第７号を議題とし、討論を行います。討論はありませんか。
2026gikaikaigiroku3gatsu,2026,1837,予算,を行います。本案に対する予算決算委員会委員長の報告は、承認です。日程第５、承認第３号に
2026gikaikaigiroku3gatsu,2026,1837,決算,を行います。本案に対する予算決算委員会委員長の報告は、承認です。日程第５、承認第３号に
2026gikaikaigiroku3gatsu,2026,1838,予算,ついて、予算決算委員会委員長の報告のとおり決定することに賛成の方は、起立願います。
2026gikaikaigiroku3gatsu,2026,1838,決算,ついて、予算決算委員会委員長の報告のとおり決定することに賛成の方は、起立願います。
2026gikaikaigiroku3gatsu,2026,1841,予算,承認を求めることについて、令和７年度御杖村一般会計補正予算第７号も、予算決算委員会委員
2026gikaikaigiroku3gatsu,2026,1841,補正予算,承認を求めることについて、令和７年度御杖村一般会計補正予算第７号も、予算決算委員会委員
2026gikaikaigiroku3gatsu,2026,1841,決算,承認を求めることについて、令和７年度御杖村一般会計補正予算第７号も、予算決算委員会委員
2026gikaikaigiroku3gatsu,2026,1847,基金,保有基金の運用収益等を有効活用するための関係条例の
2026gikaikaigiroku3gatsu,2026,1860,基金,る条例の一部を改正する条例の制定について、日程第７、議案第２号、村保有基金の運用収益
2026gikaikaigiroku3gatsu,2026,1882,基金,改正する条例の制定について、議案第２号村保有基金の運用収益等を有効活用するための
2026gikaikaigiroku3gatsu,2026,1921,基金,◎議案第２号村保有基金の運用収益等を有効活用するため
2026gikaikaigiroku3gatsu,2026,1924,基金,○議長（寺前伊平君）：次に、日程第７、議案第２号、村保有基金の運用収益等を有効活用するため
2026gikaikaigiroku3gatsu,2026,1932,基金,○議長（寺前伊平君）：ありがとうございます。全員の起立により、日程第７、議案第２号、村保有基金
2026gikaikaigiroku3gatsu,2026,2028,予算,◎議案第１７号令和７年度御杖村一般会計補正予算（第８号）
2026gikaikaigiroku3gatsu,2026,2028,補正予算,◎議案第１７号令和７年度御杖村一般会計補正予算（第８号）
2026gikaikaigiroku3gatsu,2026,2030,予算,康保険特別会計補正予算（第２号）の議定について、議
2026gikaikaigiroku3gatsu,2026,2030,補正予算,康保険特別会計補正予算（第２号）の議定について、議
2026gikaikaigiroku3gatsu,2026,2031,予算,案第１９号令和７年度御杖村介護保険特別会計補正予算
2026gikaikaigiroku3gatsu,2026,2031,補正予算,案第１９号令和７年度御杖村介護保険特別会計補正予算
2026gikaikaigiroku3gatsu,2026,2034,予算,○議長（寺前伊平君）：次に、日程第１４、議案１７号、令和７年度御杖村一般会計補正予算第８号の
2026gikaikaigiroku3gatsu,2026,2034,補正予算,○議長（寺前伊平君）：次に、日程第１４、議案１７号、令和７年度御杖村一般会計補正予算第８号の
2026gikaikaigiroku3gatsu,2026,2035,予算,議定について、日程第１５、議案第１８号、令和７年度御杖村国民健康保険特別会計補正予算第
2026gikaikaigiroku3gatsu,2026,2035,補正予算,議定について、日程第１５、議案第１８号、令和７年度御杖村国民健康保険特別会計補正予算第
2026gikaikaigiroku3gatsu,2026,2036,予算,２号の議定について、日程第１６、議案第１９号、令和７年度御杖村介護保険特別会計補正予算
2026gikaikaigiroku3gatsu,2026,2036,補正予算,２号の議定について、日程第１６、議案第１９号、令和７年度御杖村介護保険特別会計補正予算
2026gikaikaigiroku3gatsu,2026,2037,予算,第４号の議定についての３議案につきましても、予算決算委員会へ付託した案件でございますの
2026gikaikaigiroku3gatsu,2026,2037,決算,第４号の議定についての３議案につきましても、予算決算委員会へ付託した案件でございますの
2026gikaikaigiroku3gatsu,2026,2042,予算,第４１条第１項の規定に基づき、予算決算委員会福田委員長より一括して審査経過及び結果の
2026gikaikaigiroku3gatsu,2026,2042,決算,第４１条第１項の規定に基づき、予算決算委員会福田委員長より一括して審査経過及び結果の
2026gikaikaigiroku3gatsu,2026,2043,予算,報告をお願いします。予算決算委員会委員長、福田麻衣子君。
2026gikaikaigiroku3gatsu,2026,2043,決算,報告をお願いします。予算決算委員会委員長、福田麻衣子君。
2026gikaikaigiroku3gatsu,2026,2046,予算,○４番（福田麻衣子君）：それでは、予算決算委員会を代表しまして、当委員会に   付託されました、
2026gikaikaigiroku3gatsu,2026,2046,決算,○４番（福田麻衣子君）：それでは、予算決算委員会を代表しまして、当委員会に   付託されました、
2026gikaikaigiroku3gatsu,2026,2048,予算,議案第１７号の一般会計及び議案第１８号と議案第１９号の各特別会計における補正予算につき
2026gikaikaigiroku3gatsu,2026,2048,補正予算,議案第１７号の一般会計及び議案第１８号と議案第１９号の各特別会計における補正予算につき
2026gikaikaigiroku3gatsu,2026,2056,予算,会計補正予算及び議案第１８号と議案第１９号の各特別会計における補正予算の議定について
2026gikaikaigiroku3gatsu,2026,2056,補正予算,会計補正予算及び議案第１８号と議案第１９号の各特別会計における補正予算の議定について
2026gikaikaigiroku3gatsu,2026,2057,予算,は、全員の賛成により、可決すべきものと決定いたしました。以上で、予算決算委員会の報告とさ
2026gikaikaigiroku3gatsu,2026,2057,決算,は、全員の賛成により、可決すべきものと決定いたしました。以上で、予算決算委員会の報告とさ
2026gikaikaigiroku3gatsu,2026,2059,予算,○議長（寺前伊平君）：福田委員長、ありがとうございました。これより、予算決算委員会委員長報告
2026gikaikaigiroku3gatsu,2026,2059,決算,○議長（寺前伊平君）：福田委員長、ありがとうございました。これより、予算決算委員会委員長報告
2026gikaikaigiroku3gatsu,2026,2065,予算,◎議案第１７号令和７年度御杖村一般会計補正予算（第８号）の
2026gikaikaigiroku3gatsu,2026,2065,補正予算,◎議案第１７号令和７年度御杖村一般会計補正予算（第８号）の
2026gikaikaigiroku3gatsu,2026,2068,予算,○議長（寺前伊平君）：最初に、日程第１４、議案第１７号、令和７年度御杖村一般会計補正予算第８
2026gikaikaigiroku3gatsu,2026,2068,補正予算,○議長（寺前伊平君）：最初に、日程第１４、議案第１７号、令和７年度御杖村一般会計補正予算第８
2026gikaikaigiroku3gatsu,2026,2072,予算,行います。本案に対する予算決算委員会委員長の報告は、可決です。日程第１４、議案第１７号に
2026gikaikaigiroku3gatsu,2026,2072,決算,行います。本案に対する予算決算委員会委員長の報告は、可決です。日程第１４、議案第１７号に
2026gikaikaigiroku3gatsu,2026,2073,予算,ついて、予算決算委員会委員長の報告のとおり決定することに賛成の方は、起立願います。
2026gikaikaigiroku3gatsu,2026,2073,決算,ついて、予算決算委員会委員長の報告のとおり決定することに賛成の方は、起立願います。
2026gikaikaigiroku3gatsu,2026,2076,予算,度御杖村一般会計補正予算第８号の議定については、予算決算委員会委員長の報告のとおり
2026gikaikaigiroku3gatsu,2026,2076,補正予算,度御杖村一般会計補正予算第８号の議定については、予算決算委員会委員長の報告のとおり
2026gikaikaigiroku3gatsu,2026,2076,決算,度御杖村一般会計補正予算第８号の議定については、予算決算委員会委員長の報告のとおり
2026gikaikaigiroku3gatsu,2026,2081,予算,予算（第２号）の議定について
2026gikaikaigiroku3gatsu,2026,2084,予算,補正予算第２号の議定についてを議題とし、討論を行います。討論はありませんか。
2026gikaikaigiroku3gatsu,2026,2084,補正予算,補正予算第２号の議定についてを議題とし、討論を行います。討論はありませんか。
2026gikaikaigiroku3gatsu,2026,2087,予算,行います。本案に対する予算決算委員会委員長の報告は、可決です。日程第１５、議案第１８号に
2026gikaikaigiroku3gatsu,2026,2087,決算,行います。本案に対する予算決算委員会委員長の報告は、可決です。日程第１５、議案第１８号に
2026gikaikaigiroku3gatsu,2026,2088,予算,ついて、予算決算委員会   委員長の報告のとおり決定することに賛成の方は、起立願います。
2026gikaikaigiroku3gatsu,2026,2088,決算,ついて、予算決算委員会   委員長の報告のとおり決定することに賛成の方は、起立願います。
2026gikaikaigiroku3gatsu,2026,2092,予算,度御杖村国民健康保険特別会計補正予算第２号の議定についても、予算 決算委員会委員長
2026gikaikaigiroku3gatsu,2026,2092,補正予算,度御杖村国民健康保険特別会計補正予算第２号の議定についても、予算 決算委員会委員長
2026gikaikaigiroku3gatsu,2026,2092,決算,度御杖村国民健康保険特別会計補正予算第２号の議定についても、予算 決算委員会委員長
2026gikaikaigiroku3gatsu,2026,2096,予算,◎議案第１９号令和７年度御杖村介護保険特別会計補正予算
2026gikaikaigiroku3gatsu,2026,2096,補正予算,◎議案第１９号令和７年度御杖村介護保険特別会計補正予算
2026gikaikaigiroku3gatsu,2026,2100,予算,予算第４号の議定についてを議題とし、討論を行います。討論はありませんか。
2026gikaikaigiroku3gatsu,2026,2103,予算,行います。本案に対する予算決算委員会委員長の報告は、可決です。日程第１６、議案第１９号に
2026gikaikaigiroku3gatsu,2026,2103,決算,行います。本案に対する予算決算委員会委員長の報告は、可決です。日程第１６、議案第１９号に
2026gikaikaigiroku3gatsu,2026,2104,予算,ついて、予算決算委員会委員長の報告のとおり決定することに賛成の方は、起立願います。
2026gikaikaigiroku3gatsu,2026,2104,決算,ついて、予算決算委員会委員長の報告のとおり決定することに賛成の方は、起立願います。
2026gikaikaigiroku3gatsu,2026,2107,予算,度御杖村介護保険特別会計補正予算第４号の議定についても、予算決算委員会委員長の報告
2026gikaikaigiroku3gatsu,2026,2107,補正予算,度御杖村介護保険特別会計補正予算第４号の議定についても、予算決算委員会委員長の報告
2026gikaikaigiroku3gatsu,2026,2107,決算,度御杖村介護保険特別会計補正予算第４号の議定についても、予算決算委員会委員長の報告
2026gikaikaigiroku3gatsu,2026,2111,予算,◎議案第２０号令和８年度御杖村一般会計予算の議定につい
2026gikaikaigiroku3gatsu,2026,2113,予算,予算の議定について、議案第２２号令和８年度御杖村介護
2026gikaikaigiroku3gatsu,2026,2114,予算,保険特別会計予算の議定について、議案第２３号令和８年
2026gikaikaigiroku3gatsu,2026,2115,予算,度御杖村後期高齢者医療特別会計予算の議定について、
2026gikaikaigiroku3gatsu,2026,2116,予算,議案第２４号令和８年度御杖村簡易水道事業会計予算の議
2026gikaikaigiroku3gatsu,2026,2119,予算,○議長（寺前伊平君）：次に、日程第１７、議案第２０号、令和８年度御杖村一般会計予算の議定に
2026gikaikaigiroku3gatsu,2026,2120,予算,ついて、日程第１８、議案第２１号、令和８年度御杖村国民健康保険特別会計予算の議定につい
2026gikaikaigiroku3gatsu,2026,2121,予算,て、日程第１９、議案第２２号、令和８年度御杖村介護保険特別会計予算の議定について、日程
2026gikaikaigiroku3gatsu,2026,2122,予算,第２０、議案第２３号、令和８年度御杖村後期高齢者医療特別会計予算の議定について、日程第
2026gikaikaigiroku3gatsu,2026,2123,予算,２１、議案第２４号、令和８年度御杖村簡易水道事業会計予算の議定についての５議案につきまし
2026gikaikaigiroku3gatsu,2026,2124,予算,ても、予算決算委員会へ付託した案件でございますので、これを一括議題としたいと思いますが、
2026gikaikaigiroku3gatsu,2026,2124,決算,ても、予算決算委員会へ付託した案件でございますので、これを一括議題としたいと思いますが、
2026gikaikaigiroku3gatsu,2026,2129,予算,議案第２４号の５議案について、御杖村議会会議規則第４１条第１項の規定に基づき、予算決算
2026gikaikaigiroku3gatsu,2026,2129,決算,議案第２４号の５議案について、御杖村議会会議規則第４１条第１項の規定に基づき、予算決算
2026gikaikaigiroku3gatsu,2026,2130,予算,委員会福田委員長より一括して審査 経過及び結果の報告をお願いします。予算決算委員会委
2026gikaikaigiroku3gatsu,2026,2130,決算,委員会福田委員長より一括して審査 経過及び結果の報告をお願いします。予算決算委員会委
2026gikaikaigiroku3gatsu,2026,2136,予算,る令和８年度当初予算の議定につきまして、一括して、その審査の経過と結果について報告をさせ
2026gikaikaigiroku3gatsu,2026,2138,予算,で、割愛させていただきます。審査の経過でございますが、補正予算同様、議案ごとに３月５日開
2026gikaikaigiroku3gatsu,2026,2138,補正予算,で、割愛させていただきます。審査の経過でございますが、補正予算同様、議案ごとに３月５日開
2026gikaikaigiroku3gatsu,2026,2143,予算,年度 一般会計予算及び議案第２１号から議案第２４号の各特別会計並びに事業会計における令
2026gikaikaigiroku3gatsu,2026,2144,予算,和８年度予算の議定については、全員の賛成により、可決すべきものと決定いたしました。以上で、
2026gikaikaigiroku3gatsu,2026,2145,予算,予算決算委員会の報告とさせていただきます。
2026gikaikaigiroku3gatsu,2026,2145,決算,予算決算委員会の報告とさせていただきます。
2026gikaikaigiroku3gatsu,2026,2146,予算,○議長（寺前伊平君）：福田委員長、ありがとうございました。これより、予算決算委員会委員長報告に
2026gikaikaigiroku3gatsu,2026,2146,決算,○議長（寺前伊平君）：福田委員長、ありがとうございました。これより、予算決算委員会委員長報告に
2026gikaikaigiroku3gatsu,2026,2152,予算,◎議案第２０号令和８年度御杖村一般会計予算の議定について
2026gikaikaigiroku3gatsu,2026,2154,予算,○議長（寺前伊平君）：最初に、日程第１７、議案第２０号、令和８年度御杖村一般会計予算の議定
2026gikaikaigiroku3gatsu,2026,2158,予算,を行います。本案に対する予算決算委員会委員長の報告は、可決です。日程第１７、議案第２０
2026gikaikaigiroku3gatsu,2026,2158,決算,を行います。本案に対する予算決算委員会委員長の報告は、可決です。日程第１７、議案第２０
2026gikaikaigiroku3gatsu,2026,2159,予算,号について、予算決算委員会委員長の報告のとおり決定することに賛成の方は、起立願います。
2026gikaikaigiroku3gatsu,2026,2159,決算,号について、予算決算委員会委員長の報告のとおり決定することに賛成の方は、起立願います。
2026gikaikaigiroku3gatsu,2026,2162,予算,度御杖村一般会計予算の議定については、予算決算委員会委員長の報告のとおり可決されまし
2026gikaikaigiroku3gatsu,2026,2162,決算,度御杖村一般会計予算の議定については、予算決算委員会委員長の報告のとおり可決されまし
2026gikaikaigiroku3gatsu,2026,2165,予算,◎議案第２１号令和８年度御杖村国民健康保険特別会計予算の
2026gikaikaigiroku3gatsu,2026,2169,予算,予算の議定についてを議題とし、討論を行います。討論はありませんか。
2026gikaikaigiroku3gatsu,2026,2172,予算,を行います。本案に対する予算決算委員会委員長の報告は、可決です。日程第１８、議案第２１
2026gikaikaigiroku3gatsu,2026,2172,決算,を行います。本案に対する予算決算委員会委員長の報告は、可決です。日程第１８、議案第２１
2026gikaikaigiroku3gatsu,2026,2173,予算,号について、予算決算委員会委員長の報告のとおり決定することに賛成の方は、起立願います。
2026gikaikaigiroku3gatsu,2026,2173,決算,号について、予算決算委員会委員長の報告のとおり決定することに賛成の方は、起立願います。
2026gikaikaigiroku3gatsu,2026,2177,予算,度御杖村国民健康保険特別会計予算の議定についても、予算決算委員会委員長の報告のとお
2026gikaikaigiroku3gatsu,2026,2177,決算,度御杖村国民健康保険特別会計予算の議定についても、予算決算委員会委員長の報告のとお
2026gikaikaigiroku3gatsu,2026,2181,予算,◎議案第２２号令和８年度御杖村介護保険特別会計予算の議定
2026gikaikaigiroku3gatsu,2026,2184,予算,○議長（寺前伊平君）：次に、日程第１９、議案第２２号、令和８年度御杖村介護保険特別会計予算
2026gikaikaigiroku3gatsu,2026,2188,予算,行います。本案に対する予算決算委員会委員長の報告は、可決です。日程第１９、議案第２２号に
2026gikaikaigiroku3gatsu,2026,2188,決算,行います。本案に対する予算決算委員会委員長の報告は、可決です。日程第１９、議案第２２号に
2026gikaikaigiroku3gatsu,2026,2189,予算,ついて、予算決算委員会委員長の報告のとおり決定することに賛成の方は、起立願います。
2026gikaikaigiroku3gatsu,2026,2189,決算,ついて、予算決算委員会委員長の報告のとおり決定することに賛成の方は、起立願います。
2026gikaikaigiroku3gatsu,2026,2192,予算,度御杖村介護保険特別会計予算の議定についても、予算決算委員会委員長の報告のとおり可
2026gikaikaigiroku3gatsu,2026,2192,決算,度御杖村介護保険特別会計予算の議定についても、予算決算委員会委員長の報告のとおり可
2026gikaikaigiroku3gatsu,2026,2196,予算,◎議案第２３号令和８年度御杖村後期高齢者医療特別会計予算
2026gikaikaigiroku3gatsu,2026,2200,予算,計予算の議定についてを議題とし、討論を行います。討論はありませんか。
2026gikaikaigiroku3gatsu,2026,2203,予算,を行います。本案に対する予算決算委員会委員長の報告は、可決です。日程第２０、議案第２３
2026gikaikaigiroku3gatsu,2026,2203,決算,を行います。本案に対する予算決算委員会委員長の報告は、可決です。日程第２０、議案第２３
2026gikaikaigiroku3gatsu,2026,2204,予算,号について、予算決算委員会委員長の報告のとおり決定することに賛成の方は、起立願います。
2026gikaikaigiroku3gatsu,2026,2204,決算,号について、予算決算委員会委員長の報告のとおり決定することに賛成の方は、起立願います。
2026gikaikaigiroku3gatsu,2026,2207,予算,度御杖村後期高齢者医療特別会計予算の議定についても、予算決算委員会委員長の報告のと
2026gikaikaigiroku3gatsu,2026,2207,決算,度御杖村後期高齢者医療特別会計予算の議定についても、予算決算委員会委員長の報告のと
2026gikaikaigiroku3gatsu,2026,2210,予算,◎議案第２４号令和８年度御杖村簡易水道事業会計予算の議定
2026gikaikaigiroku3gatsu,2026,2213,予算,○議長（寺前伊平君）：次に、日程第２１、議案第２４号、令和８年度御杖村簡易水道事業会計予算
2026gikaikaigiroku3gatsu,2026,2217,予算,行います。本案に対する予算決算委員会委員長の報告は、可決です。日程第２１、議案第２４号に
2026gikaikaigiroku3gatsu,2026,2217,決算,行います。本案に対する予算決算委員会委員長の報告は、可決です。日程第２１、議案第２４号に
2026gikaikaigiroku3gatsu,2026,2218,予算,ついて、予算決算委員会委員長の報告のとおり決定することに賛成の方は、起立願います。
2026gikaikaigiroku3gatsu,2026,2218,決算,ついて、予算決算委員会委員長の報告のとおり決定することに賛成の方は、起立願います。
2026gikaikaigiroku3gatsu,2026,2222,予算,度御杖村簡易水道事業会計予算の議定についても、予算決算委員会委員長の報告のとおり可
2026gikaikaigiroku3gatsu,2026,2222,決算,度御杖村簡易水道事業会計予算の議定についても、予算決算委員会委員長の報告のとおり可
2905ka,2017,49,予算,年度御杖村一般会計補正予算（第１号）について）
2905ka,2017,49,補正予算,年度御杖村一般会計補正予算（第１号）について）
2905ka,2017,362,予算,予算決算委員会委員長、５ 番松岡一生君、副委員長、４ 番山岡隆良君、委員、
2905ka,2017,362,決算,予算決算委員会委員長、５ 番松岡一生君、副委員長、４ 番山岡隆良君、委員、
2905ka,2017,486,予算,事務局、議案及び予算書の朗読は省略し、専決処分書のみ朗読をお願いします。事務
2905ka,2017,491,予算,予算（第１ 号）の専決処分について、ご説明を申し上げます。
2905ka,2017,496,予算,本補正予算につきましては、本年度から活動いただく地域起こし協力隊１ 名の
2905ka,2017,496,補正予算,本補正予算につきましては、本年度から活動いただく地域起こし協力隊１ 名の
2905ka,2017,499,予算,当初予算では、農業部門３ 名、観光部門１ 名の計４ 名の受け入れを予定して
2905ka,2017,502,予算,望があったことから、１ 名の採用を２ 名に増員いたしました。この結果、補正予算
2905ka,2017,502,補正予算,望があったことから、１ 名の採用を２ 名に増員いたしました。この結果、補正予算
2905ka,2017,508,予算,○総務課長（徳田和則君） 平成２ ９ 年度の御杖村一般会計補正予算（第１ 号）の
2905ka,2017,508,補正予算,○総務課長（徳田和則君） 平成２ ９ 年度の御杖村一般会計補正予算（第１ 号）の
2905ka,2017,510,予算,歳入歳出予算の総額に、歳入歳出それぞれ４ ０ ６ 万６ ，０ ０ ０ 円を追加し、歳入歳
2905ka,2017,511,予算,出予算の総額を歳入歳出それぞれ２ ２ 億８ ，７ ０ ６ 万６ ，０ ０ ０ 円とするもので
2905ka,2017,513,予算,予算書の、まず、５ ページの歳出からごらんいただきたいと思います。
2905ka,2017,524,補助金,ることができるよう支援するもので、補助金の交付要綱に基づいて支出されること
2905ka,2017,526,予算,以上が、歳出の予算の内容でございます。
2905ka,2017,532,基金,繰入金、項繰入金、目基金繰入金、補正額が４ ０ ６ 万６ ，０ ０ ０ 円、財政調整
2905ka,2017,533,基金,基金よりの繰り入れにより対応しております。
2905ka,2017,534,予算,以上が、補正予算の内容でございます。ご審議のほど、よろしくお願いいたしま
2905ka,2017,534,補正予算,以上が、補正予算の内容でございます。ご審議のほど、よろしくお願いいたしま
2906ka,2017,39,予算,日程第 ３ 議案第２４号 平成２９年度御杖村一般会計補正予算（第２号）の
2906ka,2017,39,補正予算,日程第 ３ 議案第２４号 平成２９年度御杖村一般会計補正予算（第２号）の
2906ka,2017,43,繰越,日程第 ５ 報告第 １号 平成２８年度御杖村一般会計繰越明許費繰越計算書
2906ka,2017,144,予算,議案の種類は、改正条例２件、補正予算１件、人事同意９件、繰越計算書の
2906ka,2017,144,補正予算,議案の種類は、改正条例２件、補正予算１件、人事同意９件、繰越計算書の
2906ka,2017,144,繰越,議案の種類は、改正条例２件、補正予算１件、人事同意９件、繰越計算書の
2906ka,2017,191,予算,本定例会には、条例改正２件、一般会計補正予算１件、同意案件９件、報告
2906ka,2017,191,補正予算,本定例会には、条例改正２件、一般会計補正予算１件、同意案件９件、報告
2906ka,2017,210,取得,ます。概要は、改正によって以前より育児休業が取得しやすい環境を図る内容
2906ka,2017,216,取得,ができる特別事情として、育児休業の取得に関しての特別の事情について、育
2906ka,2017,219,取得,めることを今回明文化するもので、育児休業を取得しやすくする内容の改正で
2906ka,2017,279,予算,◎日程第３ 平成２９年度御杖村一般会計補正予算（第２号）の議定
2906ka,2017,279,補正予算,◎日程第３ 平成２９年度御杖村一般会計補正予算（第２号）の議定
2906ka,2017,283,予算,会計補正予算（第２号）の議定についてを議題といたします。
2906ka,2017,283,補正予算,会計補正予算（第２号）の議定についてを議題といたします。
2906ka,2017,285,予算,○村長（伊藤収宜君） 一般会計補正予算（第２号）の補正予算でございますけ
2906ka,2017,285,補正予算,○村長（伊藤収宜君） 一般会計補正予算（第２号）の補正予算でございますけ
2906ka,2017,286,予算,"ども、歳入歳出予算総額にそれぞれ 1,868 万 6,000 円を追加し、歳入歳出それ"
2906ka,2017,293,予算,○総務課長（徳田和則君） 補正予算（第２号）の内容について、ご説明申し上
2906ka,2017,293,補正予算,○総務課長（徳田和則君） 補正予算（第２号）の内容について、ご説明申し上
2906ka,2017,295,予算,予算書の１０ページの歳出からご覧ください。
2906ka,2017,303,予算,は、当初予算編成時に比較し、就職等による扶養親族移動に伴う減額が 75 万
2906ka,2017,304,予算,"8,000 円。続いて、共済負担金については、当初予算編成時に前年度の負担金"
2906ka,2017,305,予算,で予算計上しておりましたが、２９年度の負担金が確定したため、不足分とし
2906ka,2017,312,予算,当初予算では、年１回開催しようということで計上しておりましたが、昨年の
2906ka,2017,327,補助金,国庫補助金が２分の１、県費が４分の１の補助率でございます。
2906ka,2017,329,工事,"款消防費、項消防費、目災害対策費、補正額 248 万 4,000 円、節区分工事請"
2906ka,2017,335,補助金,万円、ＩＣＴ活用事業、国庫補助金の内示額の追加による増額でございます。
2906ka,2017,344,予算,次に、一つ飛ばしていただきまして、関連予算でございます、款県支出金、
2906ka,2017,348,補助金,戻っていただきまして、中段ですが、款国庫支出金、項補助金、目教育費補
2906ka,2017,349,補助金,助金、補正額８万円、節区分小学校費補助金 8 万円、ＩＣＴの活用事業増額分
2906ka,2017,350,補助金,の補助金でございます。
2906ka,2017,351,基金,次に、９ページでございますが、款繰入金、項繰入金、目基金繰入金、補正
2906ka,2017,352,基金,"額 1,140 万 6,000 円、節区分基金繰入金 1,140 万 6,000 円、不足財源につきま"
2906ka,2017,353,基金,して、財源更正をしていきますが、一旦財政調整基金より繰り入れをいたしま
2906ka,2017,513,繰越,◎日程第５ 平成２８年度御杖村一般会計繰越明許費繰越計算書の報告
2906ka,2017,517,繰越,繰越明許費繰越計算書の報告についてを議題といたします。
2906ka,2017,519,繰越,○総務課長（徳田和則君） 平成２８年度一般会計の繰越明許費が確定をいたし
2906ka,2017,523,繰越,"繰越額 14 万 6,000 円。次に、臨時福祉給付金事業は、国の２８年度の補正予"
2906ka,2017,525,補助金,"補助金に対し、事業実績の申請が少なかったため、166 万 2,000 円の繰り越し。"
2906ka,2017,574,予算,日程第 ２ 議案第２４号 平成２９年度御杖村一般会計補正予算（第２号）の
2906ka,2017,574,補正予算,日程第 ２ 議案第２４号 平成２９年度御杖村一般会計補正予算（第２号）の
2906ka,2017,577,予算,平成２８年度御杖村介護保険特別会計補正予算（第
2906ka,2017,577,補正予算,平成２８年度御杖村介護保険特別会計補正予算（第
2906ka,2017,581,繰越,日程第 ５ 報告第 ２号 平成２８年度御杖村介護保険特別会計繰越明許費繰
2906ka,2017,660,予算,追加議案の種類は、補正予算１件、人事同意１件、繰越計算書の報告１件の合計
2906ka,2017,660,補正予算,追加議案の種類は、補正予算１件、人事同意１件、繰越計算書の報告１件の合計
2906ka,2017,660,繰越,追加議案の種類は、補正予算１件、人事同意１件、繰越計算書の報告１件の合計
2906ka,2017,709,補助金,がっております。中山間直接支払制度による補助金によって、草刈りを行ってい
2906ka,2017,775,基金,が約 54 億、基金が 14 億であり、起債が 40 億基金を上回っているという非常に苦
2906ka,2017,777,決算,"て、平成２８年度末の決算予想では、合算しますと起債が約 19 億 8,000 万円、基"
2906ka,2017,799,基金,そうした中で、今おっしゃられましたように基金の残高も増えてきております。
2906ka,2017,804,基金,までいいかというわけではないと思っております。こういう基金も含めて、有
2906ka,2017,842,財産,地震や風水害などの災害時におきまして、住民の生命や身体・財産を保護す
2906ka,2017,910,予算,◎日程第２ 平成２９年度御杖村一般会計補正予算（第２号）の議定
2906ka,2017,910,補正予算,◎日程第２ 平成２９年度御杖村一般会計補正予算（第２号）の議定
2906ka,2017,914,予算,般会計補正予算（第２号）の議定についてを議題といたします。
2906ka,2017,914,補正予算,般会計補正予算（第２号）の議定についてを議題といたします。
2906ka,2017,944,繰越,介護システム改修業務委託料繰越明許費の専決処分を求める内容でございま
2906ka,2017,949,予算,平成２８年度御杖村介護保険特別会計補正予算繰越明許費でございますが、ペ
2906ka,2017,949,補正予算,平成２８年度御杖村介護保険特別会計補正予算繰越明許費でございますが、ペ
2906ka,2017,949,繰越,平成２８年度御杖村介護保険特別会計補正予算繰越明許費でございますが、ペ
2906ka,2017,956,繰越,繰越明許費の承認をお願いするものでございます。
2906ka,2017,1031,繰越,◎日程第５ 平成２８年度御杖村介護保険特別会計繰越明許費繰越計算書
2906ka,2017,1036,繰越,保険特別会計繰越明許費繰越計算書の報告についてを議題といたします。
2906ka,2017,1039,繰越,村介護保険特別会計の繰越明許費について、改めましてご報告を申し上げます。
2906ka,2017,1040,繰越,事業名、介護保険制度改正システム改修事業。国の指導によりまして、繰越事
2906ka,2017,1041,補助金,"業として、繰越額が 231 万 9,000 円。財源内訳といたしまして、国庫補助金が"
2906ka,2017,1041,繰越,"業として、繰越額が 231 万 9,000 円。財源内訳といたしまして、国庫補助金が"
2909ka,2017,45,予算,◎議案第２ ７ 号平成２ ９ 年度御杖村一般会計補正予算（第３ 号）の議定
2909ka,2017,45,補正予算,◎議案第２ ７ 号平成２ ９ 年度御杖村一般会計補正予算（第３ 号）の議定
2909ka,2017,47,予算,◎議案第２ ８ 号平成２ ９ 年度御杖村国民健康保険特別会計補正予算
2909ka,2017,47,補正予算,◎議案第２ ８ 号平成２ ９ 年度御杖村国民健康保険特別会計補正予算
2909ka,2017,49,予算,◎議案第２ ９ 号平成２ ９ 年度御杖村介護保険特別会計補正予算（第１ 号）
2909ka,2017,49,補正予算,◎議案第２ ９ 号平成２ ９ 年度御杖村介護保険特別会計補正予算（第１ 号）
2909ka,2017,51,決算,◎決算一括［上程］ ............................................. - 22 -
2909ka,2017,52,決算,認定第１ 号平成２ ８ 年度御杖村一般会計歳入歳出決算の認定、
2909ka,2017,53,決算,認定第２ 号平成２ ８ 年度御杖村簡易水道事業特別会計歳入歳出決算の認定、
2909ka,2017,54,決算,認定第３ 号平成２ ８ 年度御杖村国民健康保険特別会計歳入歳出決算の認定、
2909ka,2017,55,決算,認定第４ 号平成２ ８ 年度介護保険特別会計歳入歳出決算の認定、
2909ka,2017,56,決算,認定第５ 号平成２ ８ 年度御杖村後期高齢者医療特別会計歳入歳出決算の認定
2909ka,2017,57,決算,◎一般会計決算［説明］.......................................... - 22 -
2909ka,2017,58,決算,◎特別会計決算［説明］.......................................... - 25 -
2909ka,2017,59,決算,◎決算審査の意見 ............................................... - 26 -
2909ka,2017,60,決算,◎一般会計決算［質疑］.......................................... - 27 -
2909ka,2017,61,決算,◎簡易水道事業特別会計決算［質疑］ .............................. - 27 -
2909ka,2017,62,決算,◎国民健康保険特別会計決算［質疑］ .............................. - 27 -
2909ka,2017,63,決算,◎介護保険特別会計決算［質疑］ ..................................- 27 -
2909ka,2017,64,決算,◎後期高齢者医療特別会計決算［質疑］ ............................ - 27 -
2909ka,2017,65,決算,◎一般会計歳入歳出決算及び各特別会計歳入歳出決算の認定［付託］                             - 28 -
2909ka,2017,83,予算,◎補正予算一括［予算決算委員長報告、質疑］ ...................... - 36 -
2909ka,2017,83,補正予算,◎補正予算一括［予算決算委員長報告、質疑］ ...................... - 36 -
2909ka,2017,83,決算,◎補正予算一括［予算決算委員長報告、質疑］ ...................... - 36 -
2909ka,2017,84,予算,議案第２ ７ 号平成２ ９ 年度御杖村一般会計補正予算（第３ 号）、
2909ka,2017,84,補正予算,議案第２ ７ 号平成２ ９ 年度御杖村一般会計補正予算（第３ 号）、
2909ka,2017,85,予算,議案第２ ８ 号平成２ ９ 年度御杖村国民健康保険特別会計補正予算（第１ 号）、
2909ka,2017,85,補正予算,議案第２ ８ 号平成２ ９ 年度御杖村国民健康保険特別会計補正予算（第１ 号）、
2909ka,2017,86,予算,議案第２ ９ 号平成２ ９ 年度御杖村介護保険特別会計補正予算（第１ 号）、
2909ka,2017,86,補正予算,議案第２ ９ 号平成２ ９ 年度御杖村介護保険特別会計補正予算（第１ 号）、
2909ka,2017,87,予算,◎議案第２ ７ 号平成２ ９ 年度御杖村一般会計補正予算（第３ 号）の議定
2909ka,2017,87,補正予算,◎議案第２ ７ 号平成２ ９ 年度御杖村一般会計補正予算（第３ 号）の議定
2909ka,2017,89,予算,◎議案第２ ８ 号平成２ ９ 年度御杖村国民健康保険特別会計補正予算（第１ 号）
2909ka,2017,89,補正予算,◎議案第２ ８ 号平成２ ９ 年度御杖村国民健康保険特別会計補正予算（第１ 号）
2909ka,2017,91,予算,◎議案第２ ９ 号平成２ ９ 年度御杖村介護保険特別会計補正予算（第１ 号）
2909ka,2017,91,補正予算,◎議案第２ ９ 号平成２ ９ 年度御杖村介護保険特別会計補正予算（第１ 号）
2909ka,2017,93,予算,◎決算一括［予算決算委員長報告、動議］ .......................... - 38 -
2909ka,2017,93,決算,◎決算一括［予算決算委員長報告、動議］ .......................... - 38 -
2909ka,2017,94,決算,認定第１ 号平成２ ８ 年度御杖村一般会計歳入歳出決算、
2909ka,2017,95,決算,認定第２ 号平成２ ８ 年度御杖村簡易水道事業特別会計歳入歳出決算、
2909ka,2017,96,決算,認定第３ 号平成２ ８ 年度御杖村国民健康保険特別会計歳入歳出決算、
2909ka,2017,97,決算,認定第４ 号平成２ ８ 年度御杖村介護保険特別会計歳入歳出決算、
2909ka,2017,98,決算,認定第５ 号平成２ ８ 年度御杖村後期高齢者医療特別会計歳入歳出決算
2909ka,2017,99,決算,◎認定第１ 号平成２ ８ 年度御杖村一般会計歳入歳出決算の認定［採決］ - 39 -
2909ka,2017,100,決算,◎認定第２ 号平成２ ８ 年度御杖村簡易水道事業特別会計歳入歳出決算
2909ka,2017,102,決算,◎認定第３ 号 平成２ ８ 年度御杖村国民健康保険特別会計歳入歳出決算
2909ka,2017,104,決算,◎認定第４ 号平成２ ８ 年度御杖村介護保険特別会計歳入歳出決算
2909ka,2017,106,決算,◎認定第５ 号 平成２ ８ 年度御杖村後期高齢者医療特別会計歳入歳出決算
2909ka,2017,140,予算,日程第１ １    議案第２ ７ 号 平成２ ９年度御杖村一般会計補正予算（第３ 号）の議定に
2909ka,2017,140,補正予算,日程第１ １    議案第２ ７ 号 平成２ ９年度御杖村一般会計補正予算（第３ 号）の議定に
2909ka,2017,142,予算,日程第１ ２    議案第２ ８号 平成２ ９年度御杖村国民健康保険特別会計補正予算（第１
2909ka,2017,142,補正予算,日程第１ ２    議案第２ ８号 平成２ ９年度御杖村国民健康保険特別会計補正予算（第１
2909ka,2017,144,予算,日程第１ ３    議案第２ ９号 平成２ ９年度御杖村介護保険特別会計補正予算（第１ 号）
2909ka,2017,144,補正予算,日程第１ ３    議案第２ ９号 平成２ ９年度御杖村介護保険特別会計補正予算（第１ 号）
2909ka,2017,146,決算,日程第１ ４    認定第 １ 号 平成２ ８年度御杖村一般会計歳入歳出決算の認定につい
2909ka,2017,148,決算,日程第１ ５    認定第 ２ 号 平成２ ８年度御杖村簡易水道事業特別会計歳入歳出決算の
2909ka,2017,150,決算,日程第１ ６    認定第 ３ 号 平成２ ８年度御杖村国民健康保険特別会計歳入歳出決算の
2909ka,2017,152,決算,日程第１ ７    認定第 ４ 号 平成２ ８年度御杖村介護保険特別会計歳入歳出決算の認定
2909ka,2017,154,決算,日程第１ ８    認定第 ５号 平成２ ８年度御杖村後期高齢者医療特別会計歳入歳出決算
2909ka,2017,250,予算,計画の変更１ 件、補正予算３ 件、決算認定５ 件、報告１ 件につきまして、徳田総務課
2909ka,2017,250,補正予算,計画の変更１ 件、補正予算３ 件、決算認定５ 件、報告１ 件につきまして、徳田総務課
2909ka,2017,250,決算,計画の変更１ 件、補正予算３ 件、決算認定５ 件、報告１ 件につきまして、徳田総務課
2909ka,2017,254,決算,算決算委員会を１ ２ 日、続会議を１ ５ 日とし、いずれも午前１ ０時から開会というこ
2909ka,2017,302,予算,特別会計補正予算（第３ 号）の専決処分事項の承認を求めることについてというふう
2909ka,2017,302,補正予算,特別会計補正予算（第３ 号）の専決処分事項の承認を求めることについてというふう
2909ka,2017,303,契約,なことでありました。内容につきましては、当初の事業計画では１ １ 月の工事契約を
2909ka,2017,303,工事,なことでありました。内容につきましては、当初の事業計画では１ １ 月の工事契約を
2909ka,2017,304,工事,経て、工期を４ カ月、年度内の事業完了を予定していたが、鉄骨工事に係る鋼材生産
2909ka,2017,307,工事,消防署訓練施設増強工事費４ ，６００万６，０００円を繰越明許する必要があり、地
2909ka,2017,307,繰越,消防署訓練施設増強工事費４ ，６００万６，０００円を繰越明許する必要があり、地
2909ka,2017,324,繰越,ということで、１ ，３ ８５ 万１ ，０００円が繰越明許されていると。
2909ka,2017,325,繰越,報告の第４ 号では、広域消防組合香芝・広陵消防事業特別会計繰越明許費繰越計
2909ka,2017,326,工事,算書の報告ということで、香芝消防署の増設改良工事ということで、先の案件４ ，６
2909ka,2017,327,繰越,００万６，０００円が繰越明許されたというふうな形になっております。
2909ka,2017,336,予算,次に、議案第３ ０号 平成２ ９年度奈良県広域消防組合一般会計補正予算（第１
2909ka,2017,336,補正予算,次に、議案第３ ０号 平成２ ９年度奈良県広域消防組合一般会計補正予算（第１
2909ka,2017,337,予算,号）についてというふうなことで、補正予算が組まれてます。補正内容については、
2909ka,2017,337,補正予算,号）についてというふうなことで、補正予算が組まれてます。補正内容については、
2909ka,2017,338,予算,歳入歳出予算にそれぞれ４ ，５ ８２ 万３ ，０００円を増額し、予算総額を１ ６億４ ，
2909ka,2017,343,工事,中線変更工事６９７ 万２ ，０００円というふうな形でなって、４ ，５ ８２ 万３ ，００
2909ka,2017,346,基金,０円が補正組まれてます。財源については、地方債４ ，０８０万円、基金繰入金５
2909ka,2017,347,基金,２ ３ 万を基金に繰り入れて補正が組まれたということです。
2909ka,2017,349,予算,正予算についてということでありますが、これについても中和消防署の特別会計予算
2909ka,2017,350,予算,なんですけれども、報償費ということで、歳入歳出予算にそれぞれ６２ ４ 万６，００
2909ka,2017,351,予算,０円を増額し、予算総額を２ ７ 億４ ，８２ ５ 万２ ，０００円とする増額補正です。理
2909ka,2017,356,財産,あと、議案第３ ２ 号から３ ６号までですが、財産の取得というふうなことで報告が
2909ka,2017,356,取得,あと、議案第３ ２ 号から３ ６号までですが、財産の取得というふうなことで報告が
2909ka,2017,363,財産,議案第３ ４ 号 財産の取得で、天理消防署、はしごつき消防自動車３ ５ メートル級
2909ka,2017,363,取得,議案第３ ４ 号 財産の取得で、天理消防署、はしごつき消防自動車３ ５ メートル級
2909ka,2017,364,財産,というのが２ 億３ ，１ ６６万円ということで財産が取得されていると。
2909ka,2017,364,取得,というのが２ 億３ ，１ ６６万円ということで財産が取得されていると。
2909ka,2017,366,取得,円で取得しましたと。
2909ka,2017,368,財産,うような形で財産の取得がありましたという議案です。
2909ka,2017,368,取得,うような形で財産の取得がありましたという議案です。
2909ka,2017,452,予算,般会計及び特別会計補正予算を初め、平成２ ８年度各会計決算の承認や条例改正な
2909ka,2017,452,補正予算,般会計及び特別会計補正予算を初め、平成２ ８年度各会計決算の承認や条例改正な
2909ka,2017,452,決算,般会計及び特別会計補正予算を初め、平成２ ８年度各会計決算の承認や条例改正な
2909ka,2017,453,予算,どを合わせまして、１ １ 件となっております。各会計の補正予算、決算並びに諸議案
2909ka,2017,453,補正予算,どを合わせまして、１ １ 件となっております。各会計の補正予算、決算並びに諸議案
2909ka,2017,453,決算,どを合わせまして、１ １ 件となっております。各会計の補正予算、決算並びに諸議案
2909ka,2017,457,決算,なお、一般会計、各特別会計の決算につきましては、実質収支でそれぞれ黒字決
2909ka,2017,518,補助金,半分の２ ６万円が利用料収入で、残りの賄いにつきましては村からの補助金となって
2909ka,2017,799,予算,◎議案第２ ７ 号平成２ ９年度御杖村一般会計補正予算（第３ 号）の議定［上
2909ka,2017,799,補正予算,◎議案第２ ７ 号平成２ ９年度御杖村一般会計補正予算（第３ 号）の議定［上
2909ka,2017,802,予算,計補正予算（第３ 号）の議定についてを議題といたします。
2909ka,2017,802,補正予算,計補正予算（第３ 号）の議定についてを議題といたします。
2909ka,2017,805,予算,○村長（伊藤収宜君） 本案は、歳入歳出予算それぞれに２ 億１ ，１ ３ ７ 万５ ，０００
2909ka,2017,806,予算,円を追加し、歳入歳出予算の総額を歳入歳出それぞれ２ ５ 億１ ，７ １ ２ 万７ ，００
2909ka,2017,808,繰越,主な内容は、平成２ ８年度よりの繰越金の増額補正、ふるさと交流公社への負担金
2909ka,2017,812,予算,○総務課長（徳田和則君） 補正予算の内容について、ご説明いたします。
2909ka,2017,812,補正予算,○総務課長（徳田和則君） 補正予算の内容について、ご説明いたします。
2909ka,2017,813,予算,予算書の９ページ、歳出からご覧いただきたいと思います。
2909ka,2017,815,繰越,円。節区分、積立金２ 億３ ６２ 万７ ，０００円。平成２ ８年度繰越金のうち、２ 億
2909ka,2017,816,基金,３ ６２ 万７ ，０００円を公共施設整備基金へ積み立てをいたします。
2909ka,2017,844,補助金,事業ということで、特産品・加工品開発支援事業の補助金の残りを過疎債に充当して
2909ka,2017,852,基金,住宅整備事業について、当初公共施設整備基金よりの繰り入れを予定しておりました
2909ka,2017,853,繰越,が、平成２ ８年度の繰越金をもって充当するため、減額し、財源更正を行いたいと思
2909ka,2017,862,補助金,歳入、款国庫支出金、項補助金、目総務費補助金、補正額２ ５ ２ 万３ ，０００円。
2909ka,2017,863,補助金,節区分、総務管理費補助金２ ５ ２ 万３ ，０００円。マイナンバー制度に係ります２ ９
2909ka,2017,864,補助金,年度の補助金の交付要綱が決定され、内示を受けましたので追加交付いたします。
2909ka,2017,865,補助金,款県支出金、項補助金、目消防費補助金、補正額△の２ ４ ２ 万２ ，０００円。節
2909ka,2017,866,補助金,区分、消防費補助金△の２ ４ ２ 万２ ，０００円。県単の消防力強化事業が不採択と
2909ka,2017,868,基金,款繰入金、項繰入金、目基金繰入金、補正額△の６，５ ４ ７ 万２ ，０００円。節
2909ka,2017,869,予算,区分、基金繰入金△の６，５ ４ ７ 万２ ，０００円。５ 月及び６月補正予算計上分と
2909ka,2017,869,補正予算,区分、基金繰入金△の６，５ ４ ７ 万２ ，０００円。５ 月及び６月補正予算計上分と
2909ka,2017,869,基金,区分、基金繰入金△の６，５ ４ ７ 万２ ，０００円。５ 月及び６月補正予算計上分と
2909ka,2017,870,基金,して、財政調整基金よりの繰り入れを予定しておりました１ ，５ ４ ２ 万７ ，０００円。
2909ka,2017,871,基金,並びに当初住宅整備事業分として、公共施設整備基金よりの繰り入れ５ ，０００万円
2909ka,2017,872,繰越,について、平成２ ８年の繰越金の充当により減額いたします。
2909ka,2017,873,繰越,次に８ページ。款繰越金、項繰越金、目繰越金、補正額２ 億９，０８３ 万４ ，０
2909ka,2017,874,繰越,００円。節区分、前年度繰越金２ 億９，０８３ 万４ ，０００円。平成２ ８年度より
2909ka,2017,875,繰越,の純の繰越金でございます。
2909ka,2017,906,予算,補正予算の内容は以上でございます。ご審議よろしくお願いいたします。
2909ka,2017,906,補正予算,補正予算の内容は以上でございます。ご審議よろしくお願いいたします。
2909ka,2017,911,予算,本案については、予算決算常任委員会に付託することにしたいと思います。
2909ka,2017,911,決算,本案については、予算決算常任委員会に付託することにしたいと思います。
2909ka,2017,915,予算,御杖村一般会計補正予算（第３ 号）の議定については、予算決算常任委員会に付託
2909ka,2017,915,補正予算,御杖村一般会計補正予算（第３ 号）の議定については、予算決算常任委員会に付託
2909ka,2017,915,決算,御杖村一般会計補正予算（第３ 号）の議定については、予算決算常任委員会に付託
2909ka,2017,919,予算,◎議案第２ ８号平成２ ９年度御杖村国民健康保険特別会計補正予算（第１
2909ka,2017,919,補正予算,◎議案第２ ８号平成２ ９年度御杖村国民健康保険特別会計補正予算（第１
2909ka,2017,922,予算,康保険特別会計補正予算（第１ 号）の議定についてを議題といたします。
2909ka,2017,922,補正予算,康保険特別会計補正予算（第１ 号）の議定についてを議題といたします。
2909ka,2017,925,予算,○村長（伊藤収宜君） 本案は、歳入歳出予算それぞれに３ ３ ９万４ ，０００円を減額
2909ka,2017,926,予算,し、歳入歳出予算の総額を歳入歳出それぞれ３ 億６，３ ２ ９万６，０００円とするも
2909ka,2017,932,予算,○住民生活課長（西岡悦夫君） 平成２ ９年度御杖村国民健康保険特別会計補正予算（第
2909ka,2017,932,補正予算,○住民生活課長（西岡悦夫君） 平成２ ９年度御杖村国民健康保険特別会計補正予算（第
2909ka,2017,944,補助金,４ ６０万１ ，０００円の増。国庫支出金補助金、国民健康保険制度関係業務準備事
2909ka,2017,945,補助金,業費補助金９５ 万３ ，０００円の増。療養給付費等負担交付金６４ 万６ ，０００円
2909ka,2017,948,基金,繰入金、基金繰入金が△の６３ １ 万２ ，０００円。他会計繰入金が△の４ ３ ５ 万６，
2909ka,2017,949,繰越,０００円。繰越金が１ ０７ 万４ ，０００円の増となっております。
2909ka,2017,956,予算,本案についても、予算決算常任委員会に付託することにしたいと思います。
2909ka,2017,956,決算,本案についても、予算決算常任委員会に付託することにしたいと思います。
2909ka,2017,960,予算,御杖村国民健康保険特別会計補正予算（第１ 号）の議定については、予算決算常任
2909ka,2017,960,補正予算,御杖村国民健康保険特別会計補正予算（第１ 号）の議定については、予算決算常任
2909ka,2017,960,決算,御杖村国民健康保険特別会計補正予算（第１ 号）の議定については、予算決算常任
2909ka,2017,964,予算,◎議案第２ ９号平成２ ９年度御杖村介護保険特別会計補正予算（第１ 号）
2909ka,2017,964,補正予算,◎議案第２ ９号平成２ ９年度御杖村介護保険特別会計補正予算（第１ 号）
2909ka,2017,967,予算,険特別会計補正予算（第１ 号）の議定についてを議題といたします。
2909ka,2017,967,補正予算,険特別会計補正予算（第１ 号）の議定についてを議題といたします。
2909ka,2017,970,予算,○村長（伊藤収宜君） 本案は、歳入歳出予算それぞれに６１ ８万６，０００円を増額
2909ka,2017,971,予算,し、歳入歳出予算の総額を歳入歳出それぞれ３ 億１ ，６５ ５ 万７ ，０００円とするも
2909ka,2017,973,繰越,補正の主な内容といたしましては、前年度繰越金の補正及び国庫支出金等、過年
2909ka,2017,978,予算,○保健福祉課長補佐（廣尾真貴子君） 平成２ ９年度御杖村介護保険特別会計補正予算
2909ka,2017,978,補正予算,○保健福祉課長補佐（廣尾真貴子君） 平成２ ９年度御杖村介護保険特別会計補正予算
2909ka,2017,980,予算,まず、表紙をごらんください。歳入歳出予算の総額に、歳入歳出それぞれ６ １ ８万
2909ka,2017,981,予算,６，０００円を追加し、歳入歳出予算の総額をそれぞれ３ 億１ ，６５ ５ 万７ ，００
2909ka,2017,993,補助金,国庫支出金補助金、調整交付金２ １ 万２ ，０００円の増、地域支援事業交付金２ 万
2909ka,2017,995,補助金,費補助金５ ８万３ ，０００円の増。システム改修費に伴う補助金となります。
2909ka,2017,996,基金,６ページをごらんください。支払基金交付金、介護給付費交付金５ ８万円の増。社
2909ka,2017,997,基金,会保険診療報酬支払基金からの交付金です。地域支援事業支援交付金、２ 万８，０
2909ka,2017,999,補助金,費負担金、２ ５ 万円の増。県支出金、補助金、地域支援事業交付金１ 万３ ，０００
2909ka,2017,1003,基金,システム改修費に伴う事務費繰入金になります。繰入金、基金繰入金、基金繰入金が
2909ka,2017,1004,基金,△４ ９万３ ，０００円。介護給付費準備基金繰入金です。繰越金、繰越金３ ７ ２ 万
2909ka,2017,1004,繰越,△４ ９万３ ，０００円。介護給付費準備基金繰入金です。繰越金、繰越金３ ７ ２ 万
2909ka,2017,1005,決算,円。平成２ ８年度の決算により、純繰越金の確定となります。
2909ka,2017,1005,繰越,円。平成２ ８年度の決算により、純繰越金の確定となります。
2909ka,2017,1011,予算,本案についても、予算決算常任委員会に付託することにしたいと思います。
2909ka,2017,1011,決算,本案についても、予算決算常任委員会に付託することにしたいと思います。
2909ka,2017,1015,予算,御杖村介護保険特別会計補正予算（第１ 号）の議定については、予算決算常任委員
2909ka,2017,1015,補正予算,御杖村介護保険特別会計補正予算（第１ 号）の議定については、予算決算常任委員
2909ka,2017,1015,決算,御杖村介護保険特別会計補正予算（第１ 号）の議定については、予算決算常任委員
2909ka,2017,1025,決算,◎決算一括［上程］
2909ka,2017,1026,決算,認定第１ 号平成２ ８年度御杖村一般会計歳入歳出決算の認定、
2909ka,2017,1027,決算,認定第２ 号平成２ ８年度御杖村簡易水道事業特別会計歳入歳出決算の認定、
2909ka,2017,1028,決算,認定第３ 号平成２ ８年度御杖村国民健康保険特別会計歳入歳出決算の認定、
2909ka,2017,1029,決算,認定第４ 号平成２ ８年度介護保険特別会計歳入歳出決算の認定、
2909ka,2017,1030,決算,認定第５ 号平成２ ８年度御杖村後期高齢者医療特別会計歳入歳出決算の認定
2909ka,2017,1032,決算,出決算の認定について、日程第１ ５ 、認定第２ 号 平成２ ８年度御杖村簡易水道事
2909ka,2017,1033,決算,業特別会計歳入歳出決算の認定について、日程第１ ６、認定第３ 号 平成２ ８年度
2909ka,2017,1034,決算,御杖村国民健康保険特別会計歳入歳出決算の認定について、日程第１ ７ 、認定第４
2909ka,2017,1035,決算,号 平成２ ８年度介護保険特別会計歳入歳出決算の認定について、日程第１ ８、認
2909ka,2017,1036,決算,定第５ 号 平成２ ８年度御杖村後期高齢者医療特別会計歳入歳出決算の認定につ
2909ka,2017,1037,決算,いて、以上５ 議案は、平成２ ８年度各会計決算の関連議案ですので、一括議題とし
2909ka,2017,1041,決算,◎一般会計決算［説明］
2909ka,2017,1042,決算,○議長（盛岡英成君） まず、一般会計決算について、当局の説明を求めます。
2909ka,2017,1045,決算,一般会計決算の認定について、上程をいたします。
2909ka,2017,1048,決算,○会計管理者（鈴木敏夫君） 平成２ ８年度一般会計決算について、本日提案をいたし
2909ka,2017,1049,決算,ました概要につきまして、皆様のところに決算の内容に関する説明書をお配りさせて
2909ka,2017,1052,予算,一般会計決算の概要、予算の執行に当たって、計上した歳入については財源の確
2909ka,2017,1052,決算,一般会計決算の概要、予算の執行に当たって、計上した歳入については財源の確
2909ka,2017,1054,決算,の一般会計歳入歳出決算額は、決算書の９１ ページの実質収支に関する調書のとおり
2909ka,2017,1057,繰越,収支差引額から、繰越明許費によって翌年度へ繰り越すべき財源５ ７ ３ 万４ ，００
2909ka,2017,1059,決算,次に、歳入決算の状況についてですが、平成２ ８年度の歳入総額は、２ ５ 億９，
2909ka,2017,1062,繰越,県支出金４ 億２ ，０７ ０万円（１ ６．２ ％）、繰越金３ 億５ ，６６０万８，０００
2909ka,2017,1066,決算,詳細につきましては、次のページ、２ ページの第１ 表、一般会計歳入歳出決算の
2909ka,2017,1068,決算,これを前年度決算額と比較しますと、村税は第２ 表のとおり、総額で１ 億４ ４ ３ 万
2909ka,2017,1073,決算,それぞれの税の状況は、次のページ３ ページ、第２ 表、村税決算の状況のとおり
2909ka,2017,1090,補助金,（６．５ ％）の増額となりました。再生可能エネルギー等導入事業補助金や年金生活
2909ka,2017,1093,財産,財産収入は、７ ２ １ 万２ ，０００円で、前年度に比べて２ ，３ ４ ８万８，０００
2909ka,2017,1094,財産,円の減額となりました。プレミアム商品券の販売金や消防車両の売却による財産売り
2909ka,2017,1096,基金,平成２ ８年度末における基金の現金保有残高は２ ６億７ ，２ ２ ４ 万９，０００円
2909ka,2017,1097,基金,で、基金別の内訳は６ページ、第５ 表基金の状況のとおりでございます。
2909ka,2017,1098,繰越,繰越金は、３ 億５ ，６６０万８，０００円で、対前年度４ ，５ ０２ 万５ ，０００
2909ka,2017,1114,決算,続きまして、７ ページの歳出決算の状況についてでございますが、平成２ ８年度の
2909ka,2017,1117,決算,目的別決算の主な内訳は、第６表のとおり、総務費６億２ ，９４ ９万５ ，０００
2909ka,2017,1121,決算,前年度決算と比較して増額となった項目では、総務費が開発センター耐震補強事業、
2909ka,2017,1126,工事,また、教育費が小学校図書館外壁修繕工事をはじめ、小・中学校の施設修繕事業
2909ka,2017,1134,決算,性質別決算の主な内訳は、構成比の高いものから申しますと、人件費４ 億５ ，９３
2909ka,2017,1137,決算,５ ８４ 万２ ，０００円（１ １ ．６％）等となっております。それぞれの性質別決算の
2909ka,2017,1139,決算,前年度決算額と比較しますと、人件費は、退職に伴う退職手当特別負担金の増及び
2909ka,2017,1163,決算,大変簡単ですけれども、以上で一般会計決算の概要説明を終わらせていただきます。
2909ka,2017,1164,決算,詳細につきましては、決算項別明細書や主要施策の成果に関する報告書をごらんいた
2909ka,2017,1168,決算,◎特別会計決算［説明］
2909ka,2017,1169,決算,○議長（盛岡英成君） 次に、特別会計決算を一括して、当局の説明を求めます。
2909ka,2017,1173,決算,療特別会計の歳入歳出決算の認定について、上程をいたします。
2909ka,2017,1176,決算,○会計管理者（鈴木敏夫君） 平成２ ８年度特別会計決算につきまして、決算の内容に
2909ka,2017,1177,決算,関する説明書１ １ ページでございますが、第１ ０表のとおり、特別会計決算の状況で
2909ka,2017,1192,基金,した。一方歳入においては、財政調整基金２ ，５００万円の基金取り崩しを行いまし
2909ka,2017,1196,工事,て歳出では、総務費が非常用発電機設置工事の終了により大きく減額となったものの、
2909ka,2017,1204,基金,給付費準備基金の取り崩し６４ ４ 万２ ，０００円を行いました。
2909ka,2017,1212,決算,以上で、特別会計決算の概要説明を終わらせていただきますが、一般会計同様、
2909ka,2017,1213,決算,詳細につきましては、決算事項別明細書等をごらんいただきまして、ご審議のほどよ
2909ka,2017,1230,決算,◎決算審査の意見
2909ka,2017,1232,決算,決算審査の意見を求めます。
2909ka,2017,1235,決算,８年度の決算審査の結論ということで、朗読をさせていただきまして、報告にかえさ
2909ka,2017,1250,予算,率的な予算執行により、基金残高の増額につなげたのは努力の一定の評価とする。当
2909ka,2017,1250,基金,率的な予算執行により、基金残高の増額につなげたのは努力の一定の評価とする。当
2909ka,2017,1253,決算,進と村の活性化への取り組みをお願いし、平成２ ８年度決算審査の結論といたします。
2909ka,2017,1257,決算,◎一般会計決算［質疑］
2909ka,2017,1258,決算,○議長（盛岡英成君） ただいま、当局より説明及び監査委員より決算審査に係る意見を
2909ka,2017,1265,決算,◎簡易水道事業特別会計決算［質疑］
2909ka,2017,1271,決算,◎国民健康保険特別会計決算［質疑］
2909ka,2017,1277,決算,◎介護保険特別会計決算［質疑］
2909ka,2017,1283,決算,◎後期高齢者医療特別会計決算［質疑］
2909ka,2017,1294,決算,◎一般会計歳入歳出決算及び各特別会計歳入歳出決算の認定［付託］
2909ka,2017,1295,予算,○議長（盛岡英成君） 本一括議案についても、予算決算常任委員会に付託することにし
2909ka,2017,1295,決算,○議長（盛岡英成君） 本一括議案についても、予算決算常任委員会に付託することにし
2909ka,2017,1299,決算,したがって、認定第１ 号から認定第５ 号までの平成２ ８年度一般会計歳入歳出決算
2909ka,2017,1300,予算,及び各特別会計歳入歳出決算の認定については、予算決算常任委員会に付託するこ
2909ka,2017,1300,決算,及び各特別会計歳入歳出決算の認定については、予算決算常任委員会に付託するこ
2909ka,2017,1369,補助金,文化の振興につきましては、県費補助金を活用して、県指定の文化財である安能寺
2909ka,2017,1458,予算,日程第 １    議案第２ ７ 号 平成２ ９年度御杖村一般会計補正予算（第３ 号）の議定に
2909ka,2017,1458,補正予算,日程第 １    議案第２ ７ 号 平成２ ９年度御杖村一般会計補正予算（第３ 号）の議定に
2909ka,2017,1460,予算,日程第 ２    議案第２ ８号 平成２ ９年度御杖村国民健康保険特別会計補正予算（第１
2909ka,2017,1460,補正予算,日程第 ２    議案第２ ８号 平成２ ９年度御杖村国民健康保険特別会計補正予算（第１
2909ka,2017,1462,予算,日程第 ３    議案第２ ９号 平成２ ９年度御杖村介護保険特別会計補正予算（第１ 号）
2909ka,2017,1462,補正予算,日程第 ３    議案第２ ９号 平成２ ９年度御杖村介護保険特別会計補正予算（第１ 号）
2909ka,2017,1464,決算,日程第 ４    認定第 １ 号 平成２ ８年度御杖村一般会計歳入歳出決算の認定につい
2909ka,2017,1466,決算,日程第 ５    認定第 ２ 号 平成２ ８年度御杖村簡易水道事業特別会計歳入歳出決算の
2909ka,2017,1468,決算,日程第 ６    認定第 ３ 号 平成２ ８年度御杖村国民健康保険特別会計歳入歳出決算の
2909ka,2017,1470,決算,日程第 ７    認定第 ４ 号 平成２ ８年度御杖村介護保険特別会計歳入歳出決算の認定
2909ka,2017,1472,決算,日程第 ８    認定第 ５号 平成２ ８年度御杖村後期高齢者医療特別会計歳入歳出決算
2909ka,2017,1536,予算,◎補正予算一括［予算決算委員長報告、質疑］
2909ka,2017,1536,補正予算,◎補正予算一括［予算決算委員長報告、質疑］
2909ka,2017,1536,決算,◎補正予算一括［予算決算委員長報告、質疑］
2909ka,2017,1537,予算,議案第２ ７ 号平成２ ９年度御杖村一般会計補正予算（第３ 号）、
2909ka,2017,1537,補正予算,議案第２ ７ 号平成２ ９年度御杖村一般会計補正予算（第３ 号）、
2909ka,2017,1538,予算,議案第２ ８号平成２ ９年度御杖村国民健康保険特別会計補正予算（第１ 号）、
2909ka,2017,1538,補正予算,議案第２ ８号平成２ ９年度御杖村国民健康保険特別会計補正予算（第１ 号）、
2909ka,2017,1539,予算,議案第２ ９号平成２ ９年度御杖村介護保険特別会計補正予算（第１ 号）、
2909ka,2017,1539,補正予算,議案第２ ９号平成２ ９年度御杖村介護保険特別会計補正予算（第１ 号）、
2909ka,2017,1542,予算,補正予算（第３ 号）の議定について、日程第２ 、議案第２ ８号 平成２ ９年度御杖
2909ka,2017,1542,補正予算,補正予算（第３ 号）の議定について、日程第２ 、議案第２ ８号 平成２ ９年度御杖
2909ka,2017,1543,予算,村国民健康保険特別会計補正予算（第１ 号）の議定について、日程第３ 、議案第２
2909ka,2017,1543,補正予算,村国民健康保険特別会計補正予算（第１ 号）の議定について、日程第３ 、議案第２
2909ka,2017,1544,予算,９号 平成２ ９年度御杖村介護保険特別会計補正予算（第１ 号）の議定についての
2909ka,2017,1544,補正予算,９号 平成２ ９年度御杖村介護保険特別会計補正予算（第１ 号）の議定についての
2909ka,2017,1546,予算,以上の案件につきましては、予算決算委員会へ付託した案件でございます。会議規
2909ka,2017,1546,決算,以上の案件につきましては、予算決算委員会へ付託した案件でございます。会議規
2909ka,2017,1550,予算,○予算決算委員長（松岡一生君） 予算決算委員会委員を代表しまして、当委員会に付
2909ka,2017,1550,決算,○予算決算委員長（松岡一生君） 予算決算委員会委員を代表しまして、当委員会に付
2909ka,2017,1553,予算,審査の経過につきましては、９月５ 日開会の９月定例会において、補正予算の議
2909ka,2017,1553,補正予算,審査の経過につきましては、９月５ 日開会の９月定例会において、補正予算の議
2909ka,2017,1554,決算,定３ 件及び決算認定５ 件が付託されたことにより、去る９月１ ２ 日に委員会を開催い
2909ka,2017,1557,予算,本議会の補正予算３ 件につきましては、会計ごとに審議及び討論を行いました。一
2909ka,2017,1557,補正予算,本議会の補正予算３ 件につきましては、会計ごとに審議及び討論を行いました。一
2909ka,2017,1559,予算,は、質疑・討論ともになしでした。採決の結果につきましては、補正予算３ 会計とも
2909ka,2017,1559,補正予算,は、質疑・討論ともになしでした。採決の結果につきましては、補正予算３ 会計とも
2909ka,2017,1563,予算,以上で、議案第２ ７ 号から議案第２ ９号についての、予算決算委員会の委員長報
2909ka,2017,1563,決算,以上で、議案第２ ７ 号から議案第２ ９号についての、予算決算委員会の委員長報
2909ka,2017,1573,予算,◎議案第２ ７ 号平成２ ９年度御杖村一般会計補正予算（第３ 号）の議定
2909ka,2017,1573,補正予算,◎議案第２ ７ 号平成２ ９年度御杖村一般会計補正予算（第３ 号）の議定
2909ka,2017,1577,予算,日程第１ 、議案第２ ７ 号 平成２ ９年度御杖村一般会計補正予算（第３ 号）の議
2909ka,2017,1577,補正予算,日程第１ 、議案第２ ７ 号 平成２ ９年度御杖村一般会計補正予算（第３ 号）の議
2909ka,2017,1586,予算,全員の起立により、議案第２ ７ 号 平成２ ９年度御杖村一般会計補正予算（第３
2909ka,2017,1586,補正予算,全員の起立により、議案第２ ７ 号 平成２ ９年度御杖村一般会計補正予算（第３
2909ka,2017,1590,予算,◎議案第２ ８号平成２ ９年度御杖村国民健康保険特別会計補正予算（第１
2909ka,2017,1590,補正予算,◎議案第２ ８号平成２ ９年度御杖村国民健康保険特別会計補正予算（第１
2909ka,2017,1593,予算,保険特別会計補正予算（第１ 号）の議定についてを議題とし、討論を行います。討論
2909ka,2017,1593,補正予算,保険特別会計補正予算（第１ 号）の議定についてを議題とし、討論を行います。討論
2909ka,2017,1603,予算,正予算（第１ 号）の議定については、委員長の報告のとおり可決されました。
2909ka,2017,1606,予算,◎議案第２ ９号平成２ ９年度御杖村介護保険特別会計補正予算（第１ 号）
2909ka,2017,1606,補正予算,◎議案第２ ９号平成２ ９年度御杖村介護保険特別会計補正予算（第１ 号）
2909ka,2017,1609,予算,特別会計補正予算（第１ 号）の議定についてを議題とし、討論を行います。討論はあ
2909ka,2017,1609,補正予算,特別会計補正予算（第１ 号）の議定についてを議題とし、討論を行います。討論はあ
2909ka,2017,1623,予算,◎決算一括［予算決算委員長報告、動議］
2909ka,2017,1623,決算,◎決算一括［予算決算委員長報告、動議］
2909ka,2017,1624,決算,認定第１ 号平成２ ８年度御杖村一般会計歳入歳出決算、
2909ka,2017,1625,決算,認定第２ 号平成２ ８年度御杖村簡易水道事業特別会計歳入歳出決算、
2909ka,2017,1626,決算,認定第３ 号平成２ ８年度御杖村国民健康保険特別会計歳入歳出決算、
2909ka,2017,1627,決算,認定第４ 号平成２ ８年度御杖村介護保険特別会計歳入歳出決算、
2909ka,2017,1628,決算,認定第５ 号平成２ ８年度御杖村後期高齢者医療特別会計歳入歳出決算の認定
2909ka,2017,1630,決算,入歳出決算の認定について、日程第５ 、認定第２ 号 平成２ ８年度御杖村簡易水道
2909ka,2017,1631,決算,事業特別会計歳入歳出決算の認定について、日程第６、認定第３ 号 平成２ ８年度
2909ka,2017,1632,決算,御杖村国民健康保険特別会計歳入歳出決算の認定について、日程第７ 、認定第４ 号
2909ka,2017,1633,決算,平成２ ８年度御杖村介護保険特別会計歳入歳出決算の認定について、日程第８、認
2909ka,2017,1634,決算,定第５ 号 平成２ ８年度御杖村後期高齢者医療特別会計歳入歳出決算の認定につ
2909ka,2017,1635,決算,いて、以上の５ 件は、各会計決算認定の案件ですので、一括議題とします。
2909ka,2017,1636,予算,本件につきましても、予算決算委員会へ付託した案件でございます。会議規則第４
2909ka,2017,1636,決算,本件につきましても、予算決算委員会へ付託した案件でございます。会議規則第４
2909ka,2017,1639,予算,○予算決算委員長（松岡一生君） 予算決算委員会委員を代表しまして、当委員会に付
2909ka,2017,1639,決算,○予算決算委員長（松岡一生君） 予算決算委員会委員を代表しまして、当委員会に付
2909ka,2017,1640,決算,託されました認定第１ 号から認定第５ 号までの各会計、歳入歳出決算認定５ 件につ
2909ka,2017,1643,決算,ます。本議題の決算認定５ 件に係る審査につきましては、全会計を一括議題とし、各
2909ka,2017,1649,予算,以上で、認定第１ 号から認定第５ 号についての予算決算委員会の委員長報告とい
2909ka,2017,1649,決算,以上で、認定第１ 号から認定第５ 号についての予算決算委員会の委員長報告とい
2909ka,2017,1654,決算,○６番（木村忠雄君） 動議を提出します。ただいまの決算一括議題につきましては、全
2909ka,2017,1655,予算,議員で構成する予算決算委員会で審査され、その結果は、今の委員長報告のとおりで
2909ka,2017,1655,決算,議員で構成する予算決算委員会で審査され、その結果は、今の委員長報告のとおりで
2909ka,2017,1672,決算,◎認定第１ 号平成２ ８年度御杖村一般会計歳入歳出決算の認定［採決］
2909ka,2017,1673,決算,○議長（盛岡英成君） まず、認定第１ 号 平成２ ８年度御杖村一般会計歳入歳出決算
2909ka,2017,1675,決算,この決算に対する委員長の報告は、認定とするものです。この決算を、委員長の報
2909ka,2017,1679,決算,全員の起立により、認定第１ 号 平成２ ８年度御杖村一般会計歳入歳出決算につ
2909ka,2017,1683,決算,◎認定第２ 号平成２ ８年度御杖村簡易水道事業特別会計歳入歳出決算の
2909ka,2017,1686,決算,歳入歳出決算の認定についてを採決します。
2909ka,2017,1687,決算,この決算に対する委員長の報告は、認定とするものです。この決算を、委員長の報
2909ka,2017,1692,決算,歳出決算については、認定することに決定しました。
2909ka,2017,1695,決算,◎認定第３ 号平成２ ８年度御杖村国民健康保険特別会計歳入歳出決算の
2909ka,2017,1698,決算,歳入歳出決算の認定についてを採決します。
2909ka,2017,1699,決算,この決算に対する委員長の報告は、認定とするものです。この決算を、委員長の報
2909ka,2017,1705,決算,歳出決算の認定については、認定することに決定しました。
2909ka,2017,1708,決算,◎認定第４ 号平成２ ８年度御杖村介護保険特別会計歳入歳出決算の認定
2909ka,2017,1711,決算,歳出決算の認定についてを採決します。
2909ka,2017,1712,決算,この決算に対する委員長の報告は、認定とするものです。この決算を、委員長の報
2909ka,2017,1717,決算,決算については、認定することに決定しました。
2909ka,2017,1720,決算,◎認定第５ 号平成２ ８年度御杖村後期高齢者医療特別会計歳入歳出決算
2909ka,2017,1723,決算,計歳入歳出決算の認定についてを採決します。
2909ka,2017,1724,決算,この決算に対する委員長の報告は、認定とするものです。この決算を、委員長の報
2909ka,2017,1729,決算,入歳出決算については、認定することに決定しました。
2909ka,2017,1730,決算,以上で、決算認定案件については、終わります。
2912ka,2017,40,予算,計補正予算）（第 4 号）［上程、説明、質疑、付託］.............. - 15 -
2912ka,2017,40,補正予算,計補正予算）（第 4 号）［上程、説明、質疑、付託］.............. - 15 -
2912ka,2017,42,予算,村一般会計補正予算）（第 5 号）［上程、説明、質疑、付託］ ......- 16 -
2912ka,2017,42,補正予算,村一般会計補正予算）（第 5 号）［上程、説明、質疑、付託］ ......- 16 -
2912ka,2017,43,基金,◎議案第 30 号 御杖村簡易水道事業財政調整基金の設置、管理及び処分
2912ka,2017,63,予算,◎議案第 40 号 平成 29 年度御杖村一般会計補正予算（第 6 号）の議定
2912ka,2017,63,補正予算,◎議案第 40 号 平成 29 年度御杖村一般会計補正予算（第 6 号）の議定
2912ka,2017,65,予算,◎議案第 41 号 平成 29 年度御杖村簡易水道事業特別会計補正予算
2912ka,2017,65,補正予算,◎議案第 41 号 平成 29 年度御杖村簡易水道事業特別会計補正予算
2912ka,2017,67,予算,◎議案第 42 号 平成 29 年度御杖村国民健康保険特別会計補正予算
2912ka,2017,67,補正予算,◎議案第 42 号 平成 29 年度御杖村国民健康保険特別会計補正予算
2912ka,2017,69,予算,◎議案第 43 号 平成 29 年度御杖村介護保険特別会計補正予算（第 2 号）
2912ka,2017,69,補正予算,◎議案第 43 号 平成 29 年度御杖村介護保険特別会計補正予算（第 2 号）
2912ka,2017,91,予算,予算（第 4 号）、
2912ka,2017,93,予算,予算（第 5 号）［報告、質疑］ .................................- 40 -
2912ka,2017,95,予算,予算（第 4 号）［討論、採決］ .................................- 41 -
2912ka,2017,97,予算,一般会計補正予算（第 5 号）［討論、採決］ ..................... - 41 -
2912ka,2017,97,補正予算,一般会計補正予算（第 5 号）［討論、採決］ ..................... - 41 -
2912ka,2017,98,基金,◎議案第 30 号 御杖村簡易水道事業財政調整基金の設置、管理及び処分に
2912ka,2017,113,予算,◎議案第 40 号 平成 29 年度御杖村一般会計補正予算（第 6 号）の議定、
2912ka,2017,113,補正予算,◎議案第 40 号 平成 29 年度御杖村一般会計補正予算（第 6 号）の議定、
2912ka,2017,114,予算,議案第 41 号 平成 29 年度御杖村簡易水道事業特別会計補正予算（第 1 号）
2912ka,2017,114,補正予算,議案第 41 号 平成 29 年度御杖村簡易水道事業特別会計補正予算（第 1 号）
2912ka,2017,116,予算,議案第 42 号 平成 29 年度御杖村国民健康保険特別会計補正予算（第 2 号）
2912ka,2017,116,補正予算,議案第 42 号 平成 29 年度御杖村国民健康保険特別会計補正予算（第 2 号）
2912ka,2017,118,予算,議案第 43 号 平成 29 年度御杖村介護保険特別会計補正予算（第 2 号）
2912ka,2017,118,補正予算,議案第 43 号 平成 29 年度御杖村介護保険特別会計補正予算（第 2 号）
2912ka,2017,120,予算,◎議案第 40 号 平成 29 年度御杖村一般会計補正予算（第 6 号）の議定
2912ka,2017,120,補正予算,◎議案第 40 号 平成 29 年度御杖村一般会計補正予算（第 6 号）の議定
2912ka,2017,122,予算,◎議案第 41 号 平成 29 年度御杖村簡易水道事業特別会計補正予算
2912ka,2017,122,補正予算,◎議案第 41 号 平成 29 年度御杖村簡易水道事業特別会計補正予算
2912ka,2017,124,予算,◎議案第 42 号 平成 29 年度御杖村国民健康保険特別会計補正予算
2912ka,2017,124,補正予算,◎議案第 42 号 平成 29 年度御杖村国民健康保険特別会計補正予算
2912ka,2017,126,予算,◎議案第 43 号 平成 29 年度御杖村介護保険特別会計補正予算（第 2 号）
2912ka,2017,126,補正予算,◎議案第 43 号 平成 29 年度御杖村介護保険特別会計補正予算（第 2 号）
2912ka,2017,157,予算,（平成 29 年度御杖村一般会計補正予算（第 4 号）について）
2912ka,2017,157,補正予算,（平成 29 年度御杖村一般会計補正予算（第 4 号）について）
2912ka,2017,159,予算,（平成 29 年度御杖村一般会計補正予算（第 5 号）について）
2912ka,2017,159,補正予算,（平成 29 年度御杖村一般会計補正予算（第 5 号）について）
2912ka,2017,160,基金,日程第 8 議案第 30 号 御杖村簡易水道事業財政調整基金の設置、管理及び処
2912ka,2017,180,予算,日程第 18 議案第 40 号 平成 29 年度御杖村一般会計補正予算（第 6 号）の議定
2912ka,2017,180,補正予算,日程第 18 議案第 40 号 平成 29 年度御杖村一般会計補正予算（第 6 号）の議定
2912ka,2017,186,予算,日程第 19   議案第 41 号 平成 29 年度御杖村簡易水道事業特別会計補正予算（第
2912ka,2017,186,補正予算,日程第 19   議案第 41 号 平成 29 年度御杖村簡易水道事業特別会計補正予算（第
2912ka,2017,188,予算,日程第 20   議案第 42 号 平成 29 年度御杖村国民健康保険特別会計補正予算（第
2912ka,2017,188,補正予算,日程第 20   議案第 42 号 平成 29 年度御杖村国民健康保険特別会計補正予算（第
2912ka,2017,190,予算,日程第 21   議案第 43 号 平成 29 年度御杖村介護保険特別会計補正予算
2912ka,2017,190,補正予算,日程第 21   議案第 43 号 平成 29 年度御杖村介護保険特別会計補正予算
2912ka,2017,283,予算,定管理 1 件、補正予算 4 件、人事案が 3 件の合計 19 の案件につきまして、徳
2912ka,2017,283,補正予算,定管理 1 件、補正予算 4 件、人事案が 3 件の合計 19 の案件につきまして、徳
2912ka,2017,286,予算,を、12 月 7 日から 15 日までの 9 日間とし、予算決算委員会を 11 日、全員協議
2912ka,2017,286,決算,を、12 月 7 日から 15 日までの 9 日間とし、予算決算委員会を 11 日、全員協議
2912ka,2017,334,決算,組合一般会計歳入歳出決算について、議案第 7 号平成 29 年東宇陀環境衛生組
2912ka,2017,335,予算,合一般会計補正予算（第 1 号）について、以上 2 件が提案されました。
2912ka,2017,335,補正予算,合一般会計補正予算（第 1 号）について、以上 2 件が提案されました。
2912ka,2017,351,決算,28 年度の決算認定の提案でございました。一般会計、それから特別会計 2 件、
2912ka,2017,354,決算,歳出決算の認定についてでございます。
2912ka,2017,355,決算,まず、この一般会計の決算の内容につきまして、額だけを概略ご報告を申し
2912ka,2017,358,繰越,"し引き 323 万 1,501 円でございます。単年度収支は、前年度の繰越金 263 万円"
2912ka,2017,360,基金,それから特別会計のふるさと町村圏基金特別会計でございます。これにつきま
2912ka,2017,363,繰越,"しては、前年度の繰越金が 182 万 6,904 円ございますので、単年度収支といた"
2912ka,2017,367,繰越,"ても、前年度の繰越金が 939 万 5,433 円ございますので、単年度収支といたし"
2912ka,2017,407,決算,次に、認定第 1 号平成 28 年奈良県広域消防組合一般会計歳入歳出決算認定
2912ka,2017,411,決算,川消防事業特別会計歳入歳出決算認定について 13 議案が提案され、全て認定
2912ka,2017,438,予算,衛生一部事務組合一般会計歳入歳出補正予算（第 1 号）について、それから認
2912ka,2017,438,補正予算,衛生一部事務組合一般会計歳入歳出補正予算（第 1 号）について、それから認
2912ka,2017,439,決算,定第 1 号平成 28 年度宇陀衛生一部事務組合一般会計歳入歳出決算についての
2912ka,2017,441,予算,事務組合一般会計補正予算既定の歳入歳出予算の総額に歳入歳出それぞれ
2912ka,2017,441,補正予算,事務組合一般会計補正予算既定の歳入歳出予算の総額に歳入歳出それぞれ
2912ka,2017,442,予算,"645 万 9,000 円を減額し、歳入歳出予算の総額を歳入歳出それぞれ 1 億 3,067"
2912ka,2017,445,決算,続きまして、宇陀一部事務組合一般会計歳入歳出の決算書でございますけれ
2912ka,2017,449,決算,入歳出決算額となっております。
2912ka,2017,490,予算,"災害関係予算につきましては、全体で専決処分を含めまして、約 5,200 万円"
2912ka,2017,513,予算,そのため調査費、あるいは改造経費等については当初予算、補正予算等で弾力
2912ka,2017,513,補正予算,そのため調査費、あるいは改造経費等については当初予算、補正予算等で弾力
2912ka,2017,516,予算,29 年度御杖村一般会計及び特別会計補正予算、条例の制定、人事案件などを
2912ka,2017,516,補正予算,29 年度御杖村一般会計及び特別会計補正予算、条例の制定、人事案件などを
2912ka,2017,517,予算,含めまして 19 件となっております。各会計の補正予算並びに諸議案の内容につ
2912ka,2017,517,補正予算,含めまして 19 件となっております。各会計の補正予算並びに諸議案の内容につ
2912ka,2017,588,取得,対する生活補助金支給や結婚祝い金制度、住宅取得応援金制度の設立、また既
2912ka,2017,588,補助金,対する生活補助金支給や結婚祝い金制度、住宅取得応援金制度の設立、また既
2912ka,2017,732,予算,般会計補正予算）（第 4 号）［上程、説明、質疑、付託］
2912ka,2017,732,補正予算,般会計補正予算）（第 4 号）［上程、説明、質疑、付託］
2912ka,2017,735,予算,度御杖村一般会計補正予算）（第 4 号）についてを議題とします。
2912ka,2017,735,補正予算,度御杖村一般会計補正予算）（第 4 号）についてを議題とします。
2912ka,2017,739,予算,補正予算（第 4 号）の専決処分の承認を求めることにつきまして、地方自治法
2912ka,2017,739,補正予算,補正予算（第 4 号）の専決処分の承認を求めることにつきまして、地方自治法
2912ka,2017,749,予算,が示されましたので、当該選挙執行に係る所要の予算補正を行いますとともに選
2912ka,2017,755,予算,歳入歳出予算の補正は、歳入歳出それぞれ 285 万を追加し、歳入歳出予算
2912ka,2017,757,予算,予算書の 4 ページの歳入をお願いいたします。
2912ka,2017,770,予算,以上が、一般会計補正予算（第 4 号）の専決処分の承認を求めることにつき
2912ka,2017,770,補正予算,以上が、一般会計補正予算（第 4 号）の専決処分の承認を求めることにつき
2912ka,2017,777,予算,本案については、予算決算委員会に付託することにしたいと思います。
2912ka,2017,777,決算,本案については、予算決算委員会に付託することにしたいと思います。
2912ka,2017,781,予算,の承認を求めることについて、（平成 29 年度御杖村一般会計補正予算）（第 4
2912ka,2017,781,補正予算,の承認を求めることについて、（平成 29 年度御杖村一般会計補正予算）（第 4
2912ka,2017,782,予算,号）については、予算決算委員会に付託することに決定しました。
2912ka,2017,782,決算,号）については、予算決算委員会に付託することに決定しました。
2912ka,2017,785,予算,御杖村一般会計補正予算）（第 5 号）［上程、説明、質疑、付託］
2912ka,2017,785,補正予算,御杖村一般会計補正予算）（第 5 号）［上程、説明、質疑、付託］
2912ka,2017,787,予算,とについて（平成 29 年度御杖村一般会計補正予算）（第 5 号）についてを議
2912ka,2017,787,補正予算,とについて（平成 29 年度御杖村一般会計補正予算）（第 5 号）についてを議
2912ka,2017,792,予算,御杖村一般会計補正予算（第 5 号）の専決処分の承認を求めることにつきまし
2912ka,2017,792,補正予算,御杖村一般会計補正予算（第 5 号）の専決処分の承認を求めることにつきまし
2912ka,2017,807,予算,歳入歳出予算の総額は、歳入歳出それぞれ 650 万円を追加し、歳入歳出予
2912ka,2017,810,予算,まず、予算書の 6 ページの歳出からお願いします。最終ページでございます。
2912ka,2017,827,予算,以上、一般会計補正予算（第 5 号）の専決処分の承認を求めることにつきま
2912ka,2017,827,補正予算,以上、一般会計補正予算（第 5 号）の専決処分の承認を求めることにつきま
2912ka,2017,834,予算,本案については、予算決算委員会に付託することにしたいと思います。
2912ka,2017,834,決算,本案については、予算決算委員会に付託することにしたいと思います。
2912ka,2017,838,予算,承認を求めることについて、（平成 29 年度御杖村一般会計補正予算）（第 5
2912ka,2017,838,補正予算,承認を求めることについて、（平成 29 年度御杖村一般会計補正予算）（第 5
2912ka,2017,839,予算,号）については、予算決算委員会に付託することに決定しました。
2912ka,2017,839,決算,号）については、予算決算委員会に付託することに決定しました。
2912ka,2017,845,基金,◎議案第 30 号 御杖村簡易水道事業財政調整基金の設置、管理及
2912ka,2017,848,基金,整基金の設置、管理及び処分に関する条例の制定についてを議題とします。
2912ka,2017,851,基金,○村長（伊藤収宜君） この条例は、御杖村簡易水道事業財政調整基金の設置、
2912ka,2017,860,基金,不安定性を緩和するため、財政調整基金の設置をお願いするものです。この条
2912ka,2017,861,基金,例により、基金の管理・処分について明記することとなります。ご審議のほど、
2912ka,2017,871,基金,簡易水道事業財政調整基金の設置、管理及び処分に関する条例の制定について
2912ka,2017,893,取得,れ、本人の同意を得ないで取得することが原則禁止する等の規定が設けられた
2912ka,2017,914,取得,と育児の両立支援制度として、労働者の育児休業の取得要件を緩和するもので
2912ka,2017,921,取得,非常勤職員の育児休業は最長 2 歳に達するまで取得が可能に見直しをする内容
2912ka,2017,1179,契約,いうことでございますので、そのときに契約書の明細、事業計画書の提出を求め
2912ka,2017,1182,契約,○議長（盛岡英成君） ただいま、木村議員より計画書及び契約書の提出を求める
2912ka,2017,1198,予算,◎議案第 40 号 平成 29 年度御杖村一般会計補正予算（第 6 号）
2912ka,2017,1198,補正予算,◎議案第 40 号 平成 29 年度御杖村一般会計補正予算（第 6 号）
2912ka,2017,1201,予算,会計補正予算（第 6 号）の議定についてを議題とします。
2912ka,2017,1201,補正予算,会計補正予算（第 6 号）の議定についてを議題とします。
2912ka,2017,1204,予算,"○村長（伊藤収宜君） 本案は、歳入歳出予算総額にそれぞれに 6,036 万 2,000"
2912ka,2017,1215,予算,○総務課長（徳田和則君） それでは、平成 29 年度一般会計補正予算（第 6 号）
2912ka,2017,1215,補正予算,○総務課長（徳田和則君） それでは、平成 29 年度一般会計補正予算（第 6 号）
2912ka,2017,1222,予算,それでは、予算書の 10 ページの歳出からごらんいただきたいと思います。歳
2912ka,2017,1234,財産,"続いて、目財産管理費、補正額 115 万 6,000 円、需用費 115 万 6,000 円。"
2912ka,2017,1240,補助金,当初、県費補助金の簡易水道等整備推進事業助成交付金につきまして一般の基
2912ka,2017,1263,補助金,針に基づくこの制度改正に伴いますシステム改修経費でございます。補助金は、
2912ka,2017,1264,補助金,国庫補助金 2 分の 1 でございます。
2912ka,2017,1276,取得,この減額につきましては、職員が育児休業を取得することになった分減額、それ
2912ka,2017,1311,工事,分、工事請負費 550 万円、農地農業用施設災害復旧事業として行使につきまし
2912ka,2017,1313,補助金,係ります補助金が 50％、施設が 65％の補助でございます。
2912ka,2017,1317,工事,"ます。工事請負費 4,100 万円、公共土木施設災害復旧事業ということで行使に"
2912ka,2017,1322,工事,災害復旧費、補正額 350 万円。財源内訳、地方債 350 万円。節区分、工事費
2912ka,2017,1331,補助金,"款国庫支出金、項補助金、目総務費補助金、補正額 165 万 5,000 円。節区"
2912ka,2017,1332,補助金,"分、総務管理費補助金 165 万 5,000 円、マイナンバーシステム整備補助の 100％"
2912ka,2017,1333,補助金,"分でございます。民生費補助金 63 万 7,000 円、社会福祉費補助金 63 万 7,000"
2912ka,2017,1334,補助金,円、障害福祉システム改修補助金 50％の補助金でございます。災害復旧費補助
2912ka,2017,1335,補助金,"金、補正額 2,666 万 6,000 円、公共土木施設災害復旧費補助金 2,666 万 6,000"
2912ka,2017,1337,補助金,"9 ページ。款県支出金、項補助金、目民生費補助金、補正額 13 万 3,000 円。"
2912ka,2017,1338,補助金,"節区分、福祉医療費補助金 13 万 3,000 円、過年度分でございます。衛生費補"
2912ka,2017,1339,補助金,"助金、補正額△278 万 5,000 円、水道費補助金△278 万 5,000 円、簡易水道等"
2912ka,2017,1341,補助金,"おります。災害復旧費補助金、補正額 247 万 5,000 円、農業施設災害復旧費補"
2912ka,2017,1342,補助金,"助金 247 万 5,000 円、農地災害事業といたしまして事業の 50％の補助金として"
2912ka,2017,1363,予算,本案については、予算決算委員会に付託することにしたいと思います。
2912ka,2017,1363,決算,本案については、予算決算委員会に付託することにしたいと思います。
2912ka,2017,1367,予算,年度御杖村一般会計補正予算（第 6 号）の議定については、予算決算委員会
2912ka,2017,1367,補正予算,年度御杖村一般会計補正予算（第 6 号）の議定については、予算決算委員会
2912ka,2017,1367,決算,年度御杖村一般会計補正予算（第 6 号）の議定については、予算決算委員会
2912ka,2017,1373,予算,水道事業特別会計補正予算（第 1 号）の議定についてを議題とします。
2912ka,2017,1373,補正予算,水道事業特別会計補正予算（第 1 号）の議定についてを議題とします。
2912ka,2017,1376,予算,○村長（伊藤収宜君） 御杖村簡易水道事業特別会計補正予算につきましては、歳
2912ka,2017,1376,補正予算,○村長（伊藤収宜君） 御杖村簡易水道事業特別会計補正予算につきましては、歳
2912ka,2017,1378,基金,とするものでございます。主に、基金の積み立てを行うものです。
2912ka,2017,1383,予算,まず、それでは予算書の 5 ページ、歳出をごらんください。総務費、総務管
2912ka,2017,1385,基金,"て、基金積立金、基金積立金、積立金 476 万 4,000 円につきましては、先ほど"
2912ka,2017,1386,基金,上程させていただきました新たな基金として積み立てた一定の額になります。
2912ka,2017,1387,予算,続いて、予算書 4 ページの歳入をごらんください。県支出金、水道施設費補
2912ka,2017,1391,繰越,"そして繰越金 202 万 8,000 円の増で 202 万 9,000 円となります。"
2912ka,2017,1401,予算,本案については、予算決算委員会に付託することにしたいと思います。
2912ka,2017,1401,決算,本案については、予算決算委員会に付託することにしたいと思います。
2912ka,2017,1405,予算,年度御杖村簡易水道事業特別会計補正予算（第 1 号）の議定については、予
2912ka,2017,1405,補正予算,年度御杖村簡易水道事業特別会計補正予算（第 1 号）の議定については、予
2912ka,2017,1406,決算,算決算委員会に付託することに決定しました。
2912ka,2017,1411,予算,健康保険特別会計補正予算（第 2 号）の議定についてを議題とします。
2912ka,2017,1411,補正予算,健康保険特別会計補正予算（第 2 号）の議定についてを議題とします。
2912ka,2017,1414,予算,○村長（伊藤収宜君） 平成 29 年度御杖村国民健康保険特別会計補正予算につき
2912ka,2017,1414,補正予算,○村長（伊藤収宜君） 平成 29 年度御杖村国民健康保険特別会計補正予算につき
2912ka,2017,1430,補助金,円の増については、システム改修の 100％県補助金となるものでございます。
2912ka,2017,1432,補助金,額による県による補助金の増額となっております。
2912ka,2017,1433,基金,そして、繰入金、基金繰入金 810 万円の増につきましては、医療費増額のう
2912ka,2017,1434,補助金,ち補助金を除いた不足分を基金より充当する補正分となっております。
2912ka,2017,1434,基金,ち補助金を除いた不足分を基金より充当する補正分となっております。
2912ka,2017,1450,補助金,管理費、給料、職員手当、共済費、負担金補助金及び交付金の合計額 33 万
2912ka,2017,1461,予算,本案については、予算決算委員会に付託することにしたいと思います。
2912ka,2017,1461,決算,本案については、予算決算委員会に付託することにしたいと思います。
2912ka,2017,1465,予算,年度御杖村国民健康保険特別会計補正予算（第 2 号）の議定については、予
2912ka,2017,1465,補正予算,年度御杖村国民健康保険特別会計補正予算（第 2 号）の議定については、予
2912ka,2017,1466,決算,算決算委員会に付託することに決定しました。
2912ka,2017,1468,予算,◎議案第 43 号 平成 29 年度御杖村介護保険特別会計補正予算
2912ka,2017,1468,補正予算,◎議案第 43 号 平成 29 年度御杖村介護保険特別会計補正予算
2912ka,2017,1472,予算,保険特別会計補正予算（第 2 号）の議定についてを議題とします。
2912ka,2017,1472,補正予算,保険特別会計補正予算（第 2 号）の議定についてを議題とします。
2912ka,2017,1475,予算,○村長（伊藤収宜君） 平成 29 年度御杖村介護保険特別会計補正予算につきまし
2912ka,2017,1475,補正予算,○村長（伊藤収宜君） 平成 29 年度御杖村介護保険特別会計補正予算につきまし
2912ka,2017,1481,予算,○保健福祉課長（寺前多恵子君） では、補正予算内容内訳についてご説明申し
2912ka,2017,1481,補正予算,○保健福祉課長（寺前多恵子君） では、補正予算内容内訳についてご説明申し
2912ka,2017,1493,基金,"歳入、4 ページをごらんください。国庫支出金 438 万 9,000 円、支払い基金"
2912ka,2017,1496,基金,"繰入金、基金繰入金 460 万 2,000 円は、給付費増額のうち不足分を基金より"
2912ka,2017,1502,予算,本案については、予算決算委員会に付託することにしたいと思います。
2912ka,2017,1502,決算,本案については、予算決算委員会に付託することにしたいと思います。
2912ka,2017,1506,予算,年度御杖村介護保険特別会計補正予算（第 2 号）の議定については、予算決
2912ka,2017,1506,補正予算,年度御杖村介護保険特別会計補正予算（第 2 号）の議定については、予算決
2912ka,2017,1682,予算,（平成 29 年度御杖村一般会計補正予算）（第 4 号）について
2912ka,2017,1682,補正予算,（平成 29 年度御杖村一般会計補正予算）（第 4 号）について
2912ka,2017,1684,予算,（平成 29 年度御杖村一般会計補正予算（第 5 号））について
2912ka,2017,1684,補正予算,（平成 29 年度御杖村一般会計補正予算（第 5 号））について
2912ka,2017,1685,基金,日程第 3 議案第 30 号 御杖村簡易水道事業財政調整基金の設置、管理及び処
2912ka,2017,1704,予算,日程第 13 議案第 40 号 平成 29 年度御杖村一般会計補正予算（第 6 号）の議定
2912ka,2017,1704,補正予算,日程第 13 議案第 40 号 平成 29 年度御杖村一般会計補正予算（第 6 号）の議定
2912ka,2017,1706,予算,日程第 14 議案第 41 号 平成 29 年度御杖村簡易水道事業特別会計補正予算（第
2912ka,2017,1706,補正予算,日程第 14 議案第 41 号 平成 29 年度御杖村簡易水道事業特別会計補正予算（第
2912ka,2017,1708,予算,日程第 15 議案第 42 号 平成 29 年度御杖村国民健康保険特別会計補正予算（第
2912ka,2017,1708,補正予算,日程第 15 議案第 42 号 平成 29 年度御杖村国民健康保険特別会計補正予算（第
2912ka,2017,1710,予算,日程第 16 議案第 43 号 平成 29 年度御杖村介護保険特別会計補正予算 （第 2 号）
2912ka,2017,1710,補正予算,日程第 16 議案第 43 号 平成 29 年度御杖村介護保険特別会計補正予算 （第 2 号）
2912ka,2017,1774,予算,会計補正予算（第 4 号）、
2912ka,2017,1774,補正予算,会計補正予算（第 4 号）、
2912ka,2017,1776,予算,会計補正予算（第 5 号）［報告、質疑］
2912ka,2017,1776,補正予算,会計補正予算（第 5 号）［報告、質疑］
2912ka,2017,1778,予算,とについて（平成 29 年度御杖村一般会計補正予算（第 4 号）について）、日
2912ka,2017,1778,補正予算,とについて（平成 29 年度御杖村一般会計補正予算（第 4 号）について）、日
2912ka,2017,1780,予算,村一般会計補正予算（第 5 号）について）を一括議題とします。
2912ka,2017,1780,補正予算,村一般会計補正予算（第 5 号）について）を一括議題とします。
2912ka,2017,1781,予算,この案件につきましては、予算決算委員会へ付託した案件でございます。
2912ka,2017,1781,決算,この案件につきましては、予算決算委員会へ付託した案件でございます。
2912ka,2017,1785,予算,○予算決算委員長（松岡一生君） 予算決算委員会、委員長報告。専決処分（補
2912ka,2017,1785,決算,○予算決算委員長（松岡一生君） 予算決算委員会、委員長報告。専決処分（補
2912ka,2017,1788,予算,の承認を求めることについて（平成 29 年度一般会計補正予算（第 5 号）につ
2912ka,2017,1788,補正予算,の承認を求めることについて（平成 29 年度一般会計補正予算（第 5 号）につ
2912ka,2017,1790,予算,予算決算委員会を代表しまして、本委員会に付託されました承認第 7 号及び
2912ka,2017,1790,決算,予算決算委員会を代表しまして、本委員会に付託されました承認第 7 号及び
2912ka,2017,1793,予算,まず、審査の経緯ですが、12 月 7 日の本会議において、専決補正予算の承
2912ka,2017,1793,補正予算,まず、審査の経緯ですが、12 月 7 日の本会議において、専決補正予算の承
2912ka,2017,1794,予算,認 2 件及び補正予算の議定 4 件が付託されたことを受け、去る 12 月 11 日に委
2912ka,2017,1794,補正予算,認 2 件及び補正予算の議定 4 件が付託されたことを受け、去る 12 月 11 日に委
2912ka,2017,1797,予算,審査の経過でございますが、ただいま議題となっています一般会計補正予算
2912ka,2017,1797,補正予算,審査の経過でございますが、ただいま議題となっています一般会計補正予算
2912ka,2017,1798,予算,（4 号）と（5 号）の専決処分につきまして、各補正予算ごとに質疑及び討論と
2912ka,2017,1798,補正予算,（4 号）と（5 号）の専決処分につきまして、各補正予算ごとに質疑及び討論と
2912ka,2017,1804,予算,以上で、承認第 7 号及び承認第 8 号についての、予算決算委員会の審査報
2912ka,2017,1804,決算,以上で、承認第 7 号及び承認第 8 号についての、予算決算委員会の審査報
2912ka,2017,1813,予算,会計補正予算（第 4 号）［討論、採決］
2912ka,2017,1813,補正予算,会計補正予算（第 4 号）［討論、採決］
2912ka,2017,1815,予算,いて（平成 29 年度御杖村一般会計補正予算（第 4 号）について）を議題とし、
2912ka,2017,1815,補正予算,いて（平成 29 年度御杖村一般会計補正予算（第 4 号）について）を議題とし、
2912ka,2017,1826,予算,成 29 年度御杖村一般会計補正予算（第 4 号）について）は、委員長報告のと
2912ka,2017,1826,補正予算,成 29 年度御杖村一般会計補正予算（第 4 号）について）は、委員長報告のと
2912ka,2017,1830,予算,御杖村一般会計補正予算（第 5 号）［討論、採決］
2912ka,2017,1830,補正予算,御杖村一般会計補正予算（第 5 号）［討論、採決］
2912ka,2017,1832,予算,とについて（平成 29 年度御杖村一般会計補正予算（第 5 号）について）を議
2912ka,2017,1832,補正予算,とについて（平成 29 年度御杖村一般会計補正予算（第 5 号）について）を議
2912ka,2017,1843,予算,成 29 年度御杖村一般会計補正予算（第 5 号）については、委員長の報告のと
2912ka,2017,1843,補正予算,成 29 年度御杖村一般会計補正予算（第 5 号）については、委員長の報告のと
2912ka,2017,1848,基金,◎議案第 30 号 御杖村簡易水道事業財政調整基金の設置、管理及
2912ka,2017,1851,基金,整基金の設置、管理及び処分に関する条例の制定についてを議題とします。本
2912ka,2017,1861,基金,全員の起立により、議案第 30 号 御杖村簡易水道事業財政調整基金の設置、
2912ka,2017,2008,予算,◎議案第 40 号 平成 29 年度御杖村一般会計補正予算（第 6 号）
2912ka,2017,2008,補正予算,◎議案第 40 号 平成 29 年度御杖村一般会計補正予算（第 6 号）
2912ka,2017,2014,予算,議案第 43 号 平成 29 年度御杖村介護保険特別会計補正予算 （第
2912ka,2017,2014,補正予算,議案第 43 号 平成 29 年度御杖村介護保険特別会計補正予算 （第
2912ka,2017,2017,予算,計補正予算（第 6 号）の議定について、日程第 14、議案第 41 号 平成 29 年
2912ka,2017,2017,補正予算,計補正予算（第 6 号）の議定について、日程第 14、議案第 41 号 平成 29 年
2912ka,2017,2018,予算,度御杖村簡易水道事業特別会計補正予算（第 1 号）の議定について、日程第
2912ka,2017,2018,補正予算,度御杖村簡易水道事業特別会計補正予算（第 1 号）の議定について、日程第
2912ka,2017,2019,予算,15、議案第 42 号 平成 29 年度御杖村国民健康保険特別会計補正予算（第 2
2912ka,2017,2019,補正予算,15、議案第 42 号 平成 29 年度御杖村国民健康保険特別会計補正予算（第 2
2912ka,2017,2023,予算,特別会計補正予算（第 2 号）の議定について、以上 4 件を一括議題とします。
2912ka,2017,2023,補正予算,特別会計補正予算（第 2 号）の議定について、以上 4 件を一括議題とします。
2912ka,2017,2024,予算,本案件につきましては、予算決算委員会へ付託した案件でございます。会議
2912ka,2017,2024,決算,本案件につきましては、予算決算委員会へ付託した案件でございます。会議
2912ka,2017,2028,予算,○予算決算委員長（松岡一生君） 議案第 40 号、議案第 41 号、議案第 42 号、議
2912ka,2017,2028,決算,○予算決算委員長（松岡一生君） 議案第 40 号、議案第 41 号、議案第 42 号、議
2912ka,2017,2029,予算,案第 43 号の議定について、予算決算委員会を代表いたしまして、本委員会に付
2912ka,2017,2029,決算,案第 43 号の議定について、予算決算委員会を代表いたしまして、本委員会に付
2912ka,2017,2030,予算,託されました議案第 40 号から議案第 43 号までの補正予算 4 件につきまして、一
2912ka,2017,2030,補正予算,託されました議案第 40 号から議案第 43 号までの補正予算 4 件につきまして、一
2912ka,2017,2034,予算,行いました。一般会計補正予算（第 6 号）では、最初に、むらづくり振興課長
2912ka,2017,2034,補正予算,行いました。一般会計補正予算（第 6 号）では、最初に、むらづくり振興課長
2912ka,2017,2037,予算,簡易水道事業特別会計補正予算（第 1 号）では、1 名の委員が質問を行い、
2912ka,2017,2037,補正予算,簡易水道事業特別会計補正予算（第 1 号）では、1 名の委員が質問を行い、
2912ka,2017,2038,予算,答弁をいただきました。国民健康保険特別会計補正予算（第 2 号）及び介護保
2912ka,2017,2038,補正予算,答弁をいただきました。国民健康保険特別会計補正予算（第 2 号）及び介護保
2912ka,2017,2039,予算,険特別会計補正予算（第 2 号）では、質疑・討論ともにございませんでした。
2912ka,2017,2039,補正予算,険特別会計補正予算（第 2 号）では、質疑・討論ともにございませんでした。
2912ka,2017,2044,予算,以上で、議案第 40 号から議案第 43 号についての予算決算委員会の審査報
2912ka,2017,2044,決算,以上で、議案第 40 号から議案第 43 号についての予算決算委員会の審査報
2912ka,2017,2051,予算,◎議案第 40 号 平成 29 年度御杖村一般会計補正予算（第 6 号）
2912ka,2017,2051,補正予算,◎議案第 40 号 平成 29 年度御杖村一般会計補正予算（第 6 号）
2912ka,2017,2054,予算,まず、日程第 13、議案第 40 号 平成 29 年度御杖村一般会計補正予算（第
2912ka,2017,2054,補正予算,まず、日程第 13、議案第 40 号 平成 29 年度御杖村一般会計補正予算（第
2912ka,2017,2064,予算,全員の起立により、議案第 40 号 平成 29 年度御杖村一般会計補正予算（第
2912ka,2017,2064,補正予算,全員の起立により、議案第 40 号 平成 29 年度御杖村一般会計補正予算（第
2912ka,2017,2072,予算,道事業特別会計補正予算（第 1 号）の議定についてを議題とし、討論を行いま
2912ka,2017,2072,補正予算,道事業特別会計補正予算（第 1 号）の議定についてを議題とし、討論を行いま
2912ka,2017,2083,予算,計補正予算（第 1 号）は、委員長の報告のとおり可決されました。
2912ka,2017,2083,補正予算,計補正予算（第 1 号）は、委員長の報告のとおり可決されました。
2912ka,2017,2088,予算,康保険特別会計補正予算（第 2 号）の議定についてを議題とし、討論を行いま
2912ka,2017,2088,補正予算,康保険特別会計補正予算（第 2 号）の議定についてを議題とし、討論を行いま
2912ka,2017,2099,予算,計補正予算（第 2 号）の議定については、委員長の報告のとおり可決されまし
2912ka,2017,2099,補正予算,計補正予算（第 2 号）の議定については、委員長の報告のとおり可決されまし
2912ka,2017,2102,予算,◎議案第 43 号 平成 29 年度御杖村介護保険特別会計補正予算
2912ka,2017,2102,補正予算,◎議案第 43 号 平成 29 年度御杖村介護保険特別会計補正予算
2912ka,2017,2106,予算,険特別会計補正予算（第 2 号）の議定についてを議題とし、討論を行います。
2912ka,2017,2106,補正予算,険特別会計補正予算（第 2 号）の議定についてを議題とし、討論を行います。
2912ka,2017,2118,予算,正予算（第 2 号）の議定については、委員長の報告のとおり可決されました。
3001ka,2018,41,契約,◎議案第 1 号 御杖村定住促進住宅新築工事に伴う工事請負契約の締結 ..- 3 -
3001ka,2018,41,工事,◎議案第 1 号 御杖村定住促進住宅新築工事に伴う工事請負契約の締結 ..- 3 -
3001ka,2018,56,契約,日程第 3 議案第 1 号 御杖村定住促進住宅新築工事に伴う工事請負契約の締結につ
3001ka,2018,56,工事,日程第 3 議案第 1 号 御杖村定住促進住宅新築工事に伴う工事請負契約の締結につ
3001ka,2018,129,契約,◎議案第 1 号 御杖村定住促進住宅新築工事に伴う工事請負契約の締結
3001ka,2018,129,工事,◎議案第 1 号 御杖村定住促進住宅新築工事に伴う工事請負契約の締結
3001ka,2018,130,工事,○議長（盛岡英成君） 次に、日程第 3、議案第 1 号「御杖村定住促進住宅新築工事に
3001ka,2018,131,契約,伴う工事請負契約の締結について」を議題とします。本案について、提案理由の説明
3001ka,2018,131,工事,伴う工事請負契約の締結について」を議題とします。本案について、提案理由の説明
3001ka,2018,135,工事,計画をしておりました、御杖村定住促進住宅新築工事につきまして、指名競争入札に
3001ka,2018,135,入札,計画をしておりました、御杖村定住促進住宅新築工事につきまして、指名競争入札に
3001ka,2018,136,契約,付した結果、落札業者と請負契約を締結するため、地方自治法第 96 条第 1 項第 5 号
3001ka,2018,141,工事,程も村長が申しましたように、今年度計画しております御杖村定住促進住宅新築工事
3001ka,2018,142,工事,第Ⅰ期建築工事を平成 30 年 1 月 12 日に指名競争入札を行い、宇陀郡御杖村大字菅
3001ka,2018,142,入札,第Ⅰ期建築工事を平成 30 年 1 月 12 日に指名競争入札を行い、宇陀郡御杖村大字菅
3001ka,2018,145,工事,当該工事は、
3001ka,2018,146,契約,議会の議決に付すべき契約及び財産の取得又は処分に関する条例第 2 条に該当する
3001ka,2018,146,財産,議会の議決に付すべき契約及び財産の取得又は処分に関する条例第 2 条に該当する
3001ka,2018,146,取得,議会の議決に付すべき契約及び財産の取得又は処分に関する条例第 2 条に該当する
3001ka,2018,147,工事,工事の請負であることから、地方自治法第 96 条第 1 項第 5 号の規定により議会の議
3001ka,2018,163,契約,住促進住宅新築工事に伴う工事請負契約の締結については、原案のとおり可決されま
3001ka,2018,163,工事,住促進住宅新築工事に伴う工事請負契約の締結については、原案のとおり可決されま
3003ka,2018,40,予算,杖村一般会計補正予算）（第 7 号）［上程、説明、質疑、付託］...- 12 -
3003ka,2018,40,補正予算,杖村一般会計補正予算）（第 7 号）［上程、説明、質疑、付託］...- 12 -
3003ka,2018,64,予算,◎議案第 13 号 平成 29 年度御杖村一般会計補正予算(第 8 号)の議定
3003ka,2018,64,補正予算,◎議案第 13 号 平成 29 年度御杖村一般会計補正予算(第 8 号)の議定
3003ka,2018,66,予算,◎議案第 14 号 平成 29 年度御杖村簡易水道事業特別会計補正予算
3003ka,2018,66,補正予算,◎議案第 14 号 平成 29 年度御杖村簡易水道事業特別会計補正予算
3003ka,2018,68,予算,◎議案第 15 号 平成 29 年度御杖村国民健康保険特別会計補正予算
3003ka,2018,68,補正予算,◎議案第 15 号 平成 29 年度御杖村国民健康保険特別会計補正予算
3003ka,2018,70,予算,◎議案第 16 号 平成 29 年度御杖村介護保険特別会計補正予算（第
3003ka,2018,70,補正予算,◎議案第 16 号 平成 29 年度御杖村介護保険特別会計補正予算（第
3003ka,2018,74,予算,◎議案第 17 号 平成 30 年度御杖村一般会計予算の議定について［上
3003ka,2018,76,予算,◎議案第 18 号 平成 30 年度御杖村簡易水道事業特別会計予算の議定
3003ka,2018,78,予算,◎議案第 19 号 平成 30 年度御杖村国民健康保険特別会計予算の議定
3003ka,2018,80,予算,◎議案第 20 号 平成 30 年度御杖村介護保険特別会計予算の議定につ
3003ka,2018,82,予算,◎議案第 21 号 平成 30 年度御杖村後期高齢者医療特別会計予算の
3003ka,2018,100,予算,杖村一般会計補正予算）（第 7 号）［報告、質疑、討論、採決］...- 34 -
3003ka,2018,100,補正予算,杖村一般会計補正予算）（第 7 号）［報告、質疑、討論、採決］...- 34 -
3003ka,2018,124,予算,◎議案第 13 号 平成 29 年度御杖村一般会計補正予算(第 8 号)の議定
3003ka,2018,124,補正予算,◎議案第 13 号 平成 29 年度御杖村一般会計補正予算(第 8 号)の議定
3003ka,2018,126,予算,◎議案第 13 号 平成 29 年度御杖村一般会計補正予算(第 8 号)の議定
3003ka,2018,126,補正予算,◎議案第 13 号 平成 29 年度御杖村一般会計補正予算(第 8 号)の議定
3003ka,2018,128,予算,◎議案第 14 号 平成 29 年度御杖村簡易水道事業特別会計補正予算
3003ka,2018,128,補正予算,◎議案第 14 号 平成 29 年度御杖村簡易水道事業特別会計補正予算
3003ka,2018,130,予算,◎議案第 15 号 平成 29 年度御杖村国民健康保険特別会計補正予算
3003ka,2018,130,補正予算,◎議案第 15 号 平成 29 年度御杖村国民健康保険特別会計補正予算
3003ka,2018,132,予算,◎議案第 16 号 平成 29 年度御杖村介護保険特別会計補正予算
3003ka,2018,132,補正予算,◎議案第 16 号 平成 29 年度御杖村介護保険特別会計補正予算
3003ka,2018,134,予算,◎議案第 17 号 平成 30 年度御杖村一般会計予算の議定について他 4 件
3003ka,2018,136,予算,◎議案第 17 号 平成 30 年度御杖村一般会計予算の議定について
3003ka,2018,138,予算,◎議案第 18 号 平成 30 年度御杖村簡易水道事業特別会計予算の議定
3003ka,2018,140,予算,◎議案第 19 号 平成 30 年度御杖村国民健康保険特別会計予算の議定
3003ka,2018,142,予算,◎議案第 20 号 平成 30 年度御杖村介護保険特別会計予算の議定につ
3003ka,2018,144,予算,◎議案第 21 号 平成 30 年度御杖村後期高齢者医療特別会計予算の
3003ka,2018,174,予算,（平成 29 年度御杖村一般会計補正予算（第 7 号）について）
3003ka,2018,174,補正予算,（平成 29 年度御杖村一般会計補正予算（第 7 号）について）
3003ka,2018,208,予算,平成 29 年度御杖村一般会計補正予算(第 8 号)の議定について
3003ka,2018,208,補正予算,平成 29 年度御杖村一般会計補正予算(第 8 号)の議定について
3003ka,2018,210,予算,平成 29 年度御杖村簡易水道事業特別会計補正予算(第 2 号)の議定につ
3003ka,2018,210,補正予算,平成 29 年度御杖村簡易水道事業特別会計補正予算(第 2 号)の議定につ
3003ka,2018,213,予算,平成 29 年度御杖村国民健康保険特別会計補正予算(第 3 号)の議定につ
3003ka,2018,213,補正予算,平成 29 年度御杖村国民健康保険特別会計補正予算(第 3 号)の議定につ
3003ka,2018,216,予算,平成 29 年度御杖村介護保険特別会計補正予算(第 3 号)の議定について
3003ka,2018,216,補正予算,平成 29 年度御杖村介護保険特別会計補正予算(第 3 号)の議定について
3003ka,2018,218,予算,平成 30 年度御杖村一般会計予算の議定について
3003ka,2018,220,予算,平成 30 年度御杖村簡易水道事業特別会計予算の議定について
3003ka,2018,222,予算,平成 30 年度御杖村国民健康保険特別会計予算の議定について
3003ka,2018,224,予算,平成 30 年度御杖村介護保険特別会計予算の議定について
3003ka,2018,226,予算,平成 30 年度御杖村後期高齢者医療特別会計予算の議定について
3003ka,2018,310,予算,決処分の承認 1 件、条例 11 件、補正予算 4 件、平成 30 年度予算 5 件、人事
3003ka,2018,310,補正予算,決処分の承認 1 件、条例 11 件、補正予算 4 件、平成 30 年度予算 5 件、人事
3003ka,2018,313,予算,会期を、3 月 6 日から 19 日までの 14 日間とし、全員協議会を 8 日、予算決算
3003ka,2018,313,決算,会期を、3 月 6 日から 19 日までの 14 日間とし、全員協議会を 8 日、予算決算
3003ka,2018,350,決算,出決算認定について、議案第 4 号平成 29 年度曽爾御杖行政一部事務組合一般
3003ka,2018,351,予算,会計歳入歳出予算補正（第 1 号）について、以上 4 件が提案されました。
3003ka,2018,380,予算,生一部事務組合一般会計歳入歳出補正予算第 2 号、既定の歳入歳出額予算の
3003ka,2018,380,補正予算,生一部事務組合一般会計歳入歳出補正予算第 2 号、既定の歳入歳出額予算の
3003ka,2018,382,予算,する。議案第 3 号平成 30 年度宇陀衛生一部事務組合一般会計歳入歳出予算、
3003ka,2018,401,予算,環境衛生組合一般会計予算について、以上 2 件が提案されました。議案第 1 号
3003ka,2018,404,予算,案第 2 号については、平成 30 年度一般会計予算について、歳入歳出それぞれ
3003ka,2018,405,予算,"1 億 7,982 万 6 千円で、前年度対比 916 万 7 千円の増額予算となっている。主"
3003ka,2018,445,予算,16 号まで平成 29 年度広域消防組合一般会計並びに特別会計補正予算について、
3003ka,2018,445,補正予算,16 号まで平成 29 年度広域消防組合一般会計並びに特別会計補正予算について、
3003ka,2018,446,予算,補正予算の増減理由の概要としましては、一般会計で主なものとして、歳出は、
3003ka,2018,446,補正予算,補正予算の増減理由の概要としましては、一般会計で主なものとして、歳出は、
3003ka,2018,450,予算,ましては、歳入は、繰越し金及び車輌を売り払い収入の予算化、歳出につきま
3003ka,2018,450,繰越,ましては、歳入は、繰越し金及び車輌を売り払い収入の予算化、歳出につきま
3003ka,2018,451,予算,しては、一般会計予算の減額補正に伴う各特別会計繰り出し金の減額、歳入予
3003ka,2018,452,基金,算の増額及び繰り出し金等の減額に伴う調整分を基金に積み立てというような
3003ka,2018,457,予算,"議案第 4 号、一般会計では歳入歳出予算からそれぞれ 4,342 万 2 千円を減"
3003ka,2018,459,予算,"議案第 5 号、山辺消防事業特別会計、歳入歳出予算にそれぞれ 2,872 万 9"
3003ka,2018,463,予算,議案第 7 号、五條消防事業特別会計、歳入歳出予算にそれぞれ 380 万 4 千
3003ka,2018,467,予算,議案第 9 号、西和消防事業特別会計、歳入歳出予算にそれぞれ 839 万円を
3003ka,2018,471,予算,議案第 11 号、葛城消防事業特別会計、歳入歳出予算にそれぞれ 374 万 1 千
3003ka,2018,473,予算,"議案第 12 号、吉野消防事業特別会計、歳入歳出予算にそれぞれ 1,494 万"
3003ka,2018,475,予算,"議案第 13 号、中和消防事業特別会計、歳入歳出予算にそれぞれ 1,521 万 9"
3003ka,2018,477,予算,"議案第 14 号、中吉野消防事業特別会計、歳入歳出予算にそれぞれ 1,348 万"
3003ka,2018,479,予算,"議案第 15 号、香芝広陵消防事業特別会計、歳入歳出予算にそれぞれ 2,047"
3003ka,2018,482,予算,"円を減額し、総額 5,920 万 6 千円とする減額補正。以上補正予算 13 件一括審"
3003ka,2018,482,補正予算,"円を減額し、総額 5,920 万 6 千円とする減額補正。以上補正予算 13 件一括審"
3003ka,2018,484,予算,続いて、平成 30 年度予算について、議案第 17 号、広域消防組合一般会計
3003ka,2018,485,予算,"予算について、予算総額 20 億 9,730 万 7 千円対前年 30.5％増。"
3003ka,2018,486,予算,"議案第 18 号山辺消防事業特別会計予算について、予算総額 17 億 2,473 万"
3003ka,2018,487,予算,6 千円対前年 11.9％減。議案第 19 号桜井消防事業特別会計予算について、予
3003ka,2018,489,予算,"事業特別会計予算について、予算総額 9 億 4,385 万 7 千円対前年 0.4％減 。"
3003ka,2018,490,予算,"議案第 21 号、大和郡山消防事業特別会計予算について、         予算総額 8 億 1,993"
3003ka,2018,491,予算,万 6 千円対前年 1.2％増。議案第 22 号、西和消防事業特別会計予算について、
3003ka,2018,492,予算,"予算総額 16 億 6,081 万 6 千円対前年 1.4 パーセント減。議案題 23 号、宇陀消"
3003ka,2018,493,予算,"防事業特別会計予算について、予算総額 11 億 9,420 万 7000 円対前年 2.1 パ"
3003ka,2018,494,予算,ーセント増。議案第 24 号、葛城消防事業特別会計予算について、予算総額 5
3003ka,2018,496,予算,"計予算について、予算総額 6 億 9,804 万 3 千円対前年 9.6％増。議案第 26 号、"
3003ka,2018,497,予算,"中和消防事業特別会計予算について、予算総額 28 億 2,061 万 9 千円対前年"
3003ka,2018,502,予算,前年 21.0％増 。議案第 28 号、香芝広陵消防事業特別会計予算について、13
3003ka,2018,503,予算,"億 6,645 万 6 千円対前年 3.5％増。議第 29 号、野迫川消防事業特別会計予算"
3003ka,2018,505,予算,広域消防組合予算 13 議案一括可決了承されました。最後に議第 30 号、広域消
3003ka,2018,558,予算,○村長（伊藤収宜君） これからまた、予算審議をお願いするところでございますが、
3003ka,2018,596,予算,御杖村一般会計補正予算）（第 7 号）［上程、説明、質疑、付託］
3003ka,2018,596,補正予算,御杖村一般会計補正予算）（第 7 号）［上程、説明、質疑、付託］
3003ka,2018,598,予算,とについて、平成 29 年度御杖村一般会計補正予算（第 7 号）を議題とします。
3003ka,2018,598,補正予算,とについて、平成 29 年度御杖村一般会計補正予算（第 7 号）を議題とします。
3003ka,2018,613,予算,本案については、予算決算委員会に付託することにしたいと思います。
3003ka,2018,613,決算,本案については、予算決算委員会に付託することにしたいと思います。
3003ka,2018,617,予算,の承認を求めることについて  （平成 29 年度御杖村一般会計補正予算   （第 7 号）」
3003ka,2018,617,補正予算,の承認を求めることについて  （平成 29 年度御杖村一般会計補正予算   （第 7 号）」
3003ka,2018,618,予算,は、予算決算委員会に付託することに決定しました。
3003ka,2018,618,決算,は、予算決算委員会に付託することに決定しました。
3003ka,2018,630,取得,"ち取得価格が 2,700 万円をこえる固定資産税を 3 年間減免して産業を誘致する"
3003ka,2018,841,予算,◎議案第 13 号 平成 29 年度御杖村一般会計補正予算(第 8 号)の議
3003ka,2018,841,補正予算,◎議案第 13 号 平成 29 年度御杖村一般会計補正予算(第 8 号)の議
3003ka,2018,844,予算,会計補正予算(第 8 号)の議定について」を議題とします。本案について、提案
3003ka,2018,844,補正予算,会計補正予算(第 8 号)の議定について」を議題とします。本案について、提案
3003ka,2018,847,予算,○村長（伊藤収宜君） 本案は、歳入歳出予算総額から、それぞれ 2 億 235 万 9
3003ka,2018,856,予算,本案については、予算決算委員会に付託することにしたいと思います。
3003ka,2018,856,決算,本案については、予算決算委員会に付託することにしたいと思います。
3003ka,2018,863,予算,年度御杖村一般会計補正予算(第 8 号)の議定について」は、予算決算委員会
3003ka,2018,863,補正予算,年度御杖村一般会計補正予算(第 8 号)の議定について」は、予算決算委員会
3003ka,2018,863,決算,年度御杖村一般会計補正予算(第 8 号)の議定について」は、予算決算委員会
3003ka,2018,869,予算,水道事業特別会計補正予算（第 2 号）の議定について」を議題とします。本案
3003ka,2018,869,補正予算,水道事業特別会計補正予算（第 2 号）の議定について」を議題とします。本案
3003ka,2018,872,予算,○村長（伊藤収宜君） 本案は、歳入歳出予算の変更はございませんが、水道事
3003ka,2018,879,予算,本案については、予算決算委員会に付託することにしたいと思います。
3003ka,2018,879,決算,本案については、予算決算委員会に付託することにしたいと思います。
3003ka,2018,883,予算,年度御杖村簡易水道事業特別会計補正予算（第 2 号）の議定について」は、
3003ka,2018,883,補正予算,年度御杖村簡易水道事業特別会計補正予算（第 2 号）の議定について」は、
3003ka,2018,884,予算,予算決算委員会に付託することに決定しました。
3003ka,2018,884,決算,予算決算委員会に付託することに決定しました。
3003ka,2018,889,予算,健康保険特別会計補正予算（第 3 号）の議定について」を議題とします。本案
3003ka,2018,889,補正予算,健康保険特別会計補正予算（第 3 号）の議定について」を議題とします。本案
3003ka,2018,892,予算,○村長（伊藤収宜君） 本案は、事業勘定の歳入歳出予算総額に、それぞれ 214
3003ka,2018,894,予算,については、歳入歳出予算の変更はございませんが、診療所運営補助が増加し
3003ka,2018,901,予算,本案については、予算決算委員会に付託することにしたいと思います。
3003ka,2018,901,決算,本案については、予算決算委員会に付託することにしたいと思います。
3003ka,2018,908,予算,年度御杖村国民健康保険特別会計補正予算（第 3 号）の議定について」は、
3003ka,2018,908,補正予算,年度御杖村国民健康保険特別会計補正予算（第 3 号）の議定について」は、
3003ka,2018,909,予算,予算決算委員会に付託することに決定しました。
3003ka,2018,909,決算,予算決算委員会に付託することに決定しました。
3003ka,2018,911,予算,◎議案第 16 号 平成 29 年度御杖村介護保険特別会計補正予算
3003ka,2018,911,補正予算,◎議案第 16 号 平成 29 年度御杖村介護保険特別会計補正予算
3003ka,2018,915,予算,保険特別会計補正予算（第 3 号）の議定について」を議題とします。本案につ
3003ka,2018,915,補正予算,保険特別会計補正予算（第 3 号）の議定について」を議題とします。本案につ
3003ka,2018,918,予算,"○村長（伊藤収宜君） 本案は、歳入歳出予算総額に、それぞれ 2,830 万円を増"
3003ka,2018,926,予算,本案については、予算決算委員会に付託することにしたいと思います。
3003ka,2018,926,決算,本案については、予算決算委員会に付託することにしたいと思います。
3003ka,2018,930,予算,年度御杖村介護保険特別会計補正予算（第 3 号）の議定について」は、予算
3003ka,2018,930,補正予算,年度御杖村介護保険特別会計補正予算（第 3 号）の議定について」は、予算
3003ka,2018,931,決算,決算委員会に付託することに決定しました。
3003ka,2018,941,予算,日程第 21 より 25 までは、平成 30 年度の一般会計予算及び特別会計予算 4
3003ka,2018,946,予算,平成 30 年度予算案をはじめ、重要な諸議案をご審議いただくにあたり、村政に
3003ka,2018,973,基金,す。歳入の不足を公共施設整備基金などの基金の取り崩しで対応することとして
3003ka,2018,975,予算,"平成 30 年度の一般会計の予算規模は、22 億 9,500 万円、本年度当初予算"
3003ka,2018,977,予算,"わせて会計間での重複する金額を除いた純計予算総額は、約 30 億 5,900 万円"
3003ka,2018,978,予算,"となり、平成 29 年度当初予算と比較して 0.9％約 2,600 万円の増額となってい"
3003ka,2018,979,予算,ます。以下、新年度予算案につきまして、主要施策別に簡潔にご説明申し上げ
3003ka,2018,1053,工事,最終年度である三畝線の改良、さらに白髪線の改良工事を進めるとともに、観
3003ka,2018,1055,工事,全で快適な通行を確保するため、村道の舗装補修工事や災害防除工事などを年
3003ka,2018,1101,予算,以上が新年度予算における、主要施策の概要であり、詳細につきましては、
3003ka,2018,1102,予算,予算概要などによりましてご査収いただきたいと存じます。
3003ka,2018,1106,予算,◎議案第 17 号 平成 30 年度御杖村一般会計予算の議定について
3003ka,2018,1109,予算,一般会計予算の議定について」を議題とします。本案について、提案理由の説
3003ka,2018,1112,予算,○村長（伊藤収宜君） 平成 30 年度一般会計予算について、歳入歳出予算総額を、
3003ka,2018,1115,予算,予算案の概要につきましては、総務課長から説明をいたします。
3003ka,2018,1117,予算,○総務課長（徳田和則君） それでは、平成 30 年度御杖村一般会計予算案の概要
3003ka,2018,1119,予算,"お願い致します。平成 30 年度御杖村一般会計当初予算案は、総額 22 億 9,500"
3003ka,2018,1122,予算,お手持ちの説明資料の 8 ページ、（2）一般会計予算案歳入の款別内訳をご
3003ka,2018,1134,予算,歳入予算全体に対する構成比では、4.6％にとどまっております。
3003ka,2018,1143,予算,"に比べて 4,417 万 6 千円、3.7％の減額となっており、歳入予算の 49.8％を占"
3003ka,2018,1160,補助金,村とのまちづくり連携協定補助金が 324 万の減額、植栽による景観向上推進事
3003ka,2018,1166,予算,につきまして、9 ページからの(3)、一般会計歳入予算案の主な対前年度増減要
3003ka,2018,1169,予算,資料 12 ページをご覧下さい。（4）一般会計予算案歳出の性質別内訳をご覧
3003ka,2018,1207,予算,その他の経費につきましては、13 ページからの（5）一般会計歳出予算案の
3003ka,2018,1210,予算,資料の 16 ページをご覧下さい。（6）一般会計予算案歳出の款別内訳をご覧
3003ka,2018,1219,工事,"業、村道舗装補修工事の減により 1 億 8,667 万円、31.5％の減額となりました。"
3003ka,2018,1220,予算,その他の目的区分につきましては、17 ページからの（7）一般会計歳出予算案
3003ka,2018,1227,予算,以上、平成 30 年度一般会計予算案の概要についての説明をさせていただき
3003ka,2018,1234,予算,本案については、予算決算委員会に付託することにしたいと思います。
3003ka,2018,1234,決算,本案については、予算決算委員会に付託することにしたいと思います。
3003ka,2018,1238,予算,年度御杖村一般会計予算の議定について」は、予算決算委員会に付託すること
3003ka,2018,1238,決算,年度御杖村一般会計予算の議定について」は、予算決算委員会に付託すること
3003ka,2018,1241,予算,◎議案第 18 号 平成 30 年度御杖村簡易水道事業特別会計予算の
3003ka,2018,1244,予算,水道事業特別会計予算の議定について」を議題とします。本案について、提案
3003ka,2018,1247,予算,○村長（伊藤収宜君） 平成 30 年度簡易水道事業特別会計予算について、歳入歳
3003ka,2018,1248,予算,"出予算総額を、それぞれ 1 億 1,175 万 9 千円、"
3003ka,2018,1257,予算,本案について、予算決算委員会に付託することにしたいと思います。
3003ka,2018,1257,決算,本案について、予算決算委員会に付託することにしたいと思います。
3003ka,2018,1261,予算,年度御杖村簡易水道事業特別会計予算の議定について」は、予算決算委員会
3003ka,2018,1261,決算,年度御杖村簡易水道事業特別会計予算の議定について」は、予算決算委員会
3003ka,2018,1264,予算,◎議案第 19 号 平成 30 年度御杖村国民健康保険特別会計予算の
3003ka,2018,1270,予算,健康保険特別会計予算の議定について」を議題とします。本案について、提案
3003ka,2018,1273,予算,○村長（伊藤収宜君） 平成 30 年度国民健康保険特別会計予算について、事業勘
3003ka,2018,1274,予算,"定の歳入歳出予算総額を、それぞれ 3 億 2,403 万 5 千円、対年度比 4,265 万 5"
3003ka,2018,1275,予算,千円、 11.63％減とし、診療施設勘定の歳入歳出予算総額を、それぞれ 1 億
3003ka,2018,1277,予算,事業勘定において、新年度から国民健康保険制度が変わるため、予算の構成
3003ka,2018,1284,予算,本案については、予算決算委員会に付託することにしたいと思います。
3003ka,2018,1284,決算,本案については、予算決算委員会に付託することにしたいと思います。
3003ka,2018,1288,予算,年度御杖村国民健康保険特別会計予算の議定について」は、予算決算委員会
3003ka,2018,1288,決算,年度御杖村国民健康保険特別会計予算の議定について」は、予算決算委員会
3003ka,2018,1291,予算,◎議案第 20 号 平成 30 年度御杖村介護保険特別会計予算の議定
3003ka,2018,1294,予算,保険特別会計予算の議定について」を議題とします。本案について、提案理由
3003ka,2018,1297,予算,○村長（伊藤収宜君） 平成 30 年度介護保険特別会計予算について、歳入歳出予
3003ka,2018,1306,予算,本案については、予算決算委員会に付託することにしたいと思います。
3003ka,2018,1306,決算,本案については、予算決算委員会に付託することにしたいと思います。
3003ka,2018,1310,予算,年度御杖村介護保険特別会計予算の議定について」は、予算決算委員会に付
3003ka,2018,1310,決算,年度御杖村介護保険特別会計予算の議定について」は、予算決算委員会に付
3003ka,2018,1315,予算,◎議案第 21 号 平成 30 年度御杖村後期高齢者医療特別会計予算
3003ka,2018,1318,予算,高齢者医療特別会計予算の議定について」を議題とします。本案について、提
3003ka,2018,1321,予算,○村長（伊藤収宜君） 平成 30 年度後期高齢者医療特別会計予算についてでござ
3003ka,2018,1322,予算,"いますが、歳入歳出予算総額を、それぞれ 4,924 万 3 千円、対前年比 1,236 万"
3003ka,2018,1330,予算,本案については、予算決算委員会に付託することにしたいと思います。
3003ka,2018,1330,決算,本案については、予算決算委員会に付託することにしたいと思います。
3003ka,2018,1334,予算,年度御杖村後期高齢者医療特別会計予算の議定について」は、予算決算委員
3003ka,2018,1334,決算,年度御杖村後期高齢者医療特別会計予算の議定について」は、予算決算委員
3003ka,2018,1404,予算,（平成 29 年度御杖村一般会計補正予算（第 7 号）について）
3003ka,2018,1404,補正予算,（平成 29 年度御杖村一般会計補正予算（第 7 号）について）
3003ka,2018,1435,予算,平成 29 年度御杖村一般会計補正予算(第 8 号)の議定について
3003ka,2018,1435,補正予算,平成 29 年度御杖村一般会計補正予算(第 8 号)の議定について
3003ka,2018,1441,予算,平成 29 年度御杖村簡易水道事業特別会計補正予算(第 2 号)の議定につ
3003ka,2018,1441,補正予算,平成 29 年度御杖村簡易水道事業特別会計補正予算(第 2 号)の議定につ
3003ka,2018,1444,予算,平成 29 年度御杖村国民健康保険特別会計補正予算(第 3 号)の議定につ
3003ka,2018,1444,補正予算,平成 29 年度御杖村国民健康保険特別会計補正予算(第 3 号)の議定につ
3003ka,2018,1447,予算,平成 29 年度御杖村介護保険特別会計補正予算(第 3 号)の議定について
3003ka,2018,1447,補正予算,平成 29 年度御杖村介護保険特別会計補正予算(第 3 号)の議定について
3003ka,2018,1449,予算,平成 30 年度御杖村一般会計予算の議定について
3003ka,2018,1451,予算,平成 30 年度御杖村簡易水道事業特別会計予算の議定について
3003ka,2018,1453,予算,平成 30 年度御杖村国民健康保険特別会計予算の議定について
3003ka,2018,1455,予算,平成 30 年度御杖村介護保険特別会計予算の議定について
3003ka,2018,1457,予算,平成 30 年度御杖村後期高齢者医療特別会計予算の議定について
3003ka,2018,1535,予算,会計歳入歳出予算、2．議第 6 号案平成 29 年度曽爾御杖行政一部事務組合一
3003ka,2018,1536,予算,般会計歳入歳出予算補正について以上 2 件が提案されました。
3003ka,2018,1538,予算,"歳入歳出予算の総額は、3,664 万 3 千円となりました。"
3003ka,2018,1539,予算,議第 6 号案については、平成 29 年度歳入歳出予算の補正で、歳入歳出予算
3003ka,2018,1540,予算,の総額から歳入歳出それぞれ 2 万 2 千円を増額し、歳入歳出予算の総額を歳入
3003ka,2018,1546,予算,御杖村一般会計補正予算）（第 7 号）［報告、質疑、討論、採決］
3003ka,2018,1546,補正予算,御杖村一般会計補正予算）（第 7 号）［報告、質疑、討論、採決］
3003ka,2018,1548,予算,とについて（平成 29 年度御杖村一般会計補正予算（第 7 号）」を議題とします。
3003ka,2018,1548,補正予算,とについて（平成 29 年度御杖村一般会計補正予算（第 7 号）」を議題とします。
3003ka,2018,1553,予算,この案件につきましては、予算決算委員会へ付託した案件でございます。会
3003ka,2018,1553,決算,この案件につきましては、予算決算委員会へ付託した案件でございます。会
3003ka,2018,1557,予算,○予算決算委員長（松岡一生君） おはようございます。予算決算委員会を代表し
3003ka,2018,1557,決算,○予算決算委員長（松岡一生君） おはようございます。予算決算委員会を代表し
3003ka,2018,1560,予算,まず、審査の経緯ですが、3 月 6 日の本会議において、専決補正予算 1 件と
3003ka,2018,1560,補正予算,まず、審査の経緯ですが、3 月 6 日の本会議において、専決補正予算 1 件と
3003ka,2018,1561,予算,補正予算 4 件、及び平成 30 年度予算の 5 件、合計 10 件の案件が付託されたこ
3003ka,2018,1561,補正予算,補正予算 4 件、及び平成 30 年度予算の 5 件、合計 10 件の案件が付託されたこ
3003ka,2018,1564,予算,正予算（7 号）の専決処分につきましては、当局より追加説明を受け、質疑及
3003ka,2018,1569,予算,以上で、承認第 1 号についての、予算決算委員会の審査報告を終わります。
3003ka,2018,1569,決算,以上で、承認第 1 号についての、予算決算委員会の審査報告を終わります。
3003ka,2018,1583,予算,決処分の承認を求めることについて（平成 29 年度御杖村一般会計補正予算（第
3003ka,2018,1583,補正予算,決処分の承認を求めることについて（平成 29 年度御杖村一般会計補正予算（第
3003ka,2018,1822,予算,◎議案第 13 号 平成 29 年度御杖村一般会計補正予算(第 8 号)の議
3003ka,2018,1822,補正予算,◎議案第 13 号 平成 29 年度御杖村一般会計補正予算(第 8 号)の議
3003ka,2018,1825,予算,会計補正予算(第 8 号)の議定について」
3003ka,2018,1825,補正予算,会計補正予算(第 8 号)の議定について」
3003ka,2018,1830,予算,日程第 17、議案第 16 号「平成 29 年度御杖村介護保険特別会計補正予算（第
3003ka,2018,1830,補正予算,日程第 17、議案第 16 号「平成 29 年度御杖村介護保険特別会計補正予算（第
3003ka,2018,1833,予算,本案件につきましては、予算決算委員会へ付託した案件でございます。会議
3003ka,2018,1833,決算,本案件につきましては、予算決算委員会へ付託した案件でございます。会議
3003ka,2018,1837,予算,○予算決算委員長（松岡一生君） 予算決算委員会を代表しまして、当委員会に付
3003ka,2018,1837,決算,○予算決算委員長（松岡一生君） 予算決算委員会を代表しまして、当委員会に付
3003ka,2018,1838,予算,託されました、議案第 14 号から議案第 17 号までの補正予算 4 件について、一
3003ka,2018,1838,補正予算,託されました、議案第 14 号から議案第 17 号までの補正予算 4 件について、一
3003ka,2018,1842,予算,た。一般会計補正予算（第 8 号）では、1 名の委員が質問を行い、当局より答
3003ka,2018,1842,補正予算,た。一般会計補正予算（第 8 号）では、1 名の委員が質問を行い、当局より答
3003ka,2018,1843,予算,弁いただきました。簡易水道事業特別会計補正予算（第 2 号）、国民健康保険
3003ka,2018,1843,補正予算,弁いただきました。簡易水道事業特別会計補正予算（第 2 号）、国民健康保険
3003ka,2018,1844,予算,特別会計補正予算（第 3 号）及び介護保険特別会計補正予算（第 3 号）では、
3003ka,2018,1844,補正予算,特別会計補正予算（第 3 号）及び介護保険特別会計補正予算（第 3 号）では、
3003ka,2018,1848,予算,以上で、議案第 13 号から第 16 号についての、予算決算委員会の審査報告
3003ka,2018,1848,決算,以上で、議案第 13 号から第 16 号についての、予算決算委員会の審査報告
3003ka,2018,1855,予算,◎議案第 13 号 平成 29 年度御杖村一般会計補正予算(第 8 号)の議
3003ka,2018,1855,補正予算,◎議案第 13 号 平成 29 年度御杖村一般会計補正予算(第 8 号)の議
3003ka,2018,1858,予算,まず、日程第 14、議案第 13 号「平成 29 年度御杖村一般会計補正予算(第 8
3003ka,2018,1858,補正予算,まず、日程第 14、議案第 13 号「平成 29 年度御杖村一般会計補正予算(第 8
3003ka,2018,1872,予算,成 29 年度御杖村一般会計補正予算(第 8 号)の議定について」は、委員長の報
3003ka,2018,1872,補正予算,成 29 年度御杖村一般会計補正予算(第 8 号)の議定について」は、委員長の報
3003ka,2018,1878,予算,簡易水道事業特別会計補正予算（第 2 号）の議定について」を議題とし、討論
3003ka,2018,1878,補正予算,簡易水道事業特別会計補正予算（第 2 号）の議定について」を議題とし、討論
3003ka,2018,1889,予算,成 29 年度御杖村簡易水道事業特別会計補正予算（第 2 号）の議定について」
3003ka,2018,1889,補正予算,成 29 年度御杖村簡易水道事業特別会計補正予算（第 2 号）の議定について」
3003ka,2018,1895,予算,民健康保険特別会計補正予算（第 3 号）の議定について」を議題とし、討論を
3003ka,2018,1895,補正予算,民健康保険特別会計補正予算（第 3 号）の議定について」を議題とし、討論を
3003ka,2018,1906,予算,成 29 年度御杖村国民健康保険特別会計補正予算（第 3 号）の議定について」
3003ka,2018,1906,補正予算,成 29 年度御杖村国民健康保険特別会計補正予算（第 3 号）の議定について」
3003ka,2018,1913,予算,◎議案第 16 号 平成 29 年度御杖村介護保険特別会計補正予算
3003ka,2018,1913,補正予算,◎議案第 16 号 平成 29 年度御杖村介護保険特別会計補正予算
3003ka,2018,1917,予算,護保険特別会計補正予算（第 3 号）の議定について」を議題とし、討論を行い
3003ka,2018,1917,補正予算,護保険特別会計補正予算（第 3 号）の議定について」を議題とし、討論を行い
3003ka,2018,1928,予算,成 29 年度御杖村介護保険特別会計補正予算（第 3 号）の議定について」は、
3003ka,2018,1928,補正予算,成 29 年度御杖村介護保険特別会計補正予算（第 3 号）の議定について」は、
3003ka,2018,1931,予算,◎議案第 17 号 平成 30 年度御杖村一般会計予算の議定について他
3003ka,2018,1934,予算,会計予算の議定について」
3003ka,2018,1935,予算,日程第 19、議案第 18 号「平成 30 年度御杖村簡易水道事業特別会計予算の
3003ka,2018,1937,予算,日程第 20、議案第 19 号「平成 30 年度御杖村国民健康保険特別会計予算の
3003ka,2018,1939,予算,日程第 21、議案第 20 号「平成 30 年度御杖村介護保険特別会計予算の議定
3003ka,2018,1941,予算,日程第 22、議案第 21 号「平成 30 年度御杖村後期高齢者医療特別会計予算
3003ka,2018,1944,予算,本案件につきましては、予算決算委員会へ付託した案件でございます。会議
3003ka,2018,1944,決算,本案件につきましては、予算決算委員会へ付託した案件でございます。会議
3003ka,2018,1948,予算,○予算決算委員長（松岡一生君） 委員会を代表しまして、当委員会に付託されま
3003ka,2018,1948,決算,○予算決算委員長（松岡一生君） 委員会を代表しまして、当委員会に付託されま
3003ka,2018,1949,予算,した、議案第 17 号から議案第 21 号までの、平成 30 年度予算 5 件について、
3003ka,2018,1952,予算,た。一般会計予算及び簡易水道特別会計では、多数の質問が行われ、当局より
3003ka,2018,1961,予算,以上で、議案第 17 号から第 21 号についての、予算決算委員会の審査報告
3003ka,2018,1961,決算,以上で、議案第 17 号から第 21 号についての、予算決算委員会の審査報告
3003ka,2018,1968,予算,◎議案第 17 号 平成 30 年度御杖村一般会計予算の議定について
3003ka,2018,1971,予算,まず、日程第 18、議案第 17 号「平成 30 年度御杖村一般会計予算の議定に
3003ka,2018,1982,予算,成 30 年度御杖村一般会計予算の議定について」は、委員長の報告のとおり可
3003ka,2018,1985,予算,◎議案第 18 号 平成 30 年度御杖村簡易水道事業特別会計予算の
3003ka,2018,1988,予算,簡易水道事業特別会計予算の議定について」を議題とし、討論を行います。
3003ka,2018,1998,予算,成 30 年度御杖村簡易水道事業特別会計予算の議定について」は、委員長の報
3003ka,2018,2005,予算,◎議案第 19 号 平成 30 年度御杖村国民健康保険特別会計予算の
3003ka,2018,2008,予算,民健康保険特別会計予算の議定について」を議題とし、討論を行います。
3003ka,2018,2018,予算,成 30 年度御杖村国民健康保険特別会計予算の議定について」は、委員長の報
3003ka,2018,2021,予算,◎議案第 20 号 平成 30 年度御杖村介護保険特別会計予算の議定
3003ka,2018,2024,予算,護保険特別会計予算の議定について」を議題とし、討論を行います。討論はあ
3003ka,2018,2034,予算,成 30 年度御杖村介護保険特別会計予算の議定について」は、委員長の報告の
3003ka,2018,2037,予算,◎議案第 21 号 平成 30 年度御杖村後期高齢者医療特別会計予算
3003ka,2018,2040,予算,期高齢者医療特別会計予算の議定について」を議題とし、討論を行います。討
3003ka,2018,2053,予算,成 30 年度御杖村後期高齢者医療特別会計予算の議定について」は、委員長の
3004ka,2018,57,予算,村一般会計補正予算（第 1 号）［上程、説明、質疑、討論、採決］..- 6 -
3004ka,2018,57,補正予算,村一般会計補正予算（第 1 号）［上程、説明、質疑、討論、採決］..- 6 -
3004ka,2018,88,予算,（平成 30 年度御杖村一般会計補正予算（第 1 号）について）
3004ka,2018,88,補正予算,（平成 30 年度御杖村一般会計補正予算（第 1 号）について）
3004ka,2018,246,予算,杖村一般会計補正予算（第 1 号）［上程、説明、質疑、討論、採決］
3004ka,2018,246,補正予算,杖村一般会計補正予算（第 1 号）［上程、説明、質疑、討論、採決］
3004ka,2018,248,予算,とについて（平成 30 年度御杖村一般会計補正予算（第 1 号）について）」を
3004ka,2018,248,補正予算,とについて（平成 30 年度御杖村一般会計補正予算（第 1 号）について）」を
3004ka,2018,251,予算,○村長（伊藤収宜君） 平成 30 年度御杖村一般会計補正予算（第 1 号）の専決処
3004ka,2018,251,補正予算,○村長（伊藤収宜君） 平成 30 年度御杖村一般会計補正予算（第 1 号）の専決処
3004ka,2018,333,予算,○議員（木村忠雄君） ただ今、村長が提案されました補正予算について、賛成と
3004ka,2018,333,補正予算,○議員（木村忠雄君） ただ今、村長が提案されました補正予算について、賛成と
3004ka,2018,349,予算,決処分の承認を求めることについて（平成 30 年度御杖村一般会計補正予算（第
3004ka,2018,349,補正予算,決処分の承認を求めることについて（平成 30 年度御杖村一般会計補正予算（第
3006ka,2018,64,予算,◎議案第 23 号、平成 30 年度御杖村一般会計補正予算(第 2 号)の
3006ka,2018,64,補正予算,◎議案第 23 号、平成 30 年度御杖村一般会計補正予算(第 2 号)の
3006ka,2018,67,繰越,◎報告第 1 号、平成 29 年度御杖村一般会計繰越明許費繰越計算書の
3006ka,2018,99,予算,◎議案第 23 号、平成 30 年度御杖村一般会計補正予算(第 2 号)の
3006ka,2018,99,補正予算,◎議案第 23 号、平成 30 年度御杖村一般会計補正予算(第 2 号)の
3006ka,2018,105,予算,御杖村介護保険特別会計補正予算（1 号））
3006ka,2018,105,補正予算,御杖村介護保険特別会計補正予算（1 号））
3006ka,2018,139,予算,平成 30 年度御杖村一般会計補正予算(第 2 号)の議定について
3006ka,2018,139,補正予算,平成 30 年度御杖村一般会計補正予算(第 2 号)の議定について
3006ka,2018,141,繰越,平成 29 年度御杖村一般会計繰越明許費繰越計算書の報告について
3006ka,2018,233,予算,まず、村長より提案されております条例 1 件、補正予算 1 件、報告 1 件の合
3006ka,2018,233,補正予算,まず、村長より提案されております条例 1 件、補正予算 1 件、報告 1 件の合
3006ka,2018,236,予算,会期を、6 月 6 日から 14 日までの 9 日間とし、全員協議会を 8 日、予算決算委
3006ka,2018,236,決算,会期を、6 月 6 日から 14 日までの 9 日間とし、全員協議会を 8 日、予算決算委
3006ka,2018,272,予算,宇陀広域連合各会計予算」3 件、「桜井宇陀広域連合選挙管理委員補充員の
3006ka,2018,282,予算,次に、議案第 1 号「平成 30 年度一般会計予算について」でございますが、
3006ka,2018,283,予算,"歳入歳出予算総額 1,350 万円で、対前年度と比較をいたしまして、75 万円の減"
3006ka,2018,291,予算,害支援区分認定審査」に対応するための予算が計上されました。これの財源と
3006ka,2018,292,繰越,"いたしましては、構成市村の負担金が 1,220 万円と繰越金が 130 万円となって"
3006ka,2018,294,予算,次に、議案第 2 号、「平成 30 年度ふるさと市町村圏基金特別会計予算」に
3006ka,2018,294,基金,次に、議案第 2 号、「平成 30 年度ふるさと市町村圏基金特別会計予算」に
3006ka,2018,295,予算,"つきましては、歳入歳出予算総額 1,130 万円で対前年度と比較いたしまして 120"
3006ka,2018,311,予算,次に、議案第 3 号、「平成 30 年度介護保険特別会計予算」につきましては、
3006ka,2018,312,予算,"歳入歳出予算総額として 5,383 万 8 千円、対前年度と比較いたしまして 302 万 7"
3006ka,2018,375,予算,会計の補正予算及び報告 1 件となっております。それぞれの案件につきまして、
3006ka,2018,375,補正予算,会計の補正予算及び報告 1 件となっております。それぞれの案件につきまして、
3006ka,2018,390,工事,工事の進捗状況について伺います。
3006ka,2018,392,工事,でありますが、見た目からしますと工事そのものはさほど進んでおりませんが、今
3006ka,2018,403,工事,井出谷太良路線道路改良工事と高原牧場の改良工事が上手くリンクされて、
3006ka,2018,408,工事,○村長（伊藤収宜君） ご質問のありました、井出谷太良路線道路拡幅改良工事に
3006ka,2018,409,工事,ついてでございますが、当該工事を進める上で課題となっておりました保安林解
3006ka,2018,426,工事,ちづくりに関する包括協定書」の取り組みを見据えながら、年度内工事着手にむ
3006ka,2018,510,補助金,ものについては、「御杖村暗渠排水事業補助金交付要綱」により対応したいと
3006ka,2018,534,補助金,約 5ｈ ａ 前後と考えられます。答弁では、国県の制度及び御杖村の補助金交付
3006ka,2018,562,予算,事情、多額の予算がかかるとも聞いています。
3006ka,2018,573,取得,誘致と用地取得に協力をしてきました。
3006ka,2018,574,工事,そして、第１ 期工事として、育成牧場、バイオ技術センターが平成 13 年に開
3006ka,2018,582,予算,"総額 3,800 万円の予算が計上され、基本計画の策定、地質の調査が行われてき"
3006ka,2018,583,予算,ました。本年度も 500 万円の予算が計上され、用地造成案の検討等がされると
3006ka,2018,593,予算,地契約を締結し村の予算で整備運営をしていくことが基本と考えております。
3006ka,2018,593,契約,地契約を締結し村の予算で整備運営をしていくことが基本と考えております。
3006ka,2018,632,工事,いつ何時大災害に見舞われるかもしれません。桃俣の道路は、今工事が進んで
3006ka,2018,633,工事,いますが、土屋原飯高線は、一部治山工事をしていただいていますが、今はそ
3006ka,2018,636,工事,事もありますので、事前に災害予防工事をしていただくことはできないでしょうか。
3006ka,2018,647,工事,工事を実施しており、本年度においても実施予定であります。
3006ka,2018,657,工事,への土砂の流出を軽減するため、宇陀土木事務所にお願いし、一部工事を施工
3006ka,2018,660,予算,山事業も近年の大規模災害が全国で発生していることから、予算が付きにくい現
3006ka,2018,661,工事,状となっております。引き続き県への要望をおこない治山工事着手に向け努める
3006ka,2018,667,財産,例の規定に基づき、住民の生命財産を災害から保護するとともに、災害による被
3006ka,2018,688,財産,○村長（伊藤収宜君） 災害等に対しまして、住民の生命財産を守るということは、
3006ka,2018,727,予算,◎議案第 23 号、平成 30 年度御杖村一般会計補正予算(第
3006ka,2018,727,補正予算,◎議案第 23 号、平成 30 年度御杖村一般会計補正予算(第
3006ka,2018,730,予算,会計補正予算(第 2 号)の議定について」を議題とします。本案について、提案
3006ka,2018,730,補正予算,会計補正予算(第 2 号)の議定について」を議題とします。本案について、提案
3006ka,2018,733,予算,○村長（伊藤収宜君） 平成 30 年度の一般会計予算について、歳入歳出予算総額
3006ka,2018,746,予算,本案については、全員協議会で詳細説明を受け、予算決算委員会に付託する
3006ka,2018,746,決算,本案については、全員協議会で詳細説明を受け、予算決算委員会に付託する
3006ka,2018,751,予算,年度御杖村一般会計補正予算(第 2 号)の議定について」は、予算決算委員会
3006ka,2018,751,補正予算,年度御杖村一般会計補正予算(第 2 号)の議定について」は、予算決算委員会
3006ka,2018,751,決算,年度御杖村一般会計補正予算(第 2 号)の議定について」は、予算決算委員会
3006ka,2018,755,繰越,◎報告第 1 号、平成 29 年度御杖村一般会計繰越明許費繰
3006ka,2018,758,繰越,計繰越明許費繰越計算書の報告について」を議題とします。本案について、提
3006ka,2018,761,繰越,○副村長（松原永治君） 平成 29 年度一般会計の繰越明許費が確定をいたしまし
3006ka,2018,763,繰越,繰越明許費繰越計算書につきましては、地方自治法施行令第 146 条第 2 項の
3006ka,2018,764,繰越,規定に基づきまして、繰越明許費に係る事業の執行につきまして、財源内訳とと
3006ka,2018,765,繰越,もに繰越明許費繰越計算書を調整いたしまして、本定例会に報告させていただく
3006ka,2018,768,予算,予算第 8 号で繰越明許費を設定することにつきまして、ご承認をいただいている
3006ka,2018,768,繰越,予算第 8 号で繰越明許費を設定することにつきまして、ご承認をいただいている
3006ka,2018,771,補助金,「美しい森林づくり基盤整備事業」は国の補助金に対して、事業実績の申請
3006ka,2018,772,繰越,が少なかったために、72 万 5 千円の繰越、「村道整備事業」では、通行規制
3006ka,2018,773,繰越,"の調整に時間を要したために 4,933 万 8 千円の繰越でございます。村道三畝線"
3006ka,2018,774,工事,改良については竣工、村道白髪線改良工事につきましても、まもなく完了の予定
3006ka,2018,776,工事,"成工事中の湧水処理対策に日数を要したために 5,453 万 6 千円の繰越、「公共"
3006ka,2018,776,繰越,"成工事中の湧水処理対策に日数を要したために 5,453 万 6 千円の繰越、「公共"
3006ka,2018,777,工事,土木施設災害復旧事業」では、災害査定が 1 月となったことによる工事発注が
3006ka,2018,778,繰越,"遅れ 4,000 万円の繰越となり、6 件中４ 件は完了、残り 2 件は 5 月に発注を行"
3006ka,2018,780,繰越,以上、平成 29 年度一般会計繰越明許費繰越計算書の報告とさせていただき
3006ka,2018,786,繰越,御杖村一般会計繰越明許費繰越計算書の報告について」を終わります。
3006ka,2018,823,予算,平成 30 年度御杖村一般会計補正予算(第 2 号)の議定について
3006ka,2018,823,補正予算,平成 30 年度御杖村一般会計補正予算(第 2 号)の議定について
3006ka,2018,826,予算,（平成 30 年度御杖村介護保険特別会計補正予算（第 1 号）について）
3006ka,2018,826,補正予算,（平成 30 年度御杖村介護保険特別会計補正予算（第 1 号）について）
3006ka,2018,902,予算,協議を行いました。まず、村長より追加提案される、専決補正予算 1 件につきま
3006ka,2018,902,補正予算,協議を行いました。まず、村長より追加提案される、専決補正予算 1 件につきま
3006ka,2018,932,予算,◎議案第 23 号、平成 30 年度御杖村一般会計補正予算(第
3006ka,2018,932,補正予算,◎議案第 23 号、平成 30 年度御杖村一般会計補正予算(第
3006ka,2018,935,予算,会計補正予算(第 2 号)の議定について」を議題とします。
3006ka,2018,935,補正予算,会計補正予算(第 2 号)の議定について」を議題とします。
3006ka,2018,936,予算,本件につきましては、予算決算委員会へ付託した案件でございます。会議規
3006ka,2018,936,決算,本件につきましては、予算決算委員会へ付託した案件でございます。会議規
3006ka,2018,940,予算,○予算決算委員長（松岡一生君） はい、5 番、松岡。
3006ka,2018,940,決算,○予算決算委員長（松岡一生君） はい、5 番、松岡。
3006ka,2018,941,予算,○予算決算委員長（松岡一生君） 議長より指名がございましたので、議題となっ
3006ka,2018,941,決算,○予算決算委員長（松岡一生君） 議長より指名がございましたので、議題となっ
3006ka,2018,943,予算,まず、審査の経緯ですが、6 月 6 日の本会議において、補正予算 1 件が付託
3006ka,2018,943,補正予算,まず、審査の経緯ですが、6 月 6 日の本会議において、補正予算 1 件が付託
3006ka,2018,946,予算,ざいますが、平成 30 年度一般会計補正予算（2 号）につきまして、質疑及び討
3006ka,2018,946,補正予算,ざいますが、平成 30 年度一般会計補正予算（2 号）につきまして、質疑及び討
3006ka,2018,951,予算,以上で、議案第 23 号についての、予算決算委員会の審査報告を終わります。
3006ka,2018,951,決算,以上で、議案第 23 号についての、予算決算委員会の審査報告を終わります。
3006ka,2018,965,予算,成 30 年度御杖村一般会計補正予算(第 2 号)の議定について」は、委員長の報
3006ka,2018,965,補正予算,成 30 年度御杖村一般会計補正予算(第 2 号)の議定について」は、委員長の報
3006ka,2018,972,予算,成 30 年度御杖村介護保険特別会計補正予算（1 号））
3006ka,2018,972,補正予算,成 30 年度御杖村介護保険特別会計補正予算（1 号））
3006ka,2018,975,予算,ことについて（平成 30 年度御杖村介護保険特別会計補正予算（1 号））」を
3006ka,2018,975,補正予算,ことについて（平成 30 年度御杖村介護保険特別会計補正予算（1 号））」を
3006ka,2018,984,基金,金、支払基金交付金、県支出金の歳入が平成 30 年度へずれ込むことから、今
3006ka,2018,985,予算,回繰上充用によりまして、その歳入の不足分を補填するもので、歳入歳出予算に
3006ka,2018,1001,予算,正予算（1 号））」は、承認することに決定しました。
3008ka,2018,45,契約,◎議案第 24 号 消防ポンプ自動車購入契約の締結について
3008ka,2018,66,契約,消防ポンプ自動車購入契約の締結について
3008ka,2018,153,財産,まず、村長より提案されております財産取得の案件 1 件につきまして、藤田総
3008ka,2018,153,取得,まず、村長より提案されております財産取得の案件 1 件につきまして、藤田総
3008ka,2018,164,契約,◎議案第 24 号 消防ポンプ自動車購入契約の締結について［上程、説
3008ka,2018,172,契約,輌を更新する必要があるため議会の議決に付すべき契約及び財産の取得又は
3008ka,2018,172,財産,輌を更新する必要があるため議会の議決に付すべき契約及び財産の取得又は
3008ka,2018,172,取得,輌を更新する必要があるため議会の議決に付すべき契約及び財産の取得又は
3008ka,2018,173,財産,処分に関する条例第 3 条の規定に基づきまして、予定価格 700 万円以上の財産
3008ka,2018,174,取得,の取得となることから、議会の議決を求めるものでございます。よろしくお願いい
3008ka,2018,188,契約,第 24 号「消防ポンプ自動車購入契約の締結について」は、原案のとおり可決さ
3009ka,2018,43,予算,補正予算（第 3 号）［上程、説明、質疑、討論、採決］ ......... - 16 -
3009ka,2018,43,補正予算,補正予算（第 3 号）［上程、説明、質疑、討論、採決］ ......... - 16 -
3009ka,2018,56,契約,◎議案第 29 号、御杖村定住促進住宅新築工事に伴う工事請負契約の
3009ka,2018,56,工事,◎議案第 29 号、御杖村定住促進住宅新築工事に伴う工事請負契約の
3009ka,2018,61,予算,◎議案第 32 号、平成 30 年度御杖村一般会計補正予算（第 4 号）の
3009ka,2018,61,補正予算,◎議案第 32 号、平成 30 年度御杖村一般会計補正予算（第 4 号）の
3009ka,2018,63,予算,◎議案第 33 号、平成 30 年度御杖村簡易水道事業特別会計補正予算
3009ka,2018,63,補正予算,◎議案第 33 号、平成 30 年度御杖村簡易水道事業特別会計補正予算
3009ka,2018,65,予算,◎議案第 34 号、平成 30 年度御杖村国民健康保険特別会計補正予算
3009ka,2018,65,補正予算,◎議案第 34 号、平成 30 年度御杖村国民健康保険特別会計補正予算
3009ka,2018,67,予算,◎議案第 35 号、平成 30 年度御杖村介護保険特別会計補正予算
3009ka,2018,67,補正予算,◎議案第 35 号、平成 30 年度御杖村介護保険特別会計補正予算
3009ka,2018,70,決算,認定第 1 号、平成 29 年度御杖村一般会計歳入歳出決算の認定について、
3009ka,2018,71,決算,認定第 2 号、平成 29 年度御杖村簡易水道事業特別会計歳入歳出決算の
3009ka,2018,73,決算,認定第 3 号、平成 29 年度御杖村国民健康保険特別会計歳入歳出決算の
3009ka,2018,75,決算,認定第 4 号、平成 29 年度介護保険特別会計歳入歳出決算の認定について、
3009ka,2018,76,決算,認定第 5 号、平成 29 年度御杖村後期高齢者医療特別会計歳入歳出決算の
3009ka,2018,110,契約,◎議案第 29 号、御杖村定住促進住宅新築工事に伴う工事請負契約の締
3009ka,2018,110,工事,◎議案第 29 号、御杖村定住促進住宅新築工事に伴う工事請負契約の締
3009ka,2018,117,予算,議案第 32 号、平成 30 年度御杖村一般会計補正予算（第 4 号）の
3009ka,2018,117,補正予算,議案第 32 号、平成 30 年度御杖村一般会計補正予算（第 4 号）の
3009ka,2018,119,予算,別会計補正予算（第１ 号）の議定について、議案第 34 号、平成 30
3009ka,2018,119,補正予算,別会計補正予算（第１ 号）の議定について、議案第 34 号、平成 30
3009ka,2018,120,予算,年度御杖村国民健康保険特別会計補正予算（第 1 号）の議定につ
3009ka,2018,120,補正予算,年度御杖村国民健康保険特別会計補正予算（第 1 号）の議定につ
3009ka,2018,123,予算,◎議案第 32 号、平成 30 年度御杖村一般会計補正予算（第 4 号）の
3009ka,2018,123,補正予算,◎議案第 32 号、平成 30 年度御杖村一般会計補正予算（第 4 号）の
3009ka,2018,125,予算,◎議案第 33 号、平成 30 年度御杖村簡易水道事業特別会計補正予算
3009ka,2018,125,補正予算,◎議案第 33 号、平成 30 年度御杖村簡易水道事業特別会計補正予算
3009ka,2018,127,予算,◎議案第 34 号、平成 30 年度御杖村国民健康保険特別会計補正予算
3009ka,2018,127,補正予算,◎議案第 34 号、平成 30 年度御杖村国民健康保険特別会計補正予算
3009ka,2018,129,予算,◎議案第 35 号、平成 30 年度御杖村介護保険特別会計補正予算
3009ka,2018,129,補正予算,◎議案第 35 号、平成 30 年度御杖村介護保険特別会計補正予算
3009ka,2018,132,決算,認定第 1 号、平成 29 年度御杖村一般会計歳入歳出決算の認定について、
3009ka,2018,133,決算,認定第 2 号、平成 29 年度御杖村簡易水道事業特別会計歳入歳出決算
3009ka,2018,135,決算,認定第 3 号、平成 29 年度御杖村国民健康保険特別会計歳入歳出決算の
3009ka,2018,137,決算,認定第 4 号、平成 29 年度御杖村介護保険特別会計歳入歳出決算の認定
3009ka,2018,139,決算,認定第 5 号、平成 29 年度御杖村後期高齢者医療特別会計歳入歳出決算
3009ka,2018,142,決算,◎認定第 1 号、平成 29 年度御杖村一般会計歳入歳出決算の認定について
3009ka,2018,144,決算,◎認定第 2 号、平成 29 年度御杖村簡易水道事業特別会計歳入歳出決算
3009ka,2018,146,決算,◎認定第 3 号、平成 29 年度御杖村国民健康保険特別会計歳入歳出決算
3009ka,2018,148,決算,◎認定第 4 号、平成 29 年度御杖村介護保険特別会計歳入歳出決算の認定
3009ka,2018,150,決算,◎認定第 5 号、平成 29 年度御杖村後期高齢者医療特別会計歳入歳出決算
3009ka,2018,183,予算,専決処分の承認について  （平成 30 年度御杖村一般会計補正予算（第 3 号）
3009ka,2018,183,補正予算,専決処分の承認について  （平成 30 年度御杖村一般会計補正予算（第 3 号）
3009ka,2018,200,契約,御杖村定住促進住宅新築工事に伴う工事請負契約の締結について
3009ka,2018,200,工事,御杖村定住促進住宅新築工事に伴う工事請負契約の締結について
3009ka,2018,206,予算,平成 30 年度御杖村一般会計補正予算（第 4 号）の議定について
3009ka,2018,206,補正予算,平成 30 年度御杖村一般会計補正予算（第 4 号）の議定について
3009ka,2018,211,予算,平成 30 年度御杖村簡易水道事業特別会計補正予算（第１ 号）の議
3009ka,2018,211,補正予算,平成 30 年度御杖村簡易水道事業特別会計補正予算（第１ 号）の議
3009ka,2018,214,予算,平成 30 年度御杖村国民健康保険特別会計補正予算（第１ 号）の議
3009ka,2018,214,補正予算,平成 30 年度御杖村国民健康保険特別会計補正予算（第１ 号）の議
3009ka,2018,217,予算,平成 30 年度御杖村介護保険特別会計補正予算（第２ 号）の議定に
3009ka,2018,217,補正予算,平成 30 年度御杖村介護保険特別会計補正予算（第２ 号）の議定に
3009ka,2018,220,決算,平成 29 年度御杖村一般会計歳入歳出決算の認定について
3009ka,2018,222,決算,平成 29 年度御杖村簡易水道事業特別会計歳入歳出決算の認定につ
3009ka,2018,225,決算,平成 29 年度御杖村国民健康保険特別会計歳入歳出決算の認定につ
3009ka,2018,228,決算,平成 29 年度御杖村介護保険特別会計歳入歳出決算の認定について
3009ka,2018,230,決算,平成 29 年度御杖村後期高齢者医療特別会計歳入歳出決算の認定に
3009ka,2018,326,予算,ら 14 日までの 9 日間とし、全員協議会を 10 日、予算決算委員会を 11 日、続会
3009ka,2018,326,決算,ら 14 日までの 9 日間とし、全員協議会を 10 日、予算決算委員会を 11 日、続会
3009ka,2018,369,予算,年度、宇陀衛生一部事務組合一般会計歳入歳出補正予算第 1 号について、こ
3009ka,2018,369,補正予算,年度、宇陀衛生一部事務組合一般会計歳入歳出補正予算第 1 号について、こ
3009ka,2018,473,予算,分をはじめ、条例制定、一般会計及び特別会計の補正予算、平成 29 年度一般
3009ka,2018,473,補正予算,分をはじめ、条例制定、一般会計及び特別会計の補正予算、平成 29 年度一般
3009ka,2018,474,決算,会計及び特別会計の決算認定、また人事案件など報告を含めまして 20 件となっ
3009ka,2018,526,補助金,また、現状の補助金制度については、地域おこし協力隊の卒業後の就農支援
3009ka,2018,636,予算,えてお願いをいたしたいと思います。新年度予算で、計上をしていただいて、更
3009ka,2018,639,予算,予算計上をお願いいたしたいと思います。同時に、村営バスにつきましても、小
3009ka,2018,640,予算,型化に向けての予算の方も計上していただければありがたいなと思いますが、再
3009ka,2018,647,予算,ぺんにはいきませんけども、次年度にできる限り予算計上できるようなかたちで
3009ka,2018,737,補助金,めには、県の荒井知事も言われてたとおりに、県に対して高率の補助金が貰え
3009ka,2018,804,予算,杖村一般会計補正予算（第 3 号）［上程、説明、質疑、
3009ka,2018,804,補正予算,杖村一般会計補正予算（第 3 号）［上程、説明、質疑、
3009ka,2018,807,予算,平成 30 年度御杖村一般会計補正予算第 3 号を議題とします。
3009ka,2018,807,補正予算,平成 30 年度御杖村一般会計補正予算第 3 号を議題とします。
3009ka,2018,810,予算,○村長（伊藤収宜君） 平成 30 年度御杖村一般会計補正予算第 3 号の専決処分の
3009ka,2018,810,補正予算,○村長（伊藤収宜君） 平成 30 年度御杖村一般会計補正予算第 3 号の専決処分の
3009ka,2018,816,工事,工事請負費 790 千円を補正計上したものです。
3009ka,2018,822,予算,"全体として歳入歳出予算それぞれに、13,675 千円を追加し、歳入歳出予算の"
3009ka,2018,827,予算,○総務課長（藤田辰猪君） 一般会計の補正予算書に基づきまして、再度私の方か
3009ka,2018,827,補正予算,○総務課長（藤田辰猪君） 一般会計の補正予算書に基づきまして、再度私の方か
3009ka,2018,828,予算,ら説明申し上げます。平成 30 年度御杖村一般会計補正予算第 3 号の専決処分
3009ka,2018,828,補正予算,ら説明申し上げます。平成 30 年度御杖村一般会計補正予算第 3 号の専決処分
3009ka,2018,829,予算,"につきましては、歳入歳出予算の総額に、それぞれ 13,675 千円を追加しまして"
3009ka,2018,832,工事,室のエアコン更新工事に伴います工事請負費でございます。続きまして、款土木
3009ka,2018,841,工事,"補正額 4,785 千円、道路災害復旧工事等につきまして査定を受けるために測量"
3009ka,2018,859,予算,専決処分の承認について、平成 30 年度御杖村一般会計補正予算第 3 号は、原
3009ka,2018,859,補正予算,専決処分の承認について、平成 30 年度御杖村一般会計補正予算第 3 号は、原
3009ka,2018,961,工事,◎議案第 29 号、御杖村定住促進住宅新築工事に伴う工事
3009ka,2018,962,契約,請負契約の締結について［上程、説明］
3009ka,2018,964,契約,築工事に伴う工事請負契約の締結についてを議題とします。本案について、提
3009ka,2018,964,工事,築工事に伴う工事請負契約の締結についてを議題とします。本案について、提
3009ka,2018,968,工事,住促進住宅新築工事、第Ⅱ期建築工事につきまして、指名競争入札に付した結
3009ka,2018,968,入札,住促進住宅新築工事、第Ⅱ期建築工事につきまして、指名競争入札に付した結
3009ka,2018,969,契約,果、議会の議決に付すべき契約及び財産の取得又は処分に関する条例第 2 条の
3009ka,2018,969,財産,果、議会の議決に付すべき契約及び財産の取得又は処分に関する条例第 2 条の
3009ka,2018,969,取得,果、議会の議決に付すべき契約及び財産の取得又は処分に関する条例第 2 条の
3009ka,2018,970,工事,規定に基づき、予定価格 5 千万円以上の工事請負となることから、議会の議決
3009ka,2018,978,契約,定住促進住宅新築工事に伴う工事請負契約の締結については、再開日まで議案
3009ka,2018,978,工事,定住促進住宅新築工事に伴う工事請負契約の締結については、再開日まで議案
3009ka,2018,1018,予算,◎議案第 32 号、平成 30 年度御杖村一般会計補正予算（第
3009ka,2018,1018,補正予算,◎議案第 32 号、平成 30 年度御杖村一般会計補正予算（第
3009ka,2018,1021,予算,会計補正予算第 4 号の議定についてを議題とします。本案について、提案理由
3009ka,2018,1021,補正予算,会計補正予算第 4 号の議定についてを議題とします。本案について、提案理由
3009ka,2018,1026,予算,"○村長（伊藤収宜君） 本案につきましては、歳入歳出予算それぞれに 158,266 千"
3009ka,2018,1027,予算,"円を追加し、歳入歳出予算の総額をそれぞれ 2,489,685 千円とするものでござ"
3009ka,2018,1029,基金,"主な補正の内容につきましては、財政調整基金への積立金 121,934 千円、台"
3009ka,2018,1037,予算,本案については、全員協議会で詳細説明を受け、予算決算委員会に付託する
3009ka,2018,1037,決算,本案については、全員協議会で詳細説明を受け、予算決算委員会に付託する
3009ka,2018,1042,予算,年度御杖村一般会計補正予算第 4 号の議定については、予算決算委員会に付
3009ka,2018,1042,補正予算,年度御杖村一般会計補正予算第 4 号の議定については、予算決算委員会に付
3009ka,2018,1042,決算,年度御杖村一般会計補正予算第 4 号の議定については、予算決算委員会に付
3009ka,2018,1047,予算,計補正予算（第１ 号）の議定について［上程、説明、質
3009ka,2018,1047,補正予算,計補正予算（第１ 号）の議定について［上程、説明、質
3009ka,2018,1050,予算,水道事業特別会計補正予算第 1 号の議定についてを議題とします。本案につい
3009ka,2018,1050,補正予算,水道事業特別会計補正予算第 1 号の議定についてを議題とします。本案につい
3009ka,2018,1053,予算,"○村長（伊藤収宜君） 本案につきましては、歳入歳出予算それぞれに 10,884 千"
3009ka,2018,1054,予算,"円を追加し、歳入歳出予算の総額を歳入歳出それぞ 122,643 千円とするもので"
3009ka,2018,1056,工事,"主な補正の内容につきましては、桃俣配水管更新工事 3,240 千円の増額、各"
3009ka,2018,1063,予算,本案については、全員協議会で詳細説明を受け、予算決算委員会に付託する
3009ka,2018,1063,決算,本案については、全員協議会で詳細説明を受け、予算決算委員会に付託する
3009ka,2018,1071,予算,年度御杖村簡易水道事業特別会計補正予算第 1 号の議定については、予算決
3009ka,2018,1071,補正予算,年度御杖村簡易水道事業特別会計補正予算第 1 号の議定については、予算決
3009ka,2018,1076,予算,計補正予算（第１ 号）の議定について［上程、説明、質
3009ka,2018,1076,補正予算,計補正予算（第１ 号）の議定について［上程、説明、質
3009ka,2018,1079,予算,健康保険特別会計補正予算第 1 号の議定についてを議題とします。本案につい
3009ka,2018,1079,補正予算,健康保険特別会計補正予算第 1 号の議定についてを議題とします。本案につい
3009ka,2018,1082,予算,"○村長（伊藤収宜君） 本案につきましては、歳入歳出予算それぞれに 11,258 千"
3009ka,2018,1083,予算,"円を追加し、歳入歳出予算の総額を歳入歳出それぞ 335,293 千円とするもので"
3009ka,2018,1091,予算,本案については、全員協議会で詳細説明を受け、予算決算委員会に付託する
3009ka,2018,1091,決算,本案については、全員協議会で詳細説明を受け、予算決算委員会に付託する
3009ka,2018,1096,予算,年度御杖村国民健康保険特別会計補正予算第 1 号の議定については、予算決
3009ka,2018,1096,補正予算,年度御杖村国民健康保険特別会計補正予算第 1 号の議定については、予算決
3009ka,2018,1101,予算,正予算（第 2 号）の議定について［上程、説明、質疑、
3009ka,2018,1104,予算,保険特別会計補正予算第 2 号の議定についてを議題とします。本案について、
3009ka,2018,1104,補正予算,保険特別会計補正予算第 2 号の議定についてを議題とします。本案について、
3009ka,2018,1107,予算,"○村長（伊藤収宜君） 本案につきましては、歳入歳出予算それぞれに 2,798 千円"
3009ka,2018,1108,予算,"を追加し、歳入歳出予算の総額を歳入歳出それぞ 351,440 千円とするものでご"
3009ka,2018,1110,基金,"主な補正の内容につきましては、介護給付費準備基金への積立金 1,700 千円"
3009ka,2018,1119,予算,本案については、全員協議会で詳細説明を受け、予算決算委員会に付託する
3009ka,2018,1119,決算,本案については、全員協議会で詳細説明を受け、予算決算委員会に付託する
3009ka,2018,1124,予算,年度御杖村介護保険特別会計補正予算第 2 号の議定については、予算決算委
3009ka,2018,1124,補正予算,年度御杖村介護保険特別会計補正予算第 2 号の議定については、予算決算委
3009ka,2018,1124,決算,年度御杖村介護保険特別会計補正予算第 2 号の議定については、予算決算委
3009ka,2018,1129,決算,認定第 1 号、平成 29 年度御杖村一般会計歳入歳出決算
3009ka,2018,1132,決算,歳入歳出決算の認定について、
3009ka,2018,1134,決算,歳入歳出決算の認定について、
3009ka,2018,1138,決算,計歳入歳出決算の認定について
3009ka,2018,1141,決算,会計歳入歳出決算の認定について、日程第 20、認定第 2 号、平成 29 年度御杖
3009ka,2018,1142,決算,村簡易水道事業特別会計歳入歳出決算の認定について、日程第 21、認定第 3
3009ka,2018,1143,決算,号、平成 29 年度御杖村国民健康保険特別会計歳入歳出決算の認定について、
3009ka,2018,1144,決算,日程第 22、認定第 4 号、平成 29 年度介護保険特別会計歳入歳出決算の認定
3009ka,2018,1146,決算,計歳入歳出決算の認定について、以上 5 議案は、平成 29 年度各会計決算の案
3009ka,2018,1148,決算,まず、一般会計決算について、説明を求めます。
3009ka,2018,1151,決算,般会計歳入歳出決算の認定について、上程するものでございます。
3009ka,2018,1155,決算,○会計管理者（鈴木敏夫君） 平成 29 年度一般会計決算について、本日提案を致
3009ka,2018,1156,決算,しました概要につきまして、皆様のところに、決算の内容に関する説明書をお配
3009ka,2018,1164,予算,○会計管理者（鈴木敏夫君） はい。一般会計決算の概要、予算の執行にあたっ
3009ka,2018,1164,決算,○会計管理者（鈴木敏夫君） はい。一般会計決算の概要、予算の執行にあたっ
3009ka,2018,1166,決算,執行の効率化に努めた結果、平成 29 年度の一般会計歳入歳出決算額は、決算
3009ka,2018,1169,繰越,"りました｡収支差引額から、繰越明許費によって翌年度へ繰り越すべき財源 3,815"
3009ka,2018,1171,決算,"次に歳入決算の状況についてですが、平成 29 年度の歳入総額は、24 億 1,374"
3009ka,2018,1174,繰越,"万 2 千円 16.0％、繰越金 3 億 656 万 8 千円 12.7％、村債 1 億 9,130 万円 7.9％、"
3009ka,2018,1176,決算,ージ、2 ページの第 1 表一般会計歳入決算の内訳のとおりでございますが朗読は
3009ka,2018,1178,決算,これを前年度決算額と比較しますと、村税は第 2 表のとおり、総額で 1 億 324
3009ka,2018,1183,決算,表村税決算の状況のとおりでございます｡
3009ka,2018,1198,補助金,ました｡再生可能エネルギー等導入事業補助金や年金生活者等支援臨時福祉給
3009ka,2018,1202,基金,機関の預金金利の低下に伴う基金利息収入の減額が主な要因です｡平成 29 年
3009ka,2018,1203,基金,"度末における基金の現金保有残高は 27 億 8,276 万 3 千円で、各基金別の内訳"
3009ka,2018,1206,繰越,は 6 ページ第 5 表のとおりでございます｡繰越金は、3 億 656 万 8 千円で、対前
3009ka,2018,1218,決算,つづきまして 、7 ページの歳出決算の状況についてでございますが、平成 29
3009ka,2018,1220,決算,千円 8.1％の減となりました｡目的別決算の主な内訳は、構成比の高いものから
3009ka,2018,1223,決算,円 11.6％等となっております｡それぞれの目的別決算の状況は、第 6 表のとおり
3009ka,2018,1224,決算,でございます｡前年度決算と比較して増額となった項目では、土木費が村道改良
3009ka,2018,1231,基金,"共施設整備基金積立の減額により 1 億 7,912 万円 28.5％の減少となり、公債費"
3009ka,2018,1233,工事,"書室外壁修繕工事の終了、人事異動による職員人件費の減少等により 2,945 万"
3009ka,2018,1235,決算,性質別決算の主な内訳は、構成比の高いものから申しますと、人件費 4 億
3009ka,2018,1238,決算,ております｡それぞれの性質別決算の状況は、第 7 表のとおりでございます｡前年
3009ka,2018,1239,決算,度決算額と比較しますと、人件費は、職員給の減少や退職手当負担金の減少に
3009ka,2018,1259,決算,大変簡単ですけれども、以上で一般会計決算の概要説明を終わらせて頂きま
3009ka,2018,1260,決算,す｡詳細につきましては、決算事項別明細書や主要施策の成果に関する報告書を
3009ka,2018,1262,決算,○議長（盛岡英成君） 次に、特別会計決算を一括して、説明を求めます｡
3009ka,2018,1266,決算,特別会計、後期高齢者医療特別会計の歳入歳出決算の認定について上程するも
3009ka,2018,1271,決算,○会計管理者（鈴木敏夫君） 平成 29 年度特別会計決算につきまして決算の内容
3009ka,2018,1272,決算,に関する説明書 11 ページでございますが､第 10 表のとおり､特別会計決算の状
3009ka,2018,1286,基金,費過年度精算の追加交付もあり､財政調整基金の取崩しは行いませんでした｡
3009ka,2018,1295,基金,"付費準備基金の取崩し 1,492 万円を行いました｡"
3009ka,2018,1303,決算,以上で特別会計の決算の概要説明を終わらせていただきますが､一般会計同
3009ka,2018,1304,決算,様､詳細につきましては､決算事項別明細書等をご覧いただきまして､ご審議のほ
3009ka,2018,1317,決算,○議長（盛岡英成君） ここで、平成 29 年度一般会計及び特別会計の決算につい
3009ka,2018,1318,決算,て、監査委員に決算審査の意見を求めます｡
3009ka,2018,1320,決算,○監査委員（山崎往男君） お手元の平成 29 年度御杖村一般会計特別会計決算審
3009ka,2018,1324,決算,しては、1 ページの審査所見から 7 ページの 29 年度決算審査結論まで付けさせ
3009ka,2018,1325,決算,ていただいております。私の方から 29 年度の決算審査結論につきまして､ご報告
3009ka,2018,1327,決算,と思います。7 ページの 29 年度決算審査結論でございます。
3009ka,2018,1346,予算,の創意工夫による効率的な予算執行により､基金残高の増額につなげた努力は
3009ka,2018,1346,基金,の創意工夫による効率的な予算執行により､基金残高の増額につなげた努力は
3009ka,2018,1350,決算,お願いして､平成 29 年度決算審査の結論とする｡
3009ka,2018,1353,決算,監査委員の決算審査に係る意見をいただきました｡
3009ka,2018,1354,決算,これから決算 5 議案を一括して、総括的質疑を行います｡質疑は、ございませ
3009ka,2018,1357,決算,○議長（盛岡英成君） 質疑なしと認めます｡これで質疑を終わります｡ 決算議案に
3009ka,2018,1358,予算,ついて、一括して予算決算委員会に付託することにしたいと思います｡
3009ka,2018,1358,決算,ついて、一括して予算決算委員会に付託することにしたいと思います｡
3009ka,2018,1362,決算,号までの平成 29 年度一般会計歳入歳出決算および各特別会計歳入歳出決算の
3009ka,2018,1363,予算,認定については、予算決算委員会に付託することに決定しました｡
3009ka,2018,1363,決算,認定については、予算決算委員会に付託することに決定しました｡
3009ka,2018,1414,予算,ロモーションビデオ作成事業についてでございます。平成 28 年度当初予算で計
3009ka,2018,1543,契約,御杖村定住促進住宅新築工事に伴う工事請負契約の締結について
3009ka,2018,1543,工事,御杖村定住促進住宅新築工事に伴う工事請負契約の締結について
3009ka,2018,1549,予算,平成 30 年度御杖村一般会計補正予算（第 4 号）の議定について
3009ka,2018,1549,補正予算,平成 30 年度御杖村一般会計補正予算（第 4 号）の議定について
3009ka,2018,1551,予算,平成 30 年度御杖村簡易水道事業特別会計補正予算（第１ 号）の議
3009ka,2018,1551,補正予算,平成 30 年度御杖村簡易水道事業特別会計補正予算（第１ 号）の議
3009ka,2018,1554,予算,平成 30 年度御杖村国民健康保険特別会計補正予算（第１ 号）の議
3009ka,2018,1554,補正予算,平成 30 年度御杖村国民健康保険特別会計補正予算（第１ 号）の議
3009ka,2018,1557,予算,平成 30 年度御杖村介護保険特別会計補正予算（第２ 号）の議定に
3009ka,2018,1557,補正予算,平成 30 年度御杖村介護保険特別会計補正予算（第２ 号）の議定に
3009ka,2018,1560,決算,平成 29 年度御杖村一般会計歳入歳出決算の認定について
3009ka,2018,1562,決算,平成 29 年度御杖村簡易水道事業特別会計歳入歳出決算の認定につ
3009ka,2018,1567,決算,平成 29 年度御杖村国民健康保険特別会計歳入歳出決算の認定につ
3009ka,2018,1570,決算,平成 29 年度御杖村介護保険特別会計歳入歳出決算の認定について
3009ka,2018,1572,決算,平成 29 年度御杖村後期高齢者医療特別会計歳入歳出決算の認定に
3009ka,2018,1739,工事,◎議案第 29 号、御杖村定住促進住宅新築工事に伴う工事
3009ka,2018,1740,契約,請負契約の締結について［質疑、討論、採決］
3009ka,2018,1742,契約,工事に伴う工事請負契約の締結についてを議題とします。
3009ka,2018,1742,工事,工事に伴う工事請負契約の締結についてを議題とします。
3009ka,2018,1755,契約,御杖村定住促進住宅新築工事に伴う工事請負契約の締結については、原案のと
3009ka,2018,1755,工事,御杖村定住促進住宅新築工事に伴う工事請負契約の締結については、原案のと
3009ka,2018,1800,予算,議案第 32 号、平成 30 年度御杖村一般会計補正予算（第
3009ka,2018,1800,補正予算,議案第 32 号、平成 30 年度御杖村一般会計補正予算（第
3009ka,2018,1803,予算,計補正予算（第１ 号）の議定について、
3009ka,2018,1803,補正予算,計補正予算（第１ 号）の議定について、
3009ka,2018,1805,予算,計補正予算（第 1 号）の議定について、
3009ka,2018,1805,補正予算,計補正予算（第 1 号）の議定について、
3009ka,2018,1809,予算,正予算（第 2 号）の議定について、
3009ka,2018,1812,予算,会計補正予算第 4 号の議定について、日程第 9、議案第 33 号、平成 30 年度御
3009ka,2018,1812,補正予算,会計補正予算第 4 号の議定について、日程第 9、議案第 33 号、平成 30 年度御
3009ka,2018,1813,予算,杖村簡易水道事業特別会計補正予算第 1 号の議定について、日程第 10、議案
3009ka,2018,1813,補正予算,杖村簡易水道事業特別会計補正予算第 1 号の議定について、日程第 10、議案
3009ka,2018,1814,予算,第 34 号、平成 30 年度御杖村国民健康保険特別会計補正予算第 1 号の議定に
3009ka,2018,1814,補正予算,第 34 号、平成 30 年度御杖村国民健康保険特別会計補正予算第 1 号の議定に
3009ka,2018,1816,予算,予算第 2 号の議定について
3009ka,2018,1818,予算,本案件につきましては、予算決算委員会へ付託した案件でございます。会議
3009ka,2018,1818,決算,本案件につきましては、予算決算委員会へ付託した案件でございます。会議
3009ka,2018,1822,予算,○予算決算委員長（松岡一生君） 委員会を代表しまして、付託されました議案第
3009ka,2018,1822,決算,○予算決算委員長（松岡一生君） 委員会を代表しまして、付託されました議案第
3009ka,2018,1825,予算,経過でございますが、9 月 6 日開会の定例会において、補正予算の議定 4 件、
3009ka,2018,1825,補正予算,経過でございますが、9 月 6 日開会の定例会において、補正予算の議定 4 件、
3009ka,2018,1826,決算,及び決算認定 5 件が付託されましたことにより、去る 9 月 11 日に委員会を開催
3009ka,2018,1829,予算,本議題の補正予算 4 件につきましては、会計ごとに質疑及び討論と採決を行
3009ka,2018,1829,補正予算,本議題の補正予算 4 件につきましては、会計ごとに質疑及び討論と採決を行
3009ka,2018,1834,予算,採決の結果につきましては、補正予算 4 会計とも、全員の賛成により、原案
3009ka,2018,1834,補正予算,採決の結果につきましては、補正予算 4 会計とも、全員の賛成により、原案
3009ka,2018,1836,予算,以上で、議案第 32 号から議案第 35 号についての、予算決算委員会の委員
3009ka,2018,1836,決算,以上で、議案第 32 号から議案第 35 号についての、予算決算委員会の委員
3009ka,2018,1844,予算,◎議案第 32 号、平成 30 年度御杖村一般会計補正予算（第
3009ka,2018,1844,補正予算,◎議案第 32 号、平成 30 年度御杖村一般会計補正予算（第
3009ka,2018,1847,予算,まず、日程第 8、議案第 32 号、平成 30 年度御杖村一般会計補正予算第 4
3009ka,2018,1847,補正予算,まず、日程第 8、議案第 32 号、平成 30 年度御杖村一般会計補正予算第 4
3009ka,2018,1860,予算,平成 30 年度御杖村一般会計補正予算第 4 号の議定については、委員長の報告
3009ka,2018,1860,補正予算,平成 30 年度御杖村一般会計補正予算第 4 号の議定については、委員長の報告
3009ka,2018,1865,予算,計補正予算（第１ 号）の議定について［討論・採決］
3009ka,2018,1865,補正予算,計補正予算（第１ 号）の議定について［討論・採決］
3009ka,2018,1867,予算,易水道事業特別会計補正予算第 1 号を議題とし、討論を行います。
3009ka,2018,1867,補正予算,易水道事業特別会計補正予算第 1 号を議題とし、討論を行います。
3009ka,2018,1877,予算,平成 30 年度御杖村簡易水道事業特別会計補正予算第 1 号は、委員長の報告の
3009ka,2018,1877,補正予算,平成 30 年度御杖村簡易水道事業特別会計補正予算第 1 号は、委員長の報告の
3009ka,2018,1882,予算,計補正予算（第 1 号）の議定について［討論・採決］
3009ka,2018,1882,補正予算,計補正予算（第 1 号）の議定について［討論・採決］
3009ka,2018,1884,予算,民健康保険特別会計補正予算第 1 号の議定についてを議題とし、討論を行いま
3009ka,2018,1884,補正予算,民健康保険特別会計補正予算第 1 号の議定についてを議題とし、討論を行いま
3009ka,2018,1895,予算,平成 30 年度御杖村国民健康保険特別会計補正予算第 1 号の議定については、
3009ka,2018,1895,補正予算,平成 30 年度御杖村国民健康保険特別会計補正予算第 1 号の議定については、
3009ka,2018,1902,予算,正予算（第 2 号）の議定について［討論・採決］
3009ka,2018,1904,予算,護保険特別会計補正予算第 2 号の議定についてを議題とし、討論を行います。
3009ka,2018,1904,補正予算,護保険特別会計補正予算第 2 号の議定についてを議題とし、討論を行います。
3009ka,2018,1914,予算,平成 30 年度御杖村介護保険特別会計補正予算第 2 号の議定については、委員
3009ka,2018,1914,補正予算,平成 30 年度御杖村介護保険特別会計補正予算第 2 号の議定については、委員
3009ka,2018,1919,決算,認定第 1 号、平成 29 年度御杖村一般会計歳入歳出決算
3009ka,2018,1922,決算,歳入歳出決算の認定について
3009ka,2018,1924,決算,歳入歳出決算の認定について
3009ka,2018,1926,決算,歳出決算の認定について
3009ka,2018,1928,決算,計歳入歳出決算の認定について、
3009ka,2018,1931,決算,会計歳入歳出決算の認定について、日程第 13、認定第 2 号、平成 29 年度御杖
3009ka,2018,1932,決算,村簡易水道事業特別会計歳入歳出決算の認定について、日程第 14、認定第 3
3009ka,2018,1933,決算,号、平成 29 年度御杖村国民健康保険特別会計歳入歳出決算の認定について、
3009ka,2018,1934,決算,日程第 15、認定第 4 号、平成 29 年度御杖村介護保険特別会計歳入歳出決算
3009ka,2018,1936,決算,特別会計歳入歳出決算の認定について、
3009ka,2018,1937,決算,以上の 5 件は、各会計決算認定の案件ですので、一括議題とします。
3009ka,2018,1938,予算,本件につきましても、予算決算委員会へ付託した案件でございます。会議規
3009ka,2018,1938,決算,本件につきましても、予算決算委員会へ付託した案件でございます。会議規
3009ka,2018,1944,予算,○予算決算委員長（松岡一生君） 委員会を代表して、付託されました認定第 1 号
3009ka,2018,1944,決算,○予算決算委員長（松岡一生君） 委員会を代表して、付託されました認定第 1 号
3009ka,2018,1945,決算,から認定第 5 号までの各会計歳入歳出決算の認定 5 件につきまして、
3009ka,2018,1949,決算,本議題の決算認定 5 件にかかる審査につきましては、全会計を一括議題とし、
3009ka,2018,1955,予算,以上で、認定第 1 号から認定第 5 号についての、予算決算委員会の委員長
3009ka,2018,1955,決算,以上で、認定第 1 号から認定第 5 号についての、予算決算委員会の委員長
3009ka,2018,1963,決算,◎認定第 1 号、平成 29 年度御杖村一般会計歳入歳出決算
3009ka,2018,1966,決算,まず、日程第 12、認定第 1 号、平成 29 年度御杖村一般会計歳入歳出決算
3009ka,2018,1977,決算,平成 29 年度御杖村一般会計歳入歳出決算の認定については、委員長の報告の
3009ka,2018,1982,決算,歳入歳出決算の認定について［討論・採決］
3009ka,2018,1984,決算,水道事業特別会計歳入歳出決算の認定についてを議題とし、討論を行います。
3009ka,2018,1996,決算,平成 29 年度御杖村簡易水道事業特別会計歳入歳出決算の認定については、委
3009ka,2018,2001,決算,歳入歳出決算の認定について［討論・採決］
3009ka,2018,2003,決算,健康保険特別会計歳入歳出決算の認定についてを議題とし、討論を行います。
3009ka,2018,2013,決算,平成 29 年度御杖村国民健康保険特別会計歳入歳出決算の認定については、委
3009ka,2018,2018,決算,歳出決算の認定について［討論・採決］
3009ka,2018,2020,決算,保険特別会計歳入歳出決算の認定についてを議題とし、討論を行います。
3009ka,2018,2030,決算,平成 29 年度御杖村介護保険特別会計歳入歳出決算の認定については、委員長
3009ka,2018,2038,決算,計歳入歳出決算の認定について［討論・採決］
3009ka,2018,2040,決算,高齢者医療特別会計歳入歳出決算の認定についてを議題とし、討論を行います。
3009ka,2018,2050,決算,平成 29 年度御杖村後期高齢者医療特別会計歳入歳出決算の認定については、
44103769,2018,2,予算,●村長提出議案（予算４、条例５、人事１、その他２ 計１２件）
44103769,2018,6,契約,議案       御杖村長期継続契約を締結することができる契約を定める条例の
44103769,2018,21,予算,議案       平成 30 年度御杖村一般会計補正予算（第 5 号）の議定について
44103769,2018,21,補正予算,議案       平成 30 年度御杖村一般会計補正予算（第 5 号）の議定について
44103769,2018,22,予算,〃        H30.12.13 予算決算   H30.12.17   可 決   H30.12.20    〃
44103769,2018,22,決算,〃        H30.12.13 予算決算   H30.12.17   可 決   H30.12.20    〃
44103769,2018,24,予算,議案       平成 30 年度御杖村簡易水道事業特別会計補正予算（第 2 号）の
44103769,2018,24,補正予算,議案       平成 30 年度御杖村簡易水道事業特別会計補正予算（第 2 号）の
44103769,2018,27,予算,議案       平成 30 年度御杖村国民健康保険特別会計補正予算（第 2 号）の
44103769,2018,27,補正予算,議案       平成 30 年度御杖村国民健康保険特別会計補正予算（第 2 号）の
44103769,2018,30,予算,議案       平成 30 年度御杖村介護保険特別会計補正予算（第 3 号）の議定
44103769,2018,30,補正予算,議案       平成 30 年度御杖村介護保険特別会計補正予算（第 3 号）の議定
44103769,2018,33,工事,議案       桃俣多目的研修センター耐震・改修工事に伴う工事変更請負契
6gatuteireigijiroku,2020,39,予算,補正予算(第２号)）[上程、説明、質疑、付託] ・・・・・・・・・・・・・・・・・・・・・・・・・・・・・・・ －10－
6gatuteireigijiroku,2020,39,補正予算,補正予算(第２号)）[上程、説明、質疑、付託] ・・・・・・・・・・・・・・・・・・・・・・・・・・・・・・・ －10－
6gatuteireigijiroku,2020,41,予算,補正予算(第３号)）[上程、説明、質疑、付託] ・・・・・・・・・・・・・・・・・・・・・・・・・・・・・・・ －11－
6gatuteireigijiroku,2020,41,補正予算,補正予算(第３号)）[上程、説明、質疑、付託] ・・・・・・・・・・・・・・・・・・・・・・・・・・・・・・・ －11－
6gatuteireigijiroku,2020,48,予算,◎議案第 19 号、令和２年度御杖村一般会計補正予算(第４号)の議定について
6gatuteireigijiroku,2020,48,補正予算,◎議案第 19 号、令和２年度御杖村一般会計補正予算(第４号)の議定について
6gatuteireigijiroku,2020,51,予算,補正予算(第２号)の議定について[上程、説明、質疑、付託] ・・・・・・・・・・・・・・・・・・ －15－
6gatuteireigijiroku,2020,51,補正予算,補正予算(第２号)の議定について[上程、説明、質疑、付託] ・・・・・・・・・・・・・・・・・・ －15－
6gatuteireigijiroku,2020,53,予算,予算(第１号)の議定について[上程、説明、質疑、付託] ・・・・・・・・・・・・・・・・・・・・・・ －15－
6gatuteireigijiroku,2020,54,繰越,◎報告第１号、令和元年度御杖村一般会計繰越明許費
6gatuteireigijiroku,2020,55,繰越,繰越計算書の報告について[上程、報告、質疑] ・・・・・・・・・・・・・・・・・・・・・・・・・・・・ －16－
6gatuteireigijiroku,2020,86,予算,・承認第８号、専決処分の承認を求めることについて（令和２年度御杖村一般会計補正予算(第２
6gatuteireigijiroku,2020,86,補正予算,・承認第８号、専決処分の承認を求めることについて（令和２年度御杖村一般会計補正予算(第２
6gatuteireigijiroku,2020,87,予算,号)）・承認第９号、専決処分の承認を求めることについて（令和２年度御杖村一般会計補正予算
6gatuteireigijiroku,2020,87,補正予算,号)）・承認第９号、専決処分の承認を求めることについて（令和２年度御杖村一般会計補正予算
6gatuteireigijiroku,2020,88,予算,(第３号)）・議案第 19 号、令和２年度御杖村一般会計補正予算(第４号)の議定について・議案第
6gatuteireigijiroku,2020,88,補正予算,(第３号)）・議案第 19 号、令和２年度御杖村一般会計補正予算(第４号)の議定について・議案第
6gatuteireigijiroku,2020,89,予算,20 号、令和２年度御杖村国民健康保険特別会計補正予算(第２号)の議定について・議案第 21 号、
6gatuteireigijiroku,2020,89,補正予算,20 号、令和２年度御杖村国民健康保険特別会計補正予算(第２号)の議定について・議案第 21 号、
6gatuteireigijiroku,2020,90,予算,令和２年度御杖村介護保険特別会計補正予算(第１号)の議定について ・・・・・・・・・・・・・・ －23－
6gatuteireigijiroku,2020,90,補正予算,令和２年度御杖村介護保険特別会計補正予算(第１号)の議定について ・・・・・・・・・・・・・・ －23－
6gatuteireigijiroku,2020,91,予算,◎承認第８号、専決処分の承認を求めることについて（令和２年度御杖村一般会計補正予算
6gatuteireigijiroku,2020,91,補正予算,◎承認第８号、専決処分の承認を求めることについて（令和２年度御杖村一般会計補正予算
6gatuteireigijiroku,2020,93,予算,◎承認第９号、専決処分の承認を求めることについて（令和２年度御杖村一般会計補正予算
6gatuteireigijiroku,2020,93,補正予算,◎承認第９号、専決処分の承認を求めることについて（令和２年度御杖村一般会計補正予算
6gatuteireigijiroku,2020,95,予算,◎議案第 19 号、令和２年度御杖村一般会計補正予算(第４号)の議定について
6gatuteireigijiroku,2020,95,補正予算,◎議案第 19 号、令和２年度御杖村一般会計補正予算(第４号)の議定について
6gatuteireigijiroku,2020,97,予算,◎議案第 20 号、令和２年度御杖村国民健康保険特別会計補正予算(第２号)の
6gatuteireigijiroku,2020,97,補正予算,◎議案第 20 号、令和２年度御杖村国民健康保険特別会計補正予算(第２号)の
6gatuteireigijiroku,2020,99,予算,◎議案第 21 号、令和２年度御杖村介護保険特別会計補正予算(第１号)の
6gatuteireigijiroku,2020,99,補正予算,◎議案第 21 号、令和２年度御杖村介護保険特別会計補正予算(第１号)の
6gatuteireigijiroku,2020,124,予算,第７   承認第８号[予算決算委員会付託]
6gatuteireigijiroku,2020,124,決算,第７   承認第８号[予算決算委員会付託]
6gatuteireigijiroku,2020,125,予算,専決処分の承認を求めることについて（令和２年度御杖村一般会計補正予算(第２号)）
6gatuteireigijiroku,2020,125,補正予算,専決処分の承認を求めることについて（令和２年度御杖村一般会計補正予算(第２号)）
6gatuteireigijiroku,2020,126,予算,第８   承認第９号[予算決算委員会付託]
6gatuteireigijiroku,2020,126,決算,第８   承認第９号[予算決算委員会付託]
6gatuteireigijiroku,2020,127,予算,専決処分の承認を求めることについて（令和２年度御杖村一般会計補正予算(第３号)）
6gatuteireigijiroku,2020,127,補正予算,専決処分の承認を求めることについて（令和２年度御杖村一般会計補正予算(第３号)）
6gatuteireigijiroku,2020,134,予算,第１２ 議案第 19 号［予算決算委員会付託］
6gatuteireigijiroku,2020,134,決算,第１２ 議案第 19 号［予算決算委員会付託］
6gatuteireigijiroku,2020,135,予算,令和２年度御杖村一般会計補正予算(第４号)の議定について
6gatuteireigijiroku,2020,135,補正予算,令和２年度御杖村一般会計補正予算(第４号)の議定について
6gatuteireigijiroku,2020,136,予算,第１３ 議案第 20 号［予算決算委員会付託］
6gatuteireigijiroku,2020,136,決算,第１３ 議案第 20 号［予算決算委員会付託］
6gatuteireigijiroku,2020,137,予算,令和２年度御杖村国民健康保険特別会計補正予算(第２号)の議定について
6gatuteireigijiroku,2020,137,補正予算,令和２年度御杖村国民健康保険特別会計補正予算(第２号)の議定について
6gatuteireigijiroku,2020,138,予算,第１４ 議案第 21 号［予算決算委員会付託］
6gatuteireigijiroku,2020,138,決算,第１４ 議案第 21 号［予算決算委員会付託］
6gatuteireigijiroku,2020,139,予算,令和２年度御杖村介護保険特別会計補正予算（第１号）の議定について
6gatuteireigijiroku,2020,139,補正予算,令和２年度御杖村介護保険特別会計補正予算（第１号）の議定について
6gatuteireigijiroku,2020,141,繰越,令和元年度御杖村一般会計繰越明許費繰越計算書の報告について
6gatuteireigijiroku,2020,249,予算,までの１３日間とし、全員協議会を１２日、予算決算委員会を１７日、続会議を２３日と
6gatuteireigijiroku,2020,249,決算,までの１３日間とし、全員協議会を１２日、予算決算委員会を１７日、続会議を２３日と
6gatuteireigijiroku,2020,253,予算,を含む補正予算４案件は予算決算委員会へ付託とし、専決を含む条例改正４件と同意９
6gatuteireigijiroku,2020,253,補正予算,を含む補正予算４案件は予算決算委員会へ付託とし、専決を含む条例改正４件と同意９
6gatuteireigijiroku,2020,253,決算,を含む補正予算４案件は予算決算委員会へ付託とし、専決を含む条例改正４件と同意９
6gatuteireigijiroku,2020,349,予算,まず、５月１日付で専決処分により予算措置いたしました１人１０万円の定額給付
6gatuteireigijiroku,2020,435,予算,せていただきます補正予算の中に、避難所衛生環境対策事業として、避難所における衛
6gatuteireigijiroku,2020,435,補正予算,せていただきます補正予算の中に、避難所衛生環境対策事業として、避難所における衛
6gatuteireigijiroku,2020,515,予算,（令和２年度御杖村一般会計補正予算(第２号)）
6gatuteireigijiroku,2020,515,補正予算,（令和２年度御杖村一般会計補正予算(第２号)）
6gatuteireigijiroku,2020,520,予算,和２年度御杖村一般会計補正予算第２号を議題と致します。本案について、提案理由の
6gatuteireigijiroku,2020,520,補正予算,和２年度御杖村一般会計補正予算第２号を議題と致します。本案について、提案理由の
6gatuteireigijiroku,2020,534,決算,算決算委員会に付託することにしたいと思います。ご異議ありませんか。
6gatuteireigijiroku,2020,540,予算,認を求めることについて、令和２年度御杖村一般会計補正予算第２号は、予算決算委員
6gatuteireigijiroku,2020,540,補正予算,認を求めることについて、令和２年度御杖村一般会計補正予算第２号は、予算決算委員
6gatuteireigijiroku,2020,540,決算,認を求めることについて、令和２年度御杖村一般会計補正予算第２号は、予算決算委員
6gatuteireigijiroku,2020,547,予算,（令和２年度御杖村一般会計補正予算(第３号)）
6gatuteireigijiroku,2020,547,補正予算,（令和２年度御杖村一般会計補正予算(第３号)）
6gatuteireigijiroku,2020,552,予算,和２年度御杖村一般会計補正予算第３号を議題と致します。本案について、提案理由の
6gatuteireigijiroku,2020,552,補正予算,和２年度御杖村一般会計補正予算第３号を議題と致します。本案について、提案理由の
6gatuteireigijiroku,2020,562,補助金,補助金が加算されることとなったことから、これに対応して事業費の増額を行うもので
6gatuteireigijiroku,2020,571,決算,算決算委員会に付託することにしたいと思います。ご異議ありませんか。
6gatuteireigijiroku,2020,575,予算,認を求めることについて、令和２年度御杖村一般会計補正予算第３号は、予算決算委員
6gatuteireigijiroku,2020,575,補正予算,認を求めることについて、令和２年度御杖村一般会計補正予算第３号は、予算決算委員
6gatuteireigijiroku,2020,575,決算,認を求めることについて、令和２年度御杖村一般会計補正予算第３号は、予算決算委員
6gatuteireigijiroku,2020,704,取得,ら令和２年９月３０日までに取得した軽自動車が対象でしたが、新型コロナウイルス感
6gatuteireigijiroku,2020,709,取得,目、新型コロナウイルス感染症の影響によって、取得した家屋への入居が遅れたことに
6gatuteireigijiroku,2020,731,予算,◎議案第１９号令和２年度御杖村一般会計補正予算
6gatuteireigijiroku,2020,731,補正予算,◎議案第１９号令和２年度御杖村一般会計補正予算
6gatuteireigijiroku,2020,735,予算,：次に、日程第１２議案第１９号令和２年度御杖村一般会計補正予算第
6gatuteireigijiroku,2020,735,補正予算,：次に、日程第１２議案第１９号令和２年度御杖村一般会計補正予算第
6gatuteireigijiroku,2020,753,決算,算決算委員会に付託することにしたいと思います。ご異議ありませんか。
6gatuteireigijiroku,2020,759,予算,度御杖村一般会計補正予算第４号の議定については、予算決算委員会に付託することに
6gatuteireigijiroku,2020,759,補正予算,度御杖村一般会計補正予算第４号の議定については、予算決算委員会に付託することに
6gatuteireigijiroku,2020,759,決算,度御杖村一般会計補正予算第４号の議定については、予算決算委員会に付託することに
6gatuteireigijiroku,2020,766,予算,会計補正予算(第２号)の議定について
6gatuteireigijiroku,2020,766,補正予算,会計補正予算(第２号)の議定について
6gatuteireigijiroku,2020,771,予算,計補正予算第２号の議定についてを議題と致します。本案について、提案理由の説明を
6gatuteireigijiroku,2020,771,補正予算,計補正予算第２号の議定についてを議題と致します。本案について、提案理由の説明を
6gatuteireigijiroku,2020,778,予算,：診療施設勘定予算の歳入歳出それぞれに 20 万 3 千円を追加し、補正
6gatuteireigijiroku,2020,788,決算,算決算委員会に付託することにしたいと思います。ご異議ありませんか。
6gatuteireigijiroku,2020,792,予算,度御杖村国民健康保険特別会計補正予算第２号の議定については、予算決算委員会に付
6gatuteireigijiroku,2020,792,補正予算,度御杖村国民健康保険特別会計補正予算第２号の議定については、予算決算委員会に付
6gatuteireigijiroku,2020,792,決算,度御杖村国民健康保険特別会計補正予算第２号の議定については、予算決算委員会に付
6gatuteireigijiroku,2020,799,予算,予算(第１号)の議定について」 ［上程、説明、質疑、付託］
6gatuteireigijiroku,2020,803,予算,正予算第１号の議定についてを議題と致します。本案について、提案理由の説明を求め
6gatuteireigijiroku,2020,821,決算,算決算委員会に付託することにしたいと思います。ご異議ありませんか。
6gatuteireigijiroku,2020,825,予算,度御杖村介護保険特別会計補正予算第１号の議定については、予算決算委員会に付託す
6gatuteireigijiroku,2020,825,補正予算,度御杖村介護保険特別会計補正予算第１号の議定については、予算決算委員会に付託す
6gatuteireigijiroku,2020,825,決算,度御杖村介護保険特別会計補正予算第１号の議定については、予算決算委員会に付託す
6gatuteireigijiroku,2020,830,繰越,◎報告第１号令和元年度御杖村一般会計繰越明許費
6gatuteireigijiroku,2020,831,繰越,繰越計算書の報告について」 ［上程、報告、質疑］
6gatuteireigijiroku,2020,834,繰越,：次に、日程第１５報告第１号令和元年度御杖村一般会計繰越明許費繰
6gatuteireigijiroku,2020,843,繰越,つの事業について、繰越計算書の調整を行いましたので報告をするものです。詳細につ
6gatuteireigijiroku,2020,847,繰越,：それでは報告第１号令和元年度御杖村一般会計繰越明許費繰越
6gatuteireigijiroku,2020,854,工事,４月１５日に工事が完了し、１７日に検査竣工済みでございます。最後でございます。
6gatuteireigijiroku,2020,856,工事,ざいますが、５月末に工事を完了しております。昨日６月１０日に竣工検査を終えてお
6gatuteireigijiroku,2020,865,繰越,村一般会計繰越明許費繰越計算書の報告についてを終わります。
6gatuteireigijiroku,2020,1085,予算,第１   承認第８号[予算決算委員会付託]
6gatuteireigijiroku,2020,1085,決算,第１   承認第８号[予算決算委員会付託]
6gatuteireigijiroku,2020,1086,予算,専決処分の承認を求めることについて（令和２年度御杖村一般会計補正予算(第２号)）
6gatuteireigijiroku,2020,1086,補正予算,専決処分の承認を求めることについて（令和２年度御杖村一般会計補正予算(第２号)）
6gatuteireigijiroku,2020,1087,予算,第２   承認第９号[予算決算委員会付託]
6gatuteireigijiroku,2020,1087,決算,第２   承認第９号[予算決算委員会付託]
6gatuteireigijiroku,2020,1088,予算,専決処分の承認を求めることについて（令和２年度御杖村一般会計補正予算(第３号)）
6gatuteireigijiroku,2020,1088,補正予算,専決処分の承認を求めることについて（令和２年度御杖村一般会計補正予算(第３号)）
6gatuteireigijiroku,2020,1089,予算,第３   議案第 19 号［予算決算委員会付託］
6gatuteireigijiroku,2020,1089,決算,第３   議案第 19 号［予算決算委員会付託］
6gatuteireigijiroku,2020,1090,予算,令和２年度御杖村一般会計補正予算(第４号)の議定について
6gatuteireigijiroku,2020,1090,補正予算,令和２年度御杖村一般会計補正予算(第４号)の議定について
6gatuteireigijiroku,2020,1091,予算,第４   議案第 20 号［予算決算委員会付託］
6gatuteireigijiroku,2020,1091,決算,第４   議案第 20 号［予算決算委員会付託］
6gatuteireigijiroku,2020,1092,予算,令和２年度御杖村国民健康保険特別会計補正予算(第２号)の議定について
6gatuteireigijiroku,2020,1092,補正予算,令和２年度御杖村国民健康保険特別会計補正予算(第２号)の議定について
6gatuteireigijiroku,2020,1093,予算,第５   議案第 21 号［予算決算委員会付託］
6gatuteireigijiroku,2020,1093,決算,第５   議案第 21 号［予算決算委員会付託］
6gatuteireigijiroku,2020,1094,予算,令和２年度御杖村介護保険特別会計補正予算（第１号）の議定について
6gatuteireigijiroku,2020,1094,補正予算,令和２年度御杖村介護保険特別会計補正予算（第１号）の議定について
6gatuteireigijiroku,2020,1138,予算,（令和２年度御杖村一般会計補正予算(第２号)）
6gatuteireigijiroku,2020,1138,補正予算,（令和２年度御杖村一般会計補正予算(第２号)）
6gatuteireigijiroku,2020,1140,予算,（令和２年度御杖村一般会計補正予算(第３号)）
6gatuteireigijiroku,2020,1140,補正予算,（令和２年度御杖村一般会計補正予算(第３号)）
6gatuteireigijiroku,2020,1141,予算,・議案第 19 号令和２年度御杖村一般会計補正予算
6gatuteireigijiroku,2020,1141,補正予算,・議案第 19 号令和２年度御杖村一般会計補正予算
6gatuteireigijiroku,2020,1144,予算,補正予算(第２号)の議定について
6gatuteireigijiroku,2020,1144,補正予算,補正予算(第２号)の議定について
6gatuteireigijiroku,2020,1146,予算,補正予算（第１号）の議定について
6gatuteireigijiroku,2020,1146,補正予算,補正予算（第１号）の議定について
6gatuteireigijiroku,2020,1150,予算,件につきましては、予算決算員会へ付託した案件でございます。これを一括議題とし会
6gatuteireigijiroku,2020,1150,決算,件につきましては、予算決算員会へ付託した案件でございます。これを一括議題とし会
6gatuteireigijiroku,2020,1153,予算,○委員長（松岡一生君）：予算決算委員会を代表しまして、当委員会に付託されました、
6gatuteireigijiroku,2020,1153,決算,○委員長（松岡一生君）：予算決算委員会を代表しまして、当委員会に付託されました、
6gatuteireigijiroku,2020,1156,予算,審査の経緯でございますが、去る 6 月 11 日の本会議におきまして、専決補正予算 2
6gatuteireigijiroku,2020,1156,補正予算,審査の経緯でございますが、去る 6 月 11 日の本会議におきまして、専決補正予算 2
6gatuteireigijiroku,2020,1157,予算,件及び補正予算 3 件、合計 5 件の案件が付託されたことにより、6 月 17 日に委員会
6gatuteireigijiroku,2020,1157,補正予算,件及び補正予算 3 件、合計 5 件の案件が付託されたことにより、6 月 17 日に委員会
6gatuteireigijiroku,2020,1161,予算,決処分されました承認第 8 号の一般会計補正予算第 2 号及び議案第 19 号一般会計補
6gatuteireigijiroku,2020,1161,補正予算,決処分されました承認第 8 号の一般会計補正予算第 2 号及び議案第 19 号一般会計補
6gatuteireigijiroku,2020,1162,予算,正予算第 4 号については、質疑が行われ村当局より答弁いただきました。内容につ
6gatuteireigijiroku,2020,1168,予算,承認すべきもの、また、議案第 19 号から 21 号までの補正予算 3 会計についても、
6gatuteireigijiroku,2020,1168,補正予算,承認すべきもの、また、議案第 19 号から 21 号までの補正予算 3 会計についても、
6gatuteireigijiroku,2020,1169,予算,全員の賛成により、可決すべきものと決定いたしました。以上で、予算決算委員会
6gatuteireigijiroku,2020,1169,決算,全員の賛成により、可決すべきものと決定いたしました。以上で、予算決算委員会
6gatuteireigijiroku,2020,1182,予算,（令和２年度御杖村一般会計補正予算(第２号)）
6gatuteireigijiroku,2020,1182,補正予算,（令和２年度御杖村一般会計補正予算(第２号)）
6gatuteireigijiroku,2020,1185,予算,認第８号・専決処分の承認を求めることについて（令和２年度御杖村一般会計補正予算
6gatuteireigijiroku,2020,1185,補正予算,認第８号・専決処分の承認を求めることについて（令和２年度御杖村一般会計補正予算
6gatuteireigijiroku,2020,1195,予算,専決処分の承認を求めることについて（令和２年度御杖村一般会計補正予算(第２号)）
6gatuteireigijiroku,2020,1195,補正予算,専決処分の承認を求めることについて（令和２年度御杖村一般会計補正予算(第２号)）
6gatuteireigijiroku,2020,1202,予算,（令和２年度御杖村一般会計補正予算(第３号)）［討論、採決］
6gatuteireigijiroku,2020,1202,補正予算,（令和２年度御杖村一般会計補正予算(第３号)）［討論、採決］
6gatuteireigijiroku,2020,1205,予算,て（令和２年度御杖村一般会計補正予算(第３号)）を議題とし、討論を行います。討論
6gatuteireigijiroku,2020,1205,補正予算,て（令和２年度御杖村一般会計補正予算(第３号)）を議題とし、討論を行います。討論
6gatuteireigijiroku,2020,1215,予算,専決処分の承認を求めることについて（令和２年度御杖村一般会計補正予算(第３号)）
6gatuteireigijiroku,2020,1215,補正予算,専決処分の承認を求めることについて（令和２年度御杖村一般会計補正予算(第３号)）
6gatuteireigijiroku,2020,1219,予算,◎議案第１９号令和２年度御杖村一般会計補正予算
6gatuteireigijiroku,2020,1219,補正予算,◎議案第１９号令和２年度御杖村一般会計補正予算
6gatuteireigijiroku,2020,1223,予算,：次に、日程第３・議案第１９号・令和２年度御杖村一般会計補正予算
6gatuteireigijiroku,2020,1223,補正予算,：次に、日程第３・議案第１９号・令和２年度御杖村一般会計補正予算
6gatuteireigijiroku,2020,1233,予算,令和２年度御杖村一般会計補正予算(第４号)の議定については、委員長の報告のとおり
6gatuteireigijiroku,2020,1233,補正予算,令和２年度御杖村一般会計補正予算(第４号)の議定については、委員長の報告のとおり
6gatuteireigijiroku,2020,1240,予算,特別会計補正予算(第２号)の議定について［討論、採決］
6gatuteireigijiroku,2020,1240,補正予算,特別会計補正予算(第２号)の議定について［討論、採決］
6gatuteireigijiroku,2020,1244,予算,会計補正予算(第２号)の議定についてを議題と致します。討論はありませんか
6gatuteireigijiroku,2020,1244,補正予算,会計補正予算(第２号)の議定についてを議題と致します。討論はありませんか
6gatuteireigijiroku,2020,1253,予算,令和２年度御杖村国民健康保険特別会計補正予算(第２号)の議定については、委員長の
6gatuteireigijiroku,2020,1253,補正予算,令和２年度御杖村国民健康保険特別会計補正予算(第２号)の議定については、委員長の
6gatuteireigijiroku,2020,1260,予算,特別会計補正予算(第１号)の議定について［討論、採決］
6gatuteireigijiroku,2020,1260,補正予算,特別会計補正予算(第１号)の議定について［討論、採決］
6gatuteireigijiroku,2020,1264,予算,会計補正予算(第１号)の議定についてを議題と致します。討論はありませんか
6gatuteireigijiroku,2020,1264,補正予算,会計補正予算(第１号)の議定についてを議題と致します。討論はありませんか
6gatuteireigijiroku,2020,1274,予算,令和２年度御杖村介護保険特別会計補正予算(第１号)の議定については、委員長の報告
6gatuteireigijiroku,2020,1274,補正予算,令和２年度御杖村介護保険特別会計補正予算(第１号)の議定については、委員長の報告
H3103giketsukekka,2019,2,予算,●村長提出議案（予算４、条例５、人事１、その他２ 計１２件）
H3103giketsukekka,2019,12,基金,議案       御杖村森林環境整備基金条例の制定について
H3103giketsukekka,2019,39,予算,議案      平成 30 年度御杖村一般会計補正予算（第 6 号）の議定について
H3103giketsukekka,2019,39,補正予算,議案      平成 30 年度御杖村一般会計補正予算（第 6 号）の議定について
H3103giketsukekka,2019,40,予算,〃       H３１.3.6   予算決算   H31.3.12   可決    H31.3.20   〃
H3103giketsukekka,2019,40,決算,〃       H３１.3.6   予算決算   H31.3.12   可決    H31.3.20   〃
H3103giketsukekka,2019,46,予算,議案      平成 30 年度御杖村国民健康保険特別会計補正予算（第 3 号）の
H3103giketsukekka,2019,46,補正予算,議案      平成 30 年度御杖村国民健康保険特別会計補正予算（第 3 号）の
H3103giketsukekka,2019,47,予算,H31.3.6   H３１.3.6   予算決算   H31.3.12   可決    H31.3.20   可決
H3103giketsukekka,2019,47,決算,H31.3.6   H３１.3.6   予算決算   H31.3.12   可決    H31.3.20   可決
H3103giketsukekka,2019,49,予算,議案      平成 30 年度御杖村介護保険特別会計補正予算（第 4 号）の議定
H3103giketsukekka,2019,49,補正予算,議案      平成 30 年度御杖村介護保険特別会計補正予算（第 4 号）の議定
H3103giketsukekka,2019,53,予算,平成 31 年度御杖村一般会計予算の議定について                〃        〃        〃       〃         〃       〃        〃
H3103giketsukekka,2019,56,予算,平成 31 年度御杖村簡易水道事業特別会計予算の議定について          〃        〃        〃       〃         〃       〃        〃
H3103giketsukekka,2019,59,予算,平成 31 年度御杖村国民健康保険特別会計予算の議定について          〃        〃        〃       〃         〃       〃        〃
H3103giketsukekka,2019,62,予算,平成 31 年度御杖村介護保険特別会計予算の議定について            〃        〃        〃       〃         〃       〃        〃
H3103giketsukekka,2019,64,予算,議案      平成 31 年度御杖村後期高齢者医療特別会計予算の議定につい
H3103giketsukekka,2019,70,工事,議案      御杖村国民健康保険診療所・保健センター空調設備改修工事に伴
H3103giketsukekka,2019,72,契約,第 18 号   う工事請負契約の締結について
H3103giketsukekka,2019,72,工事,第 18 号   う工事請負契約の締結について
H3103teireikaikaigiroku,2019,44,基金,◎議案第 1 号、御杖村森林環境整備基金条例の制定について［上程、
H3103teireikaikaigiroku,2019,63,予算,◎議案第 10 号、平成 30 年度御杖村一般会計補正予算（第 6 号）の
H3103teireikaikaigiroku,2019,63,補正予算,◎議案第 10 号、平成 30 年度御杖村一般会計補正予算（第 6 号）の
H3103teireikaikaigiroku,2019,65,予算,◎議案第 11 号、平成 30 年度御杖村国民健康保険特別会計補正予算
H3103teireikaikaigiroku,2019,65,補正予算,◎議案第 11 号、平成 30 年度御杖村国民健康保険特別会計補正予算
H3103teireikaikaigiroku,2019,67,予算,◎議案第 12 号、平成 30 年度御杖村介護保険特別会計補正予算
H3103teireikaikaigiroku,2019,67,補正予算,◎議案第 12 号、平成 30 年度御杖村介護保険特別会計補正予算
H3103teireikaikaigiroku,2019,71,予算,◎議案第 13 号、平成 31 年度御杖村一般会計予算の議定について［上程
H3103teireikaikaigiroku,2019,73,予算,◎議案第 14 号、平成 31 年度御杖村簡易水道事業特別会計予算の議定
H3103teireikaikaigiroku,2019,75,予算,◎議案第 15 号、平成 31 年度御杖村国民健康保険特別会計予算の議定
H3103teireikaikaigiroku,2019,77,予算,◎議案第 16 号、平成 31 年度御杖村介護保険特別会計予算の議定に
H3103teireikaikaigiroku,2019,79,予算,◎議案第 17 号、平成 31 年度御杖村後期高齢者医療特別会計予算の
H3103teireikaikaigiroku,2019,97,予算,計補正予算（第 6 号）の議定について ・議案第 11 号、平成 30 年度御
H3103teireikaikaigiroku,2019,97,補正予算,計補正予算（第 6 号）の議定について ・議案第 11 号、平成 30 年度御
H3103teireikaikaigiroku,2019,98,予算,杖村国民健康保険特別会計補正予算（第 3 号）の議定について ・議案
H3103teireikaikaigiroku,2019,98,補正予算,杖村国民健康保険特別会計補正予算（第 3 号）の議定について ・議案
H3103teireikaikaigiroku,2019,99,予算,第 12 号、平成 30 年度御杖村介護保険特別会計補正予算（第 4 号）の議
H3103teireikaikaigiroku,2019,99,補正予算,第 12 号、平成 30 年度御杖村介護保険特別会計補正予算（第 4 号）の議
H3103teireikaikaigiroku,2019,101,予算,◎議案第 10 号、平成 30 年度御杖村一般会計補正予算（第 6 号）の
H3103teireikaikaigiroku,2019,101,補正予算,◎議案第 10 号、平成 30 年度御杖村一般会計補正予算（第 6 号）の
H3103teireikaikaigiroku,2019,103,予算,◎議案第 11 号、平成 30 年度御杖村国民健康保険特別会計補正予算
H3103teireikaikaigiroku,2019,103,補正予算,◎議案第 11 号、平成 30 年度御杖村国民健康保険特別会計補正予算
H3103teireikaikaigiroku,2019,105,予算,◎議案第 12 号、平成 30 年度御杖村介護保険保険特別会計補正予算
H3103teireikaikaigiroku,2019,105,補正予算,◎議案第 12 号、平成 30 年度御杖村介護保険保険特別会計補正予算
H3103teireikaikaigiroku,2019,108,予算,計予算の議定について ・議案第 14 号、平成 31 年度御杖村簡易水道事
H3103teireikaikaigiroku,2019,109,予算,業特別会計予算の議定について ・議案第 15 号、平成 31 年度御杖村国
H3103teireikaikaigiroku,2019,110,予算,民健康保険特別会計予算の議定について ・議案第 16 号、平成 31 年度
H3103teireikaikaigiroku,2019,111,予算,御杖村介護保険特別会計予算の議定について ・議案第 17 号、平成 31
H3103teireikaikaigiroku,2019,112,予算,年度御杖村後期高齢者医療特別会計予算の議定について .......- 44 -
H3103teireikaikaigiroku,2019,113,予算,◎議案第 13 号、平成 31 年度御杖村一般会計予算の議定について［討論、採決］
H3103teireikaikaigiroku,2019,115,予算,◎議案第 14 号、平成 31 年度御杖村簡易水道事業特別会計予算の議定
H3103teireikaikaigiroku,2019,117,予算,◎議案第 15 号、平成 31 年度御杖村国民健康保険特別会計予算の議定
H3103teireikaikaigiroku,2019,119,予算,◎議案第 16 号、平成 31 年度御杖村介護保険特別会計予算の議定
H3103teireikaikaigiroku,2019,121,予算,◎議案第 17 号、平成 31 年度御杖村後期高齢者医療特別会計予算の
H3103teireikaikaigiroku,2019,123,工事,◎議案第 18 号、御杖村国民健康保険診療所・保健センター空調設備改修工事
H3103teireikaikaigiroku,2019,124,契約,に伴う工事請負契約の締結について［説明、質疑、討論・採決］ - 47 -
H3103teireikaikaigiroku,2019,124,工事,に伴う工事請負契約の締結について［説明、質疑、討論・採決］ - 47 -
H3103teireikaikaigiroku,2019,159,基金,御杖村森林環境整備基金条例の制定について
H3103teireikaikaigiroku,2019,184,予算,平成 30 年度御杖村一般会計補正予算（第 6 号）の議定について
H3103teireikaikaigiroku,2019,184,補正予算,平成 30 年度御杖村一般会計補正予算（第 6 号）の議定について
H3103teireikaikaigiroku,2019,186,予算,平成 30 年度御杖村国民健康保険特別会計補正予算（第 3 号）の議
H3103teireikaikaigiroku,2019,186,補正予算,平成 30 年度御杖村国民健康保険特別会計補正予算（第 3 号）の議
H3103teireikaikaigiroku,2019,189,予算,平成 30 年度御杖村介護保険特別会計補正予算（第 4 号）の議定に
H3103teireikaikaigiroku,2019,189,補正予算,平成 30 年度御杖村介護保険特別会計補正予算（第 4 号）の議定に
H3103teireikaikaigiroku,2019,192,予算,平成 31 年度御杖村一般会計予算の議定について
H3103teireikaikaigiroku,2019,194,予算,平成 31 年度御杖村簡易水道事業特別会計予算の議定について
H3103teireikaikaigiroku,2019,196,予算,平成 31 年度御杖村国民健康保険特別会計予算の議定について
H3103teireikaikaigiroku,2019,198,予算,平成 31 年度御杖村介護保険特別会計予算の議定について
H3103teireikaikaigiroku,2019,200,予算,平成 31 年度御杖村後期高齢者医療特別会計予算の議定について
H3103teireikaikaigiroku,2019,291,予算,いたしまして、全員協議会を 3 月 7 日、予算決算委員会を 3 月 12 日、続会議を
H3103teireikaikaigiroku,2019,291,決算,いたしまして、全員協議会を 3 月 7 日、予算決算委員会を 3 月 12 日、続会議を
H3103teireikaikaigiroku,2019,299,予算,行い、議案第 2 号を議案調査、補正予算及び新年度予算を委員会付託とし、そ
H3103teireikaikaigiroku,2019,299,補正予算,行い、議案第 2 号を議案調査、補正予算及び新年度予算を委員会付託とし、そ
H3103teireikaikaigiroku,2019,335,予算,出補正予算第 3 号について、この内容については歳入歳出にそれぞれ財産運用
H3103teireikaikaigiroku,2019,335,補正予算,出補正予算第 3 号について、この内容については歳入歳出にそれぞれ財産運用
H3103teireikaikaigiroku,2019,335,財産,出補正予算第 3 号について、この内容については歳入歳出にそれぞれ財産運用
H3103teireikaikaigiroku,2019,336,繰越,収入 2 万 1 千円と前年度繰越金 532 万 9 千円、合計 535 万円の繰入を行い本
H3103teireikaikaigiroku,2019,339,予算,出予算について、内容については、前年度予算 1 億 1 千 871 万 6 千円に対し今
H3103teireikaikaigiroku,2019,340,予算,"年度予算 1 億 1,665 万円で対前年 206 万 6 千円の減となっており、主なものと"
H3103teireikaikaigiroku,2019,365,予算,陀環境衛生組合一般会計予算について、以上 2 件が提案されました。
H3103teireikaikaigiroku,2019,368,予算,議案第 2 号については、平成 31 年度一般会計予算について、歳入歳出それ
H3103teireikaikaigiroku,2019,369,予算,"ぞれ 1 億 7,838 万円で、前年度対比 144 万 6 千円の減額予算となりました。"
H3103teireikaikaigiroku,2019,392,予算,会計歳入歳出予算の補正、第 2 号議案平成 31 年度曽爾御杖行政一部事務組合
H3103teireikaikaigiroku,2019,393,予算,一般会計歳入歳出予算について、以上 2 件が提案されました。
H3103teireikaikaigiroku,2019,395,予算,"出予算の総額を歳入歳出それぞれ 3,847 万 5 千円となりました。"
H3103teireikaikaigiroku,2019,396,予算,"第 2 号議案については、歳入歳出予算総額 3,595 万 2 千円で、前年度より"
H3103teireikaikaigiroku,2019,397,予算,69 万 1 千円の減額予算となりました。以上 2 件が、原案どおり全会一致で可決
H3103teireikaikaigiroku,2019,429,予算,び特別会計の補正予算､また一般会計及び特別会計の当初予算､人事案件など
H3103teireikaikaigiroku,2019,429,補正予算,び特別会計の補正予算､また一般会計及び特別会計の当初予算､人事案件など
H3103teireikaikaigiroku,2019,474,予算,ご指摘の防災マニュアルの改訂につきましては、本年度予算で計上し、改訂
H3103teireikaikaigiroku,2019,497,予算,補助金を模索し、予算確保を検討していきたいと考えております。
H3103teireikaikaigiroku,2019,497,補助金,補助金を模索し、予算確保を検討していきたいと考えております。
H3103teireikaikaigiroku,2019,634,工事,宅空き区画に建設することとし、本年 2 月下旬より工事を開始したところです。
H3103teireikaikaigiroku,2019,642,予算,築資金を賄えないことから、寄付金以外の資金を一般財源とする補正予算を本
H3103teireikaikaigiroku,2019,642,補正予算,築資金を賄えないことから、寄付金以外の資金を一般財源とする補正予算を本
H3103teireikaikaigiroku,2019,647,予算,予算でも計上はいたしておりません。
H3103teireikaikaigiroku,2019,664,予算,そしてまた来年度予算で予算計上ということなんですけど、粛々というか御杖村
H3103teireikaikaigiroku,2019,759,基金,◎議案第 1 号、御杖村森林環境整備基金条例の制定につい
H3103teireikaikaigiroku,2019,761,基金,○議長（盛岡英成君） 次に、日程第 8、議案第 1 号、御杖村森林環境整備基金
H3103teireikaikaigiroku,2019,767,基金,国から譲与されます森林環境譲与税について、未執行分の積立を行う基金を新
H3103teireikaikaigiroku,2019,780,基金,定的に森林整備事業の円滑な運営を図るため、基金に積み立てることになります。
H3103teireikaikaigiroku,2019,791,予算,○産業建設課長（森本成則君） また、副村長の方からも予算関係についての説明
H3103teireikaikaigiroku,2019,793,予算,成 31 年度予算案の 1 番後ろご覧いただけたらと思うんですが、平成 31 年度国
H3103teireikaikaigiroku,2019,795,予算,間伐促進事業、木質バイオマスがそれぞれ各々金額を予算計上させていただい
H3103teireikaikaigiroku,2019,800,補助金,ました。それで、今まで県のほうとか国のほうから森林整備するための補助金が
H3103teireikaikaigiroku,2019,806,補助金,補助金よりも目減りしとるですか、増えとるんですか。どうなんですかね、こうい
H3103teireikaikaigiroku,2019,819,予算,"ごとに改正されて、今の 1,000 万というのは、国の予算規模は 200 億の規模と"
H3103teireikaikaigiroku,2019,825,予算,"いうふうになるわけなんですけれども、予算執行上、単費 1,000 円を各々に入"
H3103teireikaikaigiroku,2019,841,基金,ただ今、4 番山岡議員の質疑にありました、森林環境整備基金条例の制定で
H3103teireikaikaigiroku,2019,846,予算,説明書のほう差し替えていただいて明日の全員協議会で予算として説明をして
H3103teireikaikaigiroku,2019,847,予算,いただきたいと思います。予算決算委員会において審議を付託していきたいと思
H3103teireikaikaigiroku,2019,847,決算,いただきたいと思います。予算決算委員会において審議を付託していきたいと思
H3103teireikaikaigiroku,2019,856,予算,ろでございますが、このことについては本来は毎年度の予算で執行すべきもので、
H3103teireikaikaigiroku,2019,858,基金,身が環境整備基金をつくることによって、有効に使えるということで進めていくと
H3103teireikaikaigiroku,2019,868,基金,御杖村森林環境整備基金条例の制定については、原案のとおり可決されました。
H3103teireikaikaigiroku,2019,1248,予算,◎議案第 10 号、平成 30 年度御杖村一般会計補正予算（第
H3103teireikaikaigiroku,2019,1248,補正予算,◎議案第 10 号、平成 30 年度御杖村一般会計補正予算（第
H3103teireikaikaigiroku,2019,1251,予算,会計補正予算（第 6 号）の議定についてを議題とします。本案について、提案
H3103teireikaikaigiroku,2019,1251,補正予算,会計補正予算（第 6 号）の議定についてを議題とします。本案について、提案
H3103teireikaikaigiroku,2019,1254,予算,"○村長（伊藤収宜君） 本案は、歳入歳出予算それぞれに 1 億 1,450 万 5 千円を"
H3103teireikaikaigiroku,2019,1255,予算,減額し、歳入歳出予算の総額を歳入歳出それぞれ 24 億 513 万 4 千円とするも
H3103teireikaikaigiroku,2019,1266,予算,本案については、予算決算委員会に付託することにしたいと思います。
H3103teireikaikaigiroku,2019,1266,決算,本案については、予算決算委員会に付託することにしたいと思います。
H3103teireikaikaigiroku,2019,1270,予算,年度御杖村一般会計補正予算（第 6 号）の議定については、予算決算委員会
H3103teireikaikaigiroku,2019,1270,補正予算,年度御杖村一般会計補正予算（第 6 号）の議定については、予算決算委員会
H3103teireikaikaigiroku,2019,1270,決算,年度御杖村一般会計補正予算（第 6 号）の議定については、予算決算委員会
H3103teireikaikaigiroku,2019,1275,予算,計補正予算（第 3 号）の議定について［上程、説明、質
H3103teireikaikaigiroku,2019,1275,補正予算,計補正予算（第 3 号）の議定について［上程、説明、質
H3103teireikaikaigiroku,2019,1278,予算,健康保険特別会計補正予算（第 3 号）の議定についてを議題とします。本案に
H3103teireikaikaigiroku,2019,1278,補正予算,健康保険特別会計補正予算（第 3 号）の議定についてを議題とします。本案に
H3103teireikaikaigiroku,2019,1281,予算,○村長（伊藤収宜君） 本案は、事業勘定の歳入歳出予算総額に、それぞれ 123
H3103teireikaikaigiroku,2019,1283,予算,について、歳入歳出予算の変更はございませんが、事業勘定から増額となった
H3103teireikaikaigiroku,2019,1291,予算,本案については、予算決算委員会に付託することにしたいと思います。ご異
H3103teireikaikaigiroku,2019,1291,決算,本案については、予算決算委員会に付託することにしたいと思います。ご異
H3103teireikaikaigiroku,2019,1295,予算,年度御杖村国民健康保険特別会計補正予算（第 3 号）の議定については、予
H3103teireikaikaigiroku,2019,1295,補正予算,年度御杖村国民健康保険特別会計補正予算（第 3 号）の議定については、予
H3103teireikaikaigiroku,2019,1296,決算,算決算委員会に付託することに決定しました。
H3103teireikaikaigiroku,2019,1300,予算,正予算（第 4 号）の議定について［上程、説明、質疑、
H3103teireikaikaigiroku,2019,1303,予算,保険特別会計補正予算（第 4 号）の議定についてを議題とします。本案につい
H3103teireikaikaigiroku,2019,1303,補正予算,保険特別会計補正予算（第 4 号）の議定についてを議題とします。本案につい
H3103teireikaikaigiroku,2019,1309,予算,○村長（伊藤収宜君） 本案は、歳入歳出予算総額に、それぞれ 949 万 7 千円を
H3103teireikaikaigiroku,2019,1317,予算,本案については、予算決算委員会に付託することにしたいと思います。ご異
H3103teireikaikaigiroku,2019,1317,決算,本案については、予算決算委員会に付託することにしたいと思います。ご異
H3103teireikaikaigiroku,2019,1321,予算,年度御杖村介護保険特別会計補正予算（第 4 号）の議定については、予算決
H3103teireikaikaigiroku,2019,1321,補正予算,年度御杖村介護保険特別会計補正予算（第 4 号）の議定については、予算決
H3103teireikaikaigiroku,2019,1327,予算,算及び特別会計予算 4 議案となります。審議に入ります前に、村長より新年度に
H3103teireikaikaigiroku,2019,1331,予算,平成 31 年度予算案をはじめ、重要な諸議案をご審議いただくにあたり、村政に
H3103teireikaikaigiroku,2019,1357,基金,政需要は大幅に増加しています。歳入の不足を財政調整基金の取り崩しで対応
H3103teireikaikaigiroku,2019,1359,予算,"平成 31 年度の一般会計の予算規模は、22 億 1,300 万円、本年度当初予算"
H3103teireikaikaigiroku,2019,1361,予算,せて会計間での重複する金額を除いた純計予算総額は、約 30 億 480 万円となり、
H3103teireikaikaigiroku,2019,1362,予算,"平成 30 年度当初予算と比較して 1.8%･約 5,400 万円の減額となっています。"
H3103teireikaikaigiroku,2019,1363,予算,以下、新年度予算案につきまして、主要施策別に簡潔にご説明申し上げます。
H3103teireikaikaigiroku,2019,1373,補助金,設置補助金制度を引き続き実施するとともに、農業部門で研修を行っていた地域
H3103teireikaikaigiroku,2019,1387,基金,されることとなるため、県森林環境税との関連もあり、基金を新たに設置し、今
H3103teireikaikaigiroku,2019,1405,工事,引き続き白髪線の改良工事を進めるとともに、観光客周遊の導線となる井出谷
H3103teireikaikaigiroku,2019,1407,工事,継続的に、舗装補修工事、災害防除工事を行うとともに、橋梁長寿命化と安全
H3103teireikaikaigiroku,2019,1408,工事,確保のため、橋梁補修工事を進めます。
H3103teireikaikaigiroku,2019,1409,工事,上下水道の整備については、昨年桃俣地区の簡易水道管路更新工事に取り
H3103teireikaikaigiroku,2019,1410,工事,かかりましたが、本年も継続して管路更新工事を実施し、安心･安全でおいしい
H3103teireikaikaigiroku,2019,1426,予算,を決定して実施設計に係る補正予算を早期に上程させていただきたいと考えて
H3103teireikaikaigiroku,2019,1426,補正予算,を決定して実施設計に係る補正予算を早期に上程させていただきたいと考えて
H3103teireikaikaigiroku,2019,1435,工事,及び開発ｾﾝﾀｰ屋上雨漏り改修工事に着手してまいります。
H3103teireikaikaigiroku,2019,1450,基金,き保険料負担が県内同一となる平成 36 年度まで、基金を取り崩しながら平準化
H3103teireikaikaigiroku,2019,1452,予算,以上が新年度予算における、主要施策の概要であり、詳細につきましては、
H3103teireikaikaigiroku,2019,1453,予算,予算概要などによりましてご査収いただきたいと存じます。
H3103teireikaikaigiroku,2019,1465,予算,◎議案第 13 号、平成 31 年度御杖村一般会計予算の議定に
H3103teireikaikaigiroku,2019,1468,予算,日程第 20、議案第 13 号、平成 31 年度御杖村一般会計予算の議定について
H3103teireikaikaigiroku,2019,1471,予算,○村長（伊藤収宜君） 平成 31 年度一般会計予算について、歳入歳出予算総額を、
H3103teireikaikaigiroku,2019,1482,予算,村一般会計予算の概要につきましてご説明申し上げます。お手元、平成 31 年度
H3103teireikaikaigiroku,2019,1483,予算,予算案説明要旨及び説明資料をご覧下さい。
H3103teireikaikaigiroku,2019,1484,予算,6 ページの総括表でございます。平成 31 年度御杖村一般会計当初予算案は、
H3103teireikaikaigiroku,2019,1488,予算,平成 31 年度一般会計予算案歳入の款別内訳をご覧下さい。
H3103teireikaikaigiroku,2019,1497,予算,の増額となっております。歳入予算全体に対する構成比では、4.7％にとどまっ
H3103teireikaikaigiroku,2019,1513,予算,年度に比べて 524 万 8 千円、0.5％の減額となっており、歳入予算の 51.4％を
H3103teireikaikaigiroku,2019,1541,予算,の他の歳入区分についても、7 ページからの（3）一般会計歳入予算案の主な対
H3103teireikaikaigiroku,2019,1544,予算,ージの（4）平成 31 年度一般会計予算案歳出の性質別内訳をご覧下さい。
H3103teireikaikaigiroku,2019,1582,予算,の経費につきましても、12 ページからの（5）一般会計歳出予算案の性質別内
H3103teireikaikaigiroku,2019,1587,予算,ページの（6）平成 31 年度一般会計予算案歳出の款別内訳をご覧下さい。目的
H3103teireikaikaigiroku,2019,1593,工事,供システム屋外子局停電対応工事、消防団員退職報償金などにより、258 万 6
H3103teireikaikaigiroku,2019,1603,予算,資料 19 ページからの（8）平成 31 年度 一般会計予算案の主な施策につき
H3103teireikaikaigiroku,2019,1605,予算,以上、平成 31 年度一般会計予算案の概要についてのご説明させて頂きまし
H3103teireikaikaigiroku,2019,1612,予算,本案については、予算決算委員会に付託することにしたいと思います。ご異
H3103teireikaikaigiroku,2019,1612,決算,本案については、予算決算委員会に付託することにしたいと思います。ご異
H3103teireikaikaigiroku,2019,1616,予算,年度御杖村一般会計予算の議定については、予算決算委員会に付託することに
H3103teireikaikaigiroku,2019,1616,決算,年度御杖村一般会計予算の議定については、予算決算委員会に付託することに
H3103teireikaikaigiroku,2019,1621,予算,計予算の議定について［上程、説明、質疑、付託］
H3103teireikaikaigiroku,2019,1623,予算,水道事業特別会計予算の議定についてを議題とします。本案について、提案理
H3103teireikaikaigiroku,2019,1627,予算,"予算について、歳入歳出予算総額を、それぞれ 1 億 1,463 万 3 千円、対前年"
H3103teireikaikaigiroku,2019,1636,予算,本案については、予算決算委員会に付託することにしたいと思います。ご異
H3103teireikaikaigiroku,2019,1636,決算,本案については、予算決算委員会に付託することにしたいと思います。ご異
H3103teireikaikaigiroku,2019,1640,予算,年度御杖村簡易水道事業特別会計予算の議定については、予算決算委員会に
H3103teireikaikaigiroku,2019,1640,決算,年度御杖村簡易水道事業特別会計予算の議定については、予算決算委員会に
H3103teireikaikaigiroku,2019,1645,予算,計予算の議定について［上程、説明、質疑、付託］
H3103teireikaikaigiroku,2019,1647,予算,健康保険特別会計予算の議定についてを議題とします。本案について、提案理
H3103teireikaikaigiroku,2019,1650,予算,○村長（伊藤収宜君） 平成 31 年度国民健康保険特別会計予算について、事業勘
H3103teireikaikaigiroku,2019,1651,予算,"定の歳入歳出予算総額を、それぞれ 3 億 2,581 万 9 千円、対前年 178 万 4 千"
H3103teireikaikaigiroku,2019,1652,予算,"円、0.6％増とし、診療施設勘定の歳入歳出予算総額を、それぞれ 1 億 2,570"
H3103teireikaikaigiroku,2019,1659,予算,本案については、予算決算委員会に付託することにしたいと思います。
H3103teireikaikaigiroku,2019,1659,決算,本案については、予算決算委員会に付託することにしたいと思います。
H3103teireikaikaigiroku,2019,1663,予算,年度御杖村国民健康保険特別会計予算の議定については、予算決算委員会に
H3103teireikaikaigiroku,2019,1663,決算,年度御杖村国民健康保険特別会計予算の議定については、予算決算委員会に
H3103teireikaikaigiroku,2019,1670,予算,保険特別会計予算の議定についてを議題とします。本案について、提案理由の
H3103teireikaikaigiroku,2019,1673,予算,○村長（伊藤収宜君） 平成 31 年度介護保険特別会計予算について、歳入歳出予
H3103teireikaikaigiroku,2019,1683,予算,本案については、予算決算委員会に付託することにしたいと思います。ご異
H3103teireikaikaigiroku,2019,1683,決算,本案については、予算決算委員会に付託することにしたいと思います。ご異
H3103teireikaikaigiroku,2019,1687,予算,年度御杖村介護保険特別会計予算の議定については、予算決算委員会に付託
H3103teireikaikaigiroku,2019,1687,決算,年度御杖村介護保険特別会計予算の議定については、予算決算委員会に付託
H3103teireikaikaigiroku,2019,1692,予算,会計予算の議定について［上程、説明、質疑、付託］
H3103teireikaikaigiroku,2019,1694,予算,高齢者医療特別会計予算の議定についてを議題とします。本案について、提案
H3103teireikaikaigiroku,2019,1698,予算,"者医療特別会計予算について、歳入歳出予算総額を、それぞれ 3,932 万 2 千円、"
H3103teireikaikaigiroku,2019,1705,予算,本案については、予算決算委員会に付託することにしたいと思います。
H3103teireikaikaigiroku,2019,1705,決算,本案については、予算決算委員会に付託することにしたいと思います。
H3103teireikaikaigiroku,2019,1709,予算,年度御杖村後期高齢者医療特別会計予算の議定については、予算決算委員会
H3103teireikaikaigiroku,2019,1709,決算,年度御杖村後期高齢者医療特別会計予算の議定については、予算決算委員会
H3103teireikaikaigiroku,2019,1773,予算,協議会また予算決算委員会には資料の間違い等無きよう再度精査をしていただ
H3103teireikaikaigiroku,2019,1773,決算,協議会また予算決算委員会には資料の間違い等無きよう再度精査をしていただ
H3103teireikaikaigiroku,2019,1804,予算,平成 30 年度御杖村一般会計補正予算（第 6 号）の議定について
H3103teireikaikaigiroku,2019,1804,補正予算,平成 30 年度御杖村一般会計補正予算（第 6 号）の議定について
H3103teireikaikaigiroku,2019,1806,予算,平成 30 年度御杖村国民健康保険特別会計補正予算（第 3 号）の議
H3103teireikaikaigiroku,2019,1806,補正予算,平成 30 年度御杖村国民健康保険特別会計補正予算（第 3 号）の議
H3103teireikaikaigiroku,2019,1809,予算,平成 30 年度御杖村介護保険特別会計補正予算（第 4 号）の議定に
H3103teireikaikaigiroku,2019,1809,補正予算,平成 30 年度御杖村介護保険特別会計補正予算（第 4 号）の議定に
H3103teireikaikaigiroku,2019,1812,予算,平成 31 年度御杖村一般会計予算の議定について
H3103teireikaikaigiroku,2019,1814,予算,平成 31 年度御杖村簡易水道事業特別会計予算の議定について
H3103teireikaikaigiroku,2019,1816,予算,平成 31 年度御杖村国民健康保険特別会計予算の議定について
H3103teireikaikaigiroku,2019,1818,予算,平成 31 年度御杖村介護保険特別会計予算の議定について
H3103teireikaikaigiroku,2019,1820,予算,平成 31 年度御杖村後期高齢者医療特別会計予算の議定について
H3103teireikaikaigiroku,2019,1822,工事,御杖村国民健康保険診療所・保健センター空調設備改修工事に伴う
H3103teireikaikaigiroku,2019,1823,契約,工事請負契約の締結について
H3103teireikaikaigiroku,2019,1823,工事,工事請負契約の締結について
H3103teireikaikaigiroku,2019,1910,予算,・議案第 10 号、平成 30 年度御杖村一般会計補正予算
H3103teireikaikaigiroku,2019,1910,補正予算,・議案第 10 号、平成 30 年度御杖村一般会計補正予算
H3103teireikaikaigiroku,2019,1913,予算,会計補正予算（第 3 号）の議定について
H3103teireikaikaigiroku,2019,1913,補正予算,会計補正予算（第 3 号）の議定について
H3103teireikaikaigiroku,2019,1915,予算,補正予算（第 4 号）の議定について
H3103teireikaikaigiroku,2019,1915,補正予算,補正予算（第 4 号）の議定について
H3103teireikaikaigiroku,2019,1917,予算,会計補正予算（第 6 号）の議定について、日程第 3、議案第 11 号、平成 30
H3103teireikaikaigiroku,2019,1917,補正予算,会計補正予算（第 6 号）の議定について、日程第 3、議案第 11 号、平成 30
H3103teireikaikaigiroku,2019,1920,予算,年度御杖村国民健康保険特別会計補正予算（第 3 号）の議定について、日程
H3103teireikaikaigiroku,2019,1920,補正予算,年度御杖村国民健康保険特別会計補正予算（第 3 号）の議定について、日程
H3103teireikaikaigiroku,2019,1921,予算,第 4、議案第 12 号、平成 30 年度御杖村介護保険特別会計補正予算（第 4 号）
H3103teireikaikaigiroku,2019,1921,補正予算,第 4、議案第 12 号、平成 30 年度御杖村介護保険特別会計補正予算（第 4 号）
H3103teireikaikaigiroku,2019,1923,予算,本案件につきましては、予算決算委員会へ付託した案件でございます。会議
H3103teireikaikaigiroku,2019,1923,決算,本案件につきましては、予算決算委員会へ付託した案件でございます。会議
H3103teireikaikaigiroku,2019,1927,予算,○予案決算委員長（松岡一生君） 予算決算委員会を代表しまして、当委員会に付
H3103teireikaikaigiroku,2019,1927,決算,○予案決算委員長（松岡一生君） 予算決算委員会を代表しまして、当委員会に付
H3103teireikaikaigiroku,2019,1928,予算,託されました、議案第 10 号から議案第 12 号までの補正予算 3 件について、一
H3103teireikaikaigiroku,2019,1928,補正予算,託されました、議案第 10 号から議案第 12 号までの補正予算 3 件について、一
H3103teireikaikaigiroku,2019,1930,予算,まず、審査の経緯ですが、3 月 6 日の本会議において、補正予算 3 件、及び
H3103teireikaikaigiroku,2019,1930,補正予算,まず、審査の経緯ですが、3 月 6 日の本会議において、補正予算 3 件、及び
H3103teireikaikaigiroku,2019,1931,予算,平成 31 年度予算の 5 件、合計 8 件の案件が付託されたことにより、去る 3 月
H3103teireikaikaigiroku,2019,1935,予算,た。一般会計補正予算（第 6 号）では、議員より活発な質疑がなされ、当局よ
H3103teireikaikaigiroku,2019,1935,補正予算,た。一般会計補正予算（第 6 号）では、議員より活発な質疑がなされ、当局よ
H3103teireikaikaigiroku,2019,1936,予算,り答弁いただきました。国民健康保険特別会計補正予算（第 3 号）及び介護保
H3103teireikaikaigiroku,2019,1936,補正予算,り答弁いただきました。国民健康保険特別会計補正予算（第 3 号）及び介護保
H3103teireikaikaigiroku,2019,1937,予算,険特別会計補正予算（第 4 号）では、質疑・討論ともにございませんでした。
H3103teireikaikaigiroku,2019,1937,補正予算,険特別会計補正予算（第 4 号）では、質疑・討論ともにございませんでした。
H3103teireikaikaigiroku,2019,1940,予算,以上で、議案第 10 号から第 12 号についての、予算決算委員会の審査報告
H3103teireikaikaigiroku,2019,1940,決算,以上で、議案第 10 号から第 12 号についての、予算決算委員会の審査報告
H3103teireikaikaigiroku,2019,1949,予算,◎議案第 10 号、平成 30 年度御杖村一般会計補正予算（第
H3103teireikaikaigiroku,2019,1949,補正予算,◎議案第 10 号、平成 30 年度御杖村一般会計補正予算（第
H3103teireikaikaigiroku,2019,1952,予算,会計補正予算（第 6 号）の議定についてを議題とし、討論を行います。
H3103teireikaikaigiroku,2019,1952,補正予算,会計補正予算（第 6 号）の議定についてを議題とし、討論を行います。
H3103teireikaikaigiroku,2019,1961,予算,平成 30 年度御杖村一般会計補正予算（第 6 号）の議定については、委員長の
H3103teireikaikaigiroku,2019,1961,補正予算,平成 30 年度御杖村一般会計補正予算（第 6 号）の議定については、委員長の
H3103teireikaikaigiroku,2019,1967,予算,計補正予算（第 3 号）の議定について［討論、採決］
H3103teireikaikaigiroku,2019,1967,補正予算,計補正予算（第 3 号）の議定について［討論、採決］
H3103teireikaikaigiroku,2019,1969,予算,健康保険特別会計補正予算（第 3 号）の議定についてを議題とし、討論を行い
H3103teireikaikaigiroku,2019,1969,補正予算,健康保険特別会計補正予算（第 3 号）の議定についてを議題とし、討論を行い
H3103teireikaikaigiroku,2019,1979,予算,平成 30 年度御杖村国民健康保険特別会計補正予算(第 3 号)の議定については、
H3103teireikaikaigiroku,2019,1979,補正予算,平成 30 年度御杖村国民健康保険特別会計補正予算(第 3 号)の議定については、
H3103teireikaikaigiroku,2019,1984,予算,計補正予算(第 4 号)の議定について［討論、採決］
H3103teireikaikaigiroku,2019,1984,補正予算,計補正予算(第 4 号)の議定について［討論、採決］
H3103teireikaikaigiroku,2019,1986,予算,保険保険特別会計補正予算(第 4 号)の議定についてを議題とし、討論を行いま
H3103teireikaikaigiroku,2019,1986,補正予算,保険保険特別会計補正予算(第 4 号)の議定についてを議題とし、討論を行いま
H3103teireikaikaigiroku,2019,1996,予算,平成 30 年度御杖村介護保険特別会計補正予算（第 4 号）の議定については、
H3103teireikaikaigiroku,2019,1996,補正予算,平成 30 年度御杖村介護保険特別会計補正予算（第 4 号）の議定については、
H3103teireikaikaigiroku,2019,2001,予算,・議案第 13 号、平成 31 年度御杖村一般会計予算の議
H3103teireikaikaigiroku,2019,2004,予算,会計予算の議定について
H3103teireikaikaigiroku,2019,2006,予算,会計予算の議定について
H3103teireikaikaigiroku,2019,2010,予算,予算の議定について
H3103teireikaikaigiroku,2019,2012,予算,別会計予算の議定について
H3103teireikaikaigiroku,2019,2014,予算,会計予算の議定について、日程第 6、議案第 14 号、平成 31 年度御杖村簡易水
H3103teireikaikaigiroku,2019,2015,予算,道事業特別会計予算の議定について、日程第 7、議案第 15 号、平成 31 年度御
H3103teireikaikaigiroku,2019,2016,予算,杖村国民健康保険特別会計予算の議定について、日程第 8、議案第 16 号、平
H3103teireikaikaigiroku,2019,2017,予算,成 31 年度御杖村介護保険特別会計予算の議定について、日程第 9、議案第 17
H3103teireikaikaigiroku,2019,2018,予算,号、平成 31 年度御杖村後期高齢者医療特別会計予算の議定について
H3103teireikaikaigiroku,2019,2020,予算,本案件につきましては、予算決算委員会へ付託した案件でございます。会議
H3103teireikaikaigiroku,2019,2020,決算,本案件につきましては、予算決算委員会へ付託した案件でございます。会議
H3103teireikaikaigiroku,2019,2024,予算,○予算決算委員長（松岡一生君） 委員会を代表しまして、当委員会に付託されま
H3103teireikaikaigiroku,2019,2024,決算,○予算決算委員長（松岡一生君） 委員会を代表しまして、当委員会に付託されま
H3103teireikaikaigiroku,2019,2025,予算,した、議案第 13 号から議案第 17 号までの、平成 31 年度予算 5 件について、
H3103teireikaikaigiroku,2019,2033,予算,以上で、議案第 13 号から議案第 17 号についての、予算決算委員会の審査
H3103teireikaikaigiroku,2019,2033,決算,以上で、議案第 13 号から議案第 17 号についての、予算決算委員会の審査
H3103teireikaikaigiroku,2019,2041,予算,◎議案第 13 号、平成 31 年度御杖村一般会計予算の議定
H3103teireikaikaigiroku,2019,2044,予算,まず、日程第 5、議案第 13 号、平成 31 年度御杖村一般会計予算の議定に
H3103teireikaikaigiroku,2019,2057,予算,平成 31 年度御杖村一般会計予算の議定については、委員長の報告のとおり可
H3103teireikaikaigiroku,2019,2062,予算,計予算の議定について［討論、採決］
H3103teireikaikaigiroku,2019,2064,予算,易水道事業特別会計予算の議定についてを議題とし、討論を行います。
H3103teireikaikaigiroku,2019,2074,予算,平成 31 年度御杖村簡易水道事業特別会計予算の議定については、委員長の報
H3103teireikaikaigiroku,2019,2079,予算,計予算の議定について［討論、採決］
H3103teireikaikaigiroku,2019,2081,予算,民健康保険特別会計予算の議定についてを議題とし、討論を行います。
H3103teireikaikaigiroku,2019,2091,予算,平成 31 年度御杖村国民健康保険特別会計予算の議定については、委員長の報
H3103teireikaikaigiroku,2019,2098,予算,護保険特別会計予算の議定についてを議題とし、討論を行います。討論はあり
H3103teireikaikaigiroku,2019,2110,予算,平成 31 年度御杖村介護保険特別会計予算の議定については、委員長の報告の
H3103teireikaikaigiroku,2019,2115,予算,会計予算の議定について［討論、採決］
H3103teireikaikaigiroku,2019,2117,予算,期高齢者医療特別会計予算の議定についてを議題とし、討論を行います。
H3103teireikaikaigiroku,2019,2127,予算,平成 31 年度御杖村後期高齢者医療特別会計予算の議定については、委員長報
H3103teireikaikaigiroku,2019,2132,契約,ー空調設備改修工事に伴う工事請負契約の締結につい
H3103teireikaikaigiroku,2019,2132,工事,ー空調設備改修工事に伴う工事請負契約の締結につい
H3103teireikaikaigiroku,2019,2135,契約,療所・保健センター空調設備改修工事に伴う工事請負契約の締結についてを議
H3103teireikaikaigiroku,2019,2135,工事,療所・保健センター空調設備改修工事に伴う工事請負契約の締結についてを議
H3103teireikaikaigiroku,2019,2140,契約,ーの空調設備改修工事に伴う工事請負契約の締結について、議会の議決に付す
H3103teireikaikaigiroku,2019,2140,工事,ーの空調設備改修工事に伴う工事請負契約の締結について、議会の議決に付す
H3103teireikaikaigiroku,2019,2141,契約,べき契約及び財産の取得又は処分に関する条例第 2 条の規定に基づき、予定価
H3103teireikaikaigiroku,2019,2141,財産,べき契約及び財産の取得又は処分に関する条例第 2 条の規定に基づき、予定価
H3103teireikaikaigiroku,2019,2141,取得,べき契約及び財産の取得又は処分に関する条例第 2 条の規定に基づき、予定価
H3103teireikaikaigiroku,2019,2142,工事,格 5 千万円以上の工事又は製造の請負に該当することから、地方自治法第 96
H3103teireikaikaigiroku,2019,2144,契約,契約の内容につきましては、去る 3 月 1 日に一般競争入札を実施し、契約金額
H3103teireikaikaigiroku,2019,2144,入札,契約の内容につきましては、去る 3 月 1 日に一般競争入札を実施し、契約金額
H3103teireikaikaigiroku,2019,2148,契約,修と契約を締結するものでございます。
H3103teireikaikaigiroku,2019,2161,工事,御杖村国民健康保険診療所・保健センター空調設備改修工事に伴う工事請負契
R0105giketukekka,2019,15,予算,発議        予算決算委員会副委員長の辞任について
R0105giketukekka,2019,15,決算,発議        予算決算委員会副委員長の辞任について
R0105giketukekka,2019,18,予算,発委        予算決算委員会副委員長の選任について
R0105giketukekka,2019,18,決算,発委        予算決算委員会副委員長の選任について
R0106giketukekka,2019,2,予算,●村長提出議案（条例５、契約１、予算５、人事３、 計１４件）
R0106giketukekka,2019,2,契約,●村長提出議案（条例５、契約１、予算５、人事３、 計１４件）
R0106giketukekka,2019,21,契約,議案      消防ポンプ自動車購入契約の締結について
R0106giketukekka,2019,24,予算,議案      令和元度御杖村一般会計補正予算（第 1 号）の議定について
R0106giketukekka,2019,24,補正予算,議案      令和元度御杖村一般会計補正予算（第 1 号）の議定について
R0106giketukekka,2019,25,予算,〃       R1.6.11   予算決算   R1.6.19   可 決   R1.6.24     〃
R0106giketukekka,2019,25,決算,〃       R1.6.11   予算決算   R1.6.19   可 決   R1.6.24     〃
R0106giketukekka,2019,27,予算,議案      令和元年度御杖村簡易水道事業特別会計補正予算（第 1 号）の議
R0106giketukekka,2019,27,補正予算,議案      令和元年度御杖村簡易水道事業特別会計補正予算（第 1 号）の議
R0106giketukekka,2019,30,予算,議案      令和元年度御杖村国民健康保険特別会計補正予算（第 1 号）の議
R0106giketukekka,2019,30,補正予算,議案      令和元年度御杖村国民健康保険特別会計補正予算（第 1 号）の議
R0106giketukekka,2019,33,予算,議案      令和元年度御杖村介護保険特別会計補正予算（第 1 号）の議定に
R0106giketukekka,2019,33,補正予算,議案      令和元年度御杖村介護保険特別会計補正予算（第 1 号）の議定に
R0106giketukekka,2019,36,繰越,報告       平成 30 年度御杖村一般会計繰越明許費繰越計算書の報告につ
R0106kaigiroku,2019,51,契約,◎議案第 21 号、消防ポンプ自動車購入契約の締結について［上程、説明、
R0106kaigiroku,2019,53,予算,◎議案第 22 号、令和元度御杖村一般会計補正予算（第 1 号）の議定につい
R0106kaigiroku,2019,53,補正予算,◎議案第 22 号、令和元度御杖村一般会計補正予算（第 1 号）の議定につい
R0106kaigiroku,2019,55,予算,◎議案第 23 号、令和元年度御杖村簡易水道事業特別会計補正予算                  （第 1 号）
R0106kaigiroku,2019,55,補正予算,◎議案第 23 号、令和元年度御杖村簡易水道事業特別会計補正予算                  （第 1 号）
R0106kaigiroku,2019,57,予算,◎議案第 24 号、令和元年度御杖村国民健康保険特別会計補正予算                  （第 1 号）
R0106kaigiroku,2019,57,補正予算,◎議案第 24 号、令和元年度御杖村国民健康保険特別会計補正予算                  （第 1 号）
R0106kaigiroku,2019,59,予算,◎議案第 25 号、令和元年度御杖村介護保険特別会計補正予算（第 1 号）の
R0106kaigiroku,2019,59,補正予算,◎議案第 25 号、令和元年度御杖村介護保険特別会計補正予算（第 1 号）の
R0106kaigiroku,2019,61,繰越,◎報告第 1 号、平成 30 年度御杖村一般会計繰越明許費繰越計算書の報告に
R0106kaigiroku,2019,81,予算,会計補正予算（第 1 号）の議定について ・議案第 23 号、令和元年度御
R0106kaigiroku,2019,81,補正予算,会計補正予算（第 1 号）の議定について ・議案第 23 号、令和元年度御
R0106kaigiroku,2019,82,予算,杖村簡易水道事業特別会計補正予算（第 1 号）の議定について ・議案
R0106kaigiroku,2019,82,補正予算,杖村簡易水道事業特別会計補正予算（第 1 号）の議定について ・議案
R0106kaigiroku,2019,83,予算,第 24 号、令和元年度御杖村国民健康保険特別会計補正予算（第 1 号）
R0106kaigiroku,2019,83,補正予算,第 24 号、令和元年度御杖村国民健康保険特別会計補正予算（第 1 号）
R0106kaigiroku,2019,85,予算,正予算（第 1 号）の議定について ........................... - 27 -
R0106kaigiroku,2019,86,予算,◎議案第 22 号、令和元度御杖村一般会計補正予算（第 1 号）の議定につい
R0106kaigiroku,2019,86,補正予算,◎議案第 22 号、令和元度御杖村一般会計補正予算（第 1 号）の議定につい
R0106kaigiroku,2019,88,予算,◎議案第 23 号、令和元年度御杖村簡易水道事業特別会計補正予算                  （第 1 号）
R0106kaigiroku,2019,88,補正予算,◎議案第 23 号、令和元年度御杖村簡易水道事業特別会計補正予算                  （第 1 号）
R0106kaigiroku,2019,90,予算,◎議案第 24 号、令和元年度御杖村国民健康保険特別会計補正予算                  （第 1 号）
R0106kaigiroku,2019,90,補正予算,◎議案第 24 号、令和元年度御杖村国民健康保険特別会計補正予算                  （第 1 号）
R0106kaigiroku,2019,92,予算,◎議案第 25 号、令和元年度御杖村介護保険保険特別会計補正予算(第 1 号)
R0106kaigiroku,2019,92,補正予算,◎議案第 25 号、令和元年度御杖村介護保険保険特別会計補正予算(第 1 号)
R0106kaigiroku,2019,136,契約,消防ポンプ自動車購入契約の締結について
R0106kaigiroku,2019,138,予算,令和元度御杖村一般会計補正予算（第 1 号）の議定について
R0106kaigiroku,2019,138,補正予算,令和元度御杖村一般会計補正予算（第 1 号）の議定について
R0106kaigiroku,2019,140,予算,令和元年度御杖村簡易水道事業特別会計補正予算（第 1 号）の議
R0106kaigiroku,2019,140,補正予算,令和元年度御杖村簡易水道事業特別会計補正予算（第 1 号）の議
R0106kaigiroku,2019,143,予算,令和元年度御杖村国民健康保険特別会計補正予算（第 1 号）の議
R0106kaigiroku,2019,143,補正予算,令和元年度御杖村国民健康保険特別会計補正予算（第 1 号）の議
R0106kaigiroku,2019,146,予算,令和元年度御杖村介護保険特別会計補正予算（第 1 号）の議定に
R0106kaigiroku,2019,146,補正予算,令和元年度御杖村介護保険特別会計補正予算（第 1 号）の議定に
R0106kaigiroku,2019,152,繰越,平成 30 年度御杖村一般会計繰越明許費繰越計算書の報告について
R0106kaigiroku,2019,249,予算,日から 24 日までの 14 日間とし、全員協議会を 6 月 13 日、予算決算委員会を 6
R0106kaigiroku,2019,249,決算,日から 24 日までの 14 日間とし、全員協議会を 6 月 13 日、予算決算委員会を 6
R0106kaigiroku,2019,257,予算,行い、補正予算 4 件を委員会付託とし、その他の案件については、開会日に即
R0106kaigiroku,2019,257,補正予算,行い、補正予算 4 件を委員会付託とし、その他の案件については、開会日に即
R0106kaigiroku,2019,281,予算,提案されました議案は、平成 31 年度桜井宇陀広域連合各会計予算 3 件で、
R0106kaigiroku,2019,285,予算,"議案第 1 号、平成 31 年度一般会計予算については、歳入歳出予算総額 1,380"
R0106kaigiroku,2019,293,繰越,"1,220 万円、繰越金 160 万円となっております。"
R0106kaigiroku,2019,294,基金,次に議案第 2 号でございます。平成 31 年度ふるさと市町村圏基金特別会計
R0106kaigiroku,2019,295,予算,"予算につきましては、歳入歳出予算総額 1,110 万円で、対前年度と比較しまし"
R0106kaigiroku,2019,316,基金,のは、構成市村の負担金が 400 万円、運用型基金の運用益として 335 万 8 千円、
R0106kaigiroku,2019,317,繰越,繰越金 103 万 1 千円、諸収入である自治総合センター宝くじ助成金 200 万円、
R0106kaigiroku,2019,321,予算,次に、議案第 3 号、平成 31 年度介護保険特別会計予算については、歳入歳
R0106kaigiroku,2019,322,予算,"出予算総額 5,344 万 1 千円で、対前年度と比較をいたしまして 39 万 7 千円の減"
R0106kaigiroku,2019,331,繰越,万円、繰越金 439 万 1 千円、諸収入 5 万円を計上し、歳入歳出の均衡が図ら
R0106kaigiroku,2019,335,予算,議会において、提出議案である、平成 31 年度の各当初予算の概要について説
R0106kaigiroku,2019,370,予算,会で統合校舎の実施設計委託料の補正予算を上程させていただいたところです。
R0106kaigiroku,2019,370,補正予算,会で統合校舎の実施設計委託料の補正予算を上程させていただいたところです。
R0106kaigiroku,2019,388,予算,条例改正、一般会計及び特別会計の補正予算、また報告や人事案件などを含め
R0106kaigiroku,2019,388,補正予算,条例改正、一般会計及び特別会計の補正予算、また報告や人事案件などを含め
R0106kaigiroku,2019,429,予算,度は、誘致に向けて必要な予算の検討に取り組んで行くということで伺っており
R0106kaigiroku,2019,449,予算,"年、29 年度に県予算におきまして、3,800 万、そして 30 年度は、500 万の予算"
R0106kaigiroku,2019,450,予算,が計上されています。そして、今年度はいくらの予算が県予算として計上されて
R0106kaigiroku,2019,460,予算,○1 番（葛城昌俊君） ありがとうございます。150 万、昨年度よりもだいぶ予算削
R0106kaigiroku,2019,463,予算,ッシュしていただいて予算のほうもなるべくアップしていただけるように、パイプ
R0106kaigiroku,2019,480,工事,策を実施し、村道整備としては、生活道路の整備として白髪線の改良工事、観
R0106kaigiroku,2019,481,工事,光客周遊の基となる井出谷太良路線の改良工事など、また、こまどりケーブル株
R0106kaigiroku,2019,515,工事,地内における県道バイパス工事、村道三畝線が完成しました。引き続き白髪線
R0106kaigiroku,2019,681,契約,第 5 条中、産業建設課事務分掌第 11 号「入札及び契約に関すること」を削除
R0106kaigiroku,2019,681,入札,第 5 条中、産業建設課事務分掌第 11 号「入札及び契約に関すること」を削除
R0106kaigiroku,2019,735,契約,◎議案第 21 号、消防ポンプ自動車購入契約の締結につい
R0106kaigiroku,2019,743,契約,決に付すべき契約及び財産の取得又は処分に関する条例」第 3 条の規定に基づ
R0106kaigiroku,2019,743,財産,決に付すべき契約及び財産の取得又は処分に関する条例」第 3 条の規定に基づ
R0106kaigiroku,2019,743,取得,決に付すべき契約及び財産の取得又は処分に関する条例」第 3 条の規定に基づ
R0106kaigiroku,2019,744,財産,"き、予定価格 7,000 千円以上の財産の取得となることから、議会の議決を求め"
R0106kaigiroku,2019,744,取得,"き、予定価格 7,000 千円以上の財産の取得となることから、議会の議決を求め"
R0106kaigiroku,2019,746,契約,"契約金額は、消費税を含めまして 2,073 万 5 千円で、契約の相手方は、大"
R0106kaigiroku,2019,763,契約,消防ポンプ自動車購入契約の締結については、原案のとおり可決されました。
R0106kaigiroku,2019,766,予算,◎議案第 22 号、令和元度御杖村一般会計補正予算（第 1
R0106kaigiroku,2019,766,補正予算,◎議案第 22 号、令和元度御杖村一般会計補正予算（第 1
R0106kaigiroku,2019,769,予算,計補正予算（第 1 号）の議定についてを議題とします。本案について、提案理
R0106kaigiroku,2019,769,補正予算,計補正予算（第 1 号）の議定についてを議題とします。本案について、提案理
R0106kaigiroku,2019,771,予算,"○村長（伊藤収宜君） 本案は、歳入歳出予算それぞれに 7,933 万 7 千円を増額"
R0106kaigiroku,2019,772,予算,"し、歳入歳出予算の総額を歳入歳出それぞれ 22 億 9,233 万 7 千円とするもので"
R0106kaigiroku,2019,778,予算,本案については、全員協議会で詳細説明を受け、予算決算委員会に付託する
R0106kaigiroku,2019,778,決算,本案については、全員協議会で詳細説明を受け、予算決算委員会に付託する
R0106kaigiroku,2019,783,予算,度御杖村一般会計補正予算（第 1 号）の議定については、予算決算委員会に
R0106kaigiroku,2019,783,補正予算,度御杖村一般会計補正予算（第 1 号）の議定については、予算決算委員会に
R0106kaigiroku,2019,783,決算,度御杖村一般会計補正予算（第 1 号）の議定については、予算決算委員会に
R0106kaigiroku,2019,788,予算,補正予算（第 1 号）の議定について［上程、説明、質疑、
R0106kaigiroku,2019,788,補正予算,補正予算（第 1 号）の議定について［上程、説明、質疑、
R0106kaigiroku,2019,791,予算,水道事業特別会計補正予算（第 1 号）の議定についてを議題とします。本案に
R0106kaigiroku,2019,791,補正予算,水道事業特別会計補正予算（第 1 号）の議定についてを議題とします。本案に
R0106kaigiroku,2019,794,予算,○村長（伊藤収宜君）本案は、歳入歳出予算それぞれに 204 万 1 千円を増額し、
R0106kaigiroku,2019,795,予算,"歳入歳出予算の総額を歳入歳出それぞれ 1 億 1,667 万 4 千円とするものでござ"
R0106kaigiroku,2019,802,予算,本案については、全員協議会で詳細説明を受け、予算決算委員会に付託する
R0106kaigiroku,2019,802,決算,本案については、全員協議会で詳細説明を受け、予算決算委員会に付託する
R0106kaigiroku,2019,809,予算,年度御杖村簡易水道事業特別会計補正予算（第 1 号）の議定については、予
R0106kaigiroku,2019,809,補正予算,年度御杖村簡易水道事業特別会計補正予算（第 1 号）の議定については、予
R0106kaigiroku,2019,810,決算,算決算委員会に付託することに決定しました。
R0106kaigiroku,2019,814,予算,補正予算（第 1 号）の議定について［上程、説明、質疑、
R0106kaigiroku,2019,814,補正予算,補正予算（第 1 号）の議定について［上程、説明、質疑、
R0106kaigiroku,2019,817,予算,健康保険特別会計補正予算（第 1 号）の議定についてを議題とします。本案に
R0106kaigiroku,2019,817,補正予算,健康保険特別会計補正予算（第 1 号）の議定についてを議題とします。本案に
R0106kaigiroku,2019,819,予算,○村長（伊藤収宜君） 本案につきましては、診療施設勘定の歳入歳出予算総額に
R0106kaigiroku,2019,820,予算,それぞれ 542 万 1 千円を減額し、歳入歳出予算の総額を歳入歳出それぞれ 1 億
R0106kaigiroku,2019,828,予算,本案については、全員協議会で詳細説明を受け、予算決算委員会に付託する
R0106kaigiroku,2019,828,決算,本案については、全員協議会で詳細説明を受け、予算決算委員会に付託する
R0106kaigiroku,2019,833,予算,年度御杖村国民健康保険特別会計補正予算（第 1 号）の議定については、予
R0106kaigiroku,2019,833,補正予算,年度御杖村国民健康保険特別会計補正予算（第 1 号）の議定については、予
R0106kaigiroku,2019,834,決算,算決算委員会に付託することに決定しました。
R0106kaigiroku,2019,838,予算,予算（第 1 号）の議定について［上程、説明、質疑、付
R0106kaigiroku,2019,841,予算,保険特別会計補正予算（第 1 号）の議定についてを議題とします。本案につい
R0106kaigiroku,2019,841,補正予算,保険特別会計補正予算（第 1 号）の議定についてを議題とします。本案につい
R0106kaigiroku,2019,843,予算,○村長（伊藤収宜君） 本案につきましては、歳入歳出予算それぞれに 46 万 2 千
R0106kaigiroku,2019,844,予算,"円を増額し、歳入歳出予算の総額を歳入歳出それぞれ 3 億 4,446 万 5 千円とす"
R0106kaigiroku,2019,854,予算,本案については、全員協議会で詳細説明を受け、予算決算委員会に付託する
R0106kaigiroku,2019,854,決算,本案については、全員協議会で詳細説明を受け、予算決算委員会に付託する
R0106kaigiroku,2019,858,予算,年度御杖村介護保険特別会計補正予算（第 1 号）の議定については、予算決
R0106kaigiroku,2019,858,補正予算,年度御杖村介護保険特別会計補正予算（第 1 号）の議定については、予算決
R0106kaigiroku,2019,862,繰越,◎報告第 1 号、平成 30 年度御杖村一般会計繰越明許費繰
R0106kaigiroku,2019,865,繰越,会計繰越明許費繰越計算書の報告についてを議題とします。本案について、提
R0106kaigiroku,2019,867,繰越,○副村長（松原永治君） それでは、私から平成 30 年度一般会計の繰越明許費が
R0106kaigiroku,2019,869,繰越,度御杖村一般会計繰越明許費繰越計算書の報告について」をご覧下さい。
R0106kaigiroku,2019,872,繰越,行政情報ホームページ構築の 594 万円は、工程見直しにより繰越をいたしま
R0106kaigiroku,2019,877,入札,"保健福祉センター改修事業の 7,229 万 2 千円につきましては、入札の不調に"
R0106kaigiroku,2019,878,繰越,より工期が遅れたための繰越でしたが、空調更新については、8 月頃竣工予定
R0106kaigiroku,2019,883,取得,実習を行うのに必要なビザ取得が遅れたために、来日が予定より大幅に遅れ、
R0106kaigiroku,2019,884,繰越,建設着工を遅らせることとなったことによる繰越でしたが、移住体験用住宅とし
R0106kaigiroku,2019,888,入札,旬までに入札し、着手できる見込となっております。
R0106kaigiroku,2019,903,繰越,度御杖村一般会計繰越明許費繰越計算書の報告についてを終わります。
R0106kaigiroku,2019,976,財産,氏が、平成 31 年 4 月 16 日土屋原財産区議会議員選挙に立候補されたことから、
R0106kaigiroku,2019,1014,財産,の竹村勝氏が平成 31 年 4 月 16 日神末財産区議会議員選挙に立候補されたこと
R0106kaigiroku,2019,1066,予算,令和元度御杖村一般会計補正予算（第 1 号）の議定について
R0106kaigiroku,2019,1066,補正予算,令和元度御杖村一般会計補正予算（第 1 号）の議定について
R0106kaigiroku,2019,1069,予算,令和元年度御杖村簡易水道事業特別会計補正予算（第 1 号）の議
R0106kaigiroku,2019,1069,補正予算,令和元年度御杖村簡易水道事業特別会計補正予算（第 1 号）の議
R0106kaigiroku,2019,1072,予算,令和元年度御杖村国民健康保険特別会計補正予算（第 1 号）の議
R0106kaigiroku,2019,1072,補正予算,令和元年度御杖村国民健康保険特別会計補正予算（第 1 号）の議
R0106kaigiroku,2019,1075,予算,令和元年度御杖村介護保険特別会計補正予算（第 1 号）の議定に
R0106kaigiroku,2019,1075,補正予算,令和元年度御杖村介護保険特別会計補正予算（第 1 号）の議定に
R0106kaigiroku,2019,1144,予算,・議案第 22 号、令和元年度御杖村一般会計補正予算（第
R0106kaigiroku,2019,1144,補正予算,・議案第 22 号、令和元年度御杖村一般会計補正予算（第
R0106kaigiroku,2019,1147,予算,計補正予算（第 1 号）の議定について
R0106kaigiroku,2019,1147,補正予算,計補正予算（第 1 号）の議定について
R0106kaigiroku,2019,1149,予算,計補正予算（第 1 号）の議定について
R0106kaigiroku,2019,1149,補正予算,計補正予算（第 1 号）の議定について
R0106kaigiroku,2019,1151,予算,正予算（第 1 号）の議定について
R0106kaigiroku,2019,1153,予算,計補正予算（第 1 号）の議定について、日程第 2、議案第 23 号、令和元年度
R0106kaigiroku,2019,1153,補正予算,計補正予算（第 1 号）の議定について、日程第 2、議案第 23 号、令和元年度
R0106kaigiroku,2019,1154,予算,御杖村簡易水道事業特別会計補正予算（第 1 号）の議定について、日程第 3、
R0106kaigiroku,2019,1154,補正予算,御杖村簡易水道事業特別会計補正予算（第 1 号）の議定について、日程第 3、
R0106kaigiroku,2019,1155,予算,議案第 24 号、令和元年度御杖村国民健康保険特別会計補正予算（第 1 号）の
R0106kaigiroku,2019,1155,補正予算,議案第 24 号、令和元年度御杖村国民健康保険特別会計補正予算（第 1 号）の
R0106kaigiroku,2019,1157,予算,補正予算（第 1 号）の議定について、以上の 4 件を、一括議題とします。
R0106kaigiroku,2019,1157,補正予算,補正予算（第 1 号）の議定について、以上の 4 件を、一括議題とします。
R0106kaigiroku,2019,1158,予算,本案件につきましては、予算決算委員会へ付託した案件でございます。会議
R0106kaigiroku,2019,1158,決算,本案件につきましては、予算決算委員会へ付託した案件でございます。会議
R0106kaigiroku,2019,1162,予算,○委員長（松岡一生君） 予算決算委員会を代表しまして、当委員会に付託されま
R0106kaigiroku,2019,1162,決算,○委員長（松岡一生君） 予算決算委員会を代表しまして、当委員会に付託されま
R0106kaigiroku,2019,1163,予算,した、議案第 22 号から議案第 25 号までの補正予算 4 件について、一括して、
R0106kaigiroku,2019,1163,補正予算,した、議案第 22 号から議案第 25 号までの補正予算 4 件について、一括して、
R0106kaigiroku,2019,1165,予算,まず、審査の経緯ですが、6 月 11 日の本会議において、補正予算 4 件が付
R0106kaigiroku,2019,1165,補正予算,まず、審査の経緯ですが、6 月 11 日の本会議において、補正予算 4 件が付
R0106kaigiroku,2019,1177,予算,以上で、議案第 22 号から 25 号についての、予算決算委員会の審査報告とさ
R0106kaigiroku,2019,1177,決算,以上で、議案第 22 号から 25 号についての、予算決算委員会の審査報告とさ
R0106kaigiroku,2019,1179,予算,なお、予算関係議案だけの話ではございませんが、議案等の内容説明に関し、
R0106kaigiroku,2019,1189,予算,◎議案第 22 号、令和元度御杖村一般会計補正予算（第 1
R0106kaigiroku,2019,1189,補正予算,◎議案第 22 号、令和元度御杖村一般会計補正予算（第 1
R0106kaigiroku,2019,1192,予算,補正予算（第 1 号）の議定についてを議題とし、討論を行います。
R0106kaigiroku,2019,1192,補正予算,補正予算（第 1 号）の議定についてを議題とし、討論を行います。
R0106kaigiroku,2019,1201,予算,令和元年度御杖村一般会計補正予算（第 1 号）の議定については、委員長の
R0106kaigiroku,2019,1201,補正予算,令和元年度御杖村一般会計補正予算（第 1 号）の議定については、委員長の
R0106kaigiroku,2019,1206,予算,補正予算（第 1 号）の議定について［討論、採決］
R0106kaigiroku,2019,1206,補正予算,補正予算（第 1 号）の議定について［討論、採決］
R0106kaigiroku,2019,1208,予算,道事業特別会計補正予算（第 1 号）の議定についてを議題とし、討論を行いま
R0106kaigiroku,2019,1208,補正予算,道事業特別会計補正予算（第 1 号）の議定についてを議題とし、討論を行いま
R0106kaigiroku,2019,1218,予算,令和元年度御杖村簡易水道事業特別会計補正予算(第 1 号)の議定については、
R0106kaigiroku,2019,1218,補正予算,令和元年度御杖村簡易水道事業特別会計補正予算(第 1 号)の議定については、
R0106kaigiroku,2019,1225,予算,補正予算（第 1 号）の議定について［討論、採決］
R0106kaigiroku,2019,1225,補正予算,補正予算（第 1 号）の議定について［討論、採決］
R0106kaigiroku,2019,1227,予算,康保険特別会計補正予算（第 1 号）の議定についてを議題とし、討論を行いま
R0106kaigiroku,2019,1227,補正予算,康保険特別会計補正予算（第 1 号）の議定についてを議題とし、討論を行いま
R0106kaigiroku,2019,1237,予算,令和元年度御杖村国民健康保険特別会計補正予算(第 1 号)の議定については、
R0106kaigiroku,2019,1237,補正予算,令和元年度御杖村国民健康保険特別会計補正予算(第 1 号)の議定については、
R0106kaigiroku,2019,1242,予算,補正予算(第 1 号)の議定について［討論、採決］
R0106kaigiroku,2019,1242,補正予算,補正予算(第 1 号)の議定について［討論、採決］
R0106kaigiroku,2019,1244,予算,険保険特別会計補正予算(第 1 号)の議定についてを議題とし、討論を行います。
R0106kaigiroku,2019,1244,補正予算,険保険特別会計補正予算(第 1 号)の議定についてを議題とし、討論を行います。
R0106kaigiroku,2019,1254,予算,令和元年度御杖村介護保険特別会計補正予算（第 1 号）の議定については、
R0106kaigiroku,2019,1254,補正予算,令和元年度御杖村介護保険特別会計補正予算（第 1 号）の議定については、
R0109giketukekka,2019,2,予算,●村長提出議案（条例４、計画１、予算４、契約１、決算５、人事２、報告１、計１８件）
R0109giketukekka,2019,2,決算,●村長提出議案（条例４、計画１、予算４、契約１、決算５、人事２、報告１、計１８件）
R0109giketukekka,2019,2,契約,●村長提出議案（条例４、計画１、予算４、契約１、決算５、人事２、報告１、計１８件）
R0109giketukekka,2019,21,予算,議案      令和元度御杖村一般会計補正予算（第2号）の議定について
R0109giketukekka,2019,21,補正予算,議案      令和元度御杖村一般会計補正予算（第2号）の議定について
R0109giketukekka,2019,22,予算,〃        〃       予算決算    R1.9.10   可 決     〃        〃
R0109giketukekka,2019,22,決算,〃        〃       予算決算    R1.9.10   可 決     〃        〃
R0109giketukekka,2019,24,予算,議案      令和元年度御杖村簡易水道事業特別会計補正予算（第2号）の議定につい
R0109giketukekka,2019,24,補正予算,議案      令和元年度御杖村簡易水道事業特別会計補正予算（第2号）の議定につい
R0109giketukekka,2019,27,予算,議案      令和元年度御杖村国民健康保険特別会計補正予算（第2号）の議定につい
R0109giketukekka,2019,27,補正予算,議案      令和元年度御杖村国民健康保険特別会計補正予算（第2号）の議定につい
R0109giketukekka,2019,30,予算,議案      令和元年度御杖村介護保険特別会計補正予算（第2号）の議定について
R0109giketukekka,2019,30,補正予算,議案      令和元年度御杖村介護保険特別会計補正予算（第2号）の議定について
R0109giketukekka,2019,33,契約,議案      土屋原公民館・体育館耐震改修工事に伴う工事請負契約の締結について
R0109giketukekka,2019,33,工事,議案      土屋原公民館・体育館耐震改修工事に伴う工事請負契約の締結について
R0109giketukekka,2019,36,決算,認定      平成30年度御杖村一般会計歳入歳出決算の認定について
R0109giketukekka,2019,37,予算,〃       R1.9.4   予算決算    R1.9.10   可決      〃       認 定
R0109giketukekka,2019,37,決算,〃       R1.9.4   予算決算    R1.9.10   可決      〃       認 定
R0109giketukekka,2019,39,決算,認定      平成30年度御杖村簡易水道事業特別会計歳入歳出決算の認定について
R0109giketukekka,2019,45,決算,認定    平成30年度御杖村国民健康保険特別会計歳入歳出決算の認定について
R0109giketukekka,2019,46,予算,R1.9.4   R1.9.4   予算決算   R1.9.10   可 決     〃       認 定
R0109giketukekka,2019,46,決算,R1.9.4   R1.9.4   予算決算   R1.9.10   可 決     〃       認 定
R0109giketukekka,2019,48,決算,認定    平成30年度御杖村介護保険特別会計歳入歳出決算の認定について
R0109giketukekka,2019,51,決算,認定    平成30年度御杖村後期高齢者医療特別会計歳入歳出決算の認定につい
R0109kaigiroku,2019,52,予算,◎議案第 31 号、令和元年度御杖村一般会計補正予算（第 2 号）の議定につい
R0109kaigiroku,2019,52,補正予算,◎議案第 31 号、令和元年度御杖村一般会計補正予算（第 2 号）の議定につい
R0109kaigiroku,2019,54,予算,◎議案第 32 号、令和元年度御杖村簡易水道事業特別会計補正予算（第 2 号）
R0109kaigiroku,2019,54,補正予算,◎議案第 32 号、令和元年度御杖村簡易水道事業特別会計補正予算（第 2 号）
R0109kaigiroku,2019,56,予算,◎議案第 33 号、令和元年度御杖村国民健康保険特別会計補正予算（第 2 号）
R0109kaigiroku,2019,56,補正予算,◎議案第 33 号、令和元年度御杖村国民健康保険特別会計補正予算（第 2 号）
R0109kaigiroku,2019,58,予算,◎議案第 34 号、令和元年度御杖村介護保険特別会計補正予算（第 2 号）の議
R0109kaigiroku,2019,58,補正予算,◎議案第 34 号、令和元年度御杖村介護保険特別会計補正予算（第 2 号）の議
R0109kaigiroku,2019,61,決算,・認定第 1 号、平成 30 年度御杖村一般会計歳入歳出決算の認定について
R0109kaigiroku,2019,62,決算,・認定第 2 号、平成 30 年度御杖村簡易水道事業特別会計歳入歳出決算の認
R0109kaigiroku,2019,64,決算,・認定第 3 号、平成 30 年度御杖村国民健康保険特別会計歳入歳出決算の認
R0109kaigiroku,2019,66,決算,・認定第 4 号、平成 30 年度介護保険特別会計歳入歳出決算の認定について
R0109kaigiroku,2019,67,決算,・認定第 5 号、平成 30 年度御杖村後期高齢者医療特別会計歳入歳出決算の
R0109kaigiroku,2019,77,契約,◎議案第 35 号、土屋原公民館・体育館耐震改修工事に伴う工事請負契約の締
R0109kaigiroku,2019,77,工事,◎議案第 35 号、土屋原公民館・体育館耐震改修工事に伴う工事請負契約の締
R0109kaigiroku,2019,96,予算,・議案第 31 号、令和元度御杖村一般会計補正予算（第 2 号）の議定について ・
R0109kaigiroku,2019,96,補正予算,・議案第 31 号、令和元度御杖村一般会計補正予算（第 2 号）の議定について ・
R0109kaigiroku,2019,97,予算,議案第 32 号、令和元年度御杖村簡易水道事業特別会計補正予算（第 2 号）
R0109kaigiroku,2019,97,補正予算,議案第 32 号、令和元年度御杖村簡易水道事業特別会計補正予算（第 2 号）
R0109kaigiroku,2019,99,予算,補正予算（第 2 号）の議定について ・議案第 34 号、令和元年度御杖村介
R0109kaigiroku,2019,99,補正予算,補正予算（第 2 号）の議定について ・議案第 34 号、令和元年度御杖村介
R0109kaigiroku,2019,100,予算,護保険特別会計補正予算（第 2 号）の議定について ............. - 41 -
R0109kaigiroku,2019,100,補正予算,護保険特別会計補正予算（第 2 号）の議定について ............. - 41 -
R0109kaigiroku,2019,101,予算,◎議案第 31 号、令和元度御杖村一般会計補正予算（第 2 号）の議定について
R0109kaigiroku,2019,101,補正予算,◎議案第 31 号、令和元度御杖村一般会計補正予算（第 2 号）の議定について
R0109kaigiroku,2019,103,予算,◎議案第 32 号、令和元年度御杖村簡易水道事業特別会計補正予算（第 2 号）
R0109kaigiroku,2019,103,補正予算,◎議案第 32 号、令和元年度御杖村簡易水道事業特別会計補正予算（第 2 号）
R0109kaigiroku,2019,105,予算,◎議案第 33 号、令和元年度御杖村国民健康保険特別会計補正予算（第 2 号）
R0109kaigiroku,2019,105,補正予算,◎議案第 33 号、令和元年度御杖村国民健康保険特別会計補正予算（第 2 号）
R0109kaigiroku,2019,107,予算,◎議案 34 号、令和元年度御杖村介護保険特別会計補正予算（第 2 号）の議定
R0109kaigiroku,2019,107,補正予算,◎議案 34 号、令和元年度御杖村介護保険特別会計補正予算（第 2 号）の議定
R0109kaigiroku,2019,110,決算,・認定第 1 号、平成 30 年度御杖村一般会計歳入歳出決算の認定について
R0109kaigiroku,2019,111,決算,・認定第 2 号、平成 30 年度御杖村簡易水道事業特別会計歳入歳出決算の認
R0109kaigiroku,2019,113,決算,・認定第 3 号、平成 30 年度御杖村国民健康保険特別会計歳入歳出決算の認
R0109kaigiroku,2019,115,決算,・認定第 4 号、平成 30 年度御杖村介護保険特別会計歳入歳出決算の認定に
R0109kaigiroku,2019,117,決算,・認定第 5 号、平成 30 年度御杖村後期高齢者医療特別会計歳入歳出決算の
R0109kaigiroku,2019,119,決算,◎認定第 1 号、平成 30 年度御杖村一般会計歳入歳出決算の認定について［討
R0109kaigiroku,2019,121,決算,◎認定第 2 号、平成 30 年度御杖村簡易水道事業特別会計歳入歳出決算の認定
R0109kaigiroku,2019,123,決算,◎認定第 3 号、平成 30 年度御杖村国民健康保険特別会計歳入歳出決算の認定
R0109kaigiroku,2019,125,決算,◎認定第 4 号、平成 30 年度御杖村介護保険特別会計歳入歳出決算の認定につ
R0109kaigiroku,2019,127,決算,◎認定第 5 号、平成 30 年度御杖村後期高齢者医療特別会計歳入歳出決算の認
R0109kaigiroku,2019,129,契約,◎議案第 35 号、土屋原公民館・体育館耐震改修工事に伴う工事請負契約の締
R0109kaigiroku,2019,129,工事,◎議案第 35 号、土屋原公民館・体育館耐震改修工事に伴う工事請負契約の締
R0109kaigiroku,2019,178,予算,第 13 議案第 31 号［予算決算委員会付託］
R0109kaigiroku,2019,178,決算,第 13 議案第 31 号［予算決算委員会付託］
R0109kaigiroku,2019,179,予算,令和元度御杖村一般会計補正予算（第 2 号）の議定について
R0109kaigiroku,2019,179,補正予算,令和元度御杖村一般会計補正予算（第 2 号）の議定について
R0109kaigiroku,2019,180,予算,第 14 議案第 32 号［予算決算委員会付託］
R0109kaigiroku,2019,180,決算,第 14 議案第 32 号［予算決算委員会付託］
R0109kaigiroku,2019,181,予算,令和元年度御杖村簡易水道事業特別会計補正予算（第 2 号）の議
R0109kaigiroku,2019,181,補正予算,令和元年度御杖村簡易水道事業特別会計補正予算（第 2 号）の議
R0109kaigiroku,2019,183,予算,第 15 議案第 33 号［予算決算委員会付託］
R0109kaigiroku,2019,183,決算,第 15 議案第 33 号［予算決算委員会付託］
R0109kaigiroku,2019,184,予算,令和元年度御杖村国民健康保険特別会計補正予算（第 2 号）の議
R0109kaigiroku,2019,184,補正予算,令和元年度御杖村国民健康保険特別会計補正予算（第 2 号）の議
R0109kaigiroku,2019,186,予算,第 16 議案第 34 号［予算決算委員会付託］
R0109kaigiroku,2019,186,決算,第 16 議案第 34 号［予算決算委員会付託］
R0109kaigiroku,2019,187,予算,令和元年度御杖村介護保険特別会計補正予算（第 2 号）の議定に
R0109kaigiroku,2019,187,補正予算,令和元年度御杖村介護保険特別会計補正予算（第 2 号）の議定に
R0109kaigiroku,2019,191,予算,第 17   認定第 1 号［予算決算委員会付託］
R0109kaigiroku,2019,191,決算,第 17   認定第 1 号［予算決算委員会付託］
R0109kaigiroku,2019,192,決算,平成 30 年度御杖村一般会計歳入歳出決算の認定について
R0109kaigiroku,2019,193,予算,第 18   認定第 2 号［予算決算委員会付託］
R0109kaigiroku,2019,193,決算,第 18   認定第 2 号［予算決算委員会付託］
R0109kaigiroku,2019,194,決算,平成 30 年度御杖村簡易水道事業特別会計歳入歳出決算の認定につ
R0109kaigiroku,2019,196,予算,第 19   認定第 3 号［予算決算委員会付託］
R0109kaigiroku,2019,196,決算,第 19   認定第 3 号［予算決算委員会付託］
R0109kaigiroku,2019,197,決算,平成 30 年度御杖村国民健康保険特別会計歳入歳出決算の認定につ
R0109kaigiroku,2019,199,予算,第 20   認定第 4 号［予算決算委員会付託］
R0109kaigiroku,2019,199,決算,第 20   認定第 4 号［予算決算委員会付託］
R0109kaigiroku,2019,200,決算,平成 30 年度御杖村介護保険特別会計歳入歳出決算の認定について
R0109kaigiroku,2019,201,予算,第 21   認定第 5 号［予算決算委員会付託］
R0109kaigiroku,2019,201,決算,第 21   認定第 5 号［予算決算委員会付託］
R0109kaigiroku,2019,202,決算,平成 30 年度御杖村後期高齢者医療特別会計歳入歳出決算の認定に
R0109kaigiroku,2019,214,契約,土屋原公民館・体育館耐震改修工事に伴う工事請負契約の締結につ
R0109kaigiroku,2019,214,工事,土屋原公民館・体育館耐震改修工事に伴う工事請負契約の締結につ
R0109kaigiroku,2019,303,予算,13 日までの 10 日間とし、全員協議会を 5 日、むらづくり委員会を 6 日、予算決
R0109kaigiroku,2019,312,予算,行い、議案第 27 号と 30 号をむらづくり委員会へ、補正予算 4 件と決算 5 件は
R0109kaigiroku,2019,312,補正予算,行い、議案第 27 号と 30 号をむらづくり委員会へ、補正予算 4 件と決算 5 件は
R0109kaigiroku,2019,312,決算,行い、議案第 27 号と 30 号をむらづくり委員会へ、補正予算 4 件と決算 5 件は
R0109kaigiroku,2019,313,予算,予算決算委員会へそれぞれ付託し、その他の案件については、開会日に即決す
R0109kaigiroku,2019,313,決算,予算決算委員会へそれぞれ付託し、その他の案件については、開会日に即決す
R0109kaigiroku,2019,379,繰越,続いて、報告第 3 号、平成 30 年度奈良県広域消防組合一般会計繰越明許費
R0109kaigiroku,2019,380,繰越,繰越計算書の報告について、地方自治法第 213 条第 1 項の規定により、消防救
R0109kaigiroku,2019,381,繰越,"急デジタル無線伝播調査業務委託事業、1,490 万 4 千円の繰越の報告です。"
R0109kaigiroku,2019,382,繰越,報告第 4 号、平成 30 年度奈良県広域消防組合中和消防事業特別会計繰越明
R0109kaigiroku,2019,383,繰越,許費繰越計算書の報告について、地方自治法第 213 条第 1 項の規定により、高
R0109kaigiroku,2019,384,繰越,"田消防署水槽付消防ポンプ車整備事業、4,485 万円の繰越の報告です。"
R0109kaigiroku,2019,392,予算,議第 32 号、令和元年度奈良県広域消防組合一般会計補正予算第 1 号につい
R0109kaigiroku,2019,392,補正予算,議第 32 号、令和元年度奈良県広域消防組合一般会計補正予算第 1 号につい
R0109kaigiroku,2019,393,予算,"て、歳入歳出予算からそれぞれ 1,840 万 8 千円を減額し、総額 32 億 5,715 万 2"
R0109kaigiroku,2019,398,基金,政調整基金繰入金の 492 千円の増額となっております。
R0109kaigiroku,2019,399,財産,議第 33 号、議第 34 号、および議第 35 号は財産の取得です。財産を買い入
R0109kaigiroku,2019,399,取得,議第 33 号、議第 34 号、および議第 35 号は財産の取得です。財産を買い入
R0109kaigiroku,2019,401,契約,すべき契約及び財産の取得又は処分に関する条例第 3 条の規定による議決を求
R0109kaigiroku,2019,401,財産,すべき契約及び財産の取得又は処分に関する条例第 3 条の規定による議決を求
R0109kaigiroku,2019,401,取得,すべき契約及び財産の取得又は処分に関する条例第 3 条の規定による議決を求
R0109kaigiroku,2019,405,取得,"議案第 33 号は、防火服一式、3,112 万 848 円の取得です。議案第 34 号、ネ"
R0109kaigiroku,2019,406,取得,"ットワークパソコン 200 台、3,013 万 2 千円の取得です。議案第 35 号、高規格"
R0109kaigiroku,2019,407,取得,"救急自動車 6 台、1 億 5,992 万 6,400 円の取得です。"
R0109kaigiroku,2019,408,財産,以上、33 号から 35 号までの財産の取得の内容でございます。
R0109kaigiroku,2019,408,取得,以上、33 号から 35 号までの財産の取得の内容でございます。
R0109kaigiroku,2019,415,財産,との報告がありました。議案第 35 号、財産の取得について、高規格救急自動車
R0109kaigiroku,2019,415,取得,との報告がありました。議案第 35 号、財産の取得について、高規格救急自動車
R0109kaigiroku,2019,416,契約,6 台の契約金額に誤植があることが分かりました。11 月 25 日に次回予定されて
R0109kaigiroku,2019,454,予算,条例制定、一般会計及び特別会計の補正予算、平成 30 年度一般会計及び特別
R0109kaigiroku,2019,454,補正予算,条例制定、一般会計及び特別会計の補正予算、平成 30 年度一般会計及び特別
R0109kaigiroku,2019,455,決算,会計の決算認定、また人事案件など報告を含めまして 18 件となっております。
R0109kaigiroku,2019,506,工事,桃俣地内の県道バイパス工事、村道三畝線が完成しました。引き続き、現在実
R0109kaigiroku,2019,798,予算,◎議案第 31 号、令和元年度御杖村一般会計補正予算（第
R0109kaigiroku,2019,798,補正予算,◎議案第 31 号、令和元年度御杖村一般会計補正予算（第
R0109kaigiroku,2019,801,予算,会計補正予算（第 2 号）の議定についてを議題とします。本案について、提案
R0109kaigiroku,2019,801,補正予算,会計補正予算（第 2 号）の議定についてを議題とします。本案について、提案
R0109kaigiroku,2019,804,予算,"○村長（伊藤収宜君） 本案は、歳入歳出予算それぞれに 2 億 7,067 万 2 千円を"
R0109kaigiroku,2019,805,予算,"追加し、歳入歳出予算の総額を歳入歳出それぞれ 25 億 6,300 万 9 千円とする"
R0109kaigiroku,2019,807,基金,今回の主な補正の内容は、平成 30 年度の繰越金を基金に積み立てるもので
R0109kaigiroku,2019,807,繰越,今回の主な補正の内容は、平成 30 年度の繰越金を基金に積み立てるもので
R0109kaigiroku,2019,814,予算,本案については、全員協議会で詳細な説明を受け、予算決算委員会に付託す
R0109kaigiroku,2019,814,決算,本案については、全員協議会で詳細な説明を受け、予算決算委員会に付託す
R0109kaigiroku,2019,821,予算,年度御杖村一般会計補正予算（第 2 号）の議定については、予算決算委員会
R0109kaigiroku,2019,821,補正予算,年度御杖村一般会計補正予算（第 2 号）の議定については、予算決算委員会
R0109kaigiroku,2019,821,決算,年度御杖村一般会計補正予算（第 2 号）の議定については、予算決算委員会
R0109kaigiroku,2019,826,予算,補正予算（第 2 号）の議定について［上程、説明、質疑、
R0109kaigiroku,2019,826,補正予算,補正予算（第 2 号）の議定について［上程、説明、質疑、
R0109kaigiroku,2019,829,予算,水道事業特別会計補正予算（第 2 号）の議定についてを議題とします。本案に
R0109kaigiroku,2019,829,補正予算,水道事業特別会計補正予算（第 2 号）の議定についてを議題とします。本案に
R0109kaigiroku,2019,832,予算,○村長（伊藤収宜君） 本案は、歳入歳出予算それぞれに 254 万 4 千円を追加し、
R0109kaigiroku,2019,833,予算,"歳入歳出予算の総額を歳入歳出それぞれ 1 億 1,921 万 8 千円とするものでござ"
R0109kaigiroku,2019,835,基金,今回の主な補正の内容は、平成 30 年度の繰越金を基金に積み立てるもので
R0109kaigiroku,2019,835,繰越,今回の主な補正の内容は、平成 30 年度の繰越金を基金に積み立てるもので
R0109kaigiroku,2019,842,予算,本案については、全員協議会で詳細な説明を受け、予算決算委員会に付託す
R0109kaigiroku,2019,842,決算,本案については、全員協議会で詳細な説明を受け、予算決算委員会に付託す
R0109kaigiroku,2019,847,予算,元年度御杖村簡易水道事業特別会計補正予算（第 2 号）の議定については、
R0109kaigiroku,2019,847,補正予算,元年度御杖村簡易水道事業特別会計補正予算（第 2 号）の議定については、
R0109kaigiroku,2019,848,予算,予算決算委員会に付託することに決定しました。
R0109kaigiroku,2019,848,決算,予算決算委員会に付託することに決定しました。
R0109kaigiroku,2019,852,予算,補正予算（第 2 号）の議定について［上程、説明、質疑、
R0109kaigiroku,2019,852,補正予算,補正予算（第 2 号）の議定について［上程、説明、質疑、
R0109kaigiroku,2019,855,予算,健康保険特別会計補正予算（第 2 号）の議定についてを議題とします。本案に
R0109kaigiroku,2019,855,補正予算,健康保険特別会計補正予算（第 2 号）の議定についてを議題とします。本案に
R0109kaigiroku,2019,858,予算,○村長（伊藤収宜君） 本案は、診療施設勘定の歳入歳出予算それぞれに 231 万
R0109kaigiroku,2019,859,予算,"円を追加し、歳入歳出予算の総額を歳入歳出それぞれ 1 億 2,259 万 4 千円とす"
R0109kaigiroku,2019,870,予算,本案については、全員協議会で詳細な説明を受け、予算決算委員会に付
R0109kaigiroku,2019,870,決算,本案については、全員協議会で詳細な説明を受け、予算決算委員会に付
R0109kaigiroku,2019,874,予算,年度御杖村国民健康保険特別会計補正予算（第 2 号）の議定については、予
R0109kaigiroku,2019,874,補正予算,年度御杖村国民健康保険特別会計補正予算（第 2 号）の議定については、予
R0109kaigiroku,2019,875,決算,算決算委員会に付託することに決定しました。
R0109kaigiroku,2019,879,予算,予算（第 2 号）の議定について［上程、説明、質疑、付
R0109kaigiroku,2019,882,予算,保険特別会計補正予算（第 2 号）の議定についてを議題とします。本案につい
R0109kaigiroku,2019,882,補正予算,保険特別会計補正予算（第 2 号）の議定についてを議題とします。本案につい
R0109kaigiroku,2019,885,予算,"○村長（伊藤収宜君） 本案は、歳入歳出予算それぞれに 5,237 万 1 千円を追加"
R0109kaigiroku,2019,886,予算,"し、歳入歳出予算の総額を歳入歳出それぞれ 3 億 9,683 万 6 千円とするもので"
R0109kaigiroku,2019,893,予算,本案については、全員協議会で詳細な説明を受け、予算決算委員会に付託す
R0109kaigiroku,2019,893,決算,本案については、全員協議会で詳細な説明を受け、予算決算委員会に付託す
R0109kaigiroku,2019,898,予算,年度御杖村介護保険特別会計補正予算（第 2 号）の議定については、予算決
R0109kaigiroku,2019,898,補正予算,年度御杖村介護保険特別会計補正予算（第 2 号）の議定については、予算決
R0109kaigiroku,2019,915,決算,計歳入歳出決算の認定について
R0109kaigiroku,2019,917,決算,計歳入歳出決算の認定について
R0109kaigiroku,2019,919,決算,決算の認定について
R0109kaigiroku,2019,921,決算,会計歳入歳出決算の認定について
R0109kaigiroku,2019,923,決算,会計歳入歳出決算の認定について、日程第 18、認定第 2 号、平成 30 年度御杖
R0109kaigiroku,2019,924,決算,村簡易水道事業特別会計歳入歳出決算の認定について、日程第 19、認定第 3
R0109kaigiroku,2019,925,決算,号、平成 30 年度御杖村国民健康保険特別会計歳入歳出決算の認定について、
R0109kaigiroku,2019,926,決算,日程第 20、認定第 4 号、平成 30 年度介護保険特別会計歳入歳出決算の認定
R0109kaigiroku,2019,928,決算,計歳入歳出決算の認定について、以上 5 議案は、平成 30 年度各会計決算の案
R0109kaigiroku,2019,930,決算,まず、一般会計決算について、説明を求めます。
R0109kaigiroku,2019,933,決算,地方自治法第 233 条の規定により、平成 30 年度御杖村一般会計歳入歳出決算
R0109kaigiroku,2019,937,決算,○会計管理者（古谷依子君） 平成 30 年度一般会計決算につきまして、本日提案
R0109kaigiroku,2019,938,決算,を致しました概要につきまして、皆様に、決算の内容に関する説明書をお配りさ
R0109kaigiroku,2019,952,予算,一般会計決算の概要、予算の執行にあたって、計上した歳入については財源
R0109kaigiroku,2019,952,決算,一般会計決算の概要、予算の執行にあたって、計上した歳入については財源
R0109kaigiroku,2019,954,決算,30 年度の一般会計歳入歳出決算額は、決算書の 91 ページの実質収支に関する
R0109kaigiroku,2019,957,繰越,"収支差引額から、繰越明許費によって翌年度へ繰り越すべき財源 3,154 万 1"
R0109kaigiroku,2019,959,決算,次に 「歳入決算の状況について」ですが平成 30 年度の歳入総額は、23 億
R0109kaigiroku,2019,963,繰越,"万 5 千円、同 15.5％、繰越金 3 億 1,455 万 7 千円、同 13.2％、村債 2 億 3,210"
R0109kaigiroku,2019,965,決算,詳細につきましては、次のページ、2 ページの第 1 表一般会計歳入決算の内
R0109kaigiroku,2019,967,決算,これを前年度決算額と比較しますと、村税は第 2 表のとおり、総額で 1 億 364
R0109kaigiroku,2019,972,決算,それぞれの税の状況は次のページ、3 ページ、第 2 表、村税決算の状況のと
R0109kaigiroku,2019,996,財産,続いて財産収入は、581 万 9 千円で、前年度に比べて 19 万 1 千円 3.2％の
R0109kaigiroku,2019,997,基金,減額となりました。金融機関の預金金利の低下に伴う基金利息収入の減額が主
R0109kaigiroku,2019,999,基金,"平成 30 年度末における基金の現金保有残高は 27 億 9,254 万 4 千円で、各"
R0109kaigiroku,2019,1000,基金,基金別の内訳は第 5 表のとおりでございます。
R0109kaigiroku,2019,1001,基金,なお、第 5 表の備考にありますとおり、土地開発基金につきましては平成 30
R0109kaigiroku,2019,1004,繰越,"繰越金は、3 億 1,455 万 7 千円で、対前年度 7,989 万円 2.6％の増額となっ"
R0109kaigiroku,2019,1017,決算,つづきまして、7 ページの歳出決算の状況についてでございますが、平成 30
R0109kaigiroku,2019,1020,決算,"目的別決算の主な内訳は、構成比の高いものから申しますと民生費 3 億 8,663"
R0109kaigiroku,2019,1023,決算,それぞれの目的別決算の状況は、第 6 表のとおりでございます。
R0109kaigiroku,2019,1024,決算,前年度決算と比較して増額となった項目では、教育費が、桃俣多目的研修セ
R0109kaigiroku,2019,1025,工事,"ンター・体育館耐震改修工事、神末体育館屋根改修工事等により、6,746 万 3"
R0109kaigiroku,2019,1026,工事,千円 47.4％の増、商工費が地域資源活用事業や三季館屋根塗装工事等により
R0109kaigiroku,2019,1029,基金,一方、減額となった項目については、総務費が基金積立金の減額等により 1
R0109kaigiroku,2019,1033,決算,性質別決算の主な内訳は、構成比の高いものから申しますと普通建設事業費
R0109kaigiroku,2019,1037,決算,前年度決算額と比較しますと、人件費は、職員給の減少や退職手当負担金の
R0109kaigiroku,2019,1047,補助金,"会負担金の減、奥宇陀線維持対策補助金の終了等により 1,348 万円 10.0％の"
R0109kaigiroku,2019,1063,決算,以上で一般会計決算の概要説明を終わらせて頂きます。
R0109kaigiroku,2019,1064,決算,詳細につきましては、決算事項別明細書や主要施策の成果に関する報告書を
R0109kaigiroku,2019,1066,決算,○議長（山岡隆良君） 次に、特別会計決算を一括して、説明を求めます。
R0109kaigiroku,2019,1070,決算,特別会計、後期高齢者医療特別会計の歳入歳出決算の認定について、上程する
R0109kaigiroku,2019,1074,決算,○会計管理者（古谷依子君） 平成 30 年度特別会計決算につきまして決算の内容
R0109kaigiroku,2019,1075,決算,に関する説明書 11 ページでございますが、第 10 表のとおり、特別会計決算の
R0109kaigiroku,2019,1093,基金,財政調整基金の取崩しは行いませんでした。
R0109kaigiroku,2019,1118,決算,以上で特別会計の決算の概要並びに村債の状況についての説明を終わらせ
R0109kaigiroku,2019,1119,決算,ていただきます。一般会計同様、詳細につきましては、決算事項別明細書等を
R0109kaigiroku,2019,1121,決算,○議長（山岡隆良君） ここで、平成 30 年度一般会計及び特別会計の決算につい
R0109kaigiroku,2019,1122,決算,て、監査委員に決算審査の意見を求めます。
R0109kaigiroku,2019,1124,決算,○監査委員（山崎往男君） ただいま、議長のご指名がございましたので、決算審
R0109kaigiroku,2019,1126,決算,別会計の決算審査意見書をご覧いただきたいと思います。
R0109kaigiroku,2019,1128,決算,監査委員とともに審査をさせて頂きました。決算審査意見書の各諸表の朗読は
R0109kaigiroku,2019,1129,決算,省略させて頂き、7 ページの決算審査結論の朗読をもって報告に代えさせて頂き
R0109kaigiroku,2019,1131,決算,平成 30 年度決算審査結論、地方公共団体の財政の健全化に関する法律の施
R0109kaigiroku,2019,1150,決算,う強く切望し、平成 30 年度決算審査の結論とする。以上でございます。
R0109kaigiroku,2019,1151,決算,○議長（山岡隆良君） ただ今、当局よりの説明と、監査委員より決算審査に係る
R0109kaigiroku,2019,1153,決算,これから決算 5 議案を一括して、総括的質疑を行います。
R0109kaigiroku,2019,1157,予算,決算議案について、一括して予算決算委員会に付託することにしたいと思い
R0109kaigiroku,2019,1157,決算,決算議案について、一括して予算決算委員会に付託することにしたいと思い
R0109kaigiroku,2019,1161,決算,5 号までの平成 30 年度一般会計歳入歳出決算および各特別会計歳入歳出決算
R0109kaigiroku,2019,1162,予算,の認定については、予算決算委員会に付託することに決定しました。
R0109kaigiroku,2019,1162,決算,の認定については、予算決算委員会に付託することに決定しました。
R0109kaigiroku,2019,1425,工事,ことで、工事等請け負いしたときには、生態系の調査もするそんななかで環境保
R0109kaigiroku,2019,1432,工事,いるとされる区域でございますので、昨今のいろんな河川の改修工事等に伴いま
R0109kaigiroku,2019,1434,工事,いうことも含めて、実際にそれぞれ工事があがってきますとその辺の確認から作
R0109kaigiroku,2019,1456,工事,◎議案第 35 号、土屋原公民館・体育館耐震改修工事に伴
R0109kaigiroku,2019,1457,契約,う工事請負契約の締結について
R0109kaigiroku,2019,1457,工事,う工事請負契約の締結について
R0109kaigiroku,2019,1459,契約,耐震改修工事に伴う工事請負契約の締結についてを議題とします。本案につき
R0109kaigiroku,2019,1459,工事,耐震改修工事に伴う工事請負契約の締結についてを議題とします。本案につき
R0109kaigiroku,2019,1463,工事,○村長（伊藤収宜君） 本案につきましては、土屋原公民館・体育館耐震改修工事
R0109kaigiroku,2019,1464,契約,に伴う工事請負契約の締結についてでございます。議会の議決に付すべき契約
R0109kaigiroku,2019,1464,工事,に伴う工事請負契約の締結についてでございます。議会の議決に付すべき契約
R0109kaigiroku,2019,1465,財産,及び財産の取得又は処分に関する条例第 2 条の規定に定める予定価格 5 千万円
R0109kaigiroku,2019,1465,取得,及び財産の取得又は処分に関する条例第 2 条の規定に定める予定価格 5 千万円
R0109kaigiroku,2019,1466,契約,以上の工事請負契約に該当することから、地方自治法第 96 条第 1 項第 5 号の
R0109kaigiroku,2019,1466,工事,以上の工事請負契約に該当することから、地方自治法第 96 条第 1 項第 5 号の
R0109kaigiroku,2019,1468,契約,契約の内容につきましては、8 月 30 日に一般競争入札を行いまして、契約金
R0109kaigiroku,2019,1468,入札,契約の内容につきましては、8 月 30 日に一般競争入札を行いまして、契約金
R0109kaigiroku,2019,1470,契約,本店常務執行役員本店長髙田幸伸と、契約を締結するものであります。
R0109kaigiroku,2019,1474,契約,○7 番（盛岡英成君） 契約金額そのものは別段どうのこうのではなしに、大まかな
R0109kaigiroku,2019,1481,工事,○教育次長（中村康幸君） ご質問いただきました工事の概要についてなんですけ
R0109kaigiroku,2019,1485,工事,査等も行ったわけなんですけども、今回の改修に合わせて張り替え工事をさせて
R0109kaigiroku,2019,1489,工事,また、屋根の排水設備等の特に樋回りとかそういったものの改修の工事を予
R0109kaigiroku,2019,1490,契約,定をしておりまして、工期につきましては、今契約しようとしています契約の中に
R0109kaigiroku,2019,1497,契約,"○6 番（木村忠雄君） これは契約金額が 8,283 万円となっていますが、村が設定"
R0109kaigiroku,2019,1502,契約,○教育次長（中村康幸君） この契約におきましての村が予定価格としておりました
R0109kaigiroku,2019,1503,契約,"金額は、8,285 万 2,330 円になりまして、実契約との差は、2 万 2 千円程度の差"
R0109kaigiroku,2019,1506,入札,○6 番（木村忠雄君） それで、村本建設が落札しておりますが、何社入札があり
R0109kaigiroku,2019,1508,入札,○教育次長（中村康幸君） 一般競争入札に対しまして、応札は 1 社でした。
R0109kaigiroku,2019,1517,入札,やということになってくると、なんと言うかな本当にこれが入札として正しいのか
R0109kaigiroku,2019,1519,入札,それは予定価格で入札をして入札者が他にいなかったからということはよく分か
R0109kaigiroku,2019,1521,入札,いくかもっと入札価格が下がって行く場合もあると、そういうこともあるので、少
R0109kaigiroku,2019,1547,契約,育館耐震改修工事に伴う工事請負契約の締結については、全員協議会で詳細説
R0109kaigiroku,2019,1547,工事,育館耐震改修工事に伴う工事請負契約の締結については、全員協議会で詳細説
R0109kaigiroku,2019,1586,予算,令和元度御杖村一般会計補正予算（第 2 号）の議定について
R0109kaigiroku,2019,1586,補正予算,令和元度御杖村一般会計補正予算（第 2 号）の議定について
R0109kaigiroku,2019,1588,予算,令和元年度御杖村簡易水道事業特別会計補正予算（第 2 号）の議
R0109kaigiroku,2019,1588,補正予算,令和元年度御杖村簡易水道事業特別会計補正予算（第 2 号）の議
R0109kaigiroku,2019,1591,予算,令和元年度御杖村国民健康保険特別会計補正予算（第 2 号）の議
R0109kaigiroku,2019,1591,補正予算,令和元年度御杖村国民健康保険特別会計補正予算（第 2 号）の議
R0109kaigiroku,2019,1594,予算,令和元年度御杖村介護保険特別会計補正予算（第 2 号）の議定に
R0109kaigiroku,2019,1594,補正予算,令和元年度御杖村介護保険特別会計補正予算（第 2 号）の議定に
R0109kaigiroku,2019,1597,決算,平成 30 年度御杖村一般会計歳入歳出決算の認定について
R0109kaigiroku,2019,1599,決算,平成 30 年度御杖村簡易水道事業特別会計歳入歳出決算の認定につ
R0109kaigiroku,2019,1602,決算,平成 30 年度御杖村国民健康保険特別会計歳入歳出決算の認定につ
R0109kaigiroku,2019,1605,決算,平成 30 年度御杖村介護保険特別会計歳入歳出決算の認定について
R0109kaigiroku,2019,1607,決算,平成 30 年度御杖村後期高齢者医療特別会計歳入歳出決算の認定に
R0109kaigiroku,2019,1610,契約,土屋原公民館・体育館耐震改修工事に伴う工事請負契約の締結につ
R0109kaigiroku,2019,1610,工事,土屋原公民館・体育館耐震改修工事に伴う工事請負契約の締結につ
R0109kaigiroku,2019,1762,予算,・議案第 31 号、令和元度御杖村一般会計補正予算（第
R0109kaigiroku,2019,1762,補正予算,・議案第 31 号、令和元度御杖村一般会計補正予算（第
R0109kaigiroku,2019,1765,予算,計補正予算（第 2 号）の議定について
R0109kaigiroku,2019,1765,補正予算,計補正予算（第 2 号）の議定について
R0109kaigiroku,2019,1767,予算,計補正予算（第 2 号）の議定について
R0109kaigiroku,2019,1767,補正予算,計補正予算（第 2 号）の議定について
R0109kaigiroku,2019,1769,予算,正予算（第 2 号）の議定について
R0109kaigiroku,2019,1771,予算,補正予算第 2 号の議定について、議案第 32 号、令和元年度御杖村簡易水道事
R0109kaigiroku,2019,1771,補正予算,補正予算第 2 号の議定について、議案第 32 号、令和元年度御杖村簡易水道事
R0109kaigiroku,2019,1772,予算,業特別会計補正予算第 2 号の議定について、日程第 5、議案第 33 号、令和元
R0109kaigiroku,2019,1772,補正予算,業特別会計補正予算第 2 号の議定について、日程第 5、議案第 33 号、令和元
R0109kaigiroku,2019,1773,予算,年度御杖村国民健康保険特別会計補正予算第 2 号の議定について、日程第 6、
R0109kaigiroku,2019,1773,補正予算,年度御杖村国民健康保険特別会計補正予算第 2 号の議定について、日程第 6、
R0109kaigiroku,2019,1774,予算,議案第 34 号、令和元年度御杖村介護保険特別会計補正予算第 2 号の議定につ
R0109kaigiroku,2019,1774,補正予算,議案第 34 号、令和元年度御杖村介護保険特別会計補正予算第 2 号の議定につ
R0109kaigiroku,2019,1776,予算,本案件につきましては、予算決算委員会へ付託した案件でございます。会議
R0109kaigiroku,2019,1776,決算,本案件につきましては、予算決算委員会へ付託した案件でございます。会議
R0109kaigiroku,2019,1780,予算,○予算決算委員長（松岡一生君） 委員会を代表しまして、付託されました議案第
R0109kaigiroku,2019,1780,決算,○予算決算委員長（松岡一生君） 委員会を代表しまして、付託されました議案第
R0109kaigiroku,2019,1783,予算,経過でございますが、9 月 4 日開会の定例会において、補正予算 4 件及び決
R0109kaigiroku,2019,1783,補正予算,経過でございますが、9 月 4 日開会の定例会において、補正予算 4 件及び決
R0109kaigiroku,2019,1786,予算,ただいま議題の補正予算 4 件につきましては、会計ごとに質疑及び討論と採
R0109kaigiroku,2019,1786,補正予算,ただいま議題の補正予算 4 件につきましては、会計ごとに質疑及び討論と採
R0109kaigiroku,2019,1792,予算,採決の結果につきましては、補正予算 4 会計とも、全員の賛成により、原案
R0109kaigiroku,2019,1792,補正予算,採決の結果につきましては、補正予算 4 会計とも、全員の賛成により、原案
R0109kaigiroku,2019,1794,予算,以上で、議案第 31 号から議案第 34 号についての、予算決算委員会の委員
R0109kaigiroku,2019,1794,決算,以上で、議案第 31 号から議案第 34 号についての、予算決算委員会の委員
R0109kaigiroku,2019,1804,予算,◎議案第 31 号、令和元度御杖村一般会計補正予算（第 2
R0109kaigiroku,2019,1804,補正予算,◎議案第 31 号、令和元度御杖村一般会計補正予算（第 2
R0109kaigiroku,2019,1807,予算,まず、日程第 3、議案第 31 号、令和元度御杖村一般会計補正予算第 2 号の
R0109kaigiroku,2019,1807,補正予算,まず、日程第 3、議案第 31 号、令和元度御杖村一般会計補正予算第 2 号の
R0109kaigiroku,2019,1818,予算,令和元度御杖村一般会計補正予算（第 2 号）の議定については、委員長の報
R0109kaigiroku,2019,1818,補正予算,令和元度御杖村一般会計補正予算（第 2 号）の議定については、委員長の報
R0109kaigiroku,2019,1823,予算,補正予算（第 2 号）の議定について［討論・採決］
R0109kaigiroku,2019,1823,補正予算,補正予算（第 2 号）の議定について［討論・採決］
R0109kaigiroku,2019,1825,予算,水道事業特別会計補正予算第 2 号の議定についてを議題とし、討論を行います。
R0109kaigiroku,2019,1825,補正予算,水道事業特別会計補正予算第 2 号の議定についてを議題とし、討論を行います。
R0109kaigiroku,2019,1835,予算,令和元年度御杖村簡易水道事業特別会計補正予算第 2 号の議定については、
R0109kaigiroku,2019,1835,補正予算,令和元年度御杖村簡易水道事業特別会計補正予算第 2 号の議定については、
R0109kaigiroku,2019,1840,予算,補正予算（第 2 号）の議定について［討論・採決］
R0109kaigiroku,2019,1840,補正予算,補正予算（第 2 号）の議定について［討論・採決］
R0109kaigiroku,2019,1842,予算,健康保険特別会計補正予算第 2 号の議定についてを議題とし、討論を行います。
R0109kaigiroku,2019,1842,補正予算,健康保険特別会計補正予算第 2 号の議定についてを議題とし、討論を行います。
R0109kaigiroku,2019,1854,予算,令和元年度御杖村国民健康保険特別会計補正予算第 2 号の議定については、
R0109kaigiroku,2019,1854,補正予算,令和元年度御杖村国民健康保険特別会計補正予算第 2 号の議定については、
R0109kaigiroku,2019,1861,予算,険特別会計補正予算第 2 号の議定についてを議題とし、討論を行います。
R0109kaigiroku,2019,1861,補正予算,険特別会計補正予算第 2 号の議定についてを議題とし、討論を行います。
R0109kaigiroku,2019,1871,予算,和元年度御杖村介護保険特別会計補正予算第 2 号の議定については、委員長
R0109kaigiroku,2019,1871,補正予算,和元年度御杖村介護保険特別会計補正予算第 2 号の議定については、委員長
R0109kaigiroku,2019,1880,決算,計歳入歳出決算の認定について
R0109kaigiroku,2019,1882,決算,計歳入歳出決算の認定について
R0109kaigiroku,2019,1884,決算,入歳出決算の認定について
R0109kaigiroku,2019,1886,決算,会計歳入歳出決算の認定について
R0109kaigiroku,2019,1888,決算,計歳入歳出決算の認定について、日程第 8、認定第 2 号、平成 30 年度御杖村
R0109kaigiroku,2019,1889,決算,簡易水道事業特別会計歳入歳出決算の認定について、日程第 9、認定第 3 号、
R0109kaigiroku,2019,1890,決算,平成 30 年度御杖村国民健康保険特別会計歳入歳出決算の認定について、日程
R0109kaigiroku,2019,1893,決算,第 10、認定第 4 号、平成 30 年度御杖村介護保険特別会計歳入歳出決算の認
R0109kaigiroku,2019,1895,決算,会計歳入歳出決算の認定について、以上の 5 件は、各会計決算認定の案件で
R0109kaigiroku,2019,1897,予算,本件につきましても、予算決算委員会へ付託した案件でございます。会議規
R0109kaigiroku,2019,1897,決算,本件につきましても、予算決算委員会へ付託した案件でございます。会議規
R0109kaigiroku,2019,1901,予算,○予算決算委員長（松岡一生君） ただいま議題の認定第 1 号から 5 号までの各会
R0109kaigiroku,2019,1901,決算,○予算決算委員長（松岡一生君） ただいま議題の認定第 1 号から 5 号までの各会
R0109kaigiroku,2019,1902,決算,計歳入歳出決算の認定 5 件につきまして、一括して、その審査結果についてご
R0109kaigiroku,2019,1909,予算,以上で、認定第 1 号から認定第 5 号についての、予算決算委員会の委員長
R0109kaigiroku,2019,1909,決算,以上で、認定第 1 号から認定第 5 号についての、予算決算委員会の委員長
R0109kaigiroku,2019,1917,決算,◎認定第 1 号、平成 30 年度御杖村一般会計歳入歳出決算
R0109kaigiroku,2019,1920,決算,まず、日程第 7、認定第 1 号、平成 30 年度御杖村一般会計歳入歳出決算の
R0109kaigiroku,2019,1930,決算,平成 30 年度御杖村一般会計歳入歳出決算の認定については、委員長の報告の
R0109kaigiroku,2019,1935,決算,歳入歳出決算の認定について［討論・採決］
R0109kaigiroku,2019,1939,決算,道事業特別会計歳入歳出決算の認定についてを議題とし、討論を行います。
R0109kaigiroku,2019,1948,決算,平成 30 年度御杖村簡易水道事業特別会計歳入歳出決算の認定については、委
R0109kaigiroku,2019,1953,決算,歳入歳出決算の認定について［討論・採決］
R0109kaigiroku,2019,1955,決算,健康保険特別会計歳入歳出決算の認定についてを議題とし、討論を行います。
R0109kaigiroku,2019,1965,決算,平成 30 年度御杖村国民健康保険特別会計歳入歳出決算の認定については、委
R0109kaigiroku,2019,1970,決算,歳出決算の認定について［討論・採決］
R0109kaigiroku,2019,1972,決算,保険特別会計歳入歳出決算の認定についてを議題とし、討論を行います。
R0109kaigiroku,2019,1981,決算,平成 30 年度御杖村介護保険特別会計歳入歳出決算の認定については、委員長
R0109kaigiroku,2019,1986,決算,計歳入歳出決算の認定について［討論・採決］
R0109kaigiroku,2019,1988,決算,高齢者医療特別会計歳入歳出決算の認定についてを議題とし、討論を行います。
R0109kaigiroku,2019,1997,決算,平成 30 年度御杖村後期高齢者医療特別会計歳入歳出決算の認定については、
R0109kaigiroku,2019,2002,工事,◎議案第 35 号、土屋原公民館・体育館耐震改修工事に伴
R0109kaigiroku,2019,2003,契約,う工事請負契約の締結について［質疑・討論・採決］
R0109kaigiroku,2019,2003,工事,う工事請負契約の締結について［質疑・討論・採決］
R0109kaigiroku,2019,2005,契約,耐震改修工事に伴う工事請負契約の締結についてを議題とします。
R0109kaigiroku,2019,2005,工事,耐震改修工事に伴う工事請負契約の締結についてを議題とします。
R0109kaigiroku,2019,2017,契約,土屋原公民館・体育館耐震改修工事に伴う工事請負契約の締結については、原
R0109kaigiroku,2019,2017,工事,土屋原公民館・体育館耐震改修工事に伴う工事請負契約の締結については、原
R0112giketukekka,2019,2,予算,●村長提出議案（専決 1、条例 15、予算 4、計 20 件）
R0112giketukekka,2019,7,予算,計補正予算（第3号））                   R1.12.10   R1.12.10   予算決算   R1.12.13   承 認   R1.12.17   承 認
R0112giketukekka,2019,7,補正予算,計補正予算（第3号））                   R1.12.10   R1.12.10   予算決算   R1.12.13   承 認   R1.12.17   承 認
R0112giketukekka,2019,7,決算,計補正予算（第3号））                   R1.12.10   R1.12.10   予算決算   R1.12.13   承 認   R1.12.17   承 認
R0112giketukekka,2019,57,予算,議案      令和元度御杖村一般会計補正予算（第4号）の議定について
R0112giketukekka,2019,57,補正予算,議案      令和元度御杖村一般会計補正予算（第4号）の議定について
R0112giketukekka,2019,58,予算,〃       R1.12.10   予算決算   R1.12.13   可 決   R1.12.17    〃
R0112giketukekka,2019,58,決算,〃       R1.12.10   予算決算   R1.12.13   可 決   R1.12.17    〃
R0112giketukekka,2019,60,予算,議案      令和元年度御杖村簡易水道事業特別会計補正予算（第3号）の議定
R0112giketukekka,2019,60,補正予算,議案      令和元年度御杖村簡易水道事業特別会計補正予算（第3号）の議定
R0112giketukekka,2019,63,予算,議案      令和元年度御杖村国民健康保険特別会計補正予算（第3号）の議定
R0112giketukekka,2019,63,補正予算,議案      令和元年度御杖村国民健康保険特別会計補正予算（第3号）の議定
R0112giketukekka,2019,66,予算,議案      令和元年度御杖村介護保険特別会計補正予算（第3号）の議定につ
R0112giketukekka,2019,66,補正予算,議案      令和元年度御杖村介護保険特別会計補正予算（第3号）の議定につ
R0112kaigiroku,2019,44,予算,御杖村一般会計補正予算（第 3 号））［上程、説明、質疑、付託］- 16 -
R0112kaigiroku,2019,44,補正予算,御杖村一般会計補正予算（第 3 号））［上程、説明、質疑、付託］- 16 -
R0112kaigiroku,2019,78,予算,◎議案第 31 号、令和元年度御杖村一般会計補正予算（第 2 号）の議定
R0112kaigiroku,2019,78,補正予算,◎議案第 31 号、令和元年度御杖村一般会計補正予算（第 2 号）の議定
R0112kaigiroku,2019,80,予算,◎議案第 52 号、令和元年度御杖村簡易水道事業特別会計補正予算
R0112kaigiroku,2019,80,補正予算,◎議案第 52 号、令和元年度御杖村簡易水道事業特別会計補正予算
R0112kaigiroku,2019,82,予算,◎議案第 53 号、令和元年度御杖村国民健康保険特別会計補正予算
R0112kaigiroku,2019,82,補正予算,◎議案第 53 号、令和元年度御杖村国民健康保険特別会計補正予算
R0112kaigiroku,2019,84,予算,◎議案第 54 号、令和元年度御杖村介護保険特別会計補正予算
R0112kaigiroku,2019,84,補正予算,◎議案第 54 号、令和元年度御杖村介護保険特別会計補正予算
R0112kaigiroku,2019,100,予算,計補正予算（第 3 号））
R0112kaigiroku,2019,100,補正予算,計補正予算（第 3 号））
R0112kaigiroku,2019,101,予算,・議案第 51 号、令和元度御杖村一般会計補正予算（第 4 号）の議定について
R0112kaigiroku,2019,101,補正予算,・議案第 51 号、令和元度御杖村一般会計補正予算（第 4 号）の議定について
R0112kaigiroku,2019,102,予算,・議案第 52 号、令和元年度御杖村簡易水道事業特別会計補正予算（第 3 号）
R0112kaigiroku,2019,102,補正予算,・議案第 52 号、令和元年度御杖村簡易水道事業特別会計補正予算（第 3 号）
R0112kaigiroku,2019,104,予算,・議案第 53 号、令和元年度御杖村国民健康保険特別会計補正予算（第 3 号）
R0112kaigiroku,2019,104,補正予算,・議案第 53 号、令和元年度御杖村国民健康保険特別会計補正予算（第 3 号）
R0112kaigiroku,2019,106,予算,・議案第 54 号、令和元年度御杖村介護保険特別会計補正予算（第 3 号）の
R0112kaigiroku,2019,106,補正予算,・議案第 54 号、令和元年度御杖村介護保険特別会計補正予算（第 3 号）の
R0112kaigiroku,2019,109,予算,一般会計補正予算（第 3 号）［討論・採決］ ................... - 39 -
R0112kaigiroku,2019,109,補正予算,一般会計補正予算（第 3 号）［討論・採決］ ................... - 39 -
R0112kaigiroku,2019,110,予算,◎議案第 51 号、令和元年度御杖村一般会計補正予算（第 4 号）の議定
R0112kaigiroku,2019,110,補正予算,◎議案第 51 号、令和元年度御杖村一般会計補正予算（第 4 号）の議定
R0112kaigiroku,2019,112,予算,◎議案第 52 号、令和元年度御杖村簡易水道事業特別会計補正予算
R0112kaigiroku,2019,112,補正予算,◎議案第 52 号、令和元年度御杖村簡易水道事業特別会計補正予算
R0112kaigiroku,2019,114,予算,◎議案第 53 号、令和元年度御杖村国民健康保険特別会計補正予算
R0112kaigiroku,2019,114,補正予算,◎議案第 53 号、令和元年度御杖村国民健康保険特別会計補正予算
R0112kaigiroku,2019,116,予算,◎議案 54 号、令和元年度御杖村介護保険特別会計補正予算（第 3 号）
R0112kaigiroku,2019,116,補正予算,◎議案 54 号、令和元年度御杖村介護保険特別会計補正予算（第 3 号）
R0112kaigiroku,2019,151,予算,第 6 承認第 4 号［予算決算委員会付託］
R0112kaigiroku,2019,151,決算,第 6 承認第 4 号［予算決算委員会付託］
R0112kaigiroku,2019,153,予算,予算（第 3 号））
R0112kaigiroku,2019,199,予算,第 22 議案第 51 号［予算決算委員会付託］
R0112kaigiroku,2019,199,決算,第 22 議案第 51 号［予算決算委員会付託］
R0112kaigiroku,2019,200,予算,令和元度御杖村一般会計補正予算（第 4 号）の議定について
R0112kaigiroku,2019,200,補正予算,令和元度御杖村一般会計補正予算（第 4 号）の議定について
R0112kaigiroku,2019,201,予算,第 23 議案第 52 号［予算決算委員会付託］
R0112kaigiroku,2019,201,決算,第 23 議案第 52 号［予算決算委員会付託］
R0112kaigiroku,2019,202,予算,令和元年度御杖村簡易水道事業特別会計補正予算（第 3 号）の議
R0112kaigiroku,2019,202,補正予算,令和元年度御杖村簡易水道事業特別会計補正予算（第 3 号）の議
R0112kaigiroku,2019,204,予算,第 24 議案第 53 号［予算決算委員会付託］
R0112kaigiroku,2019,204,決算,第 24 議案第 53 号［予算決算委員会付託］
R0112kaigiroku,2019,205,予算,令和元年度御杖村国民健康保険特別会計補正予算（第 3 号）の議
R0112kaigiroku,2019,205,補正予算,令和元年度御杖村国民健康保険特別会計補正予算（第 3 号）の議
R0112kaigiroku,2019,207,予算,第 25 議案第 54 号［予算決算委員会付託］
R0112kaigiroku,2019,207,決算,第 25 議案第 54 号［予算決算委員会付託］
R0112kaigiroku,2019,208,予算,令和元年度御杖村介護保険特別会計補正予算（第 3 号）の議定に
R0112kaigiroku,2019,208,補正予算,令和元年度御杖村介護保険特別会計補正予算（第 3 号）の議定に
R0112kaigiroku,2019,299,予算,予算決算委員会を 13 日、続会議を 17 日とそれぞれ決定し、いずれも午前 10
R0112kaigiroku,2019,299,決算,予算決算委員会を 13 日、続会議を 17 日とそれぞれ決定し、いずれも午前 10
R0112kaigiroku,2019,307,予算,行い、専決を含む 5 件の補正予算を予算決算委員会へ付託することとし、その
R0112kaigiroku,2019,307,補正予算,行い、専決を含む 5 件の補正予算を予算決算委員会へ付託することとし、その
R0112kaigiroku,2019,307,決算,行い、専決を含む 5 件の補正予算を予算決算委員会へ付託することとし、その
R0112kaigiroku,2019,332,決算,出決算認定、ふるさと市町村圏基金特別会計歳入歳出決算認定、介護保険特別
R0112kaigiroku,2019,332,基金,出決算認定、ふるさと市町村圏基金特別会計歳入歳出決算認定、介護保険特別
R0112kaigiroku,2019,333,決算,会計歳入歳出決算認定の 3 件でございました。監査委員の審査意見や関係資料
R0112kaigiroku,2019,334,決算,をつけて認定に付されました。採決の結果、各会計決算は原案どおり認定を致
R0112kaigiroku,2019,337,決算,"認第１ 号の一般会計決算おきましては、歳入総額 1,441 万 8,570 円、歳出総"
R0112kaigiroku,2019,342,決算,次に、認第 2 号のふるさと市町村圏基金特別会計決算についてでございます
R0112kaigiroku,2019,342,基金,次に、認第 2 号のふるさと市町村圏基金特別会計決算についてでございます
R0112kaigiroku,2019,346,基金,歳入では、構成 4 市村からの負担金が 400 万円、基金運用益及び預金利息
R0112kaigiroku,2019,347,繰越,"が 337 万 4,714 円、平成 29 年度からの繰越金 245 万 5,277 円及び諸収入はス"
R0112kaigiroku,2019,355,決算,"次に、認定第 3 号介護保険特別会計決算では、歳入総額 5,679 万 2,827 円、"
R0112kaigiroku,2019,359,繰越,"繰越金 772 万 5,464 円、諸収入 6 万 7,363 円でございまして、歳出につきまし"
R0112kaigiroku,2019,361,繰越,となっています。なお、繰越金が多額になっておりますのは、3 年に一度、介護
R0112kaigiroku,2019,369,決算,います議案、平成 30 年度の桜井宇陀広域連合各会計歳入歳出決算及び事務事
R0112kaigiroku,2019,390,予算,号、令和元年度宇陀衛生一部事務組合一般会計歳入歳出補正予算 1 号、補正
R0112kaigiroku,2019,390,補正予算,号、令和元年度宇陀衛生一部事務組合一般会計歳入歳出補正予算 1 号、補正
R0112kaigiroku,2019,391,予算,"前 1 億 1,665 万円の既定の歳入歳出予算総額に 480 万 7 千円を減額し、1 億"
R0112kaigiroku,2019,393,基金,37 万 8 千円の減額、財政調整基金繰入金で 14 万 4 千円の減額となりました。
R0112kaigiroku,2019,395,入札,修繕費を職員で行い、医薬品の入札等の不用額等でこのような結果となりました。
R0112kaigiroku,2019,399,決算,"計歳入歳出の決算について、        歳入総額 1 億 1,796 万 334 円、"
R0112kaigiroku,2019,423,予算,本定例会に付議された案件は、認定 13 件、補正予算 1 件、財産の取得 1 件、
R0112kaigiroku,2019,423,補正予算,本定例会に付議された案件は、認定 13 件、補正予算 1 件、財産の取得 1 件、
R0112kaigiroku,2019,423,財産,本定例会に付議された案件は、認定 13 件、補正予算 1 件、財産の取得 1 件、
R0112kaigiroku,2019,423,取得,本定例会に付議された案件は、認定 13 件、補正予算 1 件、財産の取得 1 件、
R0112kaigiroku,2019,426,決算,"般会計歳入歳出決算認定について、歳入総額 19 億 8,162 万 2 千円、歳出総額"
R0112kaigiroku,2019,428,決算,良県広域消防組合山辺消防事業特別会計歳入歳出決算認定について、歳入総
R0112kaigiroku,2019,431,決算,"入歳出決算認定について、歳入総額 8 億 2,369 万 7 千円、歳出総額 8 億 1,048"
R0112kaigiroku,2019,433,決算,"組合五條消防事業特別会計歳入歳出決算認定について、歳入総額 9 億 4,113"
R0112kaigiroku,2019,435,決算,平成 30 年度奈良県広域消防組合大和郡山消防事業特別会計歳入歳出決算認
R0112kaigiroku,2019,438,決算,"特別会計歳入歳出決算認定について、歳入総額 16 億 5,728 万 9 千円、歳出総"
R0112kaigiroku,2019,440,決算,良県広域消防組合宇陀消防事業特別会計歳入歳出決算認定について、歳入総
R0112kaigiroku,2019,443,決算,"入歳出決算認定について、歳入総額 5 億 2,851 万 6 千円、歳出総額 5 億 1,281"
R0112kaigiroku,2019,447,決算,"組合吉野消防事業特別会計歳入歳出決算認定について、歳入総額 6 億 9,620"
R0112kaigiroku,2019,449,決算,号、平成 30 年度奈良県広域消防組合中和消防事業特別会計歳入歳出決算認定
R0112kaigiroku,2019,452,決算,"計歳入歳出決算認定について、歳入総額 9 億 6,219 万 8 千円、歳出総額 9 億"
R0112kaigiroku,2019,454,決算,広域消防組合香芝・広陵消防事業特別会計歳入歳出決算認定について、歳入
R0112kaigiroku,2019,457,決算,"歳入歳出決算認定について、歳入総額 7,764 万 2 千円、歳出総額 7,293 万 1"
R0112kaigiroku,2019,459,決算,以上認定第 1 号から第 13 号までの一般会計、特別会計歳入歳出決算は、全
R0112kaigiroku,2019,462,予算,計補正予算第 1 号について、歳入歳出それぞれ 286 万円を増額し、歳入歳出の
R0112kaigiroku,2019,462,補正予算,計補正予算第 1 号について、歳入歳出それぞれ 286 万円を増額し、歳入歳出の
R0112kaigiroku,2019,466,財産,次に、議案第 37 号、財産の取得について。財産を買い入れるため、地方自
R0112kaigiroku,2019,466,取得,次に、議案第 37 号、財産の取得について。財産を買い入れるため、地方自
R0112kaigiroku,2019,468,契約,"ので、高規格救急自動車 6 台、契約金額は 1 億 6,257 万 7,800 円となっていま"
R0112kaigiroku,2019,493,決算,陀環境衛生組合一般会計歳入歳出決算について、同意第 1 号、東宇陀環境衛
R0112kaigiroku,2019,499,決算,"総額 1 億 7,625 万 1,048 円の決算であります。"
R0112kaigiroku,2019,524,決算,爾御杖行政一部事務組合一般会計歳入歳出決算認定について、第 8 号議案、
R0112kaigiroku,2019,525,予算,令和元年度曽爾御杖行政一部事務組合一般会計歳入歳出予算補正第 1 号につ
R0112kaigiroku,2019,533,予算,第 8 号議案については、歳入歳出予算の総額から歳入歳出それぞれ 91 万 2
R0112kaigiroku,2019,534,予算,"千円を増額し、歳入歳出予算の総額をそれぞれ 3,686 万 4 千円となりました。"
R0112kaigiroku,2019,596,工事,村内簡易水道の管路老朽化による更新につきましても、現在工事中の桃俣地
R0112kaigiroku,2019,599,工事,橋梁の長寿命化、災害防除工事を進め、災害に強い村づくりを進めます。
R0112kaigiroku,2019,635,財産,の 9 割を占める山林であり、緑豊かな自然環境、歴史文化の財産などです。具
R0112kaigiroku,2019,788,予算,和元年度御杖村一般会計補正予算（第 3 号））［上程、
R0112kaigiroku,2019,788,補正予算,和元年度御杖村一般会計補正予算（第 3 号））［上程、
R0112kaigiroku,2019,791,予算,とについて、令和元年度御杖村一般会計補正予算（第 3 号）を議題とします。
R0112kaigiroku,2019,791,補正予算,とについて、令和元年度御杖村一般会計補正予算（第 3 号）を議題とします。
R0112kaigiroku,2019,794,予算,○村長（伊藤収宜君） 本案は、歳入歳出予算それぞれに 200 万円を追加し、歳
R0112kaigiroku,2019,795,予算,"入歳出予算の総額を歳入歳出それぞれ 25 億 6,500 万 9 千円とするものでござい"
R0112kaigiroku,2019,797,補助金,万円を施設運営補助金に増額するものでございます。よろしくお願いいたします。
R0112kaigiroku,2019,802,予算,本案については、全員協議会で詳細な説明を受け、予算決算委員会に付託す
R0112kaigiroku,2019,802,決算,本案については、全員協議会で詳細な説明を受け、予算決算委員会に付託す
R0112kaigiroku,2019,807,予算,の承認を求めることについて、令和元年度御杖村一般会計補正予算（第 3 号）
R0112kaigiroku,2019,807,補正予算,の承認を求めることについて、令和元年度御杖村一般会計補正予算（第 3 号）
R0112kaigiroku,2019,808,予算,は、予算決算委員会に付託することに決定しました。
R0112kaigiroku,2019,808,決算,は、予算決算委員会に付託することに決定しました。
R0112kaigiroku,2019,1444,予算,◎議案第 31 号、令和元年度御杖村一般会計補正予算（第
R0112kaigiroku,2019,1444,補正予算,◎議案第 31 号、令和元年度御杖村一般会計補正予算（第
R0112kaigiroku,2019,1447,予算,会計補正予算（第 4 号）の議定についてを議題とします。本案について、提案
R0112kaigiroku,2019,1447,補正予算,会計補正予算（第 4 号）の議定についてを議題とします。本案について、提案
R0112kaigiroku,2019,1450,予算,○村長（伊藤収宜君） 本案は、歳入歳出予算それぞれに 409 万 9 千円を追加し、
R0112kaigiroku,2019,1451,予算,"歳入歳出予算の総額を歳入歳出それぞれ 25 億 6,910 万 8 千円とするものでござ"
R0112kaigiroku,2019,1454,基金,います。 今回の主な補正の内容は、財政調整基金への積立、また人件費等の
R0112kaigiroku,2019,1461,予算,本案については、全員協議会で詳細な説明を受け、予算決算委員会に付託す
R0112kaigiroku,2019,1461,決算,本案については、全員協議会で詳細な説明を受け、予算決算委員会に付託す
R0112kaigiroku,2019,1466,予算,年度御杖村一般会計補正予算（第 4 号）の議定については、予算決算委員会
R0112kaigiroku,2019,1466,補正予算,年度御杖村一般会計補正予算（第 4 号）の議定については、予算決算委員会
R0112kaigiroku,2019,1466,決算,年度御杖村一般会計補正予算（第 4 号）の議定については、予算決算委員会
R0112kaigiroku,2019,1471,予算,補正予算（第 3 号）の議定について［上程、説明、質疑、
R0112kaigiroku,2019,1471,補正予算,補正予算（第 3 号）の議定について［上程、説明、質疑、
R0112kaigiroku,2019,1474,予算,水道事業特別会計補正予算（第 3 号）の議定についてを議題とします。本案に
R0112kaigiroku,2019,1474,補正予算,水道事業特別会計補正予算（第 3 号）の議定についてを議題とします。本案に
R0112kaigiroku,2019,1477,予算,○村長（伊藤収宜君） 本案は、歳入歳出予算の総額にそれぞれに 150 万円を追
R0112kaigiroku,2019,1478,予算,"加し、歳入歳出予算の総額を歳入歳出それぞれ 1 億 2,071 万 8 千円とするもの"
R0112kaigiroku,2019,1479,工事,でございます。今回の主な補正の内容は、桃俣配水管更新工事に伴います変更
R0112kaigiroku,2019,1486,予算,本案については、全員協議会で詳細な説明を受け、予算決算委員会に付託す
R0112kaigiroku,2019,1486,決算,本案については、全員協議会で詳細な説明を受け、予算決算委員会に付託す
R0112kaigiroku,2019,1491,予算,元年度御杖村簡易水道事業特別会計補正予算（第 3 号）の議定については、
R0112kaigiroku,2019,1491,補正予算,元年度御杖村簡易水道事業特別会計補正予算（第 3 号）の議定については、
R0112kaigiroku,2019,1492,予算,予算決算委員会に付託することに決定しました。
R0112kaigiroku,2019,1492,決算,予算決算委員会に付託することに決定しました。
R0112kaigiroku,2019,1499,予算,補正予算（第 3 号）の議定について［上程、説明、質疑、
R0112kaigiroku,2019,1499,補正予算,補正予算（第 3 号）の議定について［上程、説明、質疑、
R0112kaigiroku,2019,1502,予算,健康保険特別会計補正予算（第 3 号）の議定についてを議題とします。本案に
R0112kaigiroku,2019,1502,補正予算,健康保険特別会計補正予算（第 3 号）の議定についてを議題とします。本案に
R0112kaigiroku,2019,1505,予算,○村長（伊藤収宜君） 本案は、事業勘定の歳入歳出予算総額にそれぞれに 185
R0112kaigiroku,2019,1506,予算,"万 7 千円を追加し、歳入歳出予算の総額を歳入歳出それぞれ 3 億 2,767 万 6 千"
R0112kaigiroku,2019,1509,予算,また、診療施設勘定は歳入歳出予算総額にそれぞれに 256 万円を減額し、歳
R0112kaigiroku,2019,1510,予算,"入歳出予算の総額を歳入歳出それぞれ 1 億 2,003 万 4 千円とするものでござい"
R0112kaigiroku,2019,1518,予算,本案については、全員協議会で詳細な説明を受け、予算決算委員会に付
R0112kaigiroku,2019,1518,決算,本案については、全員協議会で詳細な説明を受け、予算決算委員会に付
R0112kaigiroku,2019,1522,予算,年度御杖村国民健康保険特別会計補正予算（第 3 号）の議定については、予
R0112kaigiroku,2019,1522,補正予算,年度御杖村国民健康保険特別会計補正予算（第 3 号）の議定については、予
R0112kaigiroku,2019,1523,決算,算決算委員会に付託することに決定しました。
R0112kaigiroku,2019,1527,予算,予算（第 3 号）の議定について［上程、説明、質疑、付
R0112kaigiroku,2019,1530,予算,保険特別会計補正予算（第 3 号）の議定についてを議題とします。本案につい
R0112kaigiroku,2019,1530,補正予算,保険特別会計補正予算（第 3 号）の議定についてを議題とします。本案につい
R0112kaigiroku,2019,1533,予算,○村長（伊藤収宜君） 本案は、歳入歳出予算それぞれに 195 千円を追加し、歳
R0112kaigiroku,2019,1534,予算,"入歳出予算の総額を歳入歳出それぞれ 3 億 9,703 万 1 千円とするものでござい"
R0112kaigiroku,2019,1544,予算,本案については、全員協議会で詳細な説明を受け、予算決算委員会に付託す
R0112kaigiroku,2019,1544,決算,本案については、全員協議会で詳細な説明を受け、予算決算委員会に付託す
R0112kaigiroku,2019,1549,予算,年度御杖村介護保険特別会計補正予算（第 3 号）の議定については、予算決
R0112kaigiroku,2019,1549,補正予算,年度御杖村介護保険特別会計補正予算（第 3 号）の議定については、予算決
R0112kaigiroku,2019,1582,予算,予算（第 3 号））
R0112kaigiroku,2019,1584,予算,令和元度御杖村一般会計補正予算（第 4 号）の議定について
R0112kaigiroku,2019,1584,補正予算,令和元度御杖村一般会計補正予算（第 4 号）の議定について
R0112kaigiroku,2019,1586,予算,令和元年度御杖村簡易水道事業特別会計補正予算（第 3 号）の議
R0112kaigiroku,2019,1586,補正予算,令和元年度御杖村簡易水道事業特別会計補正予算（第 3 号）の議
R0112kaigiroku,2019,1589,予算,令和元年度御杖村国民健康保険特別会計補正予算（第 3 号）の議
R0112kaigiroku,2019,1589,補正予算,令和元年度御杖村国民健康保険特別会計補正予算（第 3 号）の議
R0112kaigiroku,2019,1592,予算,令和元年度御杖村介護保険特別会計補正予算（第 3 号）の議定に
R0112kaigiroku,2019,1592,補正予算,令和元年度御杖村介護保険特別会計補正予算（第 3 号）の議定に
R0112kaigiroku,2019,1666,予算,和元度御杖村一般会計補正予算（第 3 号））
R0112kaigiroku,2019,1666,補正予算,和元度御杖村一般会計補正予算（第 3 号））
R0112kaigiroku,2019,1667,予算,・議案第 51 号、令和元度御杖村一般会計補正予算（第
R0112kaigiroku,2019,1667,補正予算,・議案第 51 号、令和元度御杖村一般会計補正予算（第
R0112kaigiroku,2019,1670,予算,計補正予算（第 3 号）の議定について
R0112kaigiroku,2019,1670,補正予算,計補正予算（第 3 号）の議定について
R0112kaigiroku,2019,1672,予算,計補正予算（第 3 号）の議定について
R0112kaigiroku,2019,1672,補正予算,計補正予算（第 3 号）の議定について
R0112kaigiroku,2019,1674,予算,正予算（第 3 号）の議定について
R0112kaigiroku,2019,1676,予算,号までの 5 件につきましては、予算決算委員会へ付託した案件でございます。こ
R0112kaigiroku,2019,1676,決算,号までの 5 件につきましては、予算決算委員会へ付託した案件でございます。こ
R0112kaigiroku,2019,1680,予算,○予算決算委員長（松岡一生君） 委員会を代表しまして、付託されました承認第
R0112kaigiroku,2019,1680,決算,○予算決算委員長（松岡一生君） 委員会を代表しまして、付託されました承認第
R0112kaigiroku,2019,1683,予算,経過でございますが、12 月 10 日開会の定例会におきまして、専決補正予算 1
R0112kaigiroku,2019,1683,補正予算,経過でございますが、12 月 10 日開会の定例会におきまして、専決補正予算 1
R0112kaigiroku,2019,1684,予算,件及び補正予算 4 件が付託されました。これを受け、去る 12 月 13 日に委員会
R0112kaigiroku,2019,1684,補正予算,件及び補正予算 4 件が付託されました。これを受け、去る 12 月 13 日に委員会
R0112kaigiroku,2019,1686,予算,専決を含む補正予算 5 件につきましては、会計ごとに質疑及び討論と採決を
R0112kaigiroku,2019,1686,補正予算,専決を含む補正予算 5 件につきましては、会計ごとに質疑及び討論と採決を
R0112kaigiroku,2019,1692,予算,号から 54 号までの補正予算 4 会計についても、全員の賛成により、可決すべき
R0112kaigiroku,2019,1692,補正予算,号から 54 号までの補正予算 4 会計についても、全員の賛成により、可決すべき
R0112kaigiroku,2019,1694,予算,以上で、予算決算委員会の報告を終わります。
R0112kaigiroku,2019,1694,決算,以上で、予算決算委員会の報告を終わります。
R0112kaigiroku,2019,1702,予算,和元年度御杖村一般会計補正予算（第 3 号）［討論・
R0112kaigiroku,2019,1702,補正予算,和元年度御杖村一般会計補正予算（第 3 号）［討論・
R0112kaigiroku,2019,1706,予算,元年度御杖村一般会計補正予算（第 3 号）についてを議題とし、討論を行いま
R0112kaigiroku,2019,1706,補正予算,元年度御杖村一般会計補正予算（第 3 号）についてを議題とし、討論を行いま
R0112kaigiroku,2019,1716,予算,専決処分の承認を求めることについて、令和元年度御杖村一般会計補正予算
R0112kaigiroku,2019,1716,補正予算,専決処分の承認を求めることについて、令和元年度御杖村一般会計補正予算
R0112kaigiroku,2019,1720,予算,◎議案第 51 号、令和元年度御杖村一般会計補正予算（第
R0112kaigiroku,2019,1720,補正予算,◎議案第 51 号、令和元年度御杖村一般会計補正予算（第
R0112kaigiroku,2019,1723,予算,計補正予算（第 4 号）の議定についてを議題とし、討論を行います。
R0112kaigiroku,2019,1723,補正予算,計補正予算（第 4 号）の議定についてを議題とし、討論を行います。
R0112kaigiroku,2019,1732,予算,令和元年度御杖村一般会計補正予算（第 4 号）の議定については、委員長の
R0112kaigiroku,2019,1732,補正予算,令和元年度御杖村一般会計補正予算（第 4 号）の議定については、委員長の
R0112kaigiroku,2019,1738,予算,補正予算（第 3 号）の議定について［討論・採決］
R0112kaigiroku,2019,1738,補正予算,補正予算（第 3 号）の議定について［討論・採決］
R0112kaigiroku,2019,1740,予算,水道事業特別会計補正予算（第 3 号）の議定についてを議題とし、討論を行い
R0112kaigiroku,2019,1740,補正予算,水道事業特別会計補正予算（第 3 号）の議定についてを議題とし、討論を行い
R0112kaigiroku,2019,1750,予算,令和元年度御杖村簡易水道事業特別会計補正予算（第 3 号）の議定について
R0112kaigiroku,2019,1750,補正予算,令和元年度御杖村簡易水道事業特別会計補正予算（第 3 号）の議定について
R0112kaigiroku,2019,1755,予算,補正予算（第 3 号）の議定について［討論・採決］
R0112kaigiroku,2019,1755,補正予算,補正予算（第 3 号）の議定について［討論・採決］
R0112kaigiroku,2019,1757,予算,健康保険特別会計補正予算（第 3 号）の議定についてを議題とし、討論を行い
R0112kaigiroku,2019,1757,補正予算,健康保険特別会計補正予算（第 3 号）の議定についてを議題とし、討論を行い
R0112kaigiroku,2019,1767,予算,令和元年度御杖村国民健康保険特別会計補正予算（第 3 号）の議定について
R0112kaigiroku,2019,1767,補正予算,令和元年度御杖村国民健康保険特別会計補正予算（第 3 号）の議定について
R0112kaigiroku,2019,1774,予算,険特別会計補正予算（第 3 号）の議定についてを議題とし、討論を行います。
R0112kaigiroku,2019,1774,補正予算,険特別会計補正予算（第 3 号）の議定についてを議題とし、討論を行います。
R0112kaigiroku,2019,1786,予算,和元年度御杖村介護保険特別会計補正予算（第 3 号）の議定については、委
R0112kaigiroku,2019,1786,補正予算,和元年度御杖村介護保険特別会計補正予算（第 3 号）の議定については、委
R01510kaigiroku,2019,30,予算,◎予算決算委員会副委員長の辞任について［上程、採決］ ...........- 6 -
R01510kaigiroku,2019,30,決算,◎予算決算委員会副委員長の辞任について［上程、採決］ ...........- 6 -
R01510kaigiroku,2019,31,予算,◎予算決算委員会副委員長の選任について［上程、選任］ ...........- 6 -
R01510kaigiroku,2019,31,決算,◎予算決算委員会副委員長の選任について［上程、選任］ ...........- 6 -
R01510kaigiroku,2019,59,予算,追加第 3 予算決算委員会副委員長の辞任について［許可］
R01510kaigiroku,2019,59,決算,追加第 3 予算決算委員会副委員長の辞任について［許可］
R01510kaigiroku,2019,61,予算,追加第 4 予算決算委員会副委員長の選任について［決定］
R01510kaigiroku,2019,61,決算,追加第 4 予算決算委員会副委員長の選任について［決定］
R01510kaigiroku,2019,273,予算,◎予算決算委員会副委員長の辞任について［上程、採決］
R01510kaigiroku,2019,273,決算,◎予算決算委員会副委員長の辞任について［上程、採決］
R01510kaigiroku,2019,274,予算,○議長（山岡隆良君） ここで、私事、現在、予算決算委員会の副委員長の任を
R01510kaigiroku,2019,274,決算,○議長（山岡隆良君） ここで、私事、現在、予算決算委員会の副委員長の任を
R01510kaigiroku,2019,278,予算,○副議長（吉田俊弘君） ただいま、議長の山岡隆良君から、予算決算委員会副
R01510kaigiroku,2019,278,決算,○副議長（吉田俊弘君） ただいま、議長の山岡隆良君から、予算決算委員会副
R01510kaigiroku,2019,280,予算,予算決算委員会副委員長の辞任についてを日程に追加し、追加日程第 3 とし
R01510kaigiroku,2019,280,決算,予算決算委員会副委員長の辞任についてを日程に追加し、追加日程第 3 とし
R01510kaigiroku,2019,284,予算,したがって、予算決算委員会副委員長の辞任についてを日程に追加し、追加
R01510kaigiroku,2019,284,決算,したがって、予算決算委員会副委員長の辞任についてを日程に追加し、追加
R01510kaigiroku,2019,286,予算,追加日程第 3、予算決算委員会副委員長の辞任についてを議第とします。地
R01510kaigiroku,2019,286,決算,追加日程第 3、予算決算委員会副委員長の辞任についてを議第とします。地
R01510kaigiroku,2019,290,予算,山岡隆良君の予算決算委員会副委員長の辞任を許可することにご異議ありま
R01510kaigiroku,2019,290,決算,山岡隆良君の予算決算委員会副委員長の辞任を許可することにご異議ありま
R01510kaigiroku,2019,294,予算,したがって、山岡隆良君の予算決算委員会副委員長の辞任を許可することに
R01510kaigiroku,2019,294,決算,したがって、山岡隆良君の予算決算委員会副委員長の辞任を許可することに
R01510kaigiroku,2019,297,予算,山岡隆良君の予算決算委員会副委員長の辞任については、ただいま許可さ
R01510kaigiroku,2019,297,決算,山岡隆良君の予算決算委員会副委員長の辞任については、ただいま許可さ
R01510kaigiroku,2019,302,予算,◎予算決算委員会副委員長の選任について［上程、選任］
R01510kaigiroku,2019,302,決算,◎予算決算委員会副委員長の選任について［上程、選任］
R01510kaigiroku,2019,303,予算,○議長（山岡隆良君） ありがとうございました。私の辞任により、予算決算委員会
R01510kaigiroku,2019,303,決算,○議長（山岡隆良君） ありがとうございました。私の辞任により、予算決算委員会
R01510kaigiroku,2019,313,予算,したがって、予算決算委員会副委員長の選任についてを日程に追加し、追加
R01510kaigiroku,2019,313,決算,したがって、予算決算委員会副委員長の選任についてを日程に追加し、追加
R01510kaigiroku,2019,315,予算,追加日程第 4、予算決算委員会副委員長の選任を行います。
R01510kaigiroku,2019,315,決算,追加日程第 4、予算決算委員会副委員長の選任を行います。
R01510kaigiroku,2019,317,予算,予算決算委員会副委員長の選任については、委員会条例第 7 条の規定によ
R01510kaigiroku,2019,317,決算,予算決算委員会副委員長の選任については、委員会条例第 7 条の規定によ
R01510kaigiroku,2019,323,予算,したがって、予算決算委員会副委員長は、古川芳明君と決定しました。
R01510kaigiroku,2019,323,決算,したがって、予算決算委員会副委員長は、古川芳明君と決定しました。
R0203giketukekka(1),2020,2,予算,●村長提出議案（条例 4、予算 8、計画 1、指定管理 1、権利放棄 1、計 15 件）
R0203giketukekka(1),2020,18,予算,議案       令和元年度御杖村一般会計補正予算（第5号）の議定について
R0203giketukekka(1),2020,18,補正予算,議案       令和元年度御杖村一般会計補正予算（第5号）の議定について
R0203giketukekka(1),2020,19,予算,〃       R2.3.10   予算決算   R2.3.18   可決    R2.3.23    〃
R0203giketukekka(1),2020,19,決算,〃       R2.3.10   予算決算   R2.3.18   可決    R2.3.23    〃
R0203giketukekka(1),2020,21,予算,議案       令和元年度御杖村簡易水道事業特別会計補正予算（第4号）の議定
R0203giketukekka(1),2020,21,補正予算,議案       令和元年度御杖村簡易水道事業特別会計補正予算（第4号）の議定
R0203giketukekka(1),2020,24,予算,議案       令和元年度御杖村国民健康保険特別会計補正予算（第4号）の議定
R0203giketukekka(1),2020,24,補正予算,議案       令和元年度御杖村国民健康保険特別会計補正予算（第4号）の議定
R0203giketukekka(1),2020,27,予算,議案       令和2年度御杖村一般会計予算の議定について
R0203giketukekka(1),2020,30,予算,議案       令和2年度御杖村簡易水道事業特別会計予算の議定について
R0203giketukekka(1),2020,33,予算,議案      令和2年度御杖村国民健康保険特別会計予算の議定について
R0203giketukekka(1),2020,36,予算,議案      令和2年度御杖村介護保険特別会計予算の議定について
R0203giketukekka(1),2020,39,予算,議案      令和2年度御杖村後期高齢者医療特別会計予算の議定について
R0203kaigiroku,2020,51,予算,◎議案第 5 号、令和元年度御杖村一般会計補正予算（第 5 号）の議定につい
R0203kaigiroku,2020,51,補正予算,◎議案第 5 号、令和元年度御杖村一般会計補正予算（第 5 号）の議定につい
R0203kaigiroku,2020,53,予算,◎議案第 6 号、令和元年度御杖村簡易水道事業特別会計補正予算（第 4 号）
R0203kaigiroku,2020,53,補正予算,◎議案第 6 号、令和元年度御杖村簡易水道事業特別会計補正予算（第 4 号）
R0203kaigiroku,2020,55,予算,◎議案第 7 号、令和元年度御杖村国民健康保険特別会計補正予算（第 4 号）
R0203kaigiroku,2020,55,補正予算,◎議案第 7 号、令和元年度御杖村国民健康保険特別会計補正予算（第 4 号）
R0203kaigiroku,2020,57,予算,◎令和 2 年度、施策及び予算編成方針の説明 ...................... - 20 -
R0203kaigiroku,2020,58,予算,◎議案第 8 号、令和 2 年度御杖村一般会計予算の議定について［上程、説明、
R0203kaigiroku,2020,60,予算,◎議案第 45 号、議案第 9 号、令和 2 年度御杖村簡易水道事業特別会計予算の
R0203kaigiroku,2020,62,予算,◎議案第 10 号、令和 2 年度御杖村国民健康保険特別会計予算の議定について
R0203kaigiroku,2020,64,予算,◎議案第 11 号、令和 2 年度御杖村介護保険特別会計予算の議定について［上
R0203kaigiroku,2020,66,予算,◎議案第 12 号、令和 2 年度御杖村後期高齢者医療特別会計予算の議定につい
R0203kaigiroku,2020,86,予算,・議案第 5 号、令和元年度御杖村一般会計補正予算（第 5 号）の議定につい
R0203kaigiroku,2020,86,補正予算,・議案第 5 号、令和元年度御杖村一般会計補正予算（第 5 号）の議定につい
R0203kaigiroku,2020,87,予算,て ・議案第 6 号、令和元年度御杖村簡易水道事業特別会計補正予算（第 4
R0203kaigiroku,2020,87,補正予算,て ・議案第 6 号、令和元年度御杖村簡易水道事業特別会計補正予算（第 4
R0203kaigiroku,2020,89,予算,計補正予算（第 4 号）の議定について ......................... - 36 -
R0203kaigiroku,2020,89,補正予算,計補正予算（第 4 号）の議定について ......................... - 36 -
R0203kaigiroku,2020,90,予算,◎議案第 5 号、令和元年度御杖村一般会計補正予算（第 5 号）の議定につい
R0203kaigiroku,2020,90,補正予算,◎議案第 5 号、令和元年度御杖村一般会計補正予算（第 5 号）の議定につい
R0203kaigiroku,2020,92,予算,◎議案第 6 号、令和元年度御杖村簡易水道事業特別会計補正予算（第 4 号）
R0203kaigiroku,2020,92,補正予算,◎議案第 6 号、令和元年度御杖村簡易水道事業特別会計補正予算（第 4 号）
R0203kaigiroku,2020,94,予算,◎議案第 7 号、令和元年度御杖村国民健康保険特別会計補正予算（第 4 号）
R0203kaigiroku,2020,94,補正予算,◎議案第 7 号、令和元年度御杖村国民健康保険特別会計補正予算（第 4 号）
R0203kaigiroku,2020,97,予算,・議案第 8 号、令和 2 年度御杖村一般会計予算の議定について ・議案第 9 号、
R0203kaigiroku,2020,98,予算,令和 2 年度御杖村簡易水道事業特別会計予算の議定について ・議案第 10
R0203kaigiroku,2020,99,予算,号、令和 2 年度御杖村国民健康保険特別会計予算の議定について ・議案第
R0203kaigiroku,2020,100,予算,11 号、令和 2 年度御杖村介護保険特別会計予算の議定について ・議案第
R0203kaigiroku,2020,101,予算,12 号、令和 2 年度御杖村後期高齢者医療特別会計予算の議定について . -
R0203kaigiroku,2020,103,予算,◎議案第 8 号、令和 2 年度御杖村一般会計予算の議定について［討論・採決］
R0203kaigiroku,2020,105,予算,◎議案第 9 号、令和 2 年度御杖村簡易水道事業特別会計予算の議定について
R0203kaigiroku,2020,107,予算,◎議案第 10 号、令和 2 年度御杖村国民健康保険特別会計予算の議定について
R0203kaigiroku,2020,109,予算,◎議案第 11 号、令和 2 年度御杖村介護保険特別会計予算の議定について［討
R0203kaigiroku,2020,111,予算,◎議案第 12 号、令和 2 年度御杖村後期高齢者医療特別会計予算の議定につい
R0203kaigiroku,2020,116,予算,和元年度御杖村簡易水道事業特別会計補正予算（第 3 号）の議定について
R0203kaigiroku,2020,116,補正予算,和元年度御杖村簡易水道事業特別会計補正予算（第 3 号）の議定について
R0203kaigiroku,2020,167,予算,第 11 議案第 5 号［予算決算委員会付託］
R0203kaigiroku,2020,167,決算,第 11 議案第 5 号［予算決算委員会付託］
R0203kaigiroku,2020,168,予算,令和元年度御杖村一般会計補正予算（第 5 号）の議定について
R0203kaigiroku,2020,168,補正予算,令和元年度御杖村一般会計補正予算（第 5 号）の議定について
R0203kaigiroku,2020,169,予算,第 12 議案第 6 号［予算決算委員会付託］
R0203kaigiroku,2020,169,決算,第 12 議案第 6 号［予算決算委員会付託］
R0203kaigiroku,2020,170,予算,令和元年度御杖村簡易水道事業特別会計補正予算（第 4 号）の議
R0203kaigiroku,2020,170,補正予算,令和元年度御杖村簡易水道事業特別会計補正予算（第 4 号）の議
R0203kaigiroku,2020,172,予算,第 13 議案第 7 号［予算決算委員会付託］
R0203kaigiroku,2020,172,決算,第 13 議案第 7 号［予算決算委員会付託］
R0203kaigiroku,2020,173,予算,令和元年度御杖村国民健康保険特別会計補正予算（第 4 号）の議定につ
R0203kaigiroku,2020,173,補正予算,令和元年度御杖村国民健康保険特別会計補正予算（第 4 号）の議定につ
R0203kaigiroku,2020,175,予算,第 14 令和 2 年度施策及び予算編成方針の説明
R0203kaigiroku,2020,181,予算,第 15 議案第 8 号［予算決算委員会付託］
R0203kaigiroku,2020,181,決算,第 15 議案第 8 号［予算決算委員会付託］
R0203kaigiroku,2020,182,予算,令和 2 年度御杖村一般会計予算の議定について
R0203kaigiroku,2020,183,予算,第 16 議案第 9 号［予算決算委員会付託］
R0203kaigiroku,2020,183,決算,第 16 議案第 9 号［予算決算委員会付託］
R0203kaigiroku,2020,184,予算,令和 2 年度御杖村簡易水道事業特別会計予算の議定について
R0203kaigiroku,2020,185,予算,第 17 議案第 10 号［予算決算委員会付託］
R0203kaigiroku,2020,185,決算,第 17 議案第 10 号［予算決算委員会付託］
R0203kaigiroku,2020,186,予算,令和 2 年度御杖村国民健康保険特別会計予算の議定について
R0203kaigiroku,2020,187,予算,第 18 議案第 11 号［予算決算委員会付託］
R0203kaigiroku,2020,187,決算,第 18 議案第 11 号［予算決算委員会付託］
R0203kaigiroku,2020,188,予算,令和 2 年度御杖村介護保険特別会計予算の議定について
R0203kaigiroku,2020,189,予算,第 19 議案第 12 号［予算決算委員会付託］
R0203kaigiroku,2020,189,決算,第 19 議案第 12 号［予算決算委員会付託］
R0203kaigiroku,2020,190,予算,令和 2 年度御杖村後期高齢者医療特別会計予算の議定について
R0203kaigiroku,2020,287,予算,日、予算決算委員会を 18 日、続会議を 23 日とそれぞれ決定し、いずれも午
R0203kaigiroku,2020,287,決算,日、予算決算委員会を 18 日、続会議を 23 日とそれぞれ決定し、いずれも午
R0203kaigiroku,2020,295,予算,を行い、補正予算及び新年度予算の計 8 案件は予算決算委員会へ付託、総合
R0203kaigiroku,2020,295,補正予算,を行い、補正予算及び新年度予算の計 8 案件は予算決算委員会へ付託、総合
R0203kaigiroku,2020,295,決算,を行い、補正予算及び新年度予算の計 8 案件は予算決算委員会へ付託、総合
R0203kaigiroku,2020,324,予算,歳出補正予算（第 2 号）について、議案第 3 号令和 2 年度宇陀衛生一部事務
R0203kaigiroku,2020,324,補正予算,歳出補正予算（第 2 号）について、議案第 3 号令和 2 年度宇陀衛生一部事務
R0203kaigiroku,2020,325,予算,組合一般会計歳入歳出予算について、同意第 1 号、同意第 2 号、同意第 3 号
R0203kaigiroku,2020,330,予算,す。議案第 2 号については、令和元年度一般会計補正予算について既定の歳
R0203kaigiroku,2020,330,補正予算,す。議案第 2 号については、令和元年度一般会計補正予算について既定の歳
R0203kaigiroku,2020,331,予算,"入歳出予算の総額に歳入歳出それぞれ補正前の額 1 億 1,184 万 3 千円に補正"
R0203kaigiroku,2020,333,予算,第 3 号については、令和 2 年度一般会計予算について歳入歳出それぞれ 1 億
R0203kaigiroku,2020,335,予算,予算額のなかには、大規模改修費 660 万が含まれています。同意第 1 号、同
R0203kaigiroku,2020,362,予算,年度東宇陀環境衛生組合一般会計予算について、議案第 2 号東宇陀環境衛生
R0203kaigiroku,2020,368,予算,議案第 1 号については、令和 2 年度一般会計予算について、歳入歳出それ
R0203kaigiroku,2020,369,予算,"ぞれ 2 億 1,030 万 6 千円で前年度対比 3,192 万 6 千円の増額予算となってお"
R0203kaigiroku,2020,370,工事,ります。これは主に修繕費、工事請負費及び原材料費で増額となっており、
R0203kaigiroku,2020,372,工事,た施設修繕費の確保と施設の中長期的な延命化を図るための補修工事が必要
R0203kaigiroku,2020,400,予算,本定例会に付議された案件は、報告 1 件、条例改正 1 件、補正予算 13 件、
R0203kaigiroku,2020,400,補正予算,本定例会に付議された案件は、報告 1 件、条例改正 1 件、補正予算 13 件、
R0203kaigiroku,2020,401,予算,令和 2 年度予算 13 件の計 28 議案です。議案の内容と審議結果は、報告第 1
R0203kaigiroku,2020,409,予算,続いて、補正予算 13 件について。奈良県広域消防組という文言を省略させ
R0203kaigiroku,2020,409,補正予算,続いて、補正予算 13 件について。奈良県広域消防組という文言を省略させ
R0203kaigiroku,2020,410,予算,ていただきます。議第 2 号、令和元年度一般会計補正予算（第 2 号）につい
R0203kaigiroku,2020,410,補正予算,ていただきます。議第 2 号、令和元年度一般会計補正予算（第 2 号）につい
R0203kaigiroku,2020,411,予算,"て。歳入歳出予算の総額からそれぞれ 68,500 千円を減額し、総額 3,188,652"
R0203kaigiroku,2020,412,予算,千円とするもの、議第 3 号、令和元年度山辺消防事業特別会計補正予算（第
R0203kaigiroku,2020,412,補正予算,千円とするもの、議第 3 号、令和元年度山辺消防事業特別会計補正予算（第
R0203kaigiroku,2020,413,予算,"1 号）について、歳入歳出予算の総額にそれぞれ 7,252 千円を追加し、総額"
R0203kaigiroku,2020,415,予算,"正予算（第 1 号）について、歳入歳出予算の総額からそれぞれ 10,516 千円を"
R0203kaigiroku,2020,417,予算,"特別会計補正予算（第 1 号）    について、 歳入歳出予算の総額からそれぞれ 4,348"
R0203kaigiroku,2020,417,補正予算,"特別会計補正予算（第 1 号）    について、 歳入歳出予算の総額からそれぞれ 4,348"
R0203kaigiroku,2020,419,予算,和郡山消防事業特別会計補正予算（第 1 号）について、歳入歳出予算の総額
R0203kaigiroku,2020,419,補正予算,和郡山消防事業特別会計補正予算（第 1 号）について、歳入歳出予算の総額
R0203kaigiroku,2020,421,予算,令和元年度西和消防事業特別会計補正予算（第 1 号）について。歳入歳出予
R0203kaigiroku,2020,421,補正予算,令和元年度西和消防事業特別会計補正予算（第 1 号）について。歳入歳出予
R0203kaigiroku,2020,423,予算,議第 8 号、令和元年度宇陀消防事業特別会計補正予算（第 1 号）について、
R0203kaigiroku,2020,423,補正予算,議第 8 号、令和元年度宇陀消防事業特別会計補正予算（第 1 号）について、
R0203kaigiroku,2020,424,予算,"歳入歳出予算の総額にそれぞれ 12,018 千円を追加し、総額 1,113,869 千円と"
R0203kaigiroku,2020,425,予算,するもの、議第 9 号、令和元年度葛城消防事業特別会計補正予算（第 1 号）
R0203kaigiroku,2020,425,補正予算,するもの、議第 9 号、令和元年度葛城消防事業特別会計補正予算（第 1 号）
R0203kaigiroku,2020,426,予算,"について、歳入歳出予算の総額からそれぞれ 2,152 千円を減額し、総額"
R0203kaigiroku,2020,428,予算,"予算（第 1 号）について、歳入歳出予算の総額からそれぞれ 3,680 千円を減"
R0203kaigiroku,2020,430,予算,"別会計補正予算（第 1 号）について、歳入歳出予算の総額からそれぞれ 13,403"
R0203kaigiroku,2020,430,補正予算,"別会計補正予算（第 1 号）について、歳入歳出予算の総額からそれぞれ 13,403"
R0203kaigiroku,2020,434,予算,野消防事業特別会計補正予算（第 2 号）について、歳入歳出予算の総額から
R0203kaigiroku,2020,434,補正予算,野消防事業特別会計補正予算（第 2 号）について、歳入歳出予算の総額から
R0203kaigiroku,2020,436,予算,和元年度香芝・広陵消防事業特別会計補正予算（第 1 号）について、歳入歳
R0203kaigiroku,2020,436,補正予算,和元年度香芝・広陵消防事業特別会計補正予算（第 1 号）について、歳入歳
R0203kaigiroku,2020,437,予算,"出予算の総額からそれぞれ 490 千円を減額し、総額 1,219,297 千円とするも"
R0203kaigiroku,2020,438,予算,の、議第 15 号、令和元年度野迫川消防事業特別会計補正予算（第 1 号）につ
R0203kaigiroku,2020,438,補正予算,の、議第 15 号、令和元年度野迫川消防事業特別会計補正予算（第 1 号）につ
R0203kaigiroku,2020,439,予算,"いて、歳入歳出予算の総額にそれぞれ 2,354 千円を追加し、総額 71,232 千円"
R0203kaigiroku,2020,440,予算,とするもの、続いて、令和 2 年度予算 13 件について、補正予算と同様に、奈
R0203kaigiroku,2020,440,補正予算,とするもの、続いて、令和 2 年度予算 13 件について、補正予算と同様に、奈
R0203kaigiroku,2020,442,予算,"議第 16 号、令和 2 年度一般会計予算について。歳入歳出予算総額、3,637,819"
R0203kaigiroku,2020,443,予算,千円と定めるもの、議第 17 号、令和 2 年度山辺消防事業特別会計予算につい
R0203kaigiroku,2020,444,予算,"て、歳入歳出予算総額、1,863,666 千円と定めるもの、議第 18 号、令和 2 年"
R0203kaigiroku,2020,445,予算,"度桜井消防事業特別会計予算について、歳入歳出予算総額、899,030 千円と定"
R0203kaigiroku,2020,446,予算,めるもの、令和 2 年度五條消防事業特別会計予算について、歳入歳出予算総
R0203kaigiroku,2020,448,予算,"別会計予算について、歳入歳出予算総額、804,383 千円と定めるもの、議第 20"
R0203kaigiroku,2020,449,予算,号、令和 2 年度西和消防事業特別会計予算について、歳入歳出予算総額、
R0203kaigiroku,2020,451,予算,"予算について。歳入歳出予算総額、1,113,428 千円と定めるもの、議第 22 号、"
R0203kaigiroku,2020,452,予算,"令和 2 年度葛城消防事業特別会計予算について、歳入歳出予算総額、523,050"
R0203kaigiroku,2020,453,予算,千円と定めるもの、議第 23 号、令和 2 年度吉野消防事業特別会計予算につい
R0203kaigiroku,2020,454,予算,"て。歳入歳出予算総額、704,222 千円と定めるもの、議第 24 号、令和 2 年度"
R0203kaigiroku,2020,455,予算,"中和消防事業特別会計予算について、歳入歳出予算総額、2,968,308 千円と定"
R0203kaigiroku,2020,456,予算,めるもの、議第 25 号、令和 2 年度中吉野消防事業特別会計予算について、歳
R0203kaigiroku,2020,457,予算,"入歳出予算総額、883,110 千円と定めるもの、議第 26 号、令和 2 年度香芝広"
R0203kaigiroku,2020,458,予算,"陵消防事業特別会計予算について、歳入歳出予算総額、1,271,572 千円と定め"
R0203kaigiroku,2020,459,予算,るもの、議第 27 号、令和 2 年度野迫川消防事業特別会計予算について、歳入
R0203kaigiroku,2020,460,予算,"歳出予算総額、73,739 千円と定めるもの、以上、報告 1 件、条例改正 1 件、"
R0203kaigiroku,2020,461,予算,令和元年度一般会計、特別会計補正予算 13 件、令和 2 年度一般会計、特別会
R0203kaigiroku,2020,461,補正予算,令和元年度一般会計、特別会計補正予算 13 件、令和 2 年度一般会計、特別会
R0203kaigiroku,2020,462,予算,計予算 13 件は、全会一致で承認、可決されました。
R0203kaigiroku,2020,483,予算,政一部事務組合一般会計歳入歳出予算の補正について、第 3 号議案、令和 2
R0203kaigiroku,2020,484,予算,年度曽爾御杖行政一部事務組合一般会計歳入歳出予算について、以上 3 件の
R0203kaigiroku,2020,487,予算,ついては、 歳入歳出予算の総額から歳入歳出それぞれ 282 万 5 千円を増額し、
R0203kaigiroku,2020,488,予算,"歳入歳出予算の総額を歳入歳出それぞれ 39,689 千円となりました。第 3 号議"
R0203kaigiroku,2020,489,予算,"案については、令和 2 年度歳入歳出予算の総額は、歳入歳出それぞれ 33,586"
R0203kaigiroku,2020,537,予算,改正、一般会計及び特別会計の補正予算、令和 2 年度一般会計及び特別会計
R0203kaigiroku,2020,537,補正予算,改正、一般会計及び特別会計の補正予算、令和 2 年度一般会計及び特別会計
R0203kaigiroku,2020,538,予算,の当初予算など 15 件となっております。それぞれの案件につきまして、慎重
R0203kaigiroku,2020,560,予算,されておらず、また令和 2 年度の一般会計予算にも計上されておりません。
R0203kaigiroku,2020,592,補助金,答弁でありました。補助金制度が実現すれば廃屋の解体は今以上に進んでい
R0203kaigiroku,2020,593,補助金,くと考えられます。補助金制度を実施していく時期を示していただければと
R0203kaigiroku,2020,596,補助金,体されました。所有者が管理している空家については、補助金制度が確立さ
R0203kaigiroku,2020,851,契約,例の一部を改正するものでございます。一点目は、個人根保証契約に極度額
R0203kaigiroku,2020,872,予算,◎議案第 5 号、令和元年度御杖村一般会計補正予算（第
R0203kaigiroku,2020,872,補正予算,◎議案第 5 号、令和元年度御杖村一般会計補正予算（第
R0203kaigiroku,2020,875,予算,計補正予算（第 5 号）の議定についてを議題とします。本案について、提案
R0203kaigiroku,2020,875,補正予算,計補正予算（第 5 号）の議定についてを議題とします。本案について、提案
R0203kaigiroku,2020,878,予算,"○村長（伊藤収宜君） 本案は、歳入歳出予算それぞれに 61,520 千円を減額し、"
R0203kaigiroku,2020,879,予算,"歳入歳出予算の総額を歳入歳出それぞれ 2,507,588 千円とするものです。"
R0203kaigiroku,2020,880,補助金,今回の主な補正の内容は、国の補助金事業、また交付金事業の交付決定額に合
R0203kaigiroku,2020,887,予算,本案については、予算決算委員会に付託することにしたいと思います。
R0203kaigiroku,2020,887,決算,本案については、予算決算委員会に付託することにしたいと思います。
R0203kaigiroku,2020,893,予算,年度御杖村一般会計補正予算（第 5 号）の議定については、予算決算委員会
R0203kaigiroku,2020,893,補正予算,年度御杖村一般会計補正予算（第 5 号）の議定については、予算決算委員会
R0203kaigiroku,2020,893,決算,年度御杖村一般会計補正予算（第 5 号）の議定については、予算決算委員会
R0203kaigiroku,2020,898,予算,補正予算（第 4 号）の議定について［上程、説明、質
R0203kaigiroku,2020,898,補正予算,補正予算（第 4 号）の議定について［上程、説明、質
R0203kaigiroku,2020,901,予算,道事業特別会計補正予算（第 4 号）の議定についてを議題とします。本案に
R0203kaigiroku,2020,901,補正予算,道事業特別会計補正予算（第 4 号）の議定についてを議題とします。本案に
R0203kaigiroku,2020,904,予算,"○村長（伊藤収宜君） 本案は、歳入歳出予算の総額は 120,718 千円と変わりま"
R0203kaigiroku,2020,911,予算,本案については、予算決算委員会に付託することにしたいと思います。 ご
R0203kaigiroku,2020,911,決算,本案については、予算決算委員会に付託することにしたいと思います。 ご
R0203kaigiroku,2020,915,予算,年度御杖村簡易水道事業特別会計補正予算（第 4 号）の議定については、予
R0203kaigiroku,2020,915,補正予算,年度御杖村簡易水道事業特別会計補正予算（第 4 号）の議定については、予
R0203kaigiroku,2020,916,決算,算決算委員会に付託することに決定しました。
R0203kaigiroku,2020,920,予算,補正予算（第 4 号）の議定について［上程、説明、質
R0203kaigiroku,2020,920,補正予算,補正予算（第 4 号）の議定について［上程、説明、質
R0203kaigiroku,2020,923,予算,康保険特別会計補正予算（第 4 号）の議定についてを議題とします。本案に
R0203kaigiroku,2020,923,補正予算,康保険特別会計補正予算（第 4 号）の議定についてを議題とします。本案に
R0203kaigiroku,2020,926,予算,○村長（伊藤収宜君） 本案につきましては、事業勘定の歳入歳出予算総額にそ
R0203kaigiroku,2020,927,予算,"れぞれに 106 千円を減額し、歳入歳出予算の総額を歳入歳出それぞれ 327,570"
R0203kaigiroku,2020,929,予算,"また、診療施設勘定の歳入歳出予算総額は 120,034 千円と変わりませんが、"
R0203kaigiroku,2020,940,予算,本案については、予算決算委員会に付託することにしたいと思います。
R0203kaigiroku,2020,940,決算,本案については、予算決算委員会に付託することにしたいと思います。
R0203kaigiroku,2020,944,予算,年度御杖村国民健康保険特別会計補正予算（第 4 号）の議定については、予
R0203kaigiroku,2020,944,補正予算,年度御杖村国民健康保険特別会計補正予算（第 4 号）の議定については、予
R0203kaigiroku,2020,945,決算,算決算委員会に付託することに決定しました。
R0203kaigiroku,2020,956,予算,◎令和 2 年度、施策及び予算編成方針の説明
R0203kaigiroku,2020,957,予算,○議長（山岡隆良君） 日程第 14、令和 2 年度、施策及び予算編成方針の説明を
R0203kaigiroku,2020,961,予算,令和 2 年度予算案をはじめ、重要な諸議案をご審議いただくにあたり、村政
R0203kaigiroku,2020,988,工事,して施設一体型の小中一貫校改修工事に着手するため、大きく歳出増となり
R0203kaigiroku,2020,991,基金,行と財政調整基金の取り崩しで対応します。
R0203kaigiroku,2020,992,予算,"令和 2 年度の一般会計の予算規模は、24 億 1,700 万円、本年度当初予算に"
R0203kaigiroku,2020,994,予算,"わせて会計間での重複する金額を除いた純計予算総額は、約 31 億 7,645 万円"
R0203kaigiroku,2020,995,予算,"となり、平成 31 年度当初予算と比較して 5.7％、約 1 億 7,165 万円の増額と"
R0203kaigiroku,2020,997,予算,以下、新年度予算案につきまして、主要施策別に簡潔にご説明を申し上げ
R0203kaigiroku,2020,1020,基金,れたことから、基金積み立てを行い、今後の林業整備関連事業を継続的に実
R0203kaigiroku,2020,1038,工事,引き続き白髪線の改良工事を進めるとともに、隣村からの観光客周遊道路と
R0203kaigiroku,2020,1041,工事,続き、舗装補修工事、災害防除工事及び橋梁長寿命化と安全確保のため、橋
R0203kaigiroku,2020,1042,工事,梁補修工事を進めます。
R0203kaigiroku,2020,1055,工事,設改修整備工事を令和 2 年 9 月に着手し、継続事業として令和 3 年 8 月に完
R0203kaigiroku,2020,1083,基金,を迎えますが、令和 6 年度保険料負担が県内同一となるまで、基金を取り崩
R0203kaigiroku,2020,1085,予算,以上が新年度予算における、 主要施策の概要であり、詳細につきましては、
R0203kaigiroku,2020,1086,予算,予算概要などによりましてご査収いただきたいと存じます。
R0203kaigiroku,2020,1089,予算,○議長（山岡隆良君） 以上で、施策及び予算編成方針の説明を終わります。
R0203kaigiroku,2020,1092,予算,◎議案第 8 号、令和 2 年度御杖村一般会計予算の議定に
R0203kaigiroku,2020,1095,予算,計予算の議定についてを議題とします。本案について、提案理由の説明を求
R0203kaigiroku,2020,1098,予算,○村長（伊藤収宜君） 令和 2 年度一般会計予算について、歳入歳出予算総額を、
R0203kaigiroku,2020,1103,予算,○副村長（松原永治君） それでは、私から、令和 2 年度御杖村一般会計予算の
R0203kaigiroku,2020,1105,予算,お手元、令和 2 年度予算案説明要旨及び説明資料をご覧下さい。
R0203kaigiroku,2020,1106,予算,6 ページの（1）令和 2 年度一般会計、特別会計予算案総括表でございます。
R0203kaigiroku,2020,1110,予算,和 2 年度一般会計予算案歳入の款別内訳をご覧下さい。
R0203kaigiroku,2020,1118,予算,歳入予算全体に対する構成比では、4．4％にとどまっています。
R0203kaigiroku,2020,1134,取得,7 ページに戻りまして、7 の自動車取得税交付金、及び 8 環境性能割交付金
R0203kaigiroku,2020,1135,取得,です。令和元年 10 月に自動車取得税の税制が改正され、それまでの自動車取
R0203kaigiroku,2020,1140,予算,となっており、歳入予算の 47.6％を占めています。次の 8 ページ、説明番号
R0203kaigiroku,2020,1147,補助金,"学校施設整備事業補助金が 6,500 万円、戸籍システム改修補助金が 642 万 4"
R0203kaigiroku,2020,1150,補助金,付金住宅・建築物安全ストック形成事業補助金 403 万 2 千円の減額となるこ
R0203kaigiroku,2020,1168,予算,の歳入区分についても、8 ページからの（3）一般会計歳入予算案の主な対前
R0203kaigiroku,2020,1171,予算,2 年度一般会計予算案歳出の性質別内訳をご覧下さい。
R0203kaigiroku,2020,1215,予算,他の経費につきましても、12 ページからの（5）一般会計歳出予算案の性質別
R0203kaigiroku,2020,1218,予算,ージの（6）令和 2 年度一般会計予算案歳出の款別内訳をご覧下さい。目的別
R0203kaigiroku,2020,1222,基金,6 千円 169.9％の増額となります。6 農林水産業費が、森林環境整備基金、施
R0203kaigiroku,2020,1226,工事,報提供システム屋外子局停電対応工事が完了したことによるほか、消防団員
R0203kaigiroku,2020,1234,予算,出予算案の款別内訳の主な対前年度増減要因の資料に記載のとおりです。
R0203kaigiroku,2020,1235,予算,資料 19 ページからの（8）令和 2 年度一般会計予算案の主な施策につきま
R0203kaigiroku,2020,1237,予算,以上、令和 2 年度一般会計予算案の概要についての説明させて頂きました。
R0203kaigiroku,2020,1244,予算,本案については、予算決算委員会に付託することにしたいと思います。ご
R0203kaigiroku,2020,1244,決算,本案については、予算決算委員会に付託することにしたいと思います。ご
R0203kaigiroku,2020,1248,予算,年度御杖村一般会計予算の議定については、予算決算委員会に付託すること
R0203kaigiroku,2020,1248,決算,年度御杖村一般会計予算の議定については、予算決算委員会に付託すること
R0203kaigiroku,2020,1253,予算,道事業特別会計予算の議定について［上程、説明、質
R0203kaigiroku,2020,1256,予算,道事業特別会計予算の議定についてを議題とします。本案について、提案理
R0203kaigiroku,2020,1262,予算,○村長（伊藤収宜君） 令和 2 年度簡易水道事業特別会計予算について、歳入歳
R0203kaigiroku,2020,1263,予算,"出予算総額を、それぞれ 132,553 千円、対前年 17,920 千円、15.6 ％増とす"
R0203kaigiroku,2020,1270,予算,本案については、予算決算委員会に付託することにしたいと思います。 ご
R0203kaigiroku,2020,1270,決算,本案については、予算決算委員会に付託することにしたいと思います。 ご
R0203kaigiroku,2020,1274,予算,年度御杖村簡易水道事業特別会計予算の議定については、予算決算委員会に
R0203kaigiroku,2020,1274,決算,年度御杖村簡易水道事業特別会計予算の議定については、予算決算委員会に
R0203kaigiroku,2020,1279,予算,計予算の議定について［上程、説明、質疑、付託］
R0203kaigiroku,2020,1281,予算,健康保険特別会計予算の議定についてを議題とします。本案について、提案
R0203kaigiroku,2020,1284,予算,○村長（伊藤収宜君） 令和 2 年度国民健康保険特別会計予算について、事業勘
R0203kaigiroku,2020,1285,予算,"定の歳入歳出予算総額を、それぞれ 282,587 千円、対前年 43,232 千円の減、"
R0203kaigiroku,2020,1286,予算,"13.3％の減とし、診療施設勘定の歳入歳出予算総額を、それぞれ 105,996 千"
R0203kaigiroku,2020,1293,予算,本案については、予算決算委員会に付託することにしたいと思います。ご
R0203kaigiroku,2020,1293,決算,本案については、予算決算委員会に付託することにしたいと思います。ご
R0203kaigiroku,2020,1297,予算,年度御杖村国民健康保険特別会計予算の議定については、予算決算委員会に
R0203kaigiroku,2020,1297,決算,年度御杖村国民健康保険特別会計予算の議定については、予算決算委員会に
R0203kaigiroku,2020,1306,予算,保険特別会計予算の議定についてを議題とします。本案について、提案理由
R0203kaigiroku,2020,1309,予算,○村長（伊藤収宜君） 令和 2 年度介護保険特別会計予算について、歳入歳出予
R0203kaigiroku,2020,1316,予算,本案については、予算決算委員会に付託することにしたいと思います。ご
R0203kaigiroku,2020,1316,決算,本案については、予算決算委員会に付託することにしたいと思います。ご
R0203kaigiroku,2020,1320,予算,年度御杖村介護保険特別会計予算の議定については、予算決算委員会に付託
R0203kaigiroku,2020,1320,決算,年度御杖村介護保険特別会計予算の議定については、予算決算委員会に付託
R0203kaigiroku,2020,1325,予算,会計予算の議定について［上程、説明、質疑、付託］
R0203kaigiroku,2020,1327,予算,高齢者医療特別会計予算の議定についてを議題とします。本案について、提
R0203kaigiroku,2020,1330,予算,○村長（伊藤収宜君） 令和 2 年度後期高齢者医療特別会計予算について、歳入
R0203kaigiroku,2020,1331,予算,"歳出予算総額を、それぞれ 37,535 千円、対前年 1,787 千円の減、4.5％減と"
R0203kaigiroku,2020,1338,予算,ついては、予算決算委員会に付託することにしたいと思います。ご異議あり
R0203kaigiroku,2020,1338,決算,ついては、予算決算委員会に付託することにしたいと思います。ご異議あり
R0203kaigiroku,2020,1342,予算,年度御杖村後期高齢者医療特別会計予算の議定については、予算決算委員会
R0203kaigiroku,2020,1342,決算,年度御杖村後期高齢者医療特別会計予算の議定については、予算決算委員会
R0203kaigiroku,2020,1410,予算,れたと思うんですけれども、全員協議会であったか予算決算委員会であった
R0203kaigiroku,2020,1410,決算,れたと思うんですけれども、全員協議会であったか予算決算委員会であった
R0203kaigiroku,2020,1431,補助金,"の中で、出てきたのが後 1,000 万、それと補助金を合わせていくと 2,600 万"
R0203kaigiroku,2020,1480,予算,令和元年度御杖村一般会計補正予算（第 5 号）の議定について
R0203kaigiroku,2020,1480,補正予算,令和元年度御杖村一般会計補正予算（第 5 号）の議定について
R0203kaigiroku,2020,1482,予算,令和元年度御杖村簡易水道事業特別会計補正予算（第 4 号）の議
R0203kaigiroku,2020,1482,補正予算,令和元年度御杖村簡易水道事業特別会計補正予算（第 4 号）の議
R0203kaigiroku,2020,1485,予算,令和元年度御杖村国民健康保険特別会計補正予算（第 4 号）の議定につ
R0203kaigiroku,2020,1485,補正予算,令和元年度御杖村国民健康保険特別会計補正予算（第 4 号）の議定につ
R0203kaigiroku,2020,1488,予算,令和 2 年度御杖村一般会計予算の議定について
R0203kaigiroku,2020,1490,予算,令和 2 年度御杖村簡易水道事業特別会計予算の議定について
R0203kaigiroku,2020,1492,予算,令和 2 年度御杖村国民健康保険特別会計予算の議定について
R0203kaigiroku,2020,1494,予算,令和 2 年度御杖村介護保険特別会計予算の議定について
R0203kaigiroku,2020,1496,予算,令和 2 年度御杖村後期高齢者医療特別会計予算の議定について
R0203kaigiroku,2020,1572,予算,・議案第 5 号、令和元年度御杖村一般会計補正予算
R0203kaigiroku,2020,1572,補正予算,・議案第 5 号、令和元年度御杖村一般会計補正予算
R0203kaigiroku,2020,1575,予算,計補正予算（第 4 号）の議定について
R0203kaigiroku,2020,1575,補正予算,計補正予算（第 4 号）の議定について
R0203kaigiroku,2020,1577,予算,計補正予算（第 4 号）の議定について
R0203kaigiroku,2020,1577,補正予算,計補正予算（第 4 号）の議定について
R0203kaigiroku,2020,1579,予算,までの 3 件につきましては、予算決算委員会へ付託した案件でございます。
R0203kaigiroku,2020,1579,決算,までの 3 件につきましては、予算決算委員会へ付託した案件でございます。
R0203kaigiroku,2020,1583,予算,○予算決算委員長（松岡一生君） 予算決算委員会を代表しまして、当委員会に
R0203kaigiroku,2020,1583,決算,○予算決算委員長（松岡一生君） 予算決算委員会を代表しまして、当委員会に
R0203kaigiroku,2020,1584,予算,付託されました、議案第 5 号から 7 号までの補正予算 3 件について、一括し
R0203kaigiroku,2020,1584,補正予算,付託されました、議案第 5 号から 7 号までの補正予算 3 件について、一括し
R0203kaigiroku,2020,1586,予算,まず、審査の経緯ですが、去る 3 月 10 日の本会議において、補正予算 3 件
R0203kaigiroku,2020,1586,補正予算,まず、審査の経緯ですが、去る 3 月 10 日の本会議において、補正予算 3 件
R0203kaigiroku,2020,1587,予算,及び令和 2 年度当初予算 5 件、合計 8 件の案件が付託されたことにより、3 月
R0203kaigiroku,2020,1591,予算,ました。一般会計補正予算（第 5 号）では、事業執行残の原因や、交流公社
R0203kaigiroku,2020,1591,補正予算,ました。一般会計補正予算（第 5 号）では、事業執行残の原因や、交流公社
R0203kaigiroku,2020,1592,補助金,への補助金執行方法を確認する質問等が行われ、当局より答弁いただきまし
R0203kaigiroku,2020,1593,予算,た。簡易水道事業特別会計補正予算（第 4 号）及び国民健康保険特別会計補
R0203kaigiroku,2020,1593,補正予算,た。簡易水道事業特別会計補正予算（第 4 号）及び国民健康保険特別会計補
R0203kaigiroku,2020,1594,予算,正予算（第 4 号）では、質疑及び討論ともにございませんでした。
R0203kaigiroku,2020,1599,予算,以上で、議案第 5 号から第 7 号についての、予算決算委員会の審査報告を
R0203kaigiroku,2020,1599,決算,以上で、議案第 5 号から第 7 号についての、予算決算委員会の審査報告を
R0203kaigiroku,2020,1607,予算,◎議案第 5 号、令和元年度御杖村一般会計補正予算（第
R0203kaigiroku,2020,1607,補正予算,◎議案第 5 号、令和元年度御杖村一般会計補正予算（第
R0203kaigiroku,2020,1610,予算,先ず、日程第 1、議案第 5 号、令和元年度御杖村一般会計補正予算（第 5
R0203kaigiroku,2020,1610,補正予算,先ず、日程第 1、議案第 5 号、令和元年度御杖村一般会計補正予算（第 5
R0203kaigiroku,2020,1621,予算,令和元年度御杖村一般会計補正予算（第 5 号）の議定については、委員長の
R0203kaigiroku,2020,1621,補正予算,令和元年度御杖村一般会計補正予算（第 5 号）の議定については、委員長の
R0203kaigiroku,2020,1626,予算,補正予算（第 4 号）の議定について［討論・採決］
R0203kaigiroku,2020,1626,補正予算,補正予算（第 4 号）の議定について［討論・採決］
R0203kaigiroku,2020,1628,予算,水道事業特別会計補正予算（第 4 号）の議定についてを議題とし、討論を行
R0203kaigiroku,2020,1628,補正予算,水道事業特別会計補正予算（第 4 号）の議定についてを議題とし、討論を行
R0203kaigiroku,2020,1639,予算,令和元年度御杖村簡易水道事業特別会計補正予算（第 4 号）の議定について
R0203kaigiroku,2020,1639,補正予算,令和元年度御杖村簡易水道事業特別会計補正予算（第 4 号）の議定について
R0203kaigiroku,2020,1647,予算,補正予算（第 4 号）の議定について［討論・採決］
R0203kaigiroku,2020,1647,補正予算,補正予算（第 4 号）の議定について［討論・採決］
R0203kaigiroku,2020,1649,予算,健康保険特別会計補正予算（第 4 号）の議定についてを議題とし、討論を行
R0203kaigiroku,2020,1649,補正予算,健康保険特別会計補正予算（第 4 号）の議定についてを議題とし、討論を行
R0203kaigiroku,2020,1660,予算,令和元年度御杖村国民健康保険特別会計補正予算（第 4 号）の議定について
R0203kaigiroku,2020,1660,補正予算,令和元年度御杖村国民健康保険特別会計補正予算（第 4 号）の議定について
R0203kaigiroku,2020,1667,予算,・議案第 8 号、令和 2 年度御杖村一般会計予算の議定
R0203kaigiroku,2020,1670,予算,計予算の議定について
R0203kaigiroku,2020,1672,予算,会計予算の議定について
R0203kaigiroku,2020,1674,予算,予算の議定について
R0203kaigiroku,2020,1676,予算,別会計予算の議定について
R0203kaigiroku,2020,1678,予算,号までの 5 件につきましては、予算決算委員会へ付託した案件でございます。
R0203kaigiroku,2020,1678,決算,号までの 5 件につきましては、予算決算委員会へ付託した案件でございます。
R0203kaigiroku,2020,1683,予算,案第 8 号から 12 号までの、令和 2 年度当初予算 5 件について、一括して、審
R0203kaigiroku,2020,1686,予算,した。議案第 8 号の一般会計予算では、追加説明のあと質疑応答をおこない、
R0203kaigiroku,2020,1690,予算,なりました。議案第 9 号から 12 号までの各特別会計予算では、質疑・討論と
R0203kaigiroku,2020,1694,予算,以上で、議案第 8 号から第 12 号についての、予算決算委員会の審査報告を
R0203kaigiroku,2020,1694,決算,以上で、議案第 8 号から第 12 号についての、予算決算委員会の審査報告を
R0203kaigiroku,2020,1702,予算,◎議案第 8 号、令和 2 年度御杖村一般会計予算の議定に
R0203kaigiroku,2020,1705,予算,まず、日程第 4、議案第 8 号、令和 2 年度御杖村一般会計予算の議定につ
R0203kaigiroku,2020,1716,予算,令和 2 年度御杖村一般会計予算の議定については、委員長の報告のとおり可
R0203kaigiroku,2020,1721,予算,予算の議定について［討論・採決］
R0203kaigiroku,2020,1723,予算,水道事業特別会計予算の議定についてを議題とし、討論を行います。
R0203kaigiroku,2020,1737,予算,令和 2 年度御杖村簡易水道事業特別会計予算の議定については、委員長の報
R0203kaigiroku,2020,1742,予算,計予算の議定について［討論・採決］
R0203kaigiroku,2020,1744,予算,健康保険特別会計予算の議定についてを議題とし、討論を行います。
R0203kaigiroku,2020,1755,予算,令和 2 年度御杖村国民健康保険特別会計予算の議定については、委員長の報
R0203kaigiroku,2020,1762,予算,保険特別会計予算の議定についてを議題とし、討論を行います。
R0203kaigiroku,2020,1773,予算,令和 2 年度御杖村介護保険特別会計予算の議定については、委員長の報告の
R0203kaigiroku,2020,1778,予算,会計予算の議定についてを［討論・採決］
R0203kaigiroku,2020,1780,予算,高齢者医療特別会計予算の議定についてを議題とし、討論を行います。
R0203kaigiroku,2020,1793,予算,令和 2 年度御杖村後期高齢者医療特別会計予算の議定については、委員長報
R0203kaigiroku,2020,1803,予算,会計補正予算（第 3 号）の議定について
R0203kaigiroku,2020,1803,補正予算,会計補正予算（第 3 号）の議定について
R0205giketsukekka,2020,2,予算,●村長提出議案（条例 4 件・予算 2 件・同意 2 件・計８件）
R0205giketsukekka,2020,19,予算,（令和２年度御杖村一般会計補正予算(第１号)の議定について）           〃       －   －   －   －       〃       〃
R0205giketsukekka,2020,19,補正予算,（令和２年度御杖村一般会計補正予算(第１号)の議定について）           〃       －   －   －   －       〃       〃
R0205giketsukekka,2020,22,予算,（令和２年度御杖村国民健康保険特別会計補正予算(第1号)の義弟について）     〃       －   －   －    －      〃       〃
R0205giketsukekka,2020,22,補正予算,（令和２年度御杖村国民健康保険特別会計補正予算(第1号)の義弟について）     〃       －   －   －    －      〃       〃
R0205kaigiroku,2020,39,予算,予算(第 1 号)の議定について）[上程、説明] ・・・・・・・・・・・・・・・・・・・・・・・・・・・・・・・・・・・・・ －７－
R0205kaigiroku,2020,41,予算,特別会計補正予算(第 1 号)の議定について）[上程、説明] ・・・・・・・・・・・・・・・・・・・・・・・・・ －７－
R0205kaigiroku,2020,41,補正予算,特別会計補正予算(第 1 号)の議定について）[上程、説明] ・・・・・・・・・・・・・・・・・・・・・・・・・ －７－
R0205kaigiroku,2020,56,予算,予算(第 1 号)の議定について）[質疑、討論、採決] ・・・・・・・・・・・・・・・・・・・・・・・・・・・・・・ －10－
R0205kaigiroku,2020,58,予算,特別会計補正予算(第 1 号)の議定について）[質疑、討論、採決] ・・・・・・・・・・・・・・・・・・・ －11－
R0205kaigiroku,2020,58,補正予算,特別会計補正予算(第 1 号)の議定について）[質疑、討論、採決] ・・・・・・・・・・・・・・・・・・・ －11－
R0205kaigiroku,2020,90,予算,専決処分の承認を求めることについて（令和２年度御杖村一般会計補正予算(第 1 号)の議
R0205kaigiroku,2020,90,補正予算,専決処分の承認を求めることについて（令和２年度御杖村一般会計補正予算(第 1 号)の議
R0205kaigiroku,2020,175,予算,提案された案件は、副広域連合長の選任同意１件、条例の制定３件、令和２年度各会計予算３
R0205kaigiroku,2020,187,予算,続いて、議案第４号、令和２年度桜井宇陀広域連合一般会計予算については、歳入歳出予
R0205kaigiroku,2020,189,基金,いては、省略させていただきたいと思います。議案第５号、令和２年度ふるさと市町村圏基金特
R0205kaigiroku,2020,190,予算,別会計予算については、歳入歳出予算総額はそれぞれ１，２５０万円で、対前年度と比較して１
R0205kaigiroku,2020,192,予算,議案第６号、令和２年度介護保険特別会計予算については、歳入歳出予算総額はそれぞれ
R0205kaigiroku,2020,197,予算,例の制定３件と令和２年度の各当初予算の概要について説明がありました。
R0205kaigiroku,2020,199,予算,なお、それぞれの予算の詳細につきましは、必要がございましたら後日確認をさせていただ
R0205kaigiroku,2020,208,予算,承認を求めることについて、令和２年度御杖村一般会計補正予算第１号の議定について、日程
R0205kaigiroku,2020,208,補正予算,承認を求めることについて、令和２年度御杖村一般会計補正予算第１号の議定について、日程
R0205kaigiroku,2020,210,予算,会計補正予算第１号の議定について、日程第 10 同意第１号御杖村教育委員会の委員任命に
R0205kaigiroku,2020,210,補正予算,会計補正予算第１号の議定について、日程第 10 同意第１号御杖村教育委員会の委員任命に
R0205kaigiroku,2020,272,予算,補正予算(第 1 号)の議定について）[上程、説明]
R0205kaigiroku,2020,272,補正予算,補正予算(第 1 号)の議定について）[上程、説明]
R0205kaigiroku,2020,274,予算,和２年度御杖村一般会計補正予算第１号の議定についてを議題と致します。本案につい
R0205kaigiroku,2020,274,補正予算,和２年度御杖村一般会計補正予算第１号の議定についてを議題と致します。本案につい
R0205kaigiroku,2020,285,予算,保険特別会計補正予算(第 1 号)の議定について）[上程、説明]
R0205kaigiroku,2020,285,補正予算,保険特別会計補正予算(第 1 号)の議定について）[上程、説明]
R0205kaigiroku,2020,287,予算,和２年度御杖村国民健康保険特別会計補正予算第１号の議定についてを議題と致しま
R0205kaigiroku,2020,287,補正予算,和２年度御杖村国民健康保険特別会計補正予算第１号の議定についてを議題と致しま
R0205kaigiroku,2020,291,予算,○村長（伊藤収宜君）：本案につきましては、歳入歳出予算にそれぞれ 208 万円を増額して、歳入
R0205kaigiroku,2020,292,予算,"歳出予算の総額を 2 億 8,466 万 7 千円とするものでございます。今回の補正は、傷病手当金"
R0205kaigiroku,2020,439,予算,補正予算(第 1 号)の議定について）[質疑、討論、採決]
R0205kaigiroku,2020,439,補正予算,補正予算(第 1 号)の議定について）[質疑、討論、採決]
R0205kaigiroku,2020,442,予算,和２年度御杖村一般会計補正予算第１号の議定についてを議題と致します。本案につい
R0205kaigiroku,2020,442,補正予算,和２年度御杖村一般会計補正予算第１号の議定についてを議題と致します。本案につい
R0205kaigiroku,2020,456,予算,処分の承認を求めることについて、令和２年度御杖村一般会計補正予算第１号の議定に
R0205kaigiroku,2020,456,補正予算,処分の承認を求めることについて、令和２年度御杖村一般会計補正予算第１号の議定に
R0205kaigiroku,2020,463,予算,保険特別会計補正予算(第 1 号)の議定について）[質疑、討論、採決]
R0205kaigiroku,2020,463,補正予算,保険特別会計補正予算(第 1 号)の議定について）[質疑、討論、採決]
R0205kaigiroku,2020,466,予算,和２年度御杖村国民健康保険特別会計補正予算第１号の議定についてを議題と致します。
R0205kaigiroku,2020,466,補正予算,和２年度御杖村国民健康保険特別会計補正予算第１号の議定についてを議題と致します。
R0205kaigiroku,2020,481,予算,処分の承認を求めることについて、令和２年度御杖村国民健康保険特別会計補正予算第
R0205kaigiroku,2020,481,補正予算,処分の承認を求めることについて、令和２年度御杖村国民健康保険特別会計補正予算第
R2-11giketsukekka,2020,2,予算,●村長提出議案（条例 4 件・予算１件・計５件）
R2-11giketsukekka,2020,18,予算,議 案    令和２年度御杖村一般会計補正予算(第７号)の議定について
R2-11giketsukekka,2020,18,補正予算,議 案    令和２年度御杖村一般会計補正予算(第７号)の議定について
R2-11kaigiroku,2020,43,予算,◎議案第 33 号、令和２年度御杖村一般会計補正予算(第７号)の議定について
R2-11kaigiroku,2020,43,補正予算,◎議案第 33 号、令和２年度御杖村一般会計補正予算(第７号)の議定について
R2-11kaigiroku,2020,64,予算,令和２年度御杖村一般会計補正予算(第７号)の議定について
R2-11kaigiroku,2020,64,補正予算,令和２年度御杖村一般会計補正予算(第７号)の議定について
R2-11kaigiroku,2020,219,予算,◎議案第３３号・令和２年度御杖村一般会計補正予算（第７号）の議定について
R2-11kaigiroku,2020,219,補正予算,◎議案第３３号・令和２年度御杖村一般会計補正予算（第７号）の議定について
R2-11kaigiroku,2020,221,予算,○議長（山岡隆良君）：次に、日程第７議案第３３号令和２年度御杖村一般会計補正予算第７号の議
R2-11kaigiroku,2020,221,補正予算,○議長（山岡隆良君）：次に、日程第７議案第３３号令和２年度御杖村一般会計補正予算第７号の議
R2-11kaigiroku,2020,231,予算,○副村長（松原永治君）：令和２年度御杖村一般会計補正予算第７号の内容について、ご説明申し
R2-11kaigiroku,2020,231,補正予算,○副村長（松原永治君）：令和２年度御杖村一般会計補正予算第７号の内容について、ご説明申し
R2-11kaigiroku,2020,232,予算,上げます。予算書の１ページをご覧下さい。
R2-11kaigiroku,2020,234,予算,ものです。歳出からご説明申し上げます。予算書の４ページの中段、３･歳出をご覧下さい。款･
R2-11kaigiroku,2020,241,補助金,その下、目･65 特別定額給付金費、節･18 負担金補助及び交付金補助金の 300 千円は、新
R2-11kaigiroku,2020,250,予算,続きまして、歳入についてご説明申し上げます。同じく予算書の 4 ページの上段、２･ 歳入をご
R2-11kaigiroku,2020,253,予算,先ほどご説明しました歳出予算については、全て新型コロナウイルス感染症対応地方創生臨
R2-11kaigiroku,2020,254,補助金,時交付金事業となっており、本来であれば財源は国庫補助金として計上するところですが、本
R2-11kaigiroku,2020,255,予算,村に交付される新型コロナウイルス感染症対応地方創生臨時交付金の内示額は予算上残額が
R2-11kaigiroku,2020,256,予算,ないため、地方交付税の留保額を充てています。既に予算化しております新型コロナウイルス
R2-11kaigiroku,2020,257,入札,感染症対応地方創生臨時交付金事業に、今後入札差額や実績減による残高が生じた場合は、
R2-11kaigiroku,2020,260,予算,以上、令和２年度御杖村一般会計補正予算第７号の概要についての説明させて頂きました。
R2-11kaigiroku,2020,260,補正予算,以上、令和２年度御杖村一般会計補正予算第７号の概要についての説明させて頂きました。
R2-11kaigiroku,2020,272,予算,御杖村一般会計補正予算第７号の議定については、原案のとおり可決されました。
R2-11kaigiroku,2020,272,補正予算,御杖村一般会計補正予算第７号の議定については、原案のとおり可決されました。
R2-12giketukekka,2020,2,予算,●村長提出議案（条例１、指定管理１件、規約１件、予算４件、同意 1 件、計８件）
R2-12giketukekka,2020,15,予算,議案     令和２年度御杖村一般会計補正予算（第８号）の議定について         〃         〃        予算決算    R2.12.16   〃       〃         〃
R2-12giketukekka,2020,15,補正予算,議案     令和２年度御杖村一般会計補正予算（第８号）の議定について         〃         〃        予算決算    R2.12.16   〃       〃         〃
R2-12giketukekka,2020,15,決算,議案     令和２年度御杖村一般会計補正予算（第８号）の議定について         〃         〃        予算決算    R2.12.16   〃       〃         〃
R2-12giketukekka,2020,17,予算,議案      令和２年度御杖村国民健康保険特別会計補正予算（第4号）の議定
R2-12giketukekka,2020,17,補正予算,議案      令和２年度御杖村国民健康保険特別会計補正予算（第4号）の議定
R2-12giketukekka,2020,20,予算,議案      令和２年度御杖村介護保険特別会計補正予算（第３号）の議定につ
R2-12giketukekka,2020,20,補正予算,議案      令和２年度御杖村介護保険特別会計補正予算（第３号）の議定につ
R2-12giketukekka,2020,24,予算,議案      令和２年度御杖村後期高齢者医療特別会計補正予算（第２号）の議
R2-12giketukekka,2020,24,補正予算,議案      令和２年度御杖村後期高齢者医療特別会計補正予算（第２号）の議
R2-12kaigiroku,2020,49,予算,◎議案第３７号、令和２年度御杖村一般会計補正予算(第８号)の議定について
R2-12kaigiroku,2020,49,補正予算,◎議案第３７号、令和２年度御杖村一般会計補正予算(第８号)の議定について
R2-12kaigiroku,2020,51,予算,◎議案第３８号、令和２年度御杖村国民健康保険特別会計補正予算（第４号）の議定について
R2-12kaigiroku,2020,51,補正予算,◎議案第３８号、令和２年度御杖村国民健康保険特別会計補正予算（第４号）の議定について
R2-12kaigiroku,2020,53,予算,◎議案第３９号、令和２年度御杖村介護保険特別会計補正予算(第３号)の議定について
R2-12kaigiroku,2020,53,補正予算,◎議案第３９号、令和２年度御杖村介護保険特別会計補正予算(第３号)の議定について
R2-12kaigiroku,2020,55,予算,◎議案第４０号、令和２年度御杖村後期高齢者医療特別会計補正予算(第２号)の議定について
R2-12kaigiroku,2020,55,補正予算,◎議案第４０号、令和２年度御杖村後期高齢者医療特別会計補正予算(第２号)の議定について
R2-12kaigiroku,2020,84,予算,・議案第３７号、令和２年度御杖村一般会計補正予算(第８号)の議定について・議案第３８号、令和２
R2-12kaigiroku,2020,84,補正予算,・議案第３７号、令和２年度御杖村一般会計補正予算(第８号)の議定について・議案第３８号、令和２
R2-12kaigiroku,2020,85,予算,年度御杖村国民健康保険特別会計補正予算(第４号)の議定について・議案第３９号、令和２年度御
R2-12kaigiroku,2020,85,補正予算,年度御杖村国民健康保険特別会計補正予算(第４号)の議定について・議案第３９号、令和２年度御
R2-12kaigiroku,2020,86,予算,杖村介護保険特別会計補正予算(第３号)の議定について・議案第４０号、令和２年度御杖村後期高
R2-12kaigiroku,2020,86,補正予算,杖村介護保険特別会計補正予算(第３号)の議定について・議案第４０号、令和２年度御杖村後期高
R2-12kaigiroku,2020,87,予算,齢者医療特別会計補正予算(第２号)の議定について ・・・・・・・・・・・・・・・・・・・・・・・・・・・・・ －２４－
R2-12kaigiroku,2020,87,補正予算,齢者医療特別会計補正予算(第２号)の議定について ・・・・・・・・・・・・・・・・・・・・・・・・・・・・・ －２４－
R2-12kaigiroku,2020,88,予算,◎議案第３７号、令和２年度御杖村一般会計補正予算(第８号)の議定について
R2-12kaigiroku,2020,88,補正予算,◎議案第３７号、令和２年度御杖村一般会計補正予算(第８号)の議定について
R2-12kaigiroku,2020,90,予算,◎議案第３８号、令和２年度御杖村国民健康保険特別会計補正予算(第４号)の議定について
R2-12kaigiroku,2020,90,補正予算,◎議案第３８号、令和２年度御杖村国民健康保険特別会計補正予算(第４号)の議定について
R2-12kaigiroku,2020,92,予算,◎議案第３９号、令和２年度御杖村介護保険特別会計補正予算(第３号)の議定について
R2-12kaigiroku,2020,92,補正予算,◎議案第３９号、令和２年度御杖村介護保険特別会計補正予算(第３号)の議定について
R2-12kaigiroku,2020,94,予算,◎議案第４０号、令和２年度御杖村後期高齢者医療特別会計補正予算(第２号)の議定について
R2-12kaigiroku,2020,94,補正予算,◎議案第４０号、令和２年度御杖村後期高齢者医療特別会計補正予算(第２号)の議定について
R2-12kaigiroku,2020,127,予算,第９   議案第３７号[予算決算委員会付託]
R2-12kaigiroku,2020,127,決算,第９   議案第３７号[予算決算委員会付託]
R2-12kaigiroku,2020,128,予算,令和２年度御杖村一般会計補正予算(第８号)の議定について
R2-12kaigiroku,2020,128,補正予算,令和２年度御杖村一般会計補正予算(第８号)の議定について
R2-12kaigiroku,2020,129,予算,第１０ 議案第３８号[予算決算委員会付託]
R2-12kaigiroku,2020,129,決算,第１０ 議案第３８号[予算決算委員会付託]
R2-12kaigiroku,2020,130,予算,令和２年度御杖村国民健康保険特別会計補正予算（第４号）の議定について
R2-12kaigiroku,2020,130,補正予算,令和２年度御杖村国民健康保険特別会計補正予算（第４号）の議定について
R2-12kaigiroku,2020,131,予算,第１１ 議案第３９号［予算決算委員会付託］
R2-12kaigiroku,2020,131,決算,第１１ 議案第３９号［予算決算委員会付託］
R2-12kaigiroku,2020,132,予算,令和２年度御杖村介護特別会計補正予算（第３号）の議定について
R2-12kaigiroku,2020,132,補正予算,令和２年度御杖村介護特別会計補正予算（第３号）の議定について
R2-12kaigiroku,2020,133,予算,第１２ 議案第４０号［予算決算委員会付託］
R2-12kaigiroku,2020,133,決算,第１２ 議案第４０号［予算決算委員会付託］
R2-12kaigiroku,2020,134,予算,令和２年度御杖村後期高齢者医療特別会計補正予算(第２号)の議定について
R2-12kaigiroku,2020,134,補正予算,令和２年度御杖村後期高齢者医療特別会計補正予算(第２号)の議定について
R2-12kaigiroku,2020,223,予算,日までの９日間とし、全員協議会を１１日、むらづくり委員会を１５日、予算決算委員会
R2-12kaigiroku,2020,223,決算,日までの９日間とし、全員協議会を１１日、むらづくり委員会を１５日、予算決算委員会
R2-12kaigiroku,2020,228,予算,及び管理指定・規約案件の３件はむらづくり委員会へ、補正予算４件は予算決算委員会
R2-12kaigiroku,2020,228,補正予算,及び管理指定・規約案件の３件はむらづくり委員会へ、補正予算４件は予算決算委員会
R2-12kaigiroku,2020,228,決算,及び管理指定・規約案件の３件はむらづくり委員会へ、補正予算４件は予算決算委員会
R2-12kaigiroku,2020,261,決算,歳入歳出決算認定、さらにふるさと市町村圏基金特別会計歳入歳出決算認定、介護保険
R2-12kaigiroku,2020,261,基金,歳入歳出決算認定、さらにふるさと市町村圏基金特別会計歳入歳出決算認定、介護保険
R2-12kaigiroku,2020,262,決算,特別会計歳入歳出決算認定の３件で、監査委員の審査意見及び関係資料をつけて認定に
R2-12kaigiroku,2020,263,決算,付され、採決の結果、各会計決算は原案どおり認定をいたしました。
R2-12kaigiroku,2020,265,決算,いと思います。令和元年度各会計決算についてでございますが、認第 1 号の一般会計決
R2-12kaigiroku,2020,270,決算,次に、認定第２号のふるさと市町村圏基金特別会計決算について申し上げます。歳入
R2-12kaigiroku,2020,270,基金,次に、認定第２号のふるさと市町村圏基金特別会計決算について申し上げます。歳入
R2-12kaigiroku,2020,274,基金,"成 4 市村からの負担金が 400 万円、基金運用益及び預金利息が 336 万 9,189 円、平成 30"
R2-12kaigiroku,2020,275,繰越,"年度からの繰越金 413 万 4,989 円及び諸収入はスポーツ振興くじ助成金等 85 万 240"
R2-12kaigiroku,2020,279,決算,"次に、認定第３号介護保険特別会計決算につきましては、歳入総額 5,652 万 3,963"
R2-12kaigiroku,2020,282,繰越,"この会計の歳入は、構成市村からの負担金 4,900 万円、平成 30 年度からの繰越金"
R2-12kaigiroku,2020,284,繰越,法に基づく介護認定審査会運営経費、および担当職員の給与など、繰越金は、今後、必
R2-12kaigiroku,2020,291,決算,宇陀広域連合各会計歳入歳出決算及び事務事業概要などについて説明がありました。
R2-12kaigiroku,2020,320,予算,計歳入歳出補正予算第１号について、認定第１号令和元年度宇陀衛生一部事務組合一般
R2-12kaigiroku,2020,320,補正予算,計歳入歳出補正予算第１号について、認定第１号令和元年度宇陀衛生一部事務組合一般
R2-12kaigiroku,2020,321,決算,会計歳入歳出決算について以上４件が提案されました。
R2-12kaigiroku,2020,323,予算,議案第６号令和２年度一般会計補正予算第１号については、歳入歳出予算の総額に歳入
R2-12kaigiroku,2020,323,補正予算,議案第６号令和２年度一般会計補正予算第１号については、歳入歳出予算の総額に歳入
R2-12kaigiroku,2020,325,決算,"認定第１号・令和元年度一般会計歳入歳出決算については、歳入総額 1 億 1,754 万"
R2-12kaigiroku,2020,327,決算,"額 665 万 5,339 円の決算となった報告がなされました。以上４件が原案とおり全会一致"
R2-12kaigiroku,2020,356,決算,一部改正について、認定第１号令和元年度東宇陀環境衛生組合一般会計歳入歳出決算に
R2-12kaigiroku,2020,360,決算,"和元年度歳入総額 180,324,738 円、歳出総額 176,236,003 円の決算について認定を受け"
R2-12kaigiroku,2020,387,予算,出予算補正第１号の専決処分の報告について、報告第２号曽爾御杖行政一部事務組合一
R2-12kaigiroku,2020,389,決算,第 1 号令和元年度曽爾御杖行政一部事務組合一般会計歳入歳出決算認定について、議案
R2-12kaigiroku,2020,390,予算,第１号令和２年度曽爾御杖行政一部事務組合一般会計歳入歳出予算補正第２号につい
R2-12kaigiroku,2020,392,予算,は、３万円の増額で歳入歳出予算の総額を歳入歳出３千３百６１万６千円となる報告を
R2-12kaigiroku,2020,395,決算,曽爾御杖行政一部事務組合一般会計歳入歳出会計歳入歳出決算認定については、監査員
R2-12kaigiroku,2020,397,予算,務組合一般会計歳入歳出予算補正第２号については、歳入歳出予算の総額から歳入歳出
R2-12kaigiroku,2020,398,予算,それぞれ２百１５万１千円を増額し、歳入歳出予算の総額を歳入歳出それぞれ３千５百
R2-12kaigiroku,2020,607,予算,なるよう来年度予算編成に向けて検討を進めていきたいと考えております。
R2-12kaigiroku,2020,611,基金,ことに鑑み、次年度以降においても森林環境譲与税及び森林環境整備基金を活用した事
R2-12kaigiroku,2020,619,予算,えられます。一部来年度予算に盛り込んで進んで行くとの答弁でありますが、道路関係
R2-12kaigiroku,2020,725,予算,◎議案第３７号令和２年度御杖村一般会計補正予算
R2-12kaigiroku,2020,725,補正予算,◎議案第３７号令和２年度御杖村一般会計補正予算
R2-12kaigiroku,2020,731,予算,予算第８号の議定についてを議題と致します。本案につきまして、提案理由の説明を求
R2-12kaigiroku,2020,739,予算,の減額、増額については介護保険特会への繰出金や、障害者福祉関係予算等が主なも
R2-12kaigiroku,2020,747,予算,会運営委員長の報告のとおり全員協議会で詳細な説明を受け、予算決算委員会に付託す
R2-12kaigiroku,2020,747,決算,会運営委員長の報告のとおり全員協議会で詳細な説明を受け、予算決算委員会に付託す
R2-12kaigiroku,2020,752,予算,杖村一般会計補正予算第８号の議定については、予算決算委員会に付託することに決定
R2-12kaigiroku,2020,752,補正予算,杖村一般会計補正予算第８号の議定については、予算決算委員会に付託することに決定
R2-12kaigiroku,2020,752,決算,杖村一般会計補正予算第８号の議定については、予算決算委員会に付託することに決定
R2-12kaigiroku,2020,757,予算,会計補正予算（第４号）の議定について
R2-12kaigiroku,2020,757,補正予算,会計補正予算（第４号）の議定について
R2-12kaigiroku,2020,762,予算,険特別会計補正予算第４号の議定についてを議題と致します。本案について、提案理由
R2-12kaigiroku,2020,762,補正予算,険特別会計補正予算第４号の議定についてを議題と致します。本案について、提案理由
R2-12kaigiroku,2020,768,予算,○村長（伊藤収宜君）：本案につきましては、診療施設勘定予算の歳入歳出それぞれに 139
R2-12kaigiroku,2020,778,予算,会運営委員長の報告のとおり全員協議会で詳細な説明を受け、予算決算委員会に付託す
R2-12kaigiroku,2020,778,決算,会運営委員長の報告のとおり全員協議会で詳細な説明を受け、予算決算委員会に付託す
R2-12kaigiroku,2020,783,予算,御杖村国民健康保険特別会計補正予算第４号の議定についても、予算決算委員会に付託
R2-12kaigiroku,2020,783,補正予算,御杖村国民健康保険特別会計補正予算第４号の議定についても、予算決算委員会に付託
R2-12kaigiroku,2020,783,決算,御杖村国民健康保険特別会計補正予算第４号の議定についても、予算決算委員会に付託
R2-12kaigiroku,2020,788,予算,補正予算（第３号）の議定について
R2-12kaigiroku,2020,788,補正予算,補正予算（第３号）の議定について
R2-12kaigiroku,2020,793,予算,予算第３号の議定についてを議題と致します。本案について、提案理由の説明を求めま
R2-12kaigiroku,2020,809,予算,会運営委員長の報告のとおり全員協議会で詳細な説明を受け、予算決算委員会に付託す
R2-12kaigiroku,2020,809,決算,会運営委員長の報告のとおり全員協議会で詳細な説明を受け、予算決算委員会に付託す
R2-12kaigiroku,2020,814,予算,御杖村介護保険特別会計補正予算第３号の議定についても、予算決算委員会に付託する
R2-12kaigiroku,2020,814,補正予算,御杖村介護保険特別会計補正予算第３号の議定についても、予算決算委員会に付託する
R2-12kaigiroku,2020,814,決算,御杖村介護保険特別会計補正予算第３号の議定についても、予算決算委員会に付託する
R2-12kaigiroku,2020,819,予算,会計補正予算（第２号）の議定について
R2-12kaigiroku,2020,819,補正予算,会計補正予算（第２号）の議定について
R2-12kaigiroku,2020,824,予算,計補正予算第２号の議定についてを議題と致します。本案について、提案理由の説明を
R2-12kaigiroku,2020,824,補正予算,計補正予算第２号の議定についてを議題と致します。本案について、提案理由の説明を
R2-12kaigiroku,2020,841,予算,会運営委員長の報告のとおり全員協議会で詳細な説明を受け、予算決算委員会に付託す
R2-12kaigiroku,2020,841,決算,会運営委員長の報告のとおり全員協議会で詳細な説明を受け、予算決算委員会に付託す
R2-12kaigiroku,2020,846,予算,御杖村後期高齢者医療特別会計補正予算第２号の議定についても、予算決算委員会に付
R2-12kaigiroku,2020,846,補正予算,御杖村後期高齢者医療特別会計補正予算第２号の議定についても、予算決算委員会に付
R2-12kaigiroku,2020,846,決算,御杖村後期高齢者医療特別会計補正予算第２号の議定についても、予算決算委員会に付
R2-12kaigiroku,2020,918,予算,令和２年度御杖村一般会計補正予算(第８号)の議定について
R2-12kaigiroku,2020,918,補正予算,令和２年度御杖村一般会計補正予算(第８号)の議定について
R2-12kaigiroku,2020,920,予算,令和２年度御杖村国民健康保険特別会計補正予算（第４号）の議定について
R2-12kaigiroku,2020,920,補正予算,令和２年度御杖村国民健康保険特別会計補正予算（第４号）の議定について
R2-12kaigiroku,2020,922,予算,令和２年度御杖村介護特別会計補正予算（第３号）の議定について
R2-12kaigiroku,2020,922,補正予算,令和２年度御杖村介護特別会計補正予算（第３号）の議定について
R2-12kaigiroku,2020,924,予算,令和２年度御杖村後期高齢者医療特別会計補正予算(第２号)の議定について
R2-12kaigiroku,2020,924,補正予算,令和２年度御杖村後期高齢者医療特別会計補正予算(第２号)の議定について
R2-12kaigiroku,2020,1064,予算,・議案第３７号令和２年度御杖村一般会計補正予算（第８号）の
R2-12kaigiroku,2020,1064,補正予算,・議案第３７号令和２年度御杖村一般会計補正予算（第８号）の
R2-12kaigiroku,2020,1066,予算,・議案第３８号令和２年度御杖村国民健康保険特別会計補正予算
R2-12kaigiroku,2020,1066,補正予算,・議案第３８号令和２年度御杖村国民健康保険特別会計補正予算
R2-12kaigiroku,2020,1068,予算,・議案第３９号令和２年度御杖村介護保健特別会計補正予算
R2-12kaigiroku,2020,1068,補正予算,・議案第３９号令和２年度御杖村介護保健特別会計補正予算
R2-12kaigiroku,2020,1071,予算,補正予算（第２号）の議定について
R2-12kaigiroku,2020,1071,補正予算,補正予算（第２号）の議定について
R2-12kaigiroku,2020,1074,予算,：次に、日程第４議案第３７号令和２年度御杖村一般会計補正予算第
R2-12kaigiroku,2020,1074,補正予算,：次に、日程第４議案第３７号令和２年度御杖村一般会計補正予算第
R2-12kaigiroku,2020,1076,予算,正予算第４号の議定について、日程第６議案第３９号令和２年度御杖村介護保険特別会
R2-12kaigiroku,2020,1077,予算,計補正予算第３号の議定について、日程第７議案第４０号令和２年度御杖村後期高齢者
R2-12kaigiroku,2020,1077,補正予算,計補正予算第３号の議定について、日程第７議案第４０号令和２年度御杖村後期高齢者
R2-12kaigiroku,2020,1078,予算,医療特別会計補正予算第２号の議定についての４案件につきましては、予算決算委員会
R2-12kaigiroku,2020,1078,補正予算,医療特別会計補正予算第２号の議定についての４案件につきましては、予算決算委員会
R2-12kaigiroku,2020,1078,決算,医療特別会計補正予算第２号の議定についての４案件につきましては、予算決算委員会
R2-12kaigiroku,2020,1082,予算,○予算決算委員会委員長（松岡一生君）：はい。
R2-12kaigiroku,2020,1082,決算,○予算決算委員会委員長（松岡一生君）：はい。
R2-12kaigiroku,2020,1085,予算,○予算決算委員会委員長（松岡一生君）：予算決算委員会を代表しまして、当委員会に付
R2-12kaigiroku,2020,1085,決算,○予算決算委員会委員長（松岡一生君）：予算決算委員会を代表しまして、当委員会に付
R2-12kaigiroku,2020,1089,予算,３７号令和２年度御杖村一般会計補正予算第８号の議定について、議案第３８号令和
R2-12kaigiroku,2020,1089,補正予算,３７号令和２年度御杖村一般会計補正予算第８号の議定について、議案第３８号令和
R2-12kaigiroku,2020,1090,予算,２年度御杖村国民健康保険特別会計補正予算第４号の議定について、議案第３９号令
R2-12kaigiroku,2020,1090,補正予算,２年度御杖村国民健康保険特別会計補正予算第４号の議定について、議案第３９号令
R2-12kaigiroku,2020,1092,予算,和２年度御杖村介護保険特別会計補正予算第３号の議定について、議案第４０号令和
R2-12kaigiroku,2020,1092,補正予算,和２年度御杖村介護保険特別会計補正予算第３号の議定について、議案第４０号令和
R2-12kaigiroku,2020,1093,予算,２年度御杖村後期高齢者医療特別会計補正予算第２号の議定についての補正予算４案
R2-12kaigiroku,2020,1093,補正予算,２年度御杖村後期高齢者医療特別会計補正予算第２号の議定についての補正予算４案
R2-12kaigiroku,2020,1099,予算,採決の結果につきましては、補正予算４件ともに全員の賛成により、原案のとお
R2-12kaigiroku,2020,1099,補正予算,採決の結果につきましては、補正予算４件ともに全員の賛成により、原案のとお
R2-12kaigiroku,2020,1101,予算,ついての予算決算委員会の報告とさせていただきます。
R2-12kaigiroku,2020,1101,決算,ついての予算決算委員会の報告とさせていただきます。
R2-12kaigiroku,2020,1111,予算,◎議案３７号令和２年度御杖村一般会計補正予算(第８号)
R2-12kaigiroku,2020,1111,補正予算,◎議案３７号令和２年度御杖村一般会計補正予算(第８号)
R2-12kaigiroku,2020,1116,予算,：先ず、日程第４議案第３７号令和２年度御杖村一般会計補正予算第
R2-12kaigiroku,2020,1116,補正予算,：先ず、日程第４議案第３７号令和２年度御杖村一般会計補正予算第
R2-12kaigiroku,2020,1126,予算,令和２年度御杖村一般会計補正予算第８号の議定については、委員長の報告のとおり可
R2-12kaigiroku,2020,1126,補正予算,令和２年度御杖村一般会計補正予算第８号の議定については、委員長の報告のとおり可
R2-12kaigiroku,2020,1131,予算,補正予算(第４号)の議定について
R2-12kaigiroku,2020,1131,補正予算,補正予算(第４号)の議定について
R2-12kaigiroku,2020,1135,予算,計補正予算第４号の議定についてを議題とし、討論を行います。討論はありませんか。
R2-12kaigiroku,2020,1135,補正予算,計補正予算第４号の議定についてを議題とし、討論を行います。討論はありませんか。
R2-12kaigiroku,2020,1145,予算,和２年度御杖村国民健康保険特別会計補正予算第４号の議定については、委員長の報告
R2-12kaigiroku,2020,1145,補正予算,和２年度御杖村国民健康保険特別会計補正予算第４号の議定については、委員長の報告
R2-12kaigiroku,2020,1150,予算,予算(第３号)の議定について
R2-12kaigiroku,2020,1154,予算,正予算第３号の議定についてを議題とし、討論を行います。討論はありませんか。
R2-12kaigiroku,2020,1163,予算,和２年度御杖村介護保険特別会計補正予算第３号の議定については、委員長の報告のと
R2-12kaigiroku,2020,1163,補正予算,和２年度御杖村介護保険特別会計補正予算第３号の議定については、委員長の報告のと
R2-12kaigiroku,2020,1168,予算,会計補正予算（第２号）の議定について
R2-12kaigiroku,2020,1168,補正予算,会計補正予算（第２号）の議定について
R2-12kaigiroku,2020,1172,予算,計補正予算第２号の議定についてを議題とし、討論を行います。討論はありませんか。
R2-12kaigiroku,2020,1172,補正予算,計補正予算第２号の議定についてを議題とし、討論を行います。討論はありませんか。
R2-12kaigiroku,2020,1181,予算,２年度御杖村後期高齢者医療特別会計補正予算第２号の議定については、委員長の報告
R2-12kaigiroku,2020,1181,補正予算,２年度御杖村後期高齢者医療特別会計補正予算第２号の議定については、委員長の報告
R3-12giketsukekka,2021,2,予算,●村長提出議案（予算４件、条例４件、規約１件、計９件）
R3-12giketsukekka,2021,7,予算,R3.12.8    R3.12.8   予算決算   R3.12.13   承 認    R3.12.16   承 認
R3-12giketsukekka,2021,7,決算,R3.12.8    R3.12.8   予算決算   R3.12.13   承 認    R3.12.16   承 認
R3-12giketsukekka,2021,8,予算,第４号   （令和３年度御杖村一般会計補正予算(第４号)）
R3-12giketsukekka,2021,8,補正予算,第４号   （令和３年度御杖村一般会計補正予算(第４号)）
R3-12giketsukekka,2021,25,予算,議 案    令和３年度御杖村一般会計補正予算（第５号）の議定について            〃       R3.12.8   予算決算   R3.12.13    〃     R3.12.16    〃
R3-12giketsukekka,2021,25,補正予算,議 案    令和３年度御杖村一般会計補正予算（第５号）の議定について            〃       R3.12.8   予算決算   R3.12.13    〃     R3.12.16    〃
R3-12giketsukekka,2021,25,決算,議 案    令和３年度御杖村一般会計補正予算（第５号）の議定について            〃       R3.12.8   予算決算   R3.12.13    〃     R3.12.16    〃
R3-12giketsukekka,2021,27,予算,議 案    令和３年度御杖村国民健康保険特別会計補正予算(第４号)の議定について      〃         〃        〃       〃         〃        〃        〃
R3-12giketsukekka,2021,27,補正予算,議 案    令和３年度御杖村国民健康保険特別会計補正予算(第４号)の議定について      〃         〃        〃       〃         〃        〃        〃
R3-12giketsukekka,2021,29,予算,議 案    令和３年度御杖村後期高齢者医療特別会計補正予算(第１号)の議定につい
R3-12giketsukekka,2021,29,補正予算,議 案    令和３年度御杖村後期高齢者医療特別会計補正予算(第１号)の議定につい
R3-12kaigiroku,2021,39,補助金,張間議員「通学に対する補助金制度について」 ・・・・・・・・・・・・・・・・・・・・・・・・・・・・・・・・ －10－
R3-12kaigiroku,2021,41,予算,（令和３年度御杖村一般会計補正予算(第４号)）
R3-12kaigiroku,2021,41,補正予算,（令和３年度御杖村一般会計補正予算(第４号)）
R3-12kaigiroku,2021,56,予算,◎議案第４２号令和３年度御杖村一般会計補正予算(第５号)の議定について
R3-12kaigiroku,2021,56,補正予算,◎議案第４２号令和３年度御杖村一般会計補正予算(第５号)の議定について
R3-12kaigiroku,2021,58,予算,◎議案第４３号令和３年度御杖村国民健康保険特別会計補正予算(第４)の議定について
R3-12kaigiroku,2021,58,補正予算,◎議案第４３号令和３年度御杖村国民健康保険特別会計補正予算(第４)の議定について
R3-12kaigiroku,2021,60,予算,◎議案第４４号令和３年度御杖村後期高齢者医療保険特別会計補正予算(第１号)の議定について
R3-12kaigiroku,2021,60,補正予算,◎議案第４４号令和３年度御杖村後期高齢者医療保険特別会計補正予算(第１号)の議定について
R3-12kaigiroku,2021,73,予算,◎承認第６号専決処分の承認を求めることについて（令和３年度御杖村一般会計補正予算(第４
R3-12kaigiroku,2021,73,補正予算,◎承認第６号専決処分の承認を求めることについて（令和３年度御杖村一般会計補正予算(第４
R3-12kaigiroku,2021,74,予算,号)）、議案第４２号令和３年度御杖村一般会計補正予算(第５号)の議定について、議案第４３号
R3-12kaigiroku,2021,74,補正予算,号)）、議案第４２号令和３年度御杖村一般会計補正予算(第５号)の議定について、議案第４３号
R3-12kaigiroku,2021,75,予算,令和３年度御杖村国民健康保険特別会計補正予算(第４)の議定について、議案第４４号令和３
R3-12kaigiroku,2021,75,補正予算,令和３年度御杖村国民健康保険特別会計補正予算(第４)の議定について、議案第４４号令和３
R3-12kaigiroku,2021,76,予算,年度御杖村後期高齢者医療特別会計補正予算(第１号)の議定について
R3-12kaigiroku,2021,76,補正予算,年度御杖村後期高齢者医療特別会計補正予算(第１号)の議定について
R3-12kaigiroku,2021,79,予算,（令和３年度御杖村一般会計補正予算(第４号)）
R3-12kaigiroku,2021,79,補正予算,（令和３年度御杖村一般会計補正予算(第４号)）
R3-12kaigiroku,2021,81,予算,◎議案第４２号令和３年度御杖村一般会計補正予算(第５号)の議定について
R3-12kaigiroku,2021,81,補正予算,◎議案第４２号令和３年度御杖村一般会計補正予算(第５号)の議定について
R3-12kaigiroku,2021,83,予算,◎議案第４３号令和３年度御杖村国民健康保険特別会計補正予算(第４)の議定について
R3-12kaigiroku,2021,83,補正予算,◎議案第４３号令和３年度御杖村国民健康保険特別会計補正予算(第４)の議定について
R3-12kaigiroku,2021,85,予算,◎議案第４４号令和３年度御杖村後期高齢者医療特別会計補正予算(第１号)の議定について
R3-12kaigiroku,2021,85,補正予算,◎議案第４４号令和３年度御杖村後期高齢者医療特別会計補正予算(第１号)の議定について
R3-12kaigiroku,2021,114,予算,第６   承認第６号 [予算決算委員会付託]
R3-12kaigiroku,2021,114,決算,第６   承認第６号 [予算決算委員会付託]
R3-12kaigiroku,2021,116,予算,（令和３年度御杖村一般会計補正予算(第４号)）
R3-12kaigiroku,2021,116,補正予算,（令和３年度御杖村一般会計補正予算(第４号)）
R3-12kaigiroku,2021,129,予算,第１２ 議案第４２号 [予算決算委員会付託]
R3-12kaigiroku,2021,129,決算,第１２ 議案第４２号 [予算決算委員会付託]
R3-12kaigiroku,2021,130,予算,令和３年度御杖村一般会計補正予算(第５号)の議定について
R3-12kaigiroku,2021,130,補正予算,令和３年度御杖村一般会計補正予算(第５号)の議定について
R3-12kaigiroku,2021,131,予算,第１３ 議案第４３号 ［予算決算委員会付託］
R3-12kaigiroku,2021,131,決算,第１３ 議案第４３号 ［予算決算委員会付託］
R3-12kaigiroku,2021,132,予算,令和３年度御杖村国民健康保険特別会計補正予算(第４号)の議定について
R3-12kaigiroku,2021,132,補正予算,令和３年度御杖村国民健康保険特別会計補正予算(第４号)の議定について
R3-12kaigiroku,2021,133,予算,第１４ 議案第４４号 ［予算決算委員会付託］
R3-12kaigiroku,2021,133,決算,第１４ 議案第４４号 ［予算決算委員会付託］
R3-12kaigiroku,2021,134,予算,令和３年度御杖村後期高齢者医療特別会計補正予算(第１号)の議定について
R3-12kaigiroku,2021,134,補正予算,令和３年度御杖村後期高齢者医療特別会計補正予算(第１号)の議定について
R3-12kaigiroku,2021,203,予算,員協議会を９日、予算決算委員会を１３日、続会議を１６日とそれぞれ決定し、いずれも午前１０時
R3-12kaigiroku,2021,203,決算,員協議会を９日、予算決算委員会を１３日、続会議を１６日とそれぞれ決定し、いずれも午前１０時
R3-12kaigiroku,2021,208,予算,いて協議を行い、専決を含む補正予算４件については予算決算委員会へ付託し、その他の案件
R3-12kaigiroku,2021,208,補正予算,いて協議を行い、専決を含む補正予算４件については予算決算委員会へ付託し、その他の案件
R3-12kaigiroku,2021,208,決算,いて協議を行い、専決を含む補正予算４件については予算決算委員会へ付託し、その他の案件
R3-12kaigiroku,2021,236,決算,明がありました。当日付議された議案は、令和２年度桜井宇陀広域連合一般会計歳入歳出決算認
R3-12kaigiroku,2021,237,決算,定、ふるさと市町村圏基金特別会計歳入歳出決算認定、介護保険特別会計歳入歳出決算認定、
R3-12kaigiroku,2021,237,基金,定、ふるさと市町村圏基金特別会計歳入歳出決算認定、介護保険特別会計歳入歳出決算認定、
R3-12kaigiroku,2021,239,決算,規則の一部改正の５件で、決算については監査委員の審査意見や関係資料をつけて認定に付さ
R3-12kaigiroku,2021,242,決算,す。令和 2 年度各会計決算についてでございますが、認第１号の一般会計決算では、歳入総額
R3-12kaigiroku,2021,246,決算,"さと市町村圏基金特別会計決算についてですが、歳入総額 1,327 万 4,491 円、歳出総額 699 万"
R3-12kaigiroku,2021,246,基金,"さと市町村圏基金特別会計決算についてですが、歳入総額 1,327 万 4,491 円、歳出総額 699 万"
R3-12kaigiroku,2021,248,基金,すことになりました。歳入では、構成４市村からの負担金が 400 万円、基金運用益及び預金利息が
R3-12kaigiroku,2021,249,繰越,"336 万 6,660 円、令和元年度からの繰越金 555 万 2,681 円及び諸収入はスポーツ振興くじ助成金"
R3-12kaigiroku,2021,255,決算,"に、認第３号介護保険特別会計決算では、歳入総額 5,662 万 6,844 円、歳出総額 5,110 万 981"
R3-12kaigiroku,2021,257,繰越,"とになりました。この会計の歳入は、構成市村からの負担金 4,900 万円、令和元年度からの繰越金"
R3-12kaigiroku,2021,260,繰越,審査会システム改修などで、繰越金は、今後、必要となる介護システムの更新や改修などに対応す
R3-12kaigiroku,2021,286,予算,日、１日間と決定されました。付議された案件は、 承認案件１件、条例案件１件、補正予算 案件１
R3-12kaigiroku,2021,286,補正予算,日、１日間と決定されました。付議された案件は、 承認案件１件、条例案件１件、補正予算 案件１
R3-12kaigiroku,2021,287,決算,件、 決算認定１件、同意案件１件、以上５件が提案されました。始めに、承認第２号専決処分の承
R3-12kaigiroku,2021,293,予算,す。次に、議案第６号令和３年度宇陀衛生一部事務組合一般会計歳入歳出補正予算第１号につ
R3-12kaigiroku,2021,293,補正予算,す。次に、議案第６号令和３年度宇陀衛生一部事務組合一般会計歳入歳出補正予算第１号につ
R3-12kaigiroku,2021,298,決算,２年度宇陀衛生一部事務組合一般会計歳入歳出決算については、歳入総額１１６，２１１，４１２円、
R3-12kaigiroku,2021,299,決算,歳出総額１１１，０３３，９５０円で、決算の結果、単年度収支額５，１７７，４６２円の黒字決算となりまし
R3-12kaigiroku,2021,300,基金,た。なお、令和２年度末財政調整基金現在高は、７４，８３３，４４９円となっており、その内、御杖村
R3-12kaigiroku,2021,304,工事,後、宇陀衛生センター基幹的設備改良工事における整備内容と工事のスケジュールについて説明
R3-12kaigiroku,2021,331,予算,一般会計補正予算第１号について、内容は、歳入歳出予算の総額から歳入歳出それぞれ１１，４０
R3-12kaigiroku,2021,331,補正予算,一般会計補正予算第１号について、内容は、歳入歳出予算の総額から歳入歳出それぞれ１１，４０
R3-12kaigiroku,2021,332,予算,０，０００円減額し、歳入歳出予算の総額を２０２，５７９，０００円とするもので、減額理由につきまして
R3-12kaigiroku,2021,334,決算,す。日程第６・認定第１号令和２年度東宇陀環境衛生組合一般会計歳入歳出決算について、決算
R3-12kaigiroku,2021,336,予算,３９，２０７円の黒字になったということ。今後とも、予算を有郊に活用し組合運営については極力経
R3-12kaigiroku,2021,358,工事,工事中、建築の障害となる埋設物を発見し、その埋設物の撤去と撤去に伴う工事の仕様変更。そ
R3-12kaigiroku,2021,366,契約,議第４０号工事請負契約の認定について、日程第９として認定第１号令和２年度奈良県広域消防
R3-12kaigiroku,2021,366,工事,議第４０号工事請負契約の認定について、日程第９として認定第１号令和２年度奈良県広域消防
R3-12kaigiroku,2021,368,決算,所の事業特別会計歳入歳出決算の認定についてを、審査し慎重審議の結果全員一致で出され
R3-12kaigiroku,2021,392,決算,認定第１号令和２年度曽爾御杖行政一部事務組合一般会計歳入歳出決算の認定について、議
R3-12kaigiroku,2021,393,予算,案第１号令和３年度曽爾御杖行政一部事務組合一般会計歳入歳出予算補正第１号について、
R3-12kaigiroku,2021,395,決算,組合一般会計歳入歳出決算認定については、決算概要の説明のあと、木村監査員より監査報告
R3-12kaigiroku,2021,396,予算,がなされ、議案第１号令和３年度曽爾御杖行政一部事務組合一般会計歳入歳出予算補正第１号
R3-12kaigiroku,2021,397,予算,については、繰越金の確定により、歳入歳出予算の総額に歳入歳出それぞれ３０万５千円を増額
R3-12kaigiroku,2021,397,繰越,については、繰越金の確定により、歳入歳出予算の総額に歳入歳出それぞれ３０万５千円を増額
R3-12kaigiroku,2021,398,予算,し、歳入歳出予算の総額を歳入歳出それぞれ３千３百８０万１千円とする説明のあと、それぞれ審
R3-12kaigiroku,2021,423,予算,でも接種体制の確保を現在進めており、接種にかかる経費についても、その予算を本定例会にご
R3-12kaigiroku,2021,428,予算,広域連携も含め適切な対策を講じていきたいと考えます。次に、令和４年度の予算編成について
R3-12kaigiroku,2021,434,予算,く、現在、予算編成を進めているところでございます。次に、先月１１月の東京出張についてご報
R3-12kaigiroku,2021,442,予算,いりました。１１月１６日に開催された安全安心の道づくりを求める全国大会では、道路関係予算の
R3-12kaigiroku,2021,449,補助金,の合同により、治山事業の促進や簡易水道事業にかかる補助金の拡充について、奈良県関係の
R3-12kaigiroku,2021,455,予算,約改正１件、補正予算３件、合計９件の案件を提出しております。ご審議いただき可決賜りますよう
R3-12kaigiroku,2021,455,補正予算,約改正１件、補正予算３件、合計９件の案件を提出しております。ご審議いただき可決賜りますよう
R3-12kaigiroku,2021,463,補助金,張間議員「通学に対する補助金制度について」
R3-12kaigiroku,2021,473,補助金,いても平成１０年から約１０年間ほど通学に対する補助金制度がありましたが、平成２２年の４月か
R3-12kaigiroku,2021,476,補助金,学に対する補助金制度の検討をお願いできないでしょうか。補助金制度があれば、高校への通学
R3-12kaigiroku,2021,486,取得,若者の定住人口の確保に努めて参りましたが、奨励金を取得した後、転出されるケースもあり、本
R3-12kaigiroku,2021,499,補助金,○１番(張間裕子君)：近隣では、曽爾村をはじめ東吉野村などで補助金制度を実施しています。御
R3-12kaigiroku,2021,509,予算,（令和３年度御杖村一般会計補正予算(第４号)）
R3-12kaigiroku,2021,509,補正予算,（令和３年度御杖村一般会計補正予算(第４号)）
R3-12kaigiroku,2021,513,予算,御杖村一般会計補正予算第４号を議題と致します。本案について、提出の理由を求めます。伊藤
R3-12kaigiroku,2021,513,補正予算,御杖村一般会計補正予算第４号を議題と致します。本案について、提出の理由を求めます。伊藤
R3-12kaigiroku,2021,517,予算,○村長(伊藤収宜君)：本案につきましては、一般会計予算の歳入歳出それぞれに５１６万７千円を
R3-12kaigiroku,2021,526,予算,員長の報告のとおり、全員協議会で詳細な説明を受け、予算決算委員会に付託することにしたい
R3-12kaigiroku,2021,526,決算,員長の報告のとおり、全員協議会で詳細な説明を受け、予算決算委員会に付託することにしたい
R3-12kaigiroku,2021,530,予算,ることについて、令和３年度御杖村一般会計補正予算第４号は、予算決算委員会に付託すること
R3-12kaigiroku,2021,530,補正予算,ることについて、令和３年度御杖村一般会計補正予算第４号は、予算決算委員会に付託すること
R3-12kaigiroku,2021,530,決算,ることについて、令和３年度御杖村一般会計補正予算第４号は、予算決算委員会に付託すること
R3-12kaigiroku,2021,747,予算,◎議案第４２号令和３年度御杖村一般会計補正予算(第５号)）の
R3-12kaigiroku,2021,747,補正予算,◎議案第４２号令和３年度御杖村一般会計補正予算(第５号)）の
R3-12kaigiroku,2021,751,予算,○議長(吉田俊弘君)：次に、日程第１２議案第４２号令和３年度御杖村一般会計補正予算第５号の
R3-12kaigiroku,2021,751,補正予算,○議長(吉田俊弘君)：次に、日程第１２議案第４２号令和３年度御杖村一般会計補正予算第５号の
R3-12kaigiroku,2021,757,基金,通交付税の余剰見込額を基金へ積み立てる内容となっております。ご審議の程、よろしくお願い
R3-12kaigiroku,2021,763,予算,員長の報告のとおり、全員協議会で詳細な説明を受け、予算決算委員会に付託することとしたい
R3-12kaigiroku,2021,763,決算,員長の報告のとおり、全員協議会で詳細な説明を受け、予算決算委員会に付託することとしたい
R3-12kaigiroku,2021,767,予算,般会計補正予算第５号の議定については、予算決算委員会に付託することに決定しました。
R3-12kaigiroku,2021,767,補正予算,般会計補正予算第５号の議定については、予算決算委員会に付託することに決定しました。
R3-12kaigiroku,2021,767,決算,般会計補正予算第５号の議定については、予算決算委員会に付託することに決定しました。
R3-12kaigiroku,2021,771,予算,予算(第４号)の議定について
R3-12kaigiroku,2021,774,予算,○議長(吉田俊弘君)：次に、日程第１３議案第４３号令和３年度御杖村国民保健特別会計補正予算
R3-12kaigiroku,2021,774,補正予算,○議長(吉田俊弘君)：次に、日程第１３議案第４３号令和３年度御杖村国民保健特別会計補正予算
R3-12kaigiroku,2021,784,予算,員長の報告のとおり、全員協議会で詳細な説明を受け、予算決算委員会に付託することにしたい
R3-12kaigiroku,2021,784,決算,員長の報告のとおり、全員協議会で詳細な説明を受け、予算決算委員会に付託することにしたい
R3-12kaigiroku,2021,788,予算,民健康保険特別会計補正予算第４号の議定については、予算決算委員会に付託することに決定
R3-12kaigiroku,2021,788,補正予算,民健康保険特別会計補正予算第４号の議定については、予算決算委員会に付託することに決定
R3-12kaigiroku,2021,788,決算,民健康保険特別会計補正予算第４号の議定については、予算決算委員会に付託することに決定
R3-12kaigiroku,2021,793,予算,予算(第１号)の議定について
R3-12kaigiroku,2021,797,予算,正予算第１号の議定についてを議題と致します。本案について、提案理由の説明を求めます。伊
R3-12kaigiroku,2021,807,予算,員長の報告のとおり、全員協議会で詳細な説明を受け、予算決算委員会に付託することにしたい
R3-12kaigiroku,2021,807,決算,員長の報告のとおり、全員協議会で詳細な説明を受け、予算決算委員会に付託することにしたい
R3-12kaigiroku,2021,811,予算,期高齢者医療特別会計補正予算第１号の議定については、予算決算委員会に付託することに決
R3-12kaigiroku,2021,811,補正予算,期高齢者医療特別会計補正予算第１号の議定については、予算決算委員会に付託することに決
R3-12kaigiroku,2021,811,決算,期高齢者医療特別会計補正予算第１号の議定については、予算決算委員会に付託することに決
R3-12kaigiroku,2021,840,予算,（令和３年度御杖村一般会計補正予算(第４号)）
R3-12kaigiroku,2021,840,補正予算,（令和３年度御杖村一般会計補正予算(第４号)）
R3-12kaigiroku,2021,842,予算,令和３年度御杖村一般会計補正予算(第３号)の議定について
R3-12kaigiroku,2021,842,補正予算,令和３年度御杖村一般会計補正予算(第３号)の議定について
R3-12kaigiroku,2021,844,予算,令和３年度御杖村国民健康保険特別会計補正予算(第４号)の議定について
R3-12kaigiroku,2021,844,補正予算,令和３年度御杖村国民健康保険特別会計補正予算(第４号)の議定について
R3-12kaigiroku,2021,846,予算,令和３年度御杖村後期高齢者医療特別会計補正予算(第１号)の議定について
R3-12kaigiroku,2021,846,補正予算,令和３年度御杖村後期高齢者医療特別会計補正予算(第１号)の議定について
R3-12kaigiroku,2021,890,予算,御杖村一般会計補正予算(第４号)）、議案第４２号令和３年度
R3-12kaigiroku,2021,890,補正予算,御杖村一般会計補正予算(第４号)）、議案第４２号令和３年度
R3-12kaigiroku,2021,891,予算,御杖村一般会計補正予算(第５号)の議定について、議案第４３
R3-12kaigiroku,2021,891,補正予算,御杖村一般会計補正予算(第５号)の議定について、議案第４３
R3-12kaigiroku,2021,892,予算,号令和３年度御杖村国民健康保険特別会計補正予算(第４号)
R3-12kaigiroku,2021,892,補正予算,号令和３年度御杖村国民健康保険特別会計補正予算(第４号)
R3-12kaigiroku,2021,894,予算,医療特別会計補正予算(第１号)の議定について
R3-12kaigiroku,2021,894,補正予算,医療特別会計補正予算(第１号)の議定について
R3-12kaigiroku,2021,898,予算,御杖村一般会計補正予算第４号、日程第２議案第４２号令和３年度御杖村一般会計補正予算第
R3-12kaigiroku,2021,898,補正予算,御杖村一般会計補正予算第４号、日程第２議案第４２号令和３年度御杖村一般会計補正予算第
R3-12kaigiroku,2021,899,予算,５号の議定について、日程第３議案第４３号令和３年度御杖村国民健康保険特別会計補正予算
R3-12kaigiroku,2021,899,補正予算,５号の議定について、日程第３議案第４３号令和３年度御杖村国民健康保険特別会計補正予算
R3-12kaigiroku,2021,901,予算,予算第１号の議定について、以上の４件につきましては、予算決算委員会へ付託した案件でござ
R3-12kaigiroku,2021,901,決算,予算第１号の議定について、以上の４件につきましては、予算決算委員会へ付託した案件でござ
R3-12kaigiroku,2021,906,予算,○８番(木村忠雄君)：予算決算委員会を代表しまして、当委員会に付託されました、承認第６号及び
R3-12kaigiroku,2021,906,決算,○８番(木村忠雄君)：予算決算委員会を代表しまして、当委員会に付託されました、承認第６号及び
R3-12kaigiroku,2021,909,予算,処分による補正予算１件及び補正予算３件の合計４件の案件が付託されたことにより、１２月１３日
R3-12kaigiroku,2021,909,補正予算,処分による補正予算１件及び補正予算３件の合計４件の案件が付託されたことにより、１２月１３日
R3-12kaigiroku,2021,910,予算,に予算決算委員会を開催いたしました。当日は、全委員及び村長をはじめ各部局の所属長出席
R3-12kaigiroku,2021,910,決算,に予算決算委員会を開催いたしました。当日は、全委員及び村長をはじめ各部局の所属長出席
R3-12kaigiroku,2021,912,予算,る補正予算及び議案第４２号、議案第４３号、議案第４４号の補正予算につきまして、それぞれ質
R3-12kaigiroku,2021,912,補正予算,る補正予算及び議案第４２号、議案第４３号、議案第４４号の補正予算につきまして、それぞれ質
R3-12kaigiroku,2021,916,予算,より、承認及び可決すべきもの決定いたしました。以上で、予算決算委員会の報告とさせていただ
R3-12kaigiroku,2021,916,決算,より、承認及び可決すべきもの決定いたしました。以上で、予算決算委員会の報告とさせていただ
R3-12kaigiroku,2021,926,予算,（令和３年度御杖村一般会計補正予算(第４号)）
R3-12kaigiroku,2021,926,補正予算,（令和３年度御杖村一般会計補正予算(第４号)）
R3-12kaigiroku,2021,930,予算,決処分の承認を求めることについて、令和３年度御杖村一般会計補正予算第４号を議題とし、討
R3-12kaigiroku,2021,930,補正予算,決処分の承認を求めることについて、令和３年度御杖村一般会計補正予算第４号を議題とし、討
R3-12kaigiroku,2021,938,予算,認を求めることについて、令和３年度御杖村一般会計補正予算第４号は、委員長の報告のとおり
R3-12kaigiroku,2021,938,補正予算,認を求めることについて、令和３年度御杖村一般会計補正予算第４号は、委員長の報告のとおり
R3-12kaigiroku,2021,942,予算,◎議案第４２号令和３年度御杖村一般会計補正予算(第５号)の
R3-12kaigiroku,2021,942,補正予算,◎議案第４２号令和３年度御杖村一般会計補正予算(第５号)の
R3-12kaigiroku,2021,946,予算,○議長(吉田俊弘君)：次に、日程第２議案第４２号令和３年度御杖村一般会計補正予算第５号の議
R3-12kaigiroku,2021,946,補正予算,○議長(吉田俊弘君)：次に、日程第２議案第４２号令和３年度御杖村一般会計補正予算第５号の議
R3-12kaigiroku,2021,954,予算,杖村一般会計補正予算第５号の議定については、委員長の報告のとおり可決されました。
R3-12kaigiroku,2021,954,補正予算,杖村一般会計補正予算第５号の議定については、委員長の報告のとおり可決されました。
R3-12kaigiroku,2021,958,予算,予算(第４号)の議定について
R3-12kaigiroku,2021,962,予算,予算第４号の議定についてを議題とし、討論を行います。討論はありませんか。
R3-12kaigiroku,2021,970,予算,杖村国民健康保険特別会計補正予算第４号の議定については、委員長の報告のとおり可決され
R3-12kaigiroku,2021,970,補正予算,杖村国民健康保険特別会計補正予算第４号の議定については、委員長の報告のとおり可決され
R3-12kaigiroku,2021,975,予算,予算(第１号)の議定について
R3-12kaigiroku,2021,979,予算,正予算第１号の議定についてを議題とし、討論を行います。討論はありませんか。
R3-12kaigiroku,2021,986,予算,杖村後期高齢者医療特別会計補正予算第１号の議定については、委員長の報告のとおり可決さ
R3-12kaigiroku,2021,986,補正予算,杖村後期高齢者医療特別会計補正予算第１号の議定については、委員長の報告のとおり可決さ
R3-3giketukekka,2021,2,予算,●村長提出議案（発議１件、承認２件、条例８件、指定管理１件、規約１件、予算１０件、諮問１件、同意４件、計２８件）
R3-3giketukekka,2021,11,予算,R3.3.9   R3.3.9   予算決算    R3.3.15   可 決   R3.3.18   承 認
R3-3giketukekka,2021,11,決算,R3.3.9   R3.3.9   予算決算    R3.3.15   可 決   R3.3.18   承 認
R3-3giketukekka,2021,12,予算,第１号   （令和２年度御杖村一般会計補正予算(第９号)）
R3-3giketukekka,2021,12,補正予算,第１号   （令和２年度御杖村一般会計補正予算(第９号)）
R3-3giketukekka,2021,16,予算,第２号   （令和２年度御杖村介護保険特別会計補正予算(第４号)）
R3-3giketukekka,2021,16,補正予算,第２号   （令和２年度御杖村介護保険特別会計補正予算(第４号)）
R3-3giketukekka,2021,51,予算,令和２年度御杖村一般会計補正予算(第１０号)の議定について       〃       R3.3.9   予算決算    R3.3.15    可決   R3.3.18   〃
R3-3giketukekka,2021,51,補正予算,令和２年度御杖村一般会計補正予算(第１０号)の議定について       〃       R3.3.9   予算決算    R3.3.15    可決   R3.3.18   〃
R3-3giketukekka,2021,51,決算,令和２年度御杖村一般会計補正予算(第１０号)の議定について       〃       R3.3.9   予算決算    R3.3.15    可決   R3.3.18   〃
R3-3giketukekka,2021,54,予算,議 案    令和２年度御杖村簡易水道事業特別会計補正予算(第２号)の議定
R3-3giketukekka,2021,54,補正予算,議 案    令和２年度御杖村簡易水道事業特別会計補正予算(第２号)の議定
R3-3giketukekka,2021,58,予算,議 案    令和２年度御杖村国民健康保険特別会計補正予算(第５号)の議定
R3-3giketukekka,2021,58,補正予算,議 案    令和２年度御杖村国民健康保険特別会計補正予算(第５号)の議定
R3-3giketukekka,2021,62,予算,議 案    令和２年度御杖村介護保険特別会計補正予算(第５号)の議定につい
R3-3giketukekka,2021,62,補正予算,議 案    令和２年度御杖村介護保険特別会計補正予算(第５号)の議定につい
R3-3giketukekka,2021,66,予算,議 案    令和２年度御杖村後期高齢者医療特別会計補正予算(第３号)の議
R3-3giketukekka,2021,66,補正予算,議 案    令和２年度御杖村後期高齢者医療特別会計補正予算(第３号)の議
R3-3giketukekka,2021,71,予算,令和３年度御杖村一般会計予算の議定について               〃        〃        〃        〃        〃      〃       〃
R3-3giketukekka,2021,74,予算,令和３年度御杖村簡易水道事業特別会計予算の議定について         〃        〃        〃        〃        〃      〃       〃
R3-3giketukekka,2021,77,予算,令和３年度御杖村国民健康保険特別会計予算の議定について         〃        〃        〃        〃        〃      〃       〃
R3-3giketukekka,2021,80,予算,令和３年度御杖村介護保険特別会計予算の議定について           〃        〃        〃        〃        〃      〃       〃
R3-3giketukekka,2021,83,予算,令和３年度御杖村後期高齢者医療特別会計予算の議定について        〃        〃        〃        〃        〃      〃       〃
R3-3kaigiroku,2021,39,予算,（令和２年度御杖村一般会計補正予算(第９号)）
R3-3kaigiroku,2021,39,補正予算,（令和２年度御杖村一般会計補正予算(第９号)）
R3-3kaigiroku,2021,42,予算,（令和２年度御杖村介護保険特別会計補正予算(第４号)）
R3-3kaigiroku,2021,42,補正予算,（令和２年度御杖村介護保険特別会計補正予算(第４号)）
R3-3kaigiroku,2021,75,予算,◎議案第１１号令和２年度御杖村一般会計補正予算(第１０号)の議定について
R3-3kaigiroku,2021,75,補正予算,◎議案第１１号令和２年度御杖村一般会計補正予算(第１０号)の議定について
R3-3kaigiroku,2021,77,予算,◎議案第１２号令和２年度御杖村簡易水道事業特別会計補正予算(第２号)の議定について
R3-3kaigiroku,2021,77,補正予算,◎議案第１２号令和２年度御杖村簡易水道事業特別会計補正予算(第２号)の議定について
R3-3kaigiroku,2021,79,予算,◎議案第１３号令和２年度御杖村国民健康保険特別会計補正予算(第５号)の議定について
R3-3kaigiroku,2021,79,補正予算,◎議案第１３号令和２年度御杖村国民健康保険特別会計補正予算(第５号)の議定について
R3-3kaigiroku,2021,81,予算,◎議案第１４号令和２年度御杖村介護保険特別会計補正予算(第５号)の議定について
R3-3kaigiroku,2021,81,補正予算,◎議案第１４号令和２年度御杖村介護保険特別会計補正予算(第５号)の議定について
R3-3kaigiroku,2021,83,予算,◎議案第１５号令和２年度御杖村後期高齢者医療特別会計補正予算(第５号)の議定について
R3-3kaigiroku,2021,83,補正予算,◎議案第１５号令和２年度御杖村後期高齢者医療特別会計補正予算(第５号)の議定について
R3-3kaigiroku,2021,88,予算,◎議案第１６号令和３年度御杖村一般会計予算の議定について
R3-3kaigiroku,2021,90,予算,◎議案第１７号令和３年度御杖村簡易水道事業特別会計予算の議定について
R3-3kaigiroku,2021,92,予算,◎議案第１８号令和３年度御杖村国民健康保険特別会計予算の議定について
R3-3kaigiroku,2021,94,予算,◎議案第１９号令和３年度御杖村介護保険特別会計予算の議定について
R3-3kaigiroku,2021,96,予算,◎議案第２０号令和３年度御杖村後期高齢者医療特別会計予算の議定について
R3-3kaigiroku,2021,127,予算,◎承認第１号専決処分の承認を求めることについて(令和２年度御杖村一般会計補正予算(第９
R3-3kaigiroku,2021,127,補正予算,◎承認第１号専決処分の承認を求めることについて(令和２年度御杖村一般会計補正予算(第９
R3-3kaigiroku,2021,129,予算,正予算(第４号))
R3-3kaigiroku,2021,131,予算,◎承認第１号専決処分の承認を求めることについて(令和２年度一般会計補正予算(第９号))
R3-3kaigiroku,2021,131,補正予算,◎承認第１号専決処分の承認を求めることについて(令和２年度一般会計補正予算(第９号))
R3-3kaigiroku,2021,133,予算,◎承認第２号専決処分の承認を求めることについて(令和２年度介護保険特別会計補正予算(第９号))
R3-3kaigiroku,2021,133,補正予算,◎承認第２号専決処分の承認を求めることについて(令和２年度介護保険特別会計補正予算(第９号))
R3-3kaigiroku,2021,156,予算,◎議案第１１号令和２年度御杖村一般会計補正予算(第１０号)の議定について・議案第１２号令和２
R3-3kaigiroku,2021,156,補正予算,◎議案第１１号令和２年度御杖村一般会計補正予算(第１０号)の議定について・議案第１２号令和２
R3-3kaigiroku,2021,157,予算,年度御杖村簡易水道事業特別会計補正予算(第２号)の議定について・議案第１３号令和２年度
R3-3kaigiroku,2021,157,補正予算,年度御杖村簡易水道事業特別会計補正予算(第２号)の議定について・議案第１３号令和２年度
R3-3kaigiroku,2021,158,予算,御杖村国民健康保険特別会計補正予算(第５号)の議定について・議案第１４号令和２年度御杖
R3-3kaigiroku,2021,158,補正予算,御杖村国民健康保険特別会計補正予算(第５号)の議定について・議案第１４号令和２年度御杖
R3-3kaigiroku,2021,159,予算,村介護保険特別会計補正予算(第５号)の議定について･議案第１５号令和２年度御杖村後期高
R3-3kaigiroku,2021,159,補正予算,村介護保険特別会計補正予算(第５号)の議定について･議案第１５号令和２年度御杖村後期高
R3-3kaigiroku,2021,160,予算,齢者医療特別会計補正予算(第３号)の議定について
R3-3kaigiroku,2021,160,補正予算,齢者医療特別会計補正予算(第３号)の議定について
R3-3kaigiroku,2021,162,予算,◎議案第１１号令和２年度御杖村一般会計補正予算(第１０号)の議定について
R3-3kaigiroku,2021,162,補正予算,◎議案第１１号令和２年度御杖村一般会計補正予算(第１０号)の議定について
R3-3kaigiroku,2021,164,予算,◎議案第１２号令和２年度御杖村簡易水道事業特別会計補正予算(第２号)の議定について
R3-3kaigiroku,2021,164,補正予算,◎議案第１２号令和２年度御杖村簡易水道事業特別会計補正予算(第２号)の議定について
R3-3kaigiroku,2021,166,予算,◎議案第１３号令和２年度御杖村国民健康保険特別会計補正予算(第５号)の議定について
R3-3kaigiroku,2021,166,補正予算,◎議案第１３号令和２年度御杖村国民健康保険特別会計補正予算(第５号)の議定について
R3-3kaigiroku,2021,168,予算,◎議案第１４号令和２年度御杖村介護保険特別会計補正予算(第５号)の議定について
R3-3kaigiroku,2021,168,補正予算,◎議案第１４号令和２年度御杖村介護保険特別会計補正予算(第５号)の議定について
R3-3kaigiroku,2021,170,予算,◎議案第１５号令和２年度御杖村後期高齢者医療特別会計補正予算(第３号)の議定について
R3-3kaigiroku,2021,170,補正予算,◎議案第１５号令和２年度御杖村後期高齢者医療特別会計補正予算(第３号)の議定について
R3-3kaigiroku,2021,172,予算,◎議案第１６号令和３年度御杖村一般会計予算の議定について・議案第１７号令和３年度御杖村簡
R3-3kaigiroku,2021,173,予算,易水道事業特別会計予算の議定について・議案第１８号令和３年度御杖村国民健康保険特別会
R3-3kaigiroku,2021,174,予算,計予算の議定について・議案第１９号令和３年度御杖村介護保険特別会計予算の議定につい
R3-3kaigiroku,2021,175,予算,て･議案第２０号令和３年度御杖村後期高齢者医療特別会計予算の議定について
R3-3kaigiroku,2021,177,予算,◎議案第１６号令和３年度御杖村一般会計予算の議定について
R3-3kaigiroku,2021,179,予算,◎議案第１７号令和３年度御杖村簡易水道事業特別会計予算の議定について
R3-3kaigiroku,2021,181,予算,◎議案第１８号令和３年度御杖村国民健康保険特別会計予算の議定について
R3-3kaigiroku,2021,183,予算,◎議案第１９号令和３年度御杖村介護保険特別会計予算の議定について
R3-3kaigiroku,2021,185,予算,◎議案第２０号令和３年度御杖村後期高齢者医療特別会計予算の議定について
R3-3kaigiroku,2021,213,予算,第６   承認第１号 [予算決算委員会付託]
R3-3kaigiroku,2021,213,決算,第６   承認第１号 [予算決算委員会付託]
R3-3kaigiroku,2021,215,予算,（令和２年度御杖村一般会計補正予算(第９号)）
R3-3kaigiroku,2021,215,補正予算,（令和２年度御杖村一般会計補正予算(第９号)）
R3-3kaigiroku,2021,216,予算,第７   承認第２号 [予算決算委員会付託]
R3-3kaigiroku,2021,216,決算,第７   承認第２号 [予算決算委員会付託]
R3-3kaigiroku,2021,218,予算,（令和２年度御杖村介護保険特別会計補正予算(第４号)）
R3-3kaigiroku,2021,218,補正予算,（令和２年度御杖村介護保険特別会計補正予算(第４号)）
R3-3kaigiroku,2021,246,予算,第１８ 議案第１１号 ［予算決算委員会付託］
R3-3kaigiroku,2021,246,決算,第１８ 議案第１１号 ［予算決算委員会付託］
R3-3kaigiroku,2021,247,予算,令和２年度御杖村一般会計補正予算（第１０号）の議定について
R3-3kaigiroku,2021,247,補正予算,令和２年度御杖村一般会計補正予算（第１０号）の議定について
R3-3kaigiroku,2021,248,予算,第１９ 議案第１２号 ［予算決算委員会付託］
R3-3kaigiroku,2021,248,決算,第１９ 議案第１２号 ［予算決算委員会付託］
R3-3kaigiroku,2021,249,予算,令和２年度御杖村簡易水道事業特別会計補正予算(第２号)の議定について
R3-3kaigiroku,2021,249,補正予算,令和２年度御杖村簡易水道事業特別会計補正予算(第２号)の議定について
R3-3kaigiroku,2021,250,予算,第２０ 議案第１３号 ［予算決算委員会付託］
R3-3kaigiroku,2021,250,決算,第２０ 議案第１３号 ［予算決算委員会付託］
R3-3kaigiroku,2021,251,予算,令和２年度御杖村国民健康保険特別会計補正予算（第５号）の議定について
R3-3kaigiroku,2021,251,補正予算,令和２年度御杖村国民健康保険特別会計補正予算（第５号）の議定について
R3-3kaigiroku,2021,252,予算,第２１ 議案第１４号 [予算決算委員会付託]
R3-3kaigiroku,2021,252,決算,第２１ 議案第１４号 [予算決算委員会付託]
R3-3kaigiroku,2021,253,予算,令和２年度御杖村介護保険特別会計補正予算(第５号)の議定について
R3-3kaigiroku,2021,253,補正予算,令和２年度御杖村介護保険特別会計補正予算(第５号)の議定について
R3-3kaigiroku,2021,254,予算,第２２ 議案第１５号 [予算決算委員会付託]
R3-3kaigiroku,2021,254,決算,第２２ 議案第１５号 [予算決算委員会付託]
R3-3kaigiroku,2021,255,予算,令和２年度御杖村後期高齢者医療特別会計補正予算（第３号）の議定について
R3-3kaigiroku,2021,255,補正予算,令和２年度御杖村後期高齢者医療特別会計補正予算（第３号）の議定について
R3-3kaigiroku,2021,256,予算,第２３ 議案第１６号 ［予算決算委員会付託］
R3-3kaigiroku,2021,256,決算,第２３ 議案第１６号 ［予算決算委員会付託］
R3-3kaigiroku,2021,257,予算,令和３年度御杖村一般会計予算の議定について
R3-3kaigiroku,2021,258,予算,第２４ 議案第１７号 ［予算決算委員会付託］
R3-3kaigiroku,2021,258,決算,第２４ 議案第１７号 ［予算決算委員会付託］
R3-3kaigiroku,2021,259,予算,令和３年度御杖村簡易水道事業特別会計予算の議定について
R3-3kaigiroku,2021,260,予算,第２５ 議案第１８号 ［予算決算委員会付託］
R3-3kaigiroku,2021,260,決算,第２５ 議案第１８号 ［予算決算委員会付託］
R3-3kaigiroku,2021,261,予算,令和３年度御杖村国民健康保険特別会計予算の議定について
R3-3kaigiroku,2021,262,予算,第２６ 議案第１９号 ［予算決算委員会付託］
R3-3kaigiroku,2021,262,決算,第２６ 議案第１９号 ［予算決算委員会付託］
R3-3kaigiroku,2021,263,予算,令和３年度御杖村介護特別会計予算の議定について
R3-3kaigiroku,2021,264,予算,第２７ 議案第２０号 ［予算決算委員会付託］
R3-3kaigiroku,2021,264,決算,第２７ 議案第２０号 ［予算決算委員会付託］
R3-3kaigiroku,2021,265,予算,令和３年度御杖村後期高齢者医療特別会計予算の議定について
R3-3kaigiroku,2021,358,予算,間とし、全員協議会を１０日、むらづくり委員会を１２日、予算決算委員会を１５日、予算決算委
R3-3kaigiroku,2021,358,決算,間とし、全員協議会を１０日、むらづくり委員会を１２日、予算決算委員会を１５日、予算決算委
R3-3kaigiroku,2021,364,予算,らづくり委員会へ、専決を含む補正予算７件と令和３年度の当初予算５件は、予算決算委員会
R3-3kaigiroku,2021,364,補正予算,らづくり委員会へ、専決を含む補正予算７件と令和３年度の当初予算５件は、予算決算委員会
R3-3kaigiroku,2021,364,決算,らづくり委員会へ、専決を含む補正予算７件と令和３年度の当初予算５件は、予算決算委員会
R3-3kaigiroku,2021,402,予算,予算(第２号)について、議案第４号令和３年度宇陀衛生一部事務組合一般会計歳入歳出予算
R3-3kaigiroku,2021,404,予算,長より提案理由の説明がそれぞれ行われ、議案第３号令和２年度一般会計補正予算(第２号)に
R3-3kaigiroku,2021,404,補正予算,長より提案理由の説明がそれぞれ行われ、議案第３号令和２年度一般会計補正予算(第２号)に
R3-3kaigiroku,2021,405,予算,ついては、歳入歳出予算の総額に、歳入歳出それぞれ６，６７０千円を増額し、歳入歳出それぞ
R3-3kaigiroku,2021,406,予算,れ１１５，８８８千円とすることの説明。議案第４号令和３年度一般会計歳入歳出予算について
R3-3kaigiroku,2021,430,予算,一部を改正する条例について)、議案第１号令和３年度東宇陀環境衛生組合一般会計予算に
R3-3kaigiroku,2021,437,予算,けたのち審議を行い、全会一致で承認いたしました。議案第１号令和３年度一般会計予算につ
R3-3kaigiroku,2021,440,予算,もに組合事務局長より内容及び目的などの説明を受けたのち、令和３年度当初予算は全会一
R3-3kaigiroku,2021,442,予算,円の増額予算となっています。議案第２号については、奈良県市町村総合事務組合に組織す
R3-3kaigiroku,2021,470,予算,歳入歳出予算補正(第３号)について、議案第４号令和３年度曽爾御杖行政一部事務組合一般
R3-3kaigiroku,2021,471,予算,会計歳入歳出予算についての以上４議案が提案されました。議案第 1 号一般職の職員の給与
R3-3kaigiroku,2021,477,予算,がなされ、また、議案第３号令和２年度一般会計歳入歳出予算補正(第３号)については、歳入
R3-3kaigiroku,2021,478,予算,歳出予算の総額から歳入歳出それぞれ４万６千円を減額し、歳入歳出予算の総額を歳入歳出
R3-3kaigiroku,2021,479,予算,それぞれ３千５百７２万１千円となる補正予算、議案第４号令和３年度一般会計歳入歳出予算に
R3-3kaigiroku,2021,479,補正予算,それぞれ３千５百７２万１千円となる補正予算、議案第４号令和３年度一般会計歳入歳出予算に
R3-3kaigiroku,2021,480,予算,ついては、総額を歳入歳出それぞれ前年度対比９万円の減額予算３千３百４９万６千円とする
R3-3kaigiroku,2021,481,予算,当初予算の説明がなされ、それぞれの議案について審議を行い、提出された４議案が原案ど
R3-3kaigiroku,2021,493,予算,に議員の申し合わせを行い、３月定例会については、新年度予算や条例改正等多くの議案と
R3-3kaigiroku,2021,532,予算,（令和２年度御杖村一般会計補正予算(第９号)）
R3-3kaigiroku,2021,532,補正予算,（令和２年度御杖村一般会計補正予算(第９号)）
R3-3kaigiroku,2021,536,予算,御杖村一般会計補正予算第９号を議題と致します。本案について、提案理由の説明を求めま
R3-3kaigiroku,2021,536,補正予算,御杖村一般会計補正予算第９号を議題と致します。本案について、提案理由の説明を求めま
R3-3kaigiroku,2021,542,予算,の確保に向けた当面の経費で、早急に予算措置の必要があったことから２月８日に専決処分を
R3-3kaigiroku,2021,548,予算,員長の報告のとおり、全員協議会で詳細な説明を受け、予算決算委員会に付託することにした
R3-3kaigiroku,2021,548,決算,員長の報告のとおり、全員協議会で詳細な説明を受け、予算決算委員会に付託することにした
R3-3kaigiroku,2021,552,予算,ことについて令和２年度御杖村一般会計補正予算第９号は、予算決算委員会に付託することに
R3-3kaigiroku,2021,552,補正予算,ことについて令和２年度御杖村一般会計補正予算第９号は、予算決算委員会に付託することに
R3-3kaigiroku,2021,552,決算,ことについて令和２年度御杖村一般会計補正予算第９号は、予算決算委員会に付託することに
R3-3kaigiroku,2021,557,予算,（令和２年度御杖村介護保険特別会計補正予算(第４号)）
R3-3kaigiroku,2021,557,補正予算,（令和２年度御杖村介護保険特別会計補正予算(第４号)）
R3-3kaigiroku,2021,561,予算,御杖村介護保険特別会計補正予算第４号を議題と致します。本案について、提案理由の説明
R3-3kaigiroku,2021,561,補正予算,御杖村介護保険特別会計補正予算第４号を議題と致します。本案について、提案理由の説明
R3-3kaigiroku,2021,565,予算,○村長(伊藤収宜君):本補正予算につきましては、一部の支出において早急な予算措置が必要と
R3-3kaigiroku,2021,565,補正予算,○村長(伊藤収宜君):本補正予算につきましては、一部の支出において早急な予算措置が必要と
R3-3kaigiroku,2021,574,予算,員長の報告のとおり、全員協議会で詳細な説明を受け、予算決算委員会に付託することにした
R3-3kaigiroku,2021,574,決算,員長の報告のとおり、全員協議会で詳細な説明を受け、予算決算委員会に付託することにした
R3-3kaigiroku,2021,578,予算,ことについて令和２年度御杖村介護保険特別会計補正予算第４号は、予算決算委員会に付託
R3-3kaigiroku,2021,578,補正予算,ことについて令和２年度御杖村介護保険特別会計補正予算第４号は、予算決算委員会に付託
R3-3kaigiroku,2021,578,決算,ことについて令和２年度御杖村介護保険特別会計補正予算第４号は、予算決算委員会に付託
R3-3kaigiroku,2021,887,予算,◎議案第１１号令和２年度御杖村一般会計補正予算(第１０号)
R3-3kaigiroku,2021,887,補正予算,◎議案第１１号令和２年度御杖村一般会計補正予算(第１０号)
R3-3kaigiroku,2021,891,予算,○議長(山岡隆良君):次に、日程第１８議案第１１号令和２年度御杖村一般会計補正予算第 １０号
R3-3kaigiroku,2021,891,補正予算,○議長(山岡隆良君):次に、日程第１８議案第１１号令和２年度御杖村一般会計補正予算第 １０号
R3-3kaigiroku,2021,898,基金,余剰分を財政調整基金へ積み増しております。また、新型コロナウイルスワクチンの接種体制
R3-3kaigiroku,2021,905,予算,員長の報告のとおり、全員協議会で詳細な説明を受け、予算決算委員会に付託することにした
R3-3kaigiroku,2021,905,決算,員長の報告のとおり、全員協議会で詳細な説明を受け、予算決算委員会に付託することにした
R3-3kaigiroku,2021,909,予算,般会計補正予算第１０号の議定については、予算決算委員会に付託することに決定しました。
R3-3kaigiroku,2021,909,補正予算,般会計補正予算第１０号の議定については、予算決算委員会に付託することに決定しました。
R3-3kaigiroku,2021,909,決算,般会計補正予算第１０号の議定については、予算決算委員会に付託することに決定しました。
R3-3kaigiroku,2021,913,予算,補正予算(第２号)の議定について
R3-3kaigiroku,2021,913,補正予算,補正予算(第２号)の議定について
R3-3kaigiroku,2021,917,予算,予算第２号の議定についてを議題と致します。本案について、提案理由の説明を求めます。伊
R3-3kaigiroku,2021,928,予算,員長の報告のとおり、全員協議会で詳細な説明を受け、予算決算委員会に付託することにした
R3-3kaigiroku,2021,928,決算,員長の報告のとおり、全員協議会で詳細な説明を受け、予算決算委員会に付託することにした
R3-3kaigiroku,2021,932,予算,易水道事業特別会計補正予算第２号の議定についても、予算決算委員会に付託することに決
R3-3kaigiroku,2021,932,補正予算,易水道事業特別会計補正予算第２号の議定についても、予算決算委員会に付託することに決
R3-3kaigiroku,2021,932,決算,易水道事業特別会計補正予算第２号の議定についても、予算決算委員会に付託することに決
R3-3kaigiroku,2021,937,予算,補正予算(第５号)の議定について
R3-3kaigiroku,2021,937,補正予算,補正予算(第５号)の議定について
R3-3kaigiroku,2021,941,予算,予算第５号の議定についてを議題と致します。本案について、提案理由の説明を求めます。伊
R3-3kaigiroku,2021,947,補助金,"正後の総額を２億８,４９５万５千円とするものです。また、診療施設勘定は、新たな補助金が措"
R3-3kaigiroku,2021,954,予算,員長の報告のとおり、全員協議会で詳細な説明を受け、予算決算委員会に付託することにした
R3-3kaigiroku,2021,954,決算,員長の報告のとおり、全員協議会で詳細な説明を受け、予算決算委員会に付託することにした
R3-3kaigiroku,2021,958,予算,民健康保険特別会計補正予算第５号の議定についても、予算決算委員会に付託することに決
R3-3kaigiroku,2021,958,補正予算,民健康保険特別会計補正予算第５号の議定についても、予算決算委員会に付託することに決
R3-3kaigiroku,2021,958,決算,民健康保険特別会計補正予算第５号の議定についても、予算決算委員会に付託することに決
R3-3kaigiroku,2021,963,予算,予算(第５号)の議定について
R3-3kaigiroku,2021,966,予算,○議長(山岡隆良君):次に、日程第２１議案第１４号令和２年度御杖村介護保険特別会計補正予算
R3-3kaigiroku,2021,966,補正予算,○議長(山岡隆良君):次に、日程第２１議案第１４号令和２年度御杖村介護保険特別会計補正予算
R3-3kaigiroku,2021,978,予算,員長の報告のとおり、全員協議会で詳細な説明を受け、予算決算委員会に付託することにした
R3-3kaigiroku,2021,978,決算,員長の報告のとおり、全員協議会で詳細な説明を受け、予算決算委員会に付託することにした
R3-3kaigiroku,2021,982,予算,護保険特別会計補正予算第５号の議定についても、予算決算委員会に付託することに決定し
R3-3kaigiroku,2021,982,補正予算,護保険特別会計補正予算第５号の議定についても、予算決算委員会に付託することに決定し
R3-3kaigiroku,2021,982,決算,護保険特別会計補正予算第５号の議定についても、予算決算委員会に付託することに決定し
R3-3kaigiroku,2021,987,予算,会計補正予算(第３号)の議定について
R3-3kaigiroku,2021,987,補正予算,会計補正予算(第３号)の議定について
R3-3kaigiroku,2021,991,予算,正予算第３号の議定についてを議題と致します。本案について、提案理由の説明を求めます。
R3-3kaigiroku,2021,1002,予算,員長の報告のとおり、全員協議会で詳細な説明を受け、予算決算委員会に付託することにした
R3-3kaigiroku,2021,1002,決算,員長の報告のとおり、全員協議会で詳細な説明を受け、予算決算委員会に付託することにした
R3-3kaigiroku,2021,1006,予算,期高齢者医療特別会計補正予算第３号の議定についても、予算決算委員会に付託することに
R3-3kaigiroku,2021,1006,補正予算,期高齢者医療特別会計補正予算第３号の議定についても、予算決算委員会に付託することに
R3-3kaigiroku,2021,1006,決算,期高齢者医療特別会計補正予算第３号の議定についても、予算決算委員会に付託することに
R3-3kaigiroku,2021,1030,予算,般会計予算及び特別会計予算４議案となります。審議に入ります前に、伊藤村長より、新年度
R3-3kaigiroku,2021,1034,予算,○村長(伊藤収宜君):令和３年３月議会定例会において、新年度の予算を提案するにあたり、村政
R3-3kaigiroku,2021,1044,予算,令和３年度予算の編成にあたり、村政を取り巻く国内情勢などにつきましてご報告申し上げま
R3-3kaigiroku,2021,1047,予算,みられるとされています。令和２年７月に財務大臣が閣議で説明した国の令和３年度予算の具
R3-3kaigiroku,2021,1050,予算,取組を強化するとともに、施策の優先順位を洗い直し、無駄を徹底して排除しつつ、予算の中
R3-3kaigiroku,2021,1052,予算,ては、予算編成過程で検討するとされたところです。これによる現時点の政府一般会計予算案
R3-3kaigiroku,2021,1070,予算,よう、創意工夫のもと予算編成に取り組むことが求められています。
R3-3kaigiroku,2021,1071,予算,それでは、新年度の予算案についてご説明申し上げます。令和３年度一般会計の予算規模
R3-3kaigiroku,2021,1072,予算,は、２５億６，１００万円、２年度当初予算に対して６％、１億４，４００万円の増額となりました。一
R3-3kaigiroku,2021,1073,予算,般会計及び特別会計を合わせ、会計間での重複する金額を除いた純計予算総額は､約３３億
R3-3kaigiroku,2021,1074,予算,５，８２１万５千円となり､２年度当初予算と比較して５.７％､１億８，１７４万８千円の増となっていま
R3-3kaigiroku,2021,1075,予算,す。以下、新年度予算案の概要につきまして、長期総合計画における基本目標に沿ってご説
R3-3kaigiroku,2021,1121,予算,を運営いたします。現在、継続費予算を組んで統合校舎の整備を進めており、本年の８月完成
R3-3kaigiroku,2021,1132,予算,す。現在、ワクチンの接種に向けた準備を行っております。２年度の補正予算で計上している経
R3-3kaigiroku,2021,1132,補正予算,す。現在、ワクチンの接種に向けた準備を行っております。２年度の補正予算で計上している経
R3-3kaigiroku,2021,1133,予算,費もありますが、新年度予算にも必要経費の一部を計上しています。接種の実施にあたって
R3-3kaigiroku,2021,1146,工事,簡易水道の整備については、継続している桃俣簡易水道配水管路更新工事を令和４年度で
R3-3kaigiroku,2021,1147,工事,終える予定で、令和３年度からは菅野簡易水道配水管路工事の設計に着手します。また、台風
R3-3kaigiroku,2021,1157,予算,以上、村政運営に対する私の所信と、令和３年度予算案の骨格につきまして申し上げさせて
R3-3kaigiroku,2021,1162,予算,和３年度の予算説明といたします。
R3-3kaigiroku,2021,1165,予算,◎議案第１６号令和３年度御杖村一般会計予算の議定について
R3-3kaigiroku,2021,1169,予算,会計予算の議定についてを議題と致します。本案について、提案理由の説明を求めます。伊
R3-3kaigiroku,2021,1179,予算,計予算の概要についてご説明申し上げます。説明に入ります前に、予算書のレイアウト変更
R3-3kaigiroku,2021,1180,予算,についてご報告いたします。お手元の令和３年度御杖村一般会計予算書の２ページ以降を
R3-3kaigiroku,2021,1182,決算,の横組みから、決算書と同様、縦組みに変更となっておりますので、よろしくお願いいたしま
R3-3kaigiroku,2021,1183,予算,す。なお、１４５ページからの、予算の内容に関する説明書附表については、前年度同様、横
R3-3kaigiroku,2021,1185,予算,それでは、お手元、令和３年度予算案説明要旨及び説明資料をご覧下さい。７ページの(１)
R3-3kaigiroku,2021,1186,予算,"令和３年度一般会計・特別会計予算案総括表でございます。一般会計は、総額２５億６,１００"
R3-3kaigiroku,2021,1188,予算,てご説明させていただきます。８ページの(２)令和３年度一般会計予算案歳入の款別内訳をご
R3-3kaigiroku,2021,1194,予算,歳入予算全体に対する村税の構成比では、４.２％にとどまっています。続いて２.の地方譲与税
R3-3kaigiroku,2021,1207,取得,交付金です。令和元年度の税制改正により、自動車取得税に代わり導入されたものです。環境
R3-3kaigiroku,2021,1208,取得,性能割交付金は、自動車の新規取得者の減少により、対前年度で７.３％減の７８０万円を見込
R3-3kaigiroku,2021,1211,予算,"入予算の４４.７％を占める地方交付税は、総額で１１億４,５５２万５千円で、前年度に比べて５０７"
R3-3kaigiroku,2021,1213,予算,の国勢調査人口を用いるためで、前年度当初予算で見込んでいなかった地域社会再生事業
R3-3kaigiroku,2021,1219,補助金,"ージの説明番号⑨に記載のとおり、統合学校施設整備事業補助金の５,２００万円、地方道路整"
R3-3kaigiroku,2021,1222,補助金,補助金の１４８万８千円、橋梁長寿命化修繕補修事業交付金の１３４万２千円があげられます。８
R3-3kaigiroku,2021,1225,補助金,"のとおり、林業振興費補助金の施業放置林整備事業分３,９５５万円、地籍事業負担金の１,４５９"
R3-3kaigiroku,2021,1232,予算,させていただきました。その他の歳入区分についても、９ページからの(３)一般会計歳入予算案
R3-3kaigiroku,2021,1234,予算,では次に歳出についてご説明させていただきます。１２ページ(４)令和３年度一般会計予算
R3-3kaigiroku,2021,1269,予算,３ページからの(５)一般会計歳出予算案の性質別内訳の主な対前年度増減要因に記載のとお
R3-3kaigiroku,2021,1272,予算,年度一般会計予算案歳出の款別内訳をご覧下さい。１０.教育費が、統合学校の複写機･サー
R3-3kaigiroku,2021,1278,基金,０.１％、それぞれ増額となります。一方、６.農林水産業費が、森林環境整備基金積立金、施業
R3-3kaigiroku,2021,1281,予算,ましては、１７ページからの(７)一般会計歳出予算案の款別内訳の主な対前年度増減要因の資
R3-3kaigiroku,2021,1282,予算,料に記載のとおりです。資料２０ページからの(８)令和３年度一般会計予算案の主な施策につき
R3-3kaigiroku,2021,1285,予算,予算案の概要についてご説明させて頂きました。ご審議の程、よろしくお願い致します。
R3-3kaigiroku,2021,1290,予算,員長の報告のとおり、全員協議会で詳細な説明を受け、予算決算委員会に付託することにした
R3-3kaigiroku,2021,1290,決算,員長の報告のとおり、全員協議会で詳細な説明を受け、予算決算委員会に付託することにした
R3-3kaigiroku,2021,1294,予算,会計予算の議定については、予算決算委員会に付託することに決定しました。
R3-3kaigiroku,2021,1294,決算,会計予算の議定については、予算決算委員会に付託することに決定しました。
R3-3kaigiroku,2021,1298,予算,会計予算の議定について
R3-3kaigiroku,2021,1301,予算,○議長(山岡隆良君):次に、日程第２４議案第１７号令和３年度御杖村簡易水道事業特別会計予算
R3-3kaigiroku,2021,1312,予算,員長の報告のとおり、全員協議会で詳細な説明を受け、予算決算委員会に付託することにした
R3-3kaigiroku,2021,1312,決算,員長の報告のとおり、全員協議会で詳細な説明を受け、予算決算委員会に付託することにした
R3-3kaigiroku,2021,1316,予算,易水道事業特別会計予算の議定についても、予算決算委員会に付託することに決定しました。
R3-3kaigiroku,2021,1316,決算,易水道事業特別会計予算の議定についても、予算決算委員会に付託することに決定しました。
R3-3kaigiroku,2021,1320,予算,会計予算の議定について
R3-3kaigiroku,2021,1323,予算,○議長(山岡隆良君):次に、日程第２５議案第１８号令和３年度御杖村国民健康保険特別会計予算
R3-3kaigiroku,2021,1336,予算,員長の報告のとおり、全員協議会で詳細な説明を受け、予算決算委員会に付託することにした
R3-3kaigiroku,2021,1336,決算,員長の報告のとおり、全員協議会で詳細な説明を受け、予算決算委員会に付託することにした
R3-3kaigiroku,2021,1340,予算,民健康保険特別会計予算の議定についても、予算決算委員会に付託することに決定しました。
R3-3kaigiroku,2021,1340,決算,民健康保険特別会計予算の議定についても、予算決算委員会に付託することに決定しました。
R3-3kaigiroku,2021,1344,予算,予算の議定について
R3-3kaigiroku,2021,1347,予算,○議長(山岡隆良君):次に、日程第２６議案第１９号令和３年度御杖村介護保険特別会計予算の議
R3-3kaigiroku,2021,1357,予算,員長の報告のとおり、全員協議会で詳細な説明を受け、予算決算委員会に付託することにした
R3-3kaigiroku,2021,1357,決算,員長の報告のとおり、全員協議会で詳細な説明を受け、予算決算委員会に付託することにした
R3-3kaigiroku,2021,1361,予算,護保険特別会計予算の議定についても、予算決算委員会に付託することに決定しました。
R3-3kaigiroku,2021,1361,決算,護保険特別会計予算の議定についても、予算決算委員会に付託することに決定しました。
R3-3kaigiroku,2021,1365,予算,会計予算の議定について
R3-3kaigiroku,2021,1369,予算,予算の議定についてを議題とします。本案について、提案理由の説明を求めます。伊藤村長。
R3-3kaigiroku,2021,1378,予算,員長の報告のとおり、全員協議会で詳細な説明を受け、予算決算委員会に付託することにした
R3-3kaigiroku,2021,1378,決算,員長の報告のとおり、全員協議会で詳細な説明を受け、予算決算委員会に付託することにした
R3-3kaigiroku,2021,1382,予算,期高齢者医療特別会計予算の議定についても、予算決算委員会に付託することに決定しまし
R3-3kaigiroku,2021,1382,決算,期高齢者医療特別会計予算の議定についても、予算決算委員会に付託することに決定しまし
R3-3kaigiroku,2021,1555,予算,（令和２年度御杖村一般会計補正予算(第９号)）
R3-3kaigiroku,2021,1555,補正予算,（令和２年度御杖村一般会計補正予算(第９号)）
R3-3kaigiroku,2021,1558,予算,（令和２年度御杖村介護保険特別会計補正予算(第４号)）
R3-3kaigiroku,2021,1558,補正予算,（令和２年度御杖村介護保険特別会計補正予算(第４号)）
R3-3kaigiroku,2021,1574,予算,令和２年度御杖村一般会計補正予算(第１０号)の議定について
R3-3kaigiroku,2021,1574,補正予算,令和２年度御杖村一般会計補正予算(第１０号)の議定について
R3-3kaigiroku,2021,1576,予算,令和２年度御杖村簡易水道事業特別会計補正予算(第２号)の議定について
R3-3kaigiroku,2021,1576,補正予算,令和２年度御杖村簡易水道事業特別会計補正予算(第２号)の議定について
R3-3kaigiroku,2021,1578,予算,令和２年度御杖村国民健康保険特別会計補正予算(第５号)の議定について
R3-3kaigiroku,2021,1578,補正予算,令和２年度御杖村国民健康保険特別会計補正予算(第５号)の議定について
R3-3kaigiroku,2021,1580,予算,令和２年度御杖村介護保険特別会計補正予算(第５号)の議定について
R3-3kaigiroku,2021,1580,補正予算,令和２年度御杖村介護保険特別会計補正予算(第５号)の議定について
R3-3kaigiroku,2021,1582,予算,令和２年度御杖村後期高齢者医療特別会計補正予算(第３号)の議定について
R3-3kaigiroku,2021,1582,補正予算,令和２年度御杖村後期高齢者医療特別会計補正予算(第３号)の議定について
R3-3kaigiroku,2021,1584,予算,令和３年度御杖村一般会計予算の議定について
R3-3kaigiroku,2021,1586,予算,令和３年度御杖村簡易水道事業特別会計予算の議定について
R3-3kaigiroku,2021,1588,予算,令和３年度御杖村国民健康保険特別会計予算の議定について
R3-3kaigiroku,2021,1591,予算,令和３年度御杖村介護特別会計予算の議定について
R3-3kaigiroku,2021,1593,予算,令和３年度御杖村後期高齢者医療特別会計予算の議定について
R3-3kaigiroku,2021,1643,予算,村一般会計補正予算(第９号)）・承認第２号専決処分の承認を求
R3-3kaigiroku,2021,1643,補正予算,村一般会計補正予算(第９号)）・承認第２号専決処分の承認を求
R3-3kaigiroku,2021,1644,予算,めることについて（令和２年度御杖村介護保険特別会計補正予算
R3-3kaigiroku,2021,1644,補正予算,めることについて（令和２年度御杖村介護保険特別会計補正予算
R3-3kaigiroku,2021,1649,予算,ついて、令和２年度御杖村一般会計補正予算第９号、日程第２承認第２号専決処分の承認を
R3-3kaigiroku,2021,1649,補正予算,ついて、令和２年度御杖村一般会計補正予算第９号、日程第２承認第２号専決処分の承認を
R3-3kaigiroku,2021,1650,予算,求めることについて、令和２年度御杖村介護保険特別会計補正予算第４号の２議案につきまし
R3-3kaigiroku,2021,1650,補正予算,求めることについて、令和２年度御杖村介護保険特別会計補正予算第４号の２議案につきまし
R3-3kaigiroku,2021,1651,予算,ては、予算決算委員会に付託した案件でございます。これを一括議題とし、御杖村会議規則第
R3-3kaigiroku,2021,1651,決算,ては、予算決算委員会に付託した案件でございます。これを一括議題とし、御杖村会議規則第
R3-3kaigiroku,2021,1656,予算,○委員長(松岡一生君):予算決算委員会を代表しまして、当委員会に付託されました、日程第１承
R3-3kaigiroku,2021,1656,決算,○委員長(松岡一生君):予算決算委員会を代表しまして、当委員会に付託されました、日程第１承
R3-3kaigiroku,2021,1659,予算,算２件及び補正予算５件、令和３年度当初決算５件の合計１２件の案件が付託されたことに
R3-3kaigiroku,2021,1659,補正予算,算２件及び補正予算５件、令和３年度当初決算５件の合計１２件の案件が付託されたことに
R3-3kaigiroku,2021,1659,決算,算２件及び補正予算５件、令和３年度当初決算５件の合計１２件の案件が付託されたことに
R3-3kaigiroku,2021,1665,予算,り、承認すべきもの決定いたしました。以上で、予算決算委員会の報告とさせていただきます。
R3-3kaigiroku,2021,1665,決算,り、承認すべきもの決定いたしました。以上で、予算決算委員会の報告とさせていただきます。
R3-3kaigiroku,2021,1674,予算,（令和２年度御杖村一般会計補正予算(第９号)）
R3-3kaigiroku,2021,1674,補正予算,（令和２年度御杖村一般会計補正予算(第９号)）
R3-3kaigiroku,2021,1678,予算,処分の承認を求めることについて･令和２年度御杖村一般会計補正予算第９号を議題とし、討
R3-3kaigiroku,2021,1678,補正予算,処分の承認を求めることについて･令和２年度御杖村一般会計補正予算第９号を議題とし、討
R3-3kaigiroku,2021,1686,予算,を求めることについて、令和２年度御杖村一般会計補正予算第９号は、委員長の報告のとおり
R3-3kaigiroku,2021,1686,補正予算,を求めることについて、令和２年度御杖村一般会計補正予算第９号は、委員長の報告のとおり
R3-3kaigiroku,2021,1691,予算,（令和２年度御杖村介護保険特別会計補正予算(第４号)）
R3-3kaigiroku,2021,1691,補正予算,（令和２年度御杖村介護保険特別会計補正予算(第４号)）
R3-3kaigiroku,2021,1695,予算,御杖村介護保険特別会計補正予算第４号を議題とし、討論を行います。討論はありませんか。
R3-3kaigiroku,2021,1695,補正予算,御杖村介護保険特別会計補正予算第４号を議題とし、討論を行います。討論はありませんか。
R3-3kaigiroku,2021,1702,予算,を求めることについて、令和２年度御杖村介護保険特別会計補正予算第４号は、委員長の報
R3-3kaigiroku,2021,1702,補正予算,を求めることについて、令和２年度御杖村介護保険特別会計補正予算第４号は、委員長の報
R3-3kaigiroku,2021,1846,予算,◎議案１１号令和２年度御杖村一般会計補正予算(第１０号)の議定に
R3-3kaigiroku,2021,1846,補正予算,◎議案１１号令和２年度御杖村一般会計補正予算(第１０号)の議定に
R3-3kaigiroku,2021,1848,予算,正予算(第２号)の議定について・議案第１３号令和２年度御杖村国
R3-3kaigiroku,2021,1849,予算,民健康保険特別会計補正予算(第５号)の議定について・議案第１
R3-3kaigiroku,2021,1849,補正予算,民健康保険特別会計補正予算(第５号)の議定について・議案第１
R3-3kaigiroku,2021,1850,予算,４号令和２年度御杖村介護保険特別会計補正予算(第５号)の議定
R3-3kaigiroku,2021,1850,補正予算,４号令和２年度御杖村介護保険特別会計補正予算(第５号)の議定
R3-3kaigiroku,2021,1852,予算,計補正予算(第３号)の議定について
R3-3kaigiroku,2021,1852,補正予算,計補正予算(第３号)の議定について
R3-3kaigiroku,2021,1854,予算,○議長(山岡隆良君):次に、日程第９議案１１号令和２年度御杖村一般会計補正予算第１０号の議
R3-3kaigiroku,2021,1854,補正予算,○議長(山岡隆良君):次に、日程第９議案１１号令和２年度御杖村一般会計補正予算第１０号の議
R3-3kaigiroku,2021,1855,予算,定について、日程第１０議案第１２号令和２年度御杖村簡易水道事業特別会計補正予算第２号
R3-3kaigiroku,2021,1855,補正予算,定について、日程第１０議案第１２号令和２年度御杖村簡易水道事業特別会計補正予算第２号
R3-3kaigiroku,2021,1856,予算,の議定について、日程第１１議案第１３号令和２年度御杖村国民健康保険特別会計補正予算
R3-3kaigiroku,2021,1856,補正予算,の議定について、日程第１１議案第１３号令和２年度御杖村国民健康保険特別会計補正予算
R3-3kaigiroku,2021,1857,予算,第５号の議定について、日程第１２議案第１４号令和２年度御杖村介護保険特別会計補正予算
R3-3kaigiroku,2021,1857,補正予算,第５号の議定について、日程第１２議案第１４号令和２年度御杖村介護保険特別会計補正予算
R3-3kaigiroku,2021,1859,予算,正予算第３号の議定についての５議案につきましても、予算決算委員会へ付託した案件でござ
R3-3kaigiroku,2021,1859,決算,正予算第３号の議定についての５議案につきましても、予算決算委員会へ付託した案件でござ
R3-3kaigiroku,2021,1864,予算,○委員長(松岡一生君): それでは、日程第９議案第１１号から日程第１３議案第１５号の補正予算
R3-3kaigiroku,2021,1864,補正予算,○委員長(松岡一生君): それでは、日程第９議案第１１号から日程第１３議案第１５号の補正予算
R3-3kaigiroku,2021,1868,予算,予算５議案ともに全員の賛成により、原案のとおり可決すべきものと決定いたしました。以上
R3-3kaigiroku,2021,1869,予算,で、予算決算委員会の報告とさせていただきます。
R3-3kaigiroku,2021,1869,決算,で、予算決算委員会の報告とさせていただきます。
R3-3kaigiroku,2021,1875,予算,◎議案１１号令和２年度御杖村一般会計補正予算(第１０号)
R3-3kaigiroku,2021,1875,補正予算,◎議案１１号令和２年度御杖村一般会計補正予算(第１０号)
R3-3kaigiroku,2021,1880,予算,２年度御杖村一般会計補正予算第１０号の議定についてを議題とし、討論を行います。討論は
R3-3kaigiroku,2021,1880,補正予算,２年度御杖村一般会計補正予算第１０号の議定についてを議題とし、討論を行います。討論は
R3-3kaigiroku,2021,1888,予算,村一般会計補正予算第１０号の議定については、委員長の報告のとおり可決されました。
R3-3kaigiroku,2021,1888,補正予算,村一般会計補正予算第１０号の議定については、委員長の報告のとおり可決されました。
R3-3kaigiroku,2021,1892,予算,予算(第２号)の議定について
R3-3kaigiroku,2021,1896,予算,予算第２号の議定についてを議題とし、討論を行います。討論はありませんか。
R3-3kaigiroku,2021,1903,予算,杖村簡易水道事業特別会計補正予算第２号の議定については、委員長の報告のとおり可決さ
R3-3kaigiroku,2021,1903,補正予算,杖村簡易水道事業特別会計補正予算第２号の議定については、委員長の報告のとおり可決さ
R3-3kaigiroku,2021,1912,予算,予算第５号の議定についてを議題とし、討論を行います。討論はありませんか。
R3-3kaigiroku,2021,1919,予算,杖村国民健康保険特別会計補正予算第５号の議定については、委員長の報告のとおり可決さ
R3-3kaigiroku,2021,1919,補正予算,杖村国民健康保険特別会計補正予算第５号の議定については、委員長の報告のとおり可決さ
R3-3kaigiroku,2021,1923,予算,予算(第５号)の議定について
R3-3kaigiroku,2021,1926,予算,○議長(山岡隆良君):次に、日程第１２議案第１４号令和２年度御杖村介護保険特別会計補正予算
R3-3kaigiroku,2021,1926,補正予算,○議長(山岡隆良君):次に、日程第１２議案第１４号令和２年度御杖村介護保険特別会計補正予算
R3-3kaigiroku,2021,1934,予算,杖村介護保険特別会計補正予算第５号の議定については、委員長の報告のとおり可決されま
R3-3kaigiroku,2021,1934,補正予算,杖村介護保険特別会計補正予算第５号の議定については、委員長の報告のとおり可決されま
R3-3kaigiroku,2021,1939,予算,会計補正予算(第３号)の議定について
R3-3kaigiroku,2021,1939,補正予算,会計補正予算(第３号)の議定について
R3-3kaigiroku,2021,1943,予算,正予算第３号の議定についてを議題とし、討論を行います。討論はありませんか。
R3-3kaigiroku,2021,1950,予算,杖村後期高齢者医療特別会計補正予算第３号の議定については、委員長の報告のとおり可決さ
R3-3kaigiroku,2021,1950,補正予算,杖村後期高齢者医療特別会計補正予算第３号の議定については、委員長の報告のとおり可決さ
R3-3kaigiroku,2021,1954,予算,◎議案第１６号令和３年度御杖村一般会計予算の議定について・議案
R3-3kaigiroku,2021,1955,予算,第１７号令和３年度御杖村簡易水道事業特別会計予算の議定につ
R3-3kaigiroku,2021,1956,予算,いて・議案第１８号令和３年度御杖村国民健康保険特別会計予算の
R3-3kaigiroku,2021,1959,予算,特別会計予算の議定について
R3-3kaigiroku,2021,1962,予算,○議長(山岡隆良君):次に、日程第１４議案第１６号令和３年度御杖村一般会計予算の議定について、
R3-3kaigiroku,2021,1964,予算,日程第１５議案第１７号令和３年度御杖村簡易水道事業特別会計予算の議定について、日程
R3-3kaigiroku,2021,1965,予算,第１６議案第１８号令和３年度御杖村国民健康保険特別会計予算の議定について、日程第１７
R3-3kaigiroku,2021,1966,予算,議案第１９号令和３年度御杖村介護保険特別会計予算の議定について、日程第１８議案第２０
R3-3kaigiroku,2021,1967,予算,号令和３年度御杖村後期高齢者医療特別会計予算の議定についての５議案につきましても、
R3-3kaigiroku,2021,1968,予算,予算決算委員会へ付託した案件でございます。これを一括議題とし、御杖村会議規則第４１条
R3-3kaigiroku,2021,1968,決算,予算決算委員会へ付託した案件でございます。これを一括議題とし、御杖村会議規則第４１条
R3-3kaigiroku,2021,1974,予算,おける令和３年度当初予算の議定につきまして、一括して、その審査結果について報告をさ
R3-3kaigiroku,2021,1979,予算,度当初予算５議案ともに全員の賛成により、原案のとおり可決すべきものと決定いたしまし
R3-3kaigiroku,2021,1980,予算,た。以上で、予算決算委員会の報告とさせていただきます。
R3-3kaigiroku,2021,1980,決算,た。以上で、予算決算委員会の報告とさせていただきます。
R3-3kaigiroku,2021,1986,予算,◎議案第１６号令和３年度御杖村一般会計予算の議定について
R3-3kaigiroku,2021,1990,予算,号令和３年度御杖村一般会計予算の議定についてを議題とし、討論を行います。討論はありま
R3-3kaigiroku,2021,1998,予算,一般会計予算の議定については、委員長の報告のとおり可決されました。
R3-3kaigiroku,2021,2002,予算,予算の議定について
R3-3kaigiroku,2021,2005,予算,○議長(山岡隆良君):次に、日程第１５議案第１７号令和３年度御杖村簡易水道事業特別会計予算
R3-3kaigiroku,2021,2014,予算,杖村簡易水道事業特別会計予算の議定については、委員長の報告のとおり可決されました。
R3-3kaigiroku,2021,2018,予算,会計予算の議定について
R3-3kaigiroku,2021,2021,予算,○議長(山岡隆良君):次に、日程第１６議案第１８号令和３年度御杖村国民健康保険特別会計予算
R3-3kaigiroku,2021,2029,予算,杖村国民健康保険特別会計予算の議定については、委員長の報告のとおり可決されました。
R3-3kaigiroku,2021,2033,予算,予算の議定について
R3-3kaigiroku,2021,2036,予算,○議長(山岡隆良君):次に、日程第１７議案第１９号令和３年度御杖村介護保険特別会計予算の議
R3-3kaigiroku,2021,2044,予算,杖村介護保険特別会計予算の議定については、委員長の報告のとおり可決されました。
R3-3kaigiroku,2021,2048,予算,会計予算の議定について
R3-3kaigiroku,2021,2059,予算,杖村後期高齢者医療特別会計予算の議定については、委員長の報告のとおり可決されました。
R3-5kaigiroku,2021,321,予算,○議長(吉田俊弘君)：異議なしと認めます。したがって、議長が指名することに決定しました。予算決
R3-5kaigiroku,2021,356,取得,長についてです。令和元年１０月１日から令和３年３月３１日までの間に取得した軽自動車につい
R3-5kaigiroku,2021,358,取得,済の動向等を総合的に勘案し、その適用期限を９か月延長し、令和３年１２月３１日までに取得し
R3-6giketukekka,2021,2,予算,●村長提出議案（条例 4、予算４、人事１件、計９件）
R3-6giketukekka,2021,18,予算,議 案      令和３年度御杖村一般会計補正予算（第１号）の議定について                        予算決算
R3-6giketukekka,2021,18,補正予算,議 案      令和３年度御杖村一般会計補正予算（第１号）の議定について                        予算決算
R3-6giketukekka,2021,18,決算,議 案      令和３年度御杖村一般会計補正予算（第１号）の議定について                        予算決算
R3-6giketukekka,2021,21,予算,議 案      令和３年度御杖村簡易水道事業特別会計補正予算（第１号）の議定に
R3-6giketukekka,2021,21,補正予算,議 案      令和３年度御杖村簡易水道事業特別会計補正予算（第１号）の議定に
R3-6giketukekka,2021,24,予算,議 案      令和３年度御杖村国民健康保険特別会計補正予算（第１号）の議定に
R3-6giketukekka,2021,24,補正予算,議 案      令和３年度御杖村国民健康保険特別会計補正予算（第１号）の議定に
R3-6giketukekka,2021,27,繰越,報 告      令和２年度御杖村一般会計繰越明許費繰越計算書の報告について      〃        －        －       －        －    R3.6.8    報告済
R3-6kaigiroku,2021,54,予算,◎議案第２５号令和３年度御杖村一般会計補正予算(第１号)の議定について
R3-6kaigiroku,2021,54,補正予算,◎議案第２５号令和３年度御杖村一般会計補正予算(第１号)の議定について
R3-6kaigiroku,2021,56,予算,◎議案第２６号令和３年度御杖村簡易水道事業特別会計補正予算(第１号)の議定について
R3-6kaigiroku,2021,56,補正予算,◎議案第２６号令和３年度御杖村簡易水道事業特別会計補正予算(第１号)の議定について
R3-6kaigiroku,2021,58,予算,◎議案第２７号令和３年度御杖村国民健康保険特別会計補正予算(第１号)の議定について
R3-6kaigiroku,2021,58,補正予算,◎議案第２７号令和３年度御杖村国民健康保険特別会計補正予算(第１号)の議定について
R3-6kaigiroku,2021,60,繰越,◎報告第１号令和２年度御杖村一般会計繰越明許費繰越計算書の報告について
R3-6kaigiroku,2021,77,予算,◎議案第２５号令和３年度御杖村一般会計補正予算(第１号)の議定について、議案第２６号
R3-6kaigiroku,2021,77,補正予算,◎議案第２５号令和３年度御杖村一般会計補正予算(第１号)の議定について、議案第２６号
R3-6kaigiroku,2021,78,予算,令和３年度御杖村簡易水道事業特別会計補正予算(第１号)の議定について、議案第２７号
R3-6kaigiroku,2021,78,補正予算,令和３年度御杖村簡易水道事業特別会計補正予算(第１号)の議定について、議案第２７号
R3-6kaigiroku,2021,79,予算,令和３年度御杖村国民健康保険特別会計補正予算(第１号)の議定について
R3-6kaigiroku,2021,79,補正予算,令和３年度御杖村国民健康保険特別会計補正予算(第１号)の議定について
R3-6kaigiroku,2021,81,予算,◎議案第２５号令和３年度御杖村一般会計補正予算(第１号)の議定について
R3-6kaigiroku,2021,81,補正予算,◎議案第２５号令和３年度御杖村一般会計補正予算(第１号)の議定について
R3-6kaigiroku,2021,83,予算,◎議案第２６号令和３年度御杖村簡易水道事業特別会計補正予算(第１号)の議定について
R3-6kaigiroku,2021,83,補正予算,◎議案第２６号令和３年度御杖村簡易水道事業特別会計補正予算(第１号)の議定について
R3-6kaigiroku,2021,85,予算,◎議案第２７号令和３年度御杖村国民健康保険特別会計補正予算(第１号)の議定について
R3-6kaigiroku,2021,85,補正予算,◎議案第２７号令和３年度御杖村国民健康保険特別会計補正予算(第１号)の議定について
R3-6kaigiroku,2021,123,予算,第１１ 議案第２５号 [予算決算委員会付託]
R3-6kaigiroku,2021,123,決算,第１１ 議案第２５号 [予算決算委員会付託]
R3-6kaigiroku,2021,124,予算,令和３年度御杖村一般会計補正予算(第１号)の議定について
R3-6kaigiroku,2021,124,補正予算,令和３年度御杖村一般会計補正予算(第１号)の議定について
R3-6kaigiroku,2021,125,予算,第１２ 議案第２６号 ［予算決算委員会付託］
R3-6kaigiroku,2021,125,決算,第１２ 議案第２６号 ［予算決算委員会付託］
R3-6kaigiroku,2021,126,予算,令和３年度御杖村簡易水道事業特別会計補正予算(第１号)の議定について
R3-6kaigiroku,2021,126,補正予算,令和３年度御杖村簡易水道事業特別会計補正予算(第１号)の議定について
R3-6kaigiroku,2021,127,予算,第１３ 議案第２７号 ［予算決算委員会付託］
R3-6kaigiroku,2021,127,決算,第１３ 議案第２７号 ［予算決算委員会付託］
R3-6kaigiroku,2021,128,予算,令和３年度御杖村国民健康保険特別会計補正予算(第)１号)の議定について
R3-6kaigiroku,2021,128,補正予算,令和３年度御杖村国民健康保険特別会計補正予算(第)１号)の議定について
R3-6kaigiroku,2021,130,繰越,令和２年度御杖村一般会計繰越明許費繰越計算書の報告について
R3-6kaigiroku,2021,199,予算,とし、全員協議会を９日、予算決算委員会及びむらづくり委員会を１１日、続会議を１５日とそれぞ
R3-6kaigiroku,2021,199,決算,とし、全員協議会を９日、予算決算委員会及びむらづくり委員会を１１日、続会議を１５日とそれぞ
R3-6kaigiroku,2021,200,予算,れ決定し、予算決算委員会及びむらづくり委員会以外は午前１０時の開会とし、予算決算委員会
R3-6kaigiroku,2021,200,決算,れ決定し、予算決算委員会及びむらづくり委員会以外は午前１０時の開会とし、予算決算委員会
R3-6kaigiroku,2021,206,予算,号の令和３年度補正予算３件については、予算決算委員会へそれぞれ付託し、議案第２１号・議
R3-6kaigiroku,2021,206,補正予算,号の令和３年度補正予算３件については、予算決算委員会へそれぞれ付託し、議案第２１号・議
R3-6kaigiroku,2021,206,決算,号の令和３年度補正予算３件については、予算決算委員会へそれぞれ付託し、議案第２１号・議
R3-6kaigiroku,2021,258,予算,度においてもコロナ対策を進めたいと思います。今回ご提案している補正予算においても、対策
R3-6kaigiroku,2021,258,補正予算,度においてもコロナ対策を進めたいと思います。今回ご提案している補正予算においても、対策
R3-6kaigiroku,2021,269,予算,進める一翼を担えればと思います。最後に、本定例会には、条例改正４件、補正予算３件、報告
R3-6kaigiroku,2021,269,補正予算,進める一翼を担えればと思います。最後に、本定例会には、条例改正４件、補正予算３件、報告
R3-6kaigiroku,2021,289,工事,村ドクターヘリ離着陸場と条例にて行政目的を改め、今年度ヘリポートとしての改修工事が実施さ
R3-6kaigiroku,2021,330,工事,面の舗装工事と目印となる H マークの表示を予定しているところです。次に、本村に関係する救
R3-6kaigiroku,2021,360,予算,す。用地の選定とか、また、工事の部分についても予算が発生することでございますが、来年度に
R3-6kaigiroku,2021,360,工事,す。用地の選定とか、また、工事の部分についても予算が発生することでございますが、来年度に
R3-6kaigiroku,2021,541,予算,◎議案第２５号令和３年度御杖村一般会計補正予算(第１号)
R3-6kaigiroku,2021,541,補正予算,◎議案第２５号令和３年度御杖村一般会計補正予算(第１号)
R3-6kaigiroku,2021,545,予算,○議長(吉田俊弘君):次に、日程第１１議案第２５号令和３年度御杖村一般会計補正予算第１号の
R3-6kaigiroku,2021,545,補正予算,○議長(吉田俊弘君):次に、日程第１１議案第２５号令和３年度御杖村一般会計補正予算第１号の
R3-6kaigiroku,2021,555,予算,員長の報告のとおり、全員協議会で詳細な説明を受け、予算決算委員会に付託することにしたい
R3-6kaigiroku,2021,555,決算,員長の報告のとおり、全員協議会で詳細な説明を受け、予算決算委員会に付託することにしたい
R3-6kaigiroku,2021,559,予算,般会計補正予算第１号の議定については、予算決算委員会に付託することに決定しました。
R3-6kaigiroku,2021,559,補正予算,般会計補正予算第１号の議定については、予算決算委員会に付託することに決定しました。
R3-6kaigiroku,2021,559,決算,般会計補正予算第１号の議定については、予算決算委員会に付託することに決定しました。
R3-6kaigiroku,2021,562,予算,◎議案第２６号令和２年度御杖村簡易水道事業特別会計補正予算
R3-6kaigiroku,2021,562,補正予算,◎議案第２６号令和２年度御杖村簡易水道事業特別会計補正予算
R3-6kaigiroku,2021,567,予算,予算第１号の議定について議題と致します。本案について、提案理由の説明を求めます。伊藤村
R3-6kaigiroku,2021,571,予算,１億２，３１５万５千円とするものです。内容は、当初予算で計上しておりました非常用電源設備事
R3-6kaigiroku,2021,577,予算,員長の報告のとおり、全員協議会で詳細な説明を受け、予算決算委員会に付託することにしたい
R3-6kaigiroku,2021,577,決算,員長の報告のとおり、全員協議会で詳細な説明を受け、予算決算委員会に付託することにしたい
R3-6kaigiroku,2021,581,予算,易水道事業特別会計補正予算第１号の議定についても、予算決算委員会に付託することに決定
R3-6kaigiroku,2021,581,補正予算,易水道事業特別会計補正予算第１号の議定についても、予算決算委員会に付託することに決定
R3-6kaigiroku,2021,581,決算,易水道事業特別会計補正予算第１号の議定についても、予算決算委員会に付託することに決定
R3-6kaigiroku,2021,584,予算,◎議案第２７号令和３年度御杖村国民健康保険特別会計補正予算
R3-6kaigiroku,2021,584,補正予算,◎議案第２７号令和３年度御杖村国民健康保険特別会計補正予算
R3-6kaigiroku,2021,589,予算,予算第１号の議定について議題と致します。本案について、提案理由の説明を求めます。伊藤村
R3-6kaigiroku,2021,599,予算,員長の報告のとおり、全員協議会で詳細な説明を受け、予算決算委員会に付託することにしたい
R3-6kaigiroku,2021,599,決算,員長の報告のとおり、全員協議会で詳細な説明を受け、予算決算委員会に付託することにしたい
R3-6kaigiroku,2021,603,予算,民健康保険特別会計補正予算第１号の議定についても、予算決算委員会に付託することに決定
R3-6kaigiroku,2021,603,補正予算,民健康保険特別会計補正予算第１号の議定についても、予算決算委員会に付託することに決定
R3-6kaigiroku,2021,603,決算,民健康保険特別会計補正予算第１号の議定についても、予算決算委員会に付託することに決定
R3-6kaigiroku,2021,607,繰越,◎報告第１号令和２年度御杖村一般会計繰越明許費繰越計算書
R3-6kaigiroku,2021,611,繰越,○議長(吉田俊弘君):次に、日程第１４報告第１令和２年度御杖村一般会計繰越明許費繰越計算書
R3-6kaigiroku,2021,615,繰越,ついて、地方自治法施行令第１４６条第２項の規定により繰越計算書の調整を行いましたので報
R3-6kaigiroku,2021,618,繰越,○総務課長(中嶋英樹君)：それでは、議案の裏面をご覧ください。繰越計算書を付けております。令
R3-6kaigiroku,2021,619,繰越,和２年度一般会計の繰越明許費が確定しましたので、報告をさせていただきます。３月定例会の
R3-6kaigiroku,2021,620,予算,一般会計補正予算でご承認をいただいた繰越明許費のうち、５つの事業を繰り越すこととなりまし
R3-6kaigiroku,2021,620,補正予算,一般会計補正予算でご承認をいただいた繰越明許費のうち、５つの事業を繰り越すこととなりまし
R3-6kaigiroku,2021,620,繰越,一般会計補正予算でご承認をいただいた繰越明許費のうち、５つの事業を繰り越すこととなりまし
R3-6kaigiroku,2021,627,繰越,めに繰越を行ったもので、令和３年度における道路整備事業と合わせて順次進めてまいります。
R3-6kaigiroku,2021,629,補助金,に補助金が創設されたことから繰り越しをしたものでございまして、保健室関係備品の整備を行う
R3-6kaigiroku,2021,630,繰越,予定でございます。以上、繰越計算書の報告とさせていただきます。ありがとうございます。
R3-6kaigiroku,2021,635,繰越,計繰越明許費繰越計算書の報告についてを終わります。
R3-6kaigiroku,2021,692,予算,令和３年度御杖村一般会計補正予算(第１号)の議定について
R3-6kaigiroku,2021,692,補正予算,令和３年度御杖村一般会計補正予算(第１号)の議定について
R3-6kaigiroku,2021,694,予算,令和３年度御杖村簡易水道事業特別会計補正予算(第１号)の議定について
R3-6kaigiroku,2021,694,補正予算,令和３年度御杖村簡易水道事業特別会計補正予算(第１号)の議定について
R3-6kaigiroku,2021,696,予算,令和３年度御杖村国民健康保険特別会計補正予算(第１号)の議定について
R3-6kaigiroku,2021,696,補正予算,令和３年度御杖村国民健康保険特別会計補正予算(第１号)の議定について
R3-6kaigiroku,2021,784,予算,◎議案第２５号令和３年度御杖村一般会計補正予算(第１号)の議定につ
R3-6kaigiroku,2021,784,補正予算,◎議案第２５号令和３年度御杖村一般会計補正予算(第１号)の議定につ
R3-6kaigiroku,2021,787,予算,保険特別会計補正予算(第１号)の議定について
R3-6kaigiroku,2021,787,補正予算,保険特別会計補正予算(第１号)の議定について
R3-6kaigiroku,2021,790,予算,○議長(吉田俊弘君):次に、日程第２議案第２５号令和３年度御杖村一般会計補正予算第１号の議
R3-6kaigiroku,2021,790,補正予算,○議長(吉田俊弘君):次に、日程第２議案第２５号令和３年度御杖村一般会計補正予算第１号の議
R3-6kaigiroku,2021,791,予算,定について、日程第３議案第２６号令和３年度御杖村簡易水道事業特別会計補正予算第１号の
R3-6kaigiroku,2021,791,補正予算,定について、日程第３議案第２６号令和３年度御杖村簡易水道事業特別会計補正予算第１号の
R3-6kaigiroku,2021,792,予算,議定について、日程第４議案第２７号令和３年度御杖村国民健康保険特別会計補正予算第１号
R3-6kaigiroku,2021,792,補正予算,議定について、日程第４議案第２７号令和３年度御杖村国民健康保険特別会計補正予算第１号
R3-6kaigiroku,2021,793,予算,の議定についての３議案につきましては、予算決算委員会に付託した案件でございます。これを
R3-6kaigiroku,2021,793,決算,の議定についての３議案につきましては、予算決算委員会に付託した案件でございます。これを
R3-6kaigiroku,2021,798,予算,○委員長(木村忠雄君):それでは、予算決算委員会を代表しまして、当委員会に付託されました、
R3-6kaigiroku,2021,798,決算,○委員長(木村忠雄君):それでは、予算決算委員会を代表しまして、当委員会に付託されました、
R3-6kaigiroku,2021,801,予算,御杖村一般会計補正予算第１号の議定について、議案第２６号令和３年度御杖村簡易水道事
R3-6kaigiroku,2021,801,補正予算,御杖村一般会計補正予算第１号の議定について、議案第２６号令和３年度御杖村簡易水道事
R3-6kaigiroku,2021,802,予算,業特別会計補正予算第１号の議定について、議案第２７号令和３年度御杖村国民健康保険特
R3-6kaigiroku,2021,802,補正予算,業特別会計補正予算第１号の議定について、議案第２７号令和３年度御杖村国民健康保険特
R3-6kaigiroku,2021,803,予算,別会計補正予算第１号の議定についての補正予算３件が付託されたことにより、６月１１日に委
R3-6kaigiroku,2021,803,補正予算,別会計補正予算第１号の議定についての補正予算３件が付託されたことにより、６月１１日に委
R3-6kaigiroku,2021,807,予算,員出席の委員会ですので、割愛をさせていただきます。採決の結果につきましては、補正予算
R3-6kaigiroku,2021,807,補正予算,員出席の委員会ですので、割愛をさせていただきます。採決の結果につきましては、補正予算
R3-6kaigiroku,2021,809,予算,２５号から議案第２７号についての予算決算委員会の報告とさせていただきます。
R3-6kaigiroku,2021,809,決算,２５号から議案第２７号についての予算決算委員会の報告とさせていただきます。
R3-6kaigiroku,2021,818,予算,◎議案第２５号令和３年度御杖村一般会計補正予算第１号の議定
R3-6kaigiroku,2021,818,補正予算,◎議案第２５号令和３年度御杖村一般会計補正予算第１号の議定
R3-6kaigiroku,2021,822,予算,○議長(吉田俊弘君):まず、日程第２議案第２５号令和３年度御杖村一般会計補正予算第１号の議
R3-6kaigiroku,2021,822,補正予算,○議長(吉田俊弘君):まず、日程第２議案第２５号令和３年度御杖村一般会計補正予算第１号の議
R3-6kaigiroku,2021,830,予算,杖村一般会計補正予算第１号の議定については、委員長の報告のとおり可決されました。
R3-6kaigiroku,2021,830,補正予算,杖村一般会計補正予算第１号の議定については、委員長の報告のとおり可決されました。
R3-6kaigiroku,2021,834,予算,予算(第１号)の議定について
R3-6kaigiroku,2021,845,予算,杖村簡易水道事業特別会計補正予算第１号の議定については、委員長の報告のとおり可決され
R3-6kaigiroku,2021,845,補正予算,杖村簡易水道事業特別会計補正予算第１号の議定については、委員長の報告のとおり可決され
R3-6kaigiroku,2021,850,予算,予算(第１号)の議定について
R3-6kaigiroku,2021,862,予算,杖村国民健康保険特別会計補正予算第１号の議定については、委員長の報告のとおり可決され
R3-6kaigiroku,2021,862,補正予算,杖村国民健康保険特別会計補正予算第１号の議定については、委員長の報告のとおり可決され
R3-9giketukekka,2021,2,予算,●村長提出議案（予算６、条例、４、計画１、決算５、人事１、報告２、計１９件）
R3-9giketukekka,2021,2,決算,●村長提出議案（予算６、条例、４、計画１、決算５、人事１、報告２、計１９件）
R3-9giketukekka,2021,7,予算,（令和３年度御杖村一般会計補正予算(第２号)）              R3.9.7   R3.9.7   予算決算    R3.9.14   可 決   R3.9.17   可 決
R3-9giketukekka,2021,7,補正予算,（令和３年度御杖村一般会計補正予算(第２号)）              R3.9.7   R3.9.7   予算決算    R3.9.14   可 決   R3.9.17   可 決
R3-9giketukekka,2021,7,決算,（令和３年度御杖村一般会計補正予算(第２号)）              R3.9.7   R3.9.7   予算決算    R3.9.14   可 決   R3.9.17   可 決
R3-9giketukekka,2021,10,予算,（令和３年度御杖村国民健康保険特別会計補正予算(第２号)）         〃        〃        〃        〃       〃       〃        〃
R3-9giketukekka,2021,10,補正予算,（令和３年度御杖村国民健康保険特別会計補正予算(第２号)）         〃        〃        〃        〃       〃       〃        〃
R3-9giketukekka,2021,23,予算,議 案    令和３年度御杖村一般会計補正予算（第３号）の議定について          〃        〃       予算決算    R3.9.14    〃      〃        〃
R3-9giketukekka,2021,23,補正予算,議 案    令和３年度御杖村一般会計補正予算（第３号）の議定について          〃        〃       予算決算    R3.9.14    〃      〃        〃
R3-9giketukekka,2021,23,決算,議 案    令和３年度御杖村一般会計補正予算（第３号）の議定について          〃        〃       予算決算    R3.9.14    〃      〃        〃
R3-9giketukekka,2021,25,予算,議 案    令和３年度御杖村簡易水道事業特別会計補正予算(第２号)の議定について    〃        〃        〃        〃        〃      〃        〃
R3-9giketukekka,2021,25,補正予算,議 案    令和３年度御杖村簡易水道事業特別会計補正予算(第２号)の議定について    〃        〃        〃        〃        〃      〃        〃
R3-9giketukekka,2021,27,予算,議 案    令和３年度御杖村国民健康保険特別会計補正予算(第３号)の議定について    〃        〃        〃        〃        〃      〃        〃
R3-9giketukekka,2021,27,補正予算,議 案    令和３年度御杖村国民健康保険特別会計補正予算(第３号)の議定について    〃        〃        〃        〃        〃      〃        〃
R3-9giketukekka,2021,29,予算,議 案    令和３年度御杖村介護保険特別会計補正予算(第１号)の議定について      〃        〃        〃        〃        〃      〃        〃
R3-9giketukekka,2021,29,補正予算,議 案    令和３年度御杖村介護保険特別会計補正予算(第１号)の議定について      〃        〃        〃        〃        〃      〃        〃
R3-9giketukekka,2021,31,決算,認 定    令和２年度御杖村一般会計歳入歳出決算の認定について             〃        〃        〃        〃        〃      〃       認 定
R3-9giketukekka,2021,36,予算,認 定    令和２年度御杖村簡易水道事業特別会計歳入歳出決算の認定について      R3.9.7    R3.9.7   予算決算   R3.9.14   可 決   R3.9.17   認 定
R3-9giketukekka,2021,36,決算,認 定    令和２年度御杖村簡易水道事業特別会計歳入歳出決算の認定について      R3.9.7    R3.9.7   予算決算   R3.9.14   可 決   R3.9.17   認 定
R3-9giketukekka,2021,38,決算,認 定    令和２年度御杖村国民健康保険特別会計歳入歳出決算の認定について        〃        〃        〃       〃        〃      〃        〃
R3-9giketukekka,2021,40,決算,認 定    令和２年度御杖村介護保険特別会計歳入歳出決算の認定について          〃        〃        〃       〃        〃      〃        〃
R3-9giketukekka,2021,42,決算,認 定    令和２年度御杖村後期高齢者医療特別会計歳入歳出決算の認定について       〃        〃        〃       〃        〃      〃        〃
R3-9kaigiroku,2021,41,予算,（令和３年度御杖村一般会計補正予算(第２号)）
R3-9kaigiroku,2021,41,補正予算,（令和３年度御杖村一般会計補正予算(第２号)）
R3-9kaigiroku,2021,44,予算,（令和３年度御杖国民健康保険特別会計補正予算(第２号)）
R3-9kaigiroku,2021,44,補正予算,（令和３年度御杖国民健康保険特別会計補正予算(第２号)）
R3-9kaigiroku,2021,57,予算,◎議案第３３号令和３年度御杖村一般会計補正予算(第３号)の議定について
R3-9kaigiroku,2021,57,補正予算,◎議案第３３号令和３年度御杖村一般会計補正予算(第３号)の議定について
R3-9kaigiroku,2021,59,予算,◎議案第３４号令和３年度御杖村簡易水道事業特別会計補正予算(第１２)の議定について
R3-9kaigiroku,2021,59,補正予算,◎議案第３４号令和３年度御杖村簡易水道事業特別会計補正予算(第１２)の議定について
R3-9kaigiroku,2021,61,予算,◎議案第３５号令和３年度御杖村国民健康保険特別会計補正予算(第３号)の議定について
R3-9kaigiroku,2021,61,補正予算,◎議案第３５号令和３年度御杖村国民健康保険特別会計補正予算(第３号)の議定について
R3-9kaigiroku,2021,63,予算,◎議案第３６号令和３年度御杖村介護保険特別会計補正予算(第１号)の議定について
R3-9kaigiroku,2021,63,補正予算,◎議案第３６号令和３年度御杖村介護保険特別会計補正予算(第１号)の議定について
R3-9kaigiroku,2021,65,決算,◎認定第１号令和２年度御杖村一般会計歳入歳出決算の認定について、認定第２号令和２年度御
R3-9kaigiroku,2021,66,決算,杖村簡易水道事業特別会計歳入歳出決算の認定について、認定第３号令和２年度御杖村国民
R3-9kaigiroku,2021,67,決算,健康保険特別会計歳入歳出決算の認定について、認定第４号令和２年度御杖村介護特別会計
R3-9kaigiroku,2021,68,決算,歳入歳出決算の認定について、認定第５号令和２年度御杖村後期高齢者医療特別会計歳入歳
R3-9kaigiroku,2021,69,決算,出決算の認定について
R3-9kaigiroku,2021,89,予算,◎承認第４号専決処分の承認を求めることについて（令和３年度御杖村一般会計補正予算(第２
R3-9kaigiroku,2021,89,補正予算,◎承認第４号専決処分の承認を求めることについて（令和３年度御杖村一般会計補正予算(第２
R3-9kaigiroku,2021,91,予算,会計補正予算(第２号)）
R3-9kaigiroku,2021,91,補正予算,会計補正予算(第２号)）
R3-9kaigiroku,2021,94,予算,（令和３年度御杖村一般会計補正予算(第２号)）
R3-9kaigiroku,2021,94,補正予算,（令和３年度御杖村一般会計補正予算(第２号)）
R3-9kaigiroku,2021,97,予算,（令和３年度御杖国民健康保険特別会計補正予算(第２号)）
R3-9kaigiroku,2021,97,補正予算,（令和３年度御杖国民健康保険特別会計補正予算(第２号)）
R3-9kaigiroku,2021,101,予算,◎議案第３３号令和３年度御杖村一般会計補正予算(第３号)の議定について、議案第３４号令和３
R3-9kaigiroku,2021,101,補正予算,◎議案第３３号令和３年度御杖村一般会計補正予算(第３号)の議定について、議案第３４号令和３
R3-9kaigiroku,2021,102,予算,年度御杖村簡易水道事業特別会計補正予算(第２)の議定について、議案第３５号令和３年度御
R3-9kaigiroku,2021,102,補正予算,年度御杖村簡易水道事業特別会計補正予算(第２)の議定について、議案第３５号令和３年度御
R3-9kaigiroku,2021,103,予算,杖村国民健康保険特別会計補正予算(第３号)の議定について、議案第３６号令和３年度御杖村
R3-9kaigiroku,2021,103,補正予算,杖村国民健康保険特別会計補正予算(第３号)の議定について、議案第３６号令和３年度御杖村
R3-9kaigiroku,2021,104,予算,介護保険特別会計補正予算(第１号)の議定について
R3-9kaigiroku,2021,104,補正予算,介護保険特別会計補正予算(第１号)の議定について
R3-9kaigiroku,2021,106,予算,◎議案第３３号令和３年度御杖村一般会計補正予算(第３号)の議定について
R3-9kaigiroku,2021,106,補正予算,◎議案第３３号令和３年度御杖村一般会計補正予算(第３号)の議定について
R3-9kaigiroku,2021,108,予算,◎議案第３４号令和３年度御杖村簡易水道事業特別会計補正予算(第１２)の議定について
R3-9kaigiroku,2021,108,補正予算,◎議案第３４号令和３年度御杖村簡易水道事業特別会計補正予算(第１２)の議定について
R3-9kaigiroku,2021,110,予算,◎議案第３５号令和３年度御杖村国民健康保険特別会計補正予算(第３号)の議定について
R3-9kaigiroku,2021,110,補正予算,◎議案第３５号令和３年度御杖村国民健康保険特別会計補正予算(第３号)の議定について
R3-9kaigiroku,2021,112,予算,◎議案第３６号令和３年度御杖村介護保険特別会計補正予算(第１号)の議定について
R3-9kaigiroku,2021,112,補正予算,◎議案第３６号令和３年度御杖村介護保険特別会計補正予算(第１号)の議定について
R3-9kaigiroku,2021,114,決算,◎認定第１号令和２年度御杖村一般会計歳入歳出決算の認定について、認定第２号令和２年度御
R3-9kaigiroku,2021,115,決算,杖村簡易水道事業特別会計歳入歳出決算の認定について、認定第３号令和２年度御杖村国民
R3-9kaigiroku,2021,116,決算,健康保険特別会計歳入歳出決算の認定について、認定第４号令和２年度御杖村介護特別会計
R3-9kaigiroku,2021,117,決算,歳入歳出決算の認定について、認定第５号令和２年度御杖村後期高齢者医療特別会計歳入歳
R3-9kaigiroku,2021,118,決算,出決算の認定について
R3-9kaigiroku,2021,120,決算,◎認定第１号令和２年度御杖村一般会計歳入歳出決算の認定について
R3-9kaigiroku,2021,122,決算,◎認定第２号令和２年度御杖村簡易水道事業特別会計歳入歳出決算の認定について
R3-9kaigiroku,2021,124,決算,◎認定第３号令和２年度御杖村国民健康保険特別会計歳入歳出決算の認定について
R3-9kaigiroku,2021,126,決算,◎認定第４号令和２年度御杖村介護特別会計歳入歳出決算の認定について
R3-9kaigiroku,2021,128,決算,◎認定第５号令和２年度御杖村後期高齢者医療特別会計歳入歳出決算の認定について
R3-9kaigiroku,2021,156,予算,第７   承認第４号 [予算決算委員会付託]
R3-9kaigiroku,2021,156,決算,第７   承認第４号 [予算決算委員会付託]
R3-9kaigiroku,2021,158,予算,（令和３年度御杖村一般会計補正予算(第２号)）
R3-9kaigiroku,2021,158,補正予算,（令和３年度御杖村一般会計補正予算(第２号)）
R3-9kaigiroku,2021,159,予算,第８   承認第５号 [予算決算委員会付託]
R3-9kaigiroku,2021,159,決算,第８   承認第５号 [予算決算委員会付託]
R3-9kaigiroku,2021,161,予算,（令和３年度御杖村国民健康保険特別会計補正予算(第２号)）
R3-9kaigiroku,2021,161,補正予算,（令和３年度御杖村国民健康保険特別会計補正予算(第２号)）
R3-9kaigiroku,2021,173,予算,第１4 議案第３３号 [予算決算委員会付託]
R3-9kaigiroku,2021,173,決算,第１4 議案第３３号 [予算決算委員会付託]
R3-9kaigiroku,2021,174,予算,令和３年度御杖村一般会計補正予算(第３号)の議定について
R3-9kaigiroku,2021,174,補正予算,令和３年度御杖村一般会計補正予算(第３号)の議定について
R3-9kaigiroku,2021,175,予算,第１5 議案第３４号 ［予算決算委員会付託］
R3-9kaigiroku,2021,175,決算,第１5 議案第３４号 ［予算決算委員会付託］
R3-9kaigiroku,2021,176,予算,令和３年度御杖村簡易水道事業特別会計補正予算(第２号)の議定について
R3-9kaigiroku,2021,176,補正予算,令和３年度御杖村簡易水道事業特別会計補正予算(第２号)の議定について
R3-9kaigiroku,2021,177,予算,第１6 議案第３５号 ［予算決算委員会付託］
R3-9kaigiroku,2021,177,決算,第１6 議案第３５号 ［予算決算委員会付託］
R3-9kaigiroku,2021,178,予算,令和３年度御杖村国民健康保険特別会計補正予算(第３号)の議定について
R3-9kaigiroku,2021,178,補正予算,令和３年度御杖村国民健康保険特別会計補正予算(第３号)の議定について
R3-9kaigiroku,2021,179,予算,第１7 議案第３６号 [予算決算委員会付託]
R3-9kaigiroku,2021,179,決算,第１7 議案第３６号 [予算決算委員会付託]
R3-9kaigiroku,2021,180,予算,令和３年度御杖村介護会計補正予算(第１号)の議定について
R3-9kaigiroku,2021,180,補正予算,令和３年度御杖村介護会計補正予算(第１号)の議定について
R3-9kaigiroku,2021,181,予算,第１8 認定第１号 ［予算決算委員会付託］
R3-9kaigiroku,2021,181,決算,第１8 認定第１号 ［予算決算委員会付託］
R3-9kaigiroku,2021,182,決算,令和２年度御杖村一般会計歳入歳出決算の認定について
R3-9kaigiroku,2021,186,予算,第１9 認定第２号 ［予算決算委員会付託］
R3-9kaigiroku,2021,186,決算,第１9 認定第２号 ［予算決算委員会付託］
R3-9kaigiroku,2021,187,決算,令和２年度御杖簡易水道事業特別会計歳入歳出決算の認定について
R3-9kaigiroku,2021,188,予算,第 20 認定第３号 [予算決算委員会付託]
R3-9kaigiroku,2021,188,決算,第 20 認定第３号 [予算決算委員会付託]
R3-9kaigiroku,2021,189,決算,令和２年度御杖村国民健康保険特別会計歳入歳出決算の認定について
R3-9kaigiroku,2021,190,予算,第 21 認定第４号 ［予算決算委員会付託］
R3-9kaigiroku,2021,190,決算,第 21 認定第４号 ［予算決算委員会付託］
R3-9kaigiroku,2021,191,決算,令和２年度御杖村介護特別会計歳入歳出決算の認定について
R3-9kaigiroku,2021,192,予算,第 22 認定第５号 ［予算決算委員会付託］
R3-9kaigiroku,2021,192,決算,第 22 認定第５号 ［予算決算委員会付託］
R3-9kaigiroku,2021,193,決算,令和２年度御杖村後期高齢者医療特別会計歳入歳出決算の認定について
R3-9kaigiroku,2021,266,予算,会期を、９月７日から１７日までの１１日間とし、全員協議会を８日、むらづくり委員会を１０日、予算
R3-9kaigiroku,2021,267,決算,決算委員会を１４日、続会議を１７日とそれぞれ決定し、いずれも午前１０時の開会としました。また
R3-9kaigiroku,2021,271,予算,第３２号をむらづくり委員会へ、専決を含む補正予算６件及び決算認定５件は予算決算委員会へ
R3-9kaigiroku,2021,271,補正予算,第３２号をむらづくり委員会へ、専決を含む補正予算６件及び決算認定５件は予算決算委員会へ
R3-9kaigiroku,2021,271,決算,第３２号をむらづくり委員会へ、専決を含む補正予算６件及び決算認定５件は予算決算委員会へ
R3-9kaigiroku,2021,300,繰越,組合一般会計事故繰越し繰越計算書の報告について、日程第１１令和３年度奈良県広域消防組
R3-9kaigiroku,2021,301,予算,合一般会計補正予算第１号について、日程第１２財産の取得について、これはパソコンにかかって
R3-9kaigiroku,2021,301,補正予算,合一般会計補正予算第１号について、日程第１２財産の取得について、これはパソコンにかかって
R3-9kaigiroku,2021,301,財産,合一般会計補正予算第１号について、日程第１２財産の取得について、これはパソコンにかかって
R3-9kaigiroku,2021,301,取得,合一般会計補正予算第１号について、日程第１２財産の取得について、これはパソコンにかかって
R3-9kaigiroku,2021,302,財産,のものです。日程第１３財産の取得について、高規格救急自動車取得について、日程第１４科学消
R3-9kaigiroku,2021,302,取得,のものです。日程第１３財産の取得について、高規格救急自動車取得について、日程第１４科学消
R3-9kaigiroku,2021,303,取得,防ポンプの取得について、日程第１５救助工作車の取得について、日程第１６監査委員議会選出
R3-9kaigiroku,2021,336,予算,ていると思われます。安全安心なむらづくりに努めてまいります。今回ご提案している補正予算に
R3-9kaigiroku,2021,336,補正予算,ていると思われます。安全安心なむらづくりに努めてまいります。今回ご提案している補正予算に
R3-9kaigiroku,2021,346,予算,本定例会には、決算認定をはじめ、条例の改廃や補正予算、人事案件等、１９件をご提案してお
R3-9kaigiroku,2021,346,補正予算,本定例会には、決算認定をはじめ、条例の改廃や補正予算、人事案件等、１９件をご提案してお
R3-9kaigiroku,2021,346,決算,本定例会には、決算認定をはじめ、条例の改廃や補正予算、人事案件等、１９件をご提案してお
R3-9kaigiroku,2021,432,予算,（令和３年度御杖村一般会計補正予算(第２号)）
R3-9kaigiroku,2021,432,補正予算,（令和３年度御杖村一般会計補正予算(第２号)）
R3-9kaigiroku,2021,436,予算,御杖村一般会計補正予算第２号を議題と致します。本案について、提出の理由を求めます。伊藤
R3-9kaigiroku,2021,436,補正予算,御杖村一般会計補正予算第２号を議題と致します。本案について、提出の理由を求めます。伊藤
R3-9kaigiroku,2021,441,予算,なっています。早期着手のため、去る７月６日に補正予算の専決処分をさせていただきましたの
R3-9kaigiroku,2021,441,補正予算,なっています。早期着手のため、去る７月６日に補正予算の専決処分をさせていただきましたの
R3-9kaigiroku,2021,448,予算,員長の報告のとおり、全員協議会で詳細な説明を受け、予算決算委員会に付託することにしたい
R3-9kaigiroku,2021,448,決算,員長の報告のとおり、全員協議会で詳細な説明を受け、予算決算委員会に付託することにしたい
R3-9kaigiroku,2021,452,予算,ることについては、予算決算委員会に付託することに決定しました。
R3-9kaigiroku,2021,452,決算,ることについては、予算決算委員会に付託することに決定しました。
R3-9kaigiroku,2021,455,予算,（令和３年度御杖村国民健康保険特別会計補正予算(第２号)）
R3-9kaigiroku,2021,455,補正予算,（令和３年度御杖村国民健康保険特別会計補正予算(第２号)）
R3-9kaigiroku,2021,459,予算,御杖村国民健康保険特別会計補正予算第２号を議題と致します。本案について、提案理由の説
R3-9kaigiroku,2021,459,補正予算,御杖村国民健康保険特別会計補正予算第２号を議題と致します。本案について、提案理由の説
R3-9kaigiroku,2021,464,予算,７月６日に補正予算の専決処分をさせていただきましたので、ご承認のほどよろしくお願いいたし
R3-9kaigiroku,2021,464,補正予算,７月６日に補正予算の専決処分をさせていただきましたので、ご承認のほどよろしくお願いいたし
R3-9kaigiroku,2021,470,予算,員長の報告のとおり、全員協議会で詳細な説明を受け、予算決算委員会に付託することにしたい
R3-9kaigiroku,2021,470,決算,員長の報告のとおり、全員協議会で詳細な説明を受け、予算決算委員会に付託することにしたい
R3-9kaigiroku,2021,474,予算,ることについて、令和３年度御杖村国民健康保険特別会計補正予算第２号は、予算決算委員会
R3-9kaigiroku,2021,474,補正予算,ることについて、令和３年度御杖村国民健康保険特別会計補正予算第２号は、予算決算委員会
R3-9kaigiroku,2021,474,決算,ることについて、令和３年度御杖村国民健康保険特別会計補正予算第２号は、予算決算委員会
R3-9kaigiroku,2021,562,取得,調査等が追加されました。対象となる資産の取得価額が資本金の規模に応じ、５００万円以上まで
R3-9kaigiroku,2021,564,工事,繕または模様替えのための工事が含められることになります。なお、御杖村過疎地域持続的発展
R3-9kaigiroku,2021,629,予算,◎議案第３３号令和３年度御杖村一般会計補正予算(第３号)）の
R3-9kaigiroku,2021,629,補正予算,◎議案第３３号令和３年度御杖村一般会計補正予算(第３号)）の
R3-9kaigiroku,2021,633,予算,○議長(吉田俊弘君):次に、日程第１４議案第３３号令和３年度御杖村一般会計補正予算第３号の
R3-9kaigiroku,2021,633,補正予算,○議長(吉田俊弘君):次に、日程第１４議案第３３号令和３年度御杖村一般会計補正予算第３号の
R3-9kaigiroku,2021,638,繰越,の総額を２７億２，０４８万７千円とするものでございます。主な内容ですが、前年度繰越金の増額
R3-9kaigiroku,2021,645,予算,員長の報告のとおり、全員協議会で詳細な説明を受け、予算決算委員会に付託することにしたい
R3-9kaigiroku,2021,645,決算,員長の報告のとおり、全員協議会で詳細な説明を受け、予算決算委員会に付託することにしたい
R3-9kaigiroku,2021,649,予算,般会計補正予算第３号の議定については、予算決算委員会に付託することに決定しました。
R3-9kaigiroku,2021,649,補正予算,般会計補正予算第３号の議定については、予算決算委員会に付託することに決定しました。
R3-9kaigiroku,2021,649,決算,般会計補正予算第３号の議定については、予算決算委員会に付託することに決定しました。
R3-9kaigiroku,2021,652,予算,予算(第２号)の議定について
R3-9kaigiroku,2021,656,予算,予算第２号の議定について議題と致します。本案について、提案理由の説明を求めます。伊藤村
R3-9kaigiroku,2021,658,繰越,○村長(伊藤収宜君):議長。本案につきましては、前年度繰越金の増額分を一般会計繰入金で減
R3-9kaigiroku,2021,659,予算,額するものでございます。歳入予算の中で調整したことから、総額での増減はないものです。ご審
R3-9kaigiroku,2021,665,予算,員長の報告のとおり、全員協議会で詳細な説明を受け、予算決算委員会に付託することにしたい
R3-9kaigiroku,2021,665,決算,員長の報告のとおり、全員協議会で詳細な説明を受け、予算決算委員会に付託することにしたい
R3-9kaigiroku,2021,669,予算,易水道事業特別会計補正予算第２号の議定については、予算決算委員会に付託することに決定
R3-9kaigiroku,2021,669,補正予算,易水道事業特別会計補正予算第２号の議定については、予算決算委員会に付託することに決定
R3-9kaigiroku,2021,669,決算,易水道事業特別会計補正予算第２号の議定については、予算決算委員会に付託することに決定
R3-9kaigiroku,2021,674,予算,予算(第３号)の議定について
R3-9kaigiroku,2021,678,予算,予算第３号の議定についてを議題と致します。本案について、提案理由の説明を求めます。伊藤
R3-9kaigiroku,2021,680,繰越,○村長(伊藤収宜君):議長。本案につきまして、先ず事業勘定については、前年度繰越金の増額分
R3-9kaigiroku,2021,681,補助金,を基金繰入金で減額する調整を行ったものです。また診療施設勘定は、新たに国庫補助金を受
R3-9kaigiroku,2021,681,基金,を基金繰入金で減額する調整を行ったものです。また診療施設勘定は、新たに国庫補助金を受
R3-9kaigiroku,2021,683,予算,歳入予算内での増減調整を行ったもので総額での増減はありません。ご審議の程、よろしくお願
R3-9kaigiroku,2021,689,予算,員長の報告のとおり、全員協議会で詳細な説明を受け、予算決算委員会に付託することにしたい
R3-9kaigiroku,2021,689,決算,員長の報告のとおり、全員協議会で詳細な説明を受け、予算決算委員会に付託することにしたい
R3-9kaigiroku,2021,693,予算,民健康保険特別会計補正予算第３号の議定については、予算決算委員会に付託することに決定
R3-9kaigiroku,2021,693,補正予算,民健康保険特別会計補正予算第３号の議定については、予算決算委員会に付託することに決定
R3-9kaigiroku,2021,693,決算,民健康保険特別会計補正予算第３号の議定については、予算決算委員会に付託することに決定
R3-9kaigiroku,2021,696,予算,◎議案第３６号令和３年度御杖村介護保険特別会計補正予算
R3-9kaigiroku,2021,696,補正予算,◎議案第３６号令和３年度御杖村介護保険特別会計補正予算
R3-9kaigiroku,2021,700,予算,○議長(吉田俊弘君):次に、日程第１７議案第３６号令和３年度御杖村介護保険特別会計補正予算
R3-9kaigiroku,2021,700,補正予算,○議長(吉田俊弘君):次に、日程第１７議案第３６号令和３年度御杖村介護保険特別会計補正予算
R3-9kaigiroku,2021,705,繰越,の総額を４億６，１２６万円とするものです。内容は、歳入では前年度からの繰越金を増額し、歳出
R3-9kaigiroku,2021,712,予算,員長の報告のとおり、全員協議会で詳細な説明を受け、予算決算委員会に付託することにしたい
R3-9kaigiroku,2021,712,決算,員長の報告のとおり、全員協議会で詳細な説明を受け、予算決算委員会に付託することにしたい
R3-9kaigiroku,2021,716,予算,護保険特別会計補正予算第１号の議定については、予算決算委員会に付託することに決定しま
R3-9kaigiroku,2021,716,補正予算,護保険特別会計補正予算第１号の議定については、予算決算委員会に付託することに決定しま
R3-9kaigiroku,2021,716,決算,護保険特別会計補正予算第１号の議定については、予算決算委員会に付託することに決定しま
R3-9kaigiroku,2021,720,決算,◎認定第１号令和２年度御杖村一般会計歳入歳出決算の認定
R3-9kaigiroku,2021,722,決算,出決算の認定について、認定第３号御杖村国民健康保険特
R3-9kaigiroku,2021,723,決算,別会計歳入歳出決算の認定について、認定第４号御杖村介
R3-9kaigiroku,2021,724,決算,護保険特別会計歳入歳出決算の認定について、認定第５号
R3-9kaigiroku,2021,725,決算,御杖村後期高齢者医療特別会計歳入歳出決算の認定につ
R3-9kaigiroku,2021,729,決算,○議長(吉田俊弘君):次に、日程第１８、認定第１号令和２年度御杖村一般会計歳入歳出決算の認
R3-9kaigiroku,2021,730,決算,定について、日程第１９、認定第２号令和２年度御杖村簡易水道事業特別会計歳入歳出決算の
R3-9kaigiroku,2021,731,決算,認定について、日程第２０、認定第３号令和２年度御杖村国民健康保険特別会計歳入歳出決算
R3-9kaigiroku,2021,732,決算,の認定について、日程第２１、認定第４号令和２年度御杖村介護保険特別会計歳入歳出決算の
R3-9kaigiroku,2021,734,決算,算の認定について、以上５議案は、令和２年度各会計決算の案件ですので、一括議題とします。
R3-9kaigiroku,2021,738,決算,御杖村一般会計歳入歳出決算について認定をお願いするものでございます。決算の額でござい
R3-9kaigiroku,2021,743,決算,○会計管理者(今井智君):はい。議長。失礼します。令和２年度一般会計決算について、本日提案
R3-9kaigiroku,2021,744,決算,致しました概要につきまして、皆様に、決算の内容に関する説明書をお配りさせて頂いております
R3-9kaigiroku,2021,746,予算,い。１、一般会計決算の概要予算の執行にあたって、計上した歳入については財源の確保に努
R3-9kaigiroku,2021,746,決算,い。１、一般会計決算の概要予算の執行にあたって、計上した歳入については財源の確保に努
R3-9kaigiroku,2021,748,決算,決算額は、決算書の９５ページの実質収支に関する調書のとおり歳入総額３０億８７０万９，９２８
R3-9kaigiroku,2021,750,繰越,から、繰越明許費によって翌年度へ繰り越すべき財源３８２万５千円を差し引いた、２億８１万１，５
R3-9kaigiroku,2021,751,決算,０４円の黒字となりました。歳入決算の状況について令和２年度の歳入総額は、３０億８７０万９千
R3-9kaigiroku,2021,754,繰越,８，２１０万円、同１６．０％、繰越金１億５，８１５万６千円、同５．３％、村税１億９６８万５千円、同３．
R3-9kaigiroku,2021,755,決算,７％等となっています。詳細につきましては、次のページ、２ページの第１表一般会計歳入決算の
R3-9kaigiroku,2021,756,決算,内訳のとおりでございますが、朗読は省略させて頂きます。これを前年度決算額と比較しますと、
R3-9kaigiroku,2021,760,決算,額となりました。それぞれの税の状況は次のページ、３ページ、第２表村税決算の状況のとおりで
R3-9kaigiroku,2021,774,補助金,対前年度４億９，７８７万円、１４３．０％の増額となりました。統合学校施設整備事業補助金の増額
R3-9kaigiroku,2021,775,補助金,及び特別定額給付金給付事業補助金、新型コロナウイルス感染症対応地方創生臨時交付金等
R3-9kaigiroku,2021,776,補助金,新型コロナウイルス対策関連補助金の交付などが主な増額要因です。国・県支出金のうち主なも
R3-9kaigiroku,2021,778,財産,のは、第５表に列記したとおりです。財産収入は、８４６万２千円で、前年度に比べて２７８万４千
R3-9kaigiroku,2021,780,基金,な減額要因です。令和２年度末における基金の現金保有残高は３３億１２７万３千円で、各基金の
R3-9kaigiroku,2021,781,繰越,内訳は、６ページの第６表のとおりです。繰越金は、１億５，８１５万６千円で、対前年度１億８，９５９
R3-9kaigiroku,2021,784,補助金,促進事業補助金の減額が主な要因となっています。村債は、借入総額で、４億８，２１０万円で、対
R3-9kaigiroku,2021,791,決算,対策債３，２００万円、減収補てん債２７０万円。７ページをご覧下さい。歳出決算の状況について、
R3-9kaigiroku,2021,793,決算,の増となりました。目的別決算の主な内訳は、第７表のとおり、総務費７億６，４６９万３千円、構成
R3-9kaigiroku,2021,795,決算,木費２億７，７１４万円、同９．９％となりました。前年度決算と比較して増額となった項目では、教育
R3-9kaigiroku,2021,804,決算,より６６６万６千円、０．９％の減少となりました。９ページをご覧下さい。性質別決算の主な内訳は、
R3-9kaigiroku,2021,807,決算,９％、繰出金が２億５７５万４千円、同７．４％等となっています。前年度決算額と比較しますと、人
R3-9kaigiroku,2021,817,基金,増額となりました。積立金は、財政調整基金への積立額の減少等により、１億２，７５１万５千円、３
R3-9kaigiroku,2021,824,決算,主な事業は、第１０表のとおりです。以上で一般会計決算の概要説明を終わらせて頂きます。詳
R3-9kaigiroku,2021,825,決算,細につきましては、決算事項別明細書や主要施策の成果に関する報告書等をご覧頂きまして、ご
R3-9kaigiroku,2021,827,決算,○議長（吉田俊弘君):次に、特別会計決算を一括して、説明を求めます。伊藤村長。
R3-9kaigiroku,2021,830,決算,計の以上４会計の歳入歳出決算ついて、認定をお願いするものでございます。詳細については、
R3-9kaigiroku,2021,833,決算,○会計管理者(今井智君):はい、議長。失礼します。令和２年度特別会計決算につきまして決算の
R3-9kaigiroku,2021,834,決算,内容に関する説明書１２ページをご覧下さい。第１１表のとおり、特別会計決算の状況でございま
R3-9kaigiroku,2021,835,決算,す。２、特別会計決算の概要、特別会計の決算状況。簡易水道事業特別会計は、歳入総額１億
R3-9kaigiroku,2021,858,決算,の活用を行い、財政負担の軽減に努めております。以上で特別会計の決算の概要並びに村債の
R3-9kaigiroku,2021,859,決算,状況についての説明を終わらせていただきますが、一般会計同様、詳細につきましては、決算事
R3-9kaigiroku,2021,862,決算,○議長（吉田俊弘君):ここで、令和２年度一般会計及び特別会計の決算について、監査委員に決
R3-9kaigiroku,2021,866,決算,○８番(木村忠雄君):決算審査報告。お手元の令和２年度御杖村一般会計特別会計の決算審査意
R3-9kaigiroku,2021,867,決算,見書をご覧いただきたいと思います。この決算審査につきましては、去る８月１８日に、片桐監査委
R3-9kaigiroku,2021,868,決算,員とともに審査を実施させて頂きました。決算審査意見書の各諸表の朗読は省略させて頂き、７ペ
R3-9kaigiroku,2021,869,決算,ージの決算審査結論の朗読をもって報告に代えさせて頂きたいと思います。令和２年度決算審査
R3-9kaigiroku,2021,882,予算,た施策を推進し、先例や慣例にとらわれることなく柔軟に対応され、効果的、効率的な予算の執行
R3-9kaigiroku,2021,885,決算,なって取り組みを実行されるようお願いし、令和２年度決算審査の結論とする。以上でございま
R3-9kaigiroku,2021,887,決算,○議長（吉田俊弘君):木村議員ありがとうございました。ただ今、当局より説明と、監査委員より決算
R3-9kaigiroku,2021,888,決算,審査に係る意見をいただきました。これから決算第５議案について一括して、統括的質疑を行いま
R3-9kaigiroku,2021,891,決算,○議長（吉田俊弘君):質疑なしと認めます。これで質疑を終わります。各会計決算の認定議案につ
R3-9kaigiroku,2021,892,予算,いても、議会運営委員会の報告のとおり、全員協議会で詳細な説明を受け、一括して予算決算委
R3-9kaigiroku,2021,892,決算,いても、議会運営委員会の報告のとおり、全員協議会で詳細な説明を受け、一括して予算決算委
R3-9kaigiroku,2021,896,決算,５号までの令和２年度における一般会計歳入歳出決算及び各特別会計歳入歳出決算の認定に
R3-9kaigiroku,2021,897,予算,ついては、予算決算委員会に付託することに決定しました。
R3-9kaigiroku,2021,897,決算,ついては、予算決算委員会に付託することに決定しました。
R3-9kaigiroku,2021,938,予算,訳ございません。この予算につきましては、令和元年６月の議会で補正予算を組ませていただき
R3-9kaigiroku,2021,938,補正予算,訳ございません。この予算につきましては、令和元年６月の議会で補正予算を組ませていただき
R3-9kaigiroku,2021,939,予算,まして、総額５，９９０万円の予算を持たせていただきました。そして、公募型プローザル方式の設
R3-9kaigiroku,2021,1011,補助金,案し、令和３年度に鞍取、桜両峠の測量業務を行うため国、県への補助金の申請を行い事業展
R3-9kaigiroku,2021,1059,予算,（令和３年度御杖村一般会計補正予算(第２号)）
R3-9kaigiroku,2021,1059,補正予算,（令和３年度御杖村一般会計補正予算(第２号)）
R3-9kaigiroku,2021,1062,予算,（令和３年度御杖村国民健康保険特別会計補正予算(第２号)）
R3-9kaigiroku,2021,1062,補正予算,（令和３年度御杖村国民健康保険特別会計補正予算(第２号)）
R3-9kaigiroku,2021,1066,予算,令和３年度御杖村一般会計補正予算(第３号)の議定について
R3-9kaigiroku,2021,1066,補正予算,令和３年度御杖村一般会計補正予算(第３号)の議定について
R3-9kaigiroku,2021,1068,予算,令和３年度御杖村簡易水道事業特別会計補正予算（第２号）の議定について
R3-9kaigiroku,2021,1068,補正予算,令和３年度御杖村簡易水道事業特別会計補正予算（第２号）の議定について
R3-9kaigiroku,2021,1070,予算,令和３年度御杖村国民健康保険特別会計補正予算(第３号)の議定について
R3-9kaigiroku,2021,1070,補正予算,令和３年度御杖村国民健康保険特別会計補正予算(第３号)の議定について
R3-9kaigiroku,2021,1072,予算,令和３年度御杖村介護保険特別会計補正予算(第１号)の議定について
R3-9kaigiroku,2021,1072,補正予算,令和３年度御杖村介護保険特別会計補正予算(第１号)の議定について
R3-9kaigiroku,2021,1074,決算,令和２年度御杖村一般会計歳入歳出決算の認定について
R3-9kaigiroku,2021,1076,決算,令和２年度御杖村簡易水道事業特別会計歳入歳出決算の認定について
R3-9kaigiroku,2021,1078,決算,令和２年度御杖村国民健康保険特別会計歳入歳出決算の認定について
R3-9kaigiroku,2021,1080,決算,令和２年度御杖村介護保険特別会計歳入歳出決算の認定について
R3-9kaigiroku,2021,1082,決算,令和２年度御杖村後期高齢者医療特別会計歳入歳出決算の認定について
R3-9kaigiroku,2021,1129,予算,度御杖村一般会計補正予算(第２号)）、承認第５号専決処分
R3-9kaigiroku,2021,1129,補正予算,度御杖村一般会計補正予算(第２号)）、承認第５号専決処分
R3-9kaigiroku,2021,1131,予算,険特別会計補正予算(第２号)）
R3-9kaigiroku,2021,1131,補正予算,険特別会計補正予算(第２号)）
R3-9kaigiroku,2021,1135,予算,度御杖村一般会計補正予算第２号、日程第２､承認第５号専決処分の承認を求めることについ
R3-9kaigiroku,2021,1135,補正予算,度御杖村一般会計補正予算第２号、日程第２､承認第５号専決処分の承認を求めることについ
R3-9kaigiroku,2021,1136,予算,て、令和３年度御杖村国民健康保険特別会計補正予算第２号の２件につきましては、予算決算
R3-9kaigiroku,2021,1136,補正予算,て、令和３年度御杖村国民健康保険特別会計補正予算第２号の２件につきましては、予算決算
R3-9kaigiroku,2021,1136,決算,て、令和３年度御杖村国民健康保険特別会計補正予算第２号の２件につきましては、予算決算
R3-9kaigiroku,2021,1141,予算,○８番(木村忠雄君):予算決算委員会を代表しまして、当委員会に付託されました、承認第４号及
R3-9kaigiroku,2021,1141,決算,○８番(木村忠雄君):予算決算委員会を代表しまして、当委員会に付託されました、承認第４号及
R3-9kaigiroku,2021,1143,予算,審査の経緯でございますが、去る９月７日の本会議におきまして、専決処分による補正予算２件
R3-9kaigiroku,2021,1143,補正予算,審査の経緯でございますが、去る９月７日の本会議におきまして、専決処分による補正予算２件
R3-9kaigiroku,2021,1144,予算,及び補正予算４件、決算認定５件の合計 11 件の案件が付託されたことにより、９月１４日に予
R3-9kaigiroku,2021,1144,補正予算,及び補正予算４件、決算認定５件の合計 11 件の案件が付託されたことにより、９月１４日に予
R3-9kaigiroku,2021,1144,決算,及び補正予算４件、決算認定５件の合計 11 件の案件が付託されたことにより、９月１４日に予
R3-9kaigiroku,2021,1145,決算,算決算委員会を開催いたしました。当日は、全委員及び村長をはじめ各部局の所属長出席の
R3-9kaigiroku,2021,1150,予算,決定いたしました。以上で、予算決算委員会の報告とさせていただきます。
R3-9kaigiroku,2021,1150,決算,決定いたしました。以上で、予算決算委員会の報告とさせていただきます。
R3-9kaigiroku,2021,1158,予算,（令和３年度御杖村一般会計補正予算(第２号)）
R3-9kaigiroku,2021,1158,補正予算,（令和３年度御杖村一般会計補正予算(第２号)）
R3-9kaigiroku,2021,1162,予算,決処分の承認を求めることについて、令和３年度御杖村一般会計補正予算第２号を議題とし、討
R3-9kaigiroku,2021,1162,補正予算,決処分の承認を求めることについて、令和３年度御杖村一般会計補正予算第２号を議題とし、討
R3-9kaigiroku,2021,1170,予算,認を求めることについて、令和３年度御杖村一般会計補正予算第２号は、委員長の報告のとおり
R3-9kaigiroku,2021,1170,補正予算,認を求めることについて、令和３年度御杖村一般会計補正予算第２号は、委員長の報告のとおり
R3-9kaigiroku,2021,1175,予算,（令和３年度御杖村国民健康保険特別会計補正予算(第２号)）
R3-9kaigiroku,2021,1175,補正予算,（令和３年度御杖村国民健康保険特別会計補正予算(第２号)）
R3-9kaigiroku,2021,1179,予算,度御杖村国民健康保険特別会計補正予算第２号を議題とし、討論を行います。討論はありません
R3-9kaigiroku,2021,1179,補正予算,度御杖村国民健康保険特別会計補正予算第２号を議題とし、討論を行います。討論はありません
R3-9kaigiroku,2021,1187,予算,認を求めることについて、令和３年度御杖村国民健康保険特別会計補正予算第２号は、委員長
R3-9kaigiroku,2021,1187,補正予算,認を求めることについて、令和３年度御杖村国民健康保険特別会計補正予算第２号は、委員長
R3-9kaigiroku,2021,1223,予算,◎議案第３３号令和３年度御杖村一般会計補正予算(第３号)の
R3-9kaigiroku,2021,1223,補正予算,◎議案第３３号令和３年度御杖村一般会計補正予算(第３号)の
R3-9kaigiroku,2021,1225,予算,業特別会計補正予算(第２号)の議定について、議案第３５号
R3-9kaigiroku,2021,1225,補正予算,業特別会計補正予算(第２号)の議定について、議案第３５号
R3-9kaigiroku,2021,1226,予算,令和３年度御杖村国民健康保険特別会計補正予算(第３号)
R3-9kaigiroku,2021,1226,補正予算,令和３年度御杖村国民健康保険特別会計補正予算(第３号)
R3-9kaigiroku,2021,1228,予算,特別会計補正予算(第１号)の議定について
R3-9kaigiroku,2021,1228,補正予算,特別会計補正予算(第１号)の議定について
R3-9kaigiroku,2021,1231,予算,○議長（吉田俊弘君）：次に、日程第４､議案３３号令和３年度御杖村一般会計補正予算第３号の議
R3-9kaigiroku,2021,1231,補正予算,○議長（吉田俊弘君）：次に、日程第４､議案３３号令和３年度御杖村一般会計補正予算第３号の議
R3-9kaigiroku,2021,1232,予算,定について、日程第５､議案第３４号令和３年度御杖村簡易水道事業特別会計補正予算第２号の
R3-9kaigiroku,2021,1232,補正予算,定について、日程第５､議案第３４号令和３年度御杖村簡易水道事業特別会計補正予算第２号の
R3-9kaigiroku,2021,1233,予算,議定について、日程第６､議案第３５号令和３年度御杖村国民健康保険特別会計補正予算第３号
R3-9kaigiroku,2021,1233,補正予算,議定について、日程第６､議案第３５号令和３年度御杖村国民健康保険特別会計補正予算第３号
R3-9kaigiroku,2021,1234,予算,の議定について、日程第７､議案第３６号令和３年度御杖村介護保険特別会計補正予算第１号の
R3-9kaigiroku,2021,1234,補正予算,の議定について、日程第７､議案第３６号令和３年度御杖村介護保険特別会計補正予算第１号の
R3-9kaigiroku,2021,1235,予算,議定について以上の４件につきましては、予算決算委員会へ付託した案件でございます。これを
R3-9kaigiroku,2021,1235,決算,議定について以上の４件につきましては、予算決算委員会へ付託した案件でございます。これを
R3-9kaigiroku,2021,1239,予算,○８番(木村忠雄君): それでは、議案第３３号から議案第３６号の補正予算４件につきまして、一
R3-9kaigiroku,2021,1239,補正予算,○８番(木村忠雄君): それでは、議案第３３号から議案第３６号の補正予算４件につきまして、一
R3-9kaigiroku,2021,1242,予算,及び討論と採決を行いました。質疑では、特に一般会計補正予算について、株式会社みつえ
R3-9kaigiroku,2021,1242,補正予算,及び討論と採決を行いました。質疑では、特に一般会計補正予算について、株式会社みつえ
R3-9kaigiroku,2021,1243,決算,の決算書の提出をもとめるなど、委員より多くの質疑が行われ、村当局より答弁をいただきまし
R3-9kaigiroku,2021,1246,予算,果につきましては、補正予算４件ともに全員の賛成により、原案のとおり可決すべきものと決定
R3-9kaigiroku,2021,1246,補正予算,果につきましては、補正予算４件ともに全員の賛成により、原案のとおり可決すべきものと決定
R3-9kaigiroku,2021,1247,予算,いたしました。以上で、予算決算委員会の報告とさせていただきます。
R3-9kaigiroku,2021,1247,決算,いたしました。以上で、予算決算委員会の報告とさせていただきます。
R3-9kaigiroku,2021,1254,予算,◎議案第３３号令和３年度御杖村一般会計補正予算(第３号)の
R3-9kaigiroku,2021,1254,補正予算,◎議案第３３号令和３年度御杖村一般会計補正予算(第３号)の
R3-9kaigiroku,2021,1259,予算,令和３年度御杖村一般会計補正予算第３号の議定についてを議題とし、討論を行います。討論
R3-9kaigiroku,2021,1259,補正予算,令和３年度御杖村一般会計補正予算第３号の議定についてを議題とし、討論を行います。討論
R3-9kaigiroku,2021,1267,予算,御杖村一般会計補正予算第３号の議定については、委員長の報告のとおり可決されました。
R3-9kaigiroku,2021,1267,補正予算,御杖村一般会計補正予算第３号の議定については、委員長の報告のとおり可決されました。
R3-9kaigiroku,2021,1271,予算,予算(第２号)の議定について
R3-9kaigiroku,2021,1275,予算,予算第２号の議定についてを議題とし、討論を行います。討論はありませんか。
R3-9kaigiroku,2021,1282,予算,御杖村簡易水道事業特別会計補正予算第２号の議定については、委員長の報告のとおり可決さ
R3-9kaigiroku,2021,1282,補正予算,御杖村簡易水道事業特別会計補正予算第２号の議定については、委員長の報告のとおり可決さ
R3-9kaigiroku,2021,1287,予算,予算(第３号)の議定について
R3-9kaigiroku,2021,1291,予算,予算(第３号)の議定についてを議題とし、討論を行います。討論はありませんか。
R3-9kaigiroku,2021,1298,予算,御杖村国民健康保険特別会計補正予算(第３号)の議定については、委員長の報告のとおり可決
R3-9kaigiroku,2021,1298,補正予算,御杖村国民健康保険特別会計補正予算(第３号)の議定については、委員長の報告のとおり可決
R3-9kaigiroku,2021,1302,予算,◎議案第３６号令和３年度御杖村介護保険特別会計補正予算
R3-9kaigiroku,2021,1302,補正予算,◎議案第３６号令和３年度御杖村介護保険特別会計補正予算
R3-9kaigiroku,2021,1306,予算,○議長（吉田俊弘君）：次に、日程第７､議案第３６号令和３年度御杖村介護保険特別会計補正予算
R3-9kaigiroku,2021,1306,補正予算,○議長（吉田俊弘君）：次に、日程第７､議案第３６号令和３年度御杖村介護保険特別会計補正予算
R3-9kaigiroku,2021,1314,予算,御杖村介護保険特別会計補正予算第１号の議定については、委員長の報告のとおり可決されま
R3-9kaigiroku,2021,1314,補正予算,御杖村介護保険特別会計補正予算第１号の議定については、委員長の報告のとおり可決されま
R3-9kaigiroku,2021,1318,決算,◎認定第１号令和２年度御杖村一般会計歳入歳出決算の
R3-9kaigiroku,2021,1320,決算,事業特別会計歳入歳出決算の認定について、認定第３号
R3-9kaigiroku,2021,1321,決算,令和２年度御杖村国民健康保険特別会計歳入歳出決算
R3-9kaigiroku,2021,1323,決算,特別会計歳入歳出決算の認定について、認定第５号令和
R3-9kaigiroku,2021,1324,決算,２年度御杖村後期高齢者医療特別会計歳入歳出決算の
R3-9kaigiroku,2021,1328,決算,○議長（吉田俊弘君）：次に、日程第８､認定第１号令和２年度御杖村一般会計歳入歳出決算の認
R3-9kaigiroku,2021,1329,決算,定について、日程第９､認定第２号令和２年度御杖村簡易水道事業特別会計歳入歳出決算の認
R3-9kaigiroku,2021,1330,決算,定について、日程第１０､認定第３号令和２年度御杖村国民健康保険特別会計歳入歳出決算の
R3-9kaigiroku,2021,1332,決算,認定について、日程第１１､認定第４号令和２年度御杖村介護保険特別会計歳入歳出決算の認
R3-9kaigiroku,2021,1333,決算,定について、日程第１２､認定第５号令和２年度御杖村後期高齢者医療特別会計歳入歳出決算
R3-9kaigiroku,2021,1334,決算,の認定について、以上の５件は、各会計決算認定の案件ですので、一括議題とします。本件につ
R3-9kaigiroku,2021,1335,予算,きましては、予算決算委員会へ付託した案件でございます。御杖村会議規則第４１条第１項の規
R3-9kaigiroku,2021,1335,決算,きましては、予算決算委員会へ付託した案件でございます。御杖村会議規則第４１条第１項の規
R3-9kaigiroku,2021,1338,決算,○８番(木村忠雄君):それでは、認定第１号から認定第５号の各会計歳入歳出決算認定の５件に
R3-9kaigiroku,2021,1344,予算,べきものと決定いたしました。以上で、予算決算委員会の報告とさせていただきます。
R3-9kaigiroku,2021,1344,決算,べきものと決定いたしました。以上で、予算決算委員会の報告とさせていただきます。
R3-9kaigiroku,2021,1351,決算,◎認定第１号令和２年度御杖村一般会計歳入歳出決算の
R3-9kaigiroku,2021,1356,決算,和２年度御杖村一般会計歳入歳出決算の認定についてを議題とし、討論を行います。討論はあり
R3-9kaigiroku,2021,1364,決算,杖村一般会計歳入歳出決算の認定については、委員長の報告のとおり認定されました。
R3-9kaigiroku,2021,1368,決算,歳入歳出決算の認定について
R3-9kaigiroku,2021,1372,決算,歳出決算の認定についてを議題とし、討論を行います。討論はありませんか。
R3-9kaigiroku,2021,1380,決算,御杖村簡易水道事業特別会計歳入歳出決算の認定については、委員長の報告のとおり認定されま
R3-9kaigiroku,2021,1385,決算,歳入歳出決算の認定について
R3-9kaigiroku,2021,1389,決算,入歳出決算の認定についてを議題とし、討論を行います。討論はありませんか。
R3-9kaigiroku,2021,1396,決算,杖村国民健康保険特別会計歳入歳出決算の認定については、委員長の報告のとおり認定されまし
R3-9kaigiroku,2021,1401,決算,歳出決算の認定について
R3-9kaigiroku,2021,1405,決算,決算の認定についてを議題とし、討論を行います。討論はありませんか。
R3-9kaigiroku,2021,1412,決算,杖村介護保険特別会計歳入歳出決算の認定については、委員長の報告のとおり認定されました。
R3-9kaigiroku,2021,1416,決算,歳入歳出決算の認定について
R3-9kaigiroku,2021,1420,決算,入歳出決算の認定についてを議題とし、討論を行います。討論はありませんか。
R3-9kaigiroku,2021,1427,決算,杖村後期高齢者医療特別会計歳入歳出決算の認定については、委員長の報告のとおり認定さ
R4-12giketukekka,2022,2,予算,●村長提出議案（契約 １件、予算 ４件、条例 ６件、人事 ２件、計１３件）
R4-12giketukekka,2022,2,契約,●村長提出議案（契約 １件、予算 ４件、条例 ６件、人事 ２件、計１３件）
R4-12giketukekka,2022,7,予算,（令和４年度御杖村一般会計補正予算(第４号)）              R4.12.13   R4.12.13   予算決算   R4.12.16   承 認   R4.12.20   承 認
R4-12giketukekka,2022,7,補正予算,（令和４年度御杖村一般会計補正予算(第４号)）              R4.12.13   R4.12.13   予算決算   R4.12.16   承 認   R4.12.20   承 認
R4-12giketukekka,2022,7,決算,（令和４年度御杖村一般会計補正予算(第４号)）              R4.12.13   R4.12.13   予算決算   R4.12.16   承 認   R4.12.20   承 認
R4-12giketukekka,2022,9,契約,議 案    菅野体育館･公民館耐震改修工事に伴う工事請負契約の変更契約の締結に
R4-12giketukekka,2022,9,工事,議 案    菅野体育館･公民館耐震改修工事に伴う工事請負契約の変更契約の締結に
R4-12giketukekka,2022,28,予算,議 案    令和４年度御杖村一般会計補正予算（第４号）の議定について           〃        R4.12.13   予算決算   R4.12.16   可 決   R4.12.20    〃
R4-12giketukekka,2022,28,補正予算,議 案    令和４年度御杖村一般会計補正予算（第４号）の議定について           〃        R4.12.13   予算決算   R4.12.16   可 決   R4.12.20    〃
R4-12giketukekka,2022,28,決算,議 案    令和４年度御杖村一般会計補正予算（第４号）の議定について           〃        R4.12.13   予算決算   R4.12.16   可 決   R4.12.20    〃
R4-12giketukekka,2022,30,予算,議 案    令和４年度御杖村簡易水道事業特別会計補正予算(第２号)の議定について     〃          〃         〃       〃         〃      〃         〃
R4-12giketukekka,2022,30,補正予算,議 案    令和４年度御杖村簡易水道事業特別会計補正予算(第２号)の議定について     〃          〃         〃       〃         〃      〃         〃
R4-12giketukekka,2022,32,予算,議 案    令和４年度御杖村国民健康保険特別会計補正予算(第４号)の議定について     〃          〃         〃       〃         〃      〃         〃
R4-12giketukekka,2022,32,補正予算,議 案    令和４年度御杖村国民健康保険特別会計補正予算(第４号)の議定について     〃          〃         〃       〃         〃      〃         〃
R4-12kaigiroku,2022,45,予算,（令和４年度御杖村一般会計補正予算(第４号)）
R4-12kaigiroku,2022,45,補正予算,（令和４年度御杖村一般会計補正予算(第４号)）
R4-12kaigiroku,2022,47,契約,◎議案第２７号菅野体育館･公民館耐震改修工事に伴う工事請負契約の変更契約の締結について
R4-12kaigiroku,2022,47,工事,◎議案第２７号菅野体育館･公民館耐震改修工事に伴う工事請負契約の変更契約の締結について
R4-12kaigiroku,2022,65,予算,◎議案第３４号令和４年度御杖村一般会計補正予算(第５号)の議定について
R4-12kaigiroku,2022,65,補正予算,◎議案第３４号令和４年度御杖村一般会計補正予算(第５号)の議定について
R4-12kaigiroku,2022,67,予算,◎議案第３５号令和４年度御杖村簡易水道事業特別会計補正予算(第２号)の議定について
R4-12kaigiroku,2022,67,補正予算,◎議案第３５号令和４年度御杖村簡易水道事業特別会計補正予算(第２号)の議定について
R4-12kaigiroku,2022,69,予算,◎議案第３６号令和４年度御杖村国民健康保険特別会計補正予算(第４号)の議定について
R4-12kaigiroku,2022,69,補正予算,◎議案第３６号令和４年度御杖村国民健康保険特別会計補正予算(第４号)の議定について
R4-12kaigiroku,2022,87,予算,（令和４年度御杖村一般会計補正予算(第４号)）
R4-12kaigiroku,2022,87,補正予算,（令和４年度御杖村一般会計補正予算(第４号)）
R4-12kaigiroku,2022,89,予算,◎議案第３４号令和４年度御杖村一般会計補正予算(第５号)の議定について、議案第３５号
R4-12kaigiroku,2022,89,補正予算,◎議案第３４号令和４年度御杖村一般会計補正予算(第５号)の議定について、議案第３５号
R4-12kaigiroku,2022,90,予算,令和４年度御杖村簡易水道事業特別会計補正予算(第２号)の議定について、議案第３６号
R4-12kaigiroku,2022,90,補正予算,令和４年度御杖村簡易水道事業特別会計補正予算(第２号)の議定について、議案第３６号
R4-12kaigiroku,2022,91,予算,令和４年度御杖村国民健康保険特別会計補正予算(第４号)の議定について
R4-12kaigiroku,2022,91,補正予算,令和４年度御杖村国民健康保険特別会計補正予算(第４号)の議定について
R4-12kaigiroku,2022,93,予算,◎議案第３４号令和４年度御杖村一般会計補正予算(第５号)の議定について
R4-12kaigiroku,2022,93,補正予算,◎議案第３４号令和４年度御杖村一般会計補正予算(第５号)の議定について
R4-12kaigiroku,2022,95,予算,◎議案第３５号令和４年度御杖村簡易水道事業特別会計補正予算(第２号)の議定について
R4-12kaigiroku,2022,95,補正予算,◎議案第３５号令和４年度御杖村簡易水道事業特別会計補正予算(第２号)の議定について
R4-12kaigiroku,2022,97,予算,◎議案第３６号令和４年度御杖村国民健康保険特別会計補正予算(第４号)の議定について
R4-12kaigiroku,2022,97,補正予算,◎議案第３６号令和４年度御杖村国民健康保険特別会計補正予算(第４号)の議定について
R4-12kaigiroku,2022,128,予算,第８   承認第７号 [予算決算委員会付託]
R4-12kaigiroku,2022,128,決算,第８   承認第７号 [予算決算委員会付託]
R4-12kaigiroku,2022,130,予算,（令和４年度御杖村一般会計補正予算(第４号)）
R4-12kaigiroku,2022,130,補正予算,（令和４年度御杖村一般会計補正予算(第４号)）
R4-12kaigiroku,2022,132,契約,菅野体育館･公民館耐震改修工事に伴う工事請負契約の変更契約の締結について
R4-12kaigiroku,2022,132,工事,菅野体育館･公民館耐震改修工事に伴う工事請負契約の変更契約の締結について
R4-12kaigiroku,2022,148,予算,第１６ 議案第３４号 ［予算決算委員会負託］
R4-12kaigiroku,2022,148,決算,第１６ 議案第３４号 ［予算決算委員会負託］
R4-12kaigiroku,2022,149,予算,令和４年度御杖村一般会計補正予算（第５号）の議定について
R4-12kaigiroku,2022,149,補正予算,令和４年度御杖村一般会計補正予算（第５号）の議定について
R4-12kaigiroku,2022,150,予算,第１７ 議案第３５号 ［予算決算委員会負託］
R4-12kaigiroku,2022,150,決算,第１７ 議案第３５号 ［予算決算委員会負託］
R4-12kaigiroku,2022,151,予算,令和４年度御杖村簡易水道事業特別会計補正予算（第２号）の議定について
R4-12kaigiroku,2022,151,補正予算,令和４年度御杖村簡易水道事業特別会計補正予算（第２号）の議定について
R4-12kaigiroku,2022,152,予算,第１８ 議案第３６号 ［予算決算委員会負託］
R4-12kaigiroku,2022,152,決算,第１８ 議案第３６号 ［予算決算委員会負託］
R4-12kaigiroku,2022,153,予算,令和４年度御杖村国民健康保険特別会計補正予算（第４号）の議定について
R4-12kaigiroku,2022,153,補正予算,令和４年度御杖村国民健康保険特別会計補正予算（第４号）の議定について
R4-12kaigiroku,2022,233,予算,し、全員協議会を１４日、予算決算委員会を１６日、続会議を２０日とそれぞれ決定し、いずれも午
R4-12kaigiroku,2022,233,決算,し、全員協議会を１４日、予算決算委員会を１６日、続会議を２０日とそれぞれ決定し、いずれも午
R4-12kaigiroku,2022,236,予算,取り扱いについて協議を行い、専決を含む補正予算４件については予算決算委員会へ付託し、そ
R4-12kaigiroku,2022,236,補正予算,取り扱いについて協議を行い、専決を含む補正予算４件については予算決算委員会へ付託し、そ
R4-12kaigiroku,2022,236,決算,取り扱いについて協議を行い、専決を含む補正予算４件については予算決算委員会へ付託し、そ
R4-12kaigiroku,2022,280,予算,衛生組合一般会計補正予算第１号について、認定第１号令和３年度東宇陀環境衛生組合一般
R4-12kaigiroku,2022,280,補正予算,衛生組合一般会計補正予算第１号について、認定第１号令和３年度東宇陀環境衛生組合一般
R4-12kaigiroku,2022,281,決算,会計歳入歳出決算について以上５件が提案されました。承認第１号令和４年６月１日付け専決処
R4-12kaigiroku,2022,283,予算,付け専決処分書の承認、議案第１号令和４年度一般会計補正予算について、歳入歳出それぞれ
R4-12kaigiroku,2022,283,補正予算,付け専決処分書の承認、議案第１号令和４年度一般会計補正予算について、歳入歳出それぞれ
R4-12kaigiroku,2022,284,予算,６百５拾３万３千円の増額予算となっています。認定第１号令和３年度一般会計歳入歳出決算に
R4-12kaigiroku,2022,284,決算,６百５拾３万３千円の増額予算となっています。認定第１号令和３年度一般会計歳入歳出決算に
R4-12kaigiroku,2022,285,予算,ついて、歳入合計２億５百８拾万６千６百拾３円で予算額２億２百５拾７万９千円に対し、３百２拾２
R4-12kaigiroku,2022,286,予算,万７千６百拾３円の増収。歳出合計１億９千４百３拾４万３千百円で予算額２億２百５拾７万９千円に
R4-12kaigiroku,2022,311,取得,内、非常勤職員の育児休業、該当休暇等の取得要件の緩和及び育児休業を取得しやすい勤務
R4-12kaigiroku,2022,313,予算,した。次に、議案第７号令和４年度宇陀衛生一部事務組合一般会計歳入歳出補正予算第１号に
R4-12kaigiroku,2022,313,補正予算,した。次に、議案第７号令和４年度宇陀衛生一部事務組合一般会計歳入歳出補正予算第１号に
R4-12kaigiroku,2022,317,決算,第１号令和３年度宇陀衛生一部事務組合一般会計歳入歳出決算については、歳入総額１億１千
R4-12kaigiroku,2022,318,決算,５百９拾１万４百２拾２円、歳出総額 １億９百７拾３万５千３百３拾６円で、決算の結果、 単年度収
R4-12kaigiroku,2022,319,決算,支額 ６百拾７万５千８拾６円の黒字決算となりました。提案されました議案３件は、すべて可決・認
R4-12kaigiroku,2022,323,工事,定され、午後２時５０分に閉会しました。閉会後、宇陀衛生センター基幹的設備改良工事における
R4-12kaigiroku,2022,324,工事,整備内容と工事のスケジュールについて説明がなされました。以上、簡単ではありますが、宇陀衛
R4-12kaigiroku,2022,343,決算,和３年度曽爾御杖行政一部事務組合一般会計歳入歳出決算の認定について、議第６号案令和
R4-12kaigiroku,2022,344,予算,４年度曽爾御杖行政一部事務組合一般会計予算補正第１号についての以上、認定１件、議案２
R4-12kaigiroku,2022,348,決算,一般会計歳入歳出決算認定については、決算概要の説明のあと、事務局長より監査委員からの
R4-12kaigiroku,2022,349,予算,代読による監査報告がなされ、議第６号案令和４年度曽爾御杖行政一部事務組合一般会計予算
R4-12kaigiroku,2022,350,予算,補正第１号については、繰越金の確定により、歳入歳出予算の総額に歳入歳出それぞれ８万６千
R4-12kaigiroku,2022,350,繰越,補正第１号については、繰越金の確定により、歳入歳出予算の総額に歳入歳出それぞれ８万６千
R4-12kaigiroku,2022,351,予算,円を増額し、歳入歳出予算の総額を歳入歳出それぞれ３千４百７拾万１千円とする説明のあと、そ
R4-12kaigiroku,2022,396,予算,と思います。最後に、本定例会には、専決処分の承認１件、契約１件、条例６件、補正予算３件、ま
R4-12kaigiroku,2022,396,補正予算,と思います。最後に、本定例会には、専決処分の承認１件、契約１件、条例６件、補正予算３件、ま
R4-12kaigiroku,2022,396,契約,と思います。最後に、本定例会には、専決処分の承認１件、契約１件、条例６件、補正予算３件、ま
R4-12kaigiroku,2022,397,予算,た人事案件も提出しております。なお、予算案件については、新型コロナの影響に対する生活支
R4-12kaigiroku,2022,492,予算,（令和４年度御杖村一般会計補正予算(第４号)）
R4-12kaigiroku,2022,492,補正予算,（令和４年度御杖村一般会計補正予算(第４号)）
R4-12kaigiroku,2022,498,予算,年度御杖村一般会計補正予算第４号を議題と致します。本案について、提案理由の説明を求め
R4-12kaigiroku,2022,498,補正予算,年度御杖村一般会計補正予算第４号を議題と致します。本案について、提案理由の説明を求め
R4-12kaigiroku,2022,512,予算,委員長の報告のとおり、全員協議会で詳細な説明を受け、予算決算委員会に付託することにした
R4-12kaigiroku,2022,512,決算,委員長の報告のとおり、全員協議会で詳細な説明を受け、予算決算委員会に付託することにした
R4-12kaigiroku,2022,516,予算,求めることについて、令和４年度御杖村一般会計補正予算第４号は、予算決算委員会に付託す
R4-12kaigiroku,2022,516,補正予算,求めることについて、令和４年度御杖村一般会計補正予算第４号は、予算決算委員会に付託す
R4-12kaigiroku,2022,516,決算,求めることについて、令和４年度御杖村一般会計補正予算第４号は、予算決算委員会に付託す
R4-12kaigiroku,2022,519,工事,◎議案第２７号菅野体育館･公民館耐震改修工事に伴う工事請負
R4-12kaigiroku,2022,520,契約,契約の変更契約の締結について
R4-12kaigiroku,2022,523,工事,○副議長(葛城昌俊君):次に、日程第９議案第２７号菅野体育館･公民館耐震改修工事に伴う工事
R4-12kaigiroku,2022,524,契約,請負契約の変更契約の締結についてを議題と致します。本案については、議会運営委員長の報
R4-12kaigiroku,2022,528,契約,○村長(伊藤収宜君):本案につきましては、去る６月の定例会にて議決をいただいた工事請負契約
R4-12kaigiroku,2022,528,工事,○村長(伊藤収宜君):本案につきましては、去る６月の定例会にて議決をいただいた工事請負契約
R4-12kaigiroku,2022,529,契約,について、工事の進捗に伴い変更の必要な部分が生じたことから、今般、変更契約を締結したく、
R4-12kaigiroku,2022,529,工事,について、工事の進捗に伴い変更の必要な部分が生じたことから、今般、変更契約を締結したく、
R4-12kaigiroku,2022,530,契約,地方自治法第９６条第１項第５号及び議会の議決に付すべき契約及び財産の取得又は処分に関
R4-12kaigiroku,2022,530,財産,地方自治法第９６条第１項第５号及び議会の議決に付すべき契約及び財産の取得又は処分に関
R4-12kaigiroku,2022,530,取得,地方自治法第９６条第１項第５号及び議会の議決に付すべき契約及び財産の取得又は処分に関
R4-12kaigiroku,2022,535,契約,○教育委員会事務局次長(中村康幸君):この菅野体育館・公民館耐震改修工事は、契約金額税込
R4-12kaigiroku,2022,535,工事,○教育委員会事務局次長(中村康幸君):この菅野体育館・公民館耐震改修工事は、契約金額税込
R4-12kaigiroku,2022,536,契約,み８千百５拾７万１千６百円で、株式会社木村組代表取締役木村隆雄と工事請負契約を締結し、
R4-12kaigiroku,2022,536,工事,み８千百５拾７万１千６百円で、株式会社木村組代表取締役木村隆雄と工事請負契約を締結し、
R4-12kaigiroku,2022,537,工事,現在工事を進めております。このまま順調に工事が進めば、令和５年１月末に竣工する見通しで
R4-12kaigiroku,2022,539,契約,あります。今回、工事請負変更契約の議決をお願いいたします税込み８拾万３千円の増額の内容
R4-12kaigiroku,2022,539,工事,あります。今回、工事請負変更契約の議決をお願いいたします税込み８拾万３千円の増額の内容
R4-12kaigiroku,2022,542,工事,たが、工事を進めるとこうした部分の錆や汚れが著しく目立ち、塗装を施したいと考えております。
R4-12kaigiroku,2022,547,契約,して、請負業者と１２月８日に変更の仮契約を交わしております。この変更契約についてご審議下
R4-12kaigiroku,2022,559,契約,館･公民館耐震改修工事に伴う工事請負契約の変更契約の締結については、原案のとおり可決
R4-12kaigiroku,2022,559,工事,館･公民館耐震改修工事に伴う工事請負契約の変更契約の締結については、原案のとおり可決
R4-12kaigiroku,2022,798,予算,◎議案第３４号令和４年度御杖村一般会計補正予算(第５号)）の
R4-12kaigiroku,2022,798,補正予算,◎議案第３４号令和４年度御杖村一般会計補正予算(第５号)）の
R4-12kaigiroku,2022,802,予算,○副議長(葛城昌俊君):次に、日程第１６議案第３４号、令和４年度御杖村一般会計補正予算第５号
R4-12kaigiroku,2022,802,補正予算,○副議長(葛城昌俊君):次に、日程第１６議案第３４号、令和４年度御杖村一般会計補正予算第５号
R4-12kaigiroku,2022,809,基金,の増額と、歳入超過分を基金積立とするものでございます。ご審議の程、よろしくお願いします。
R4-12kaigiroku,2022,814,予算,委員長の報告のとおり、全員協議会で詳細な説明を受け、予算決算委員会に付託することにした
R4-12kaigiroku,2022,814,決算,委員長の報告のとおり、全員協議会で詳細な説明を受け、予算決算委員会に付託することにした
R4-12kaigiroku,2022,818,予算,村一般会計補正予算第５号の議定については、予算決算委員会に付託することに決定しました。
R4-12kaigiroku,2022,818,補正予算,村一般会計補正予算第５号の議定については、予算決算委員会に付託することに決定しました。
R4-12kaigiroku,2022,818,決算,村一般会計補正予算第５号の議定については、予算決算委員会に付託することに決定しました。
R4-12kaigiroku,2022,821,予算,予算(第２号)の議定について
R4-12kaigiroku,2022,825,予算,補正予算第２号の議定についてを議題と致します。本案について、提案理由の説明を求めます。
R4-12kaigiroku,2022,825,補正予算,補正予算第２号の議定についてを議題と致します。本案について、提案理由の説明を求めます。
R4-12kaigiroku,2022,838,予算,委員長の報告のとおり、全員協議会で詳細な説明を受け、予算決算委員会に付託することにした
R4-12kaigiroku,2022,838,決算,委員長の報告のとおり、全員協議会で詳細な説明を受け、予算決算委員会に付託することにした
R4-12kaigiroku,2022,842,予算,村簡易水道事業特別会計補正予算第２号の議定については、予算決算委員会に付託することに
R4-12kaigiroku,2022,842,補正予算,村簡易水道事業特別会計補正予算第２号の議定については、予算決算委員会に付託することに
R4-12kaigiroku,2022,842,決算,村簡易水道事業特別会計補正予算第２号の議定については、予算決算委員会に付託することに
R4-12kaigiroku,2022,847,予算,予算(第４号)の議定について
R4-12kaigiroku,2022,851,予算,補正予算第４号の議定についてを議題と致します。本案について、提案理由の説明を求めます。
R4-12kaigiroku,2022,851,補正予算,補正予算第４号の議定についてを議題と致します。本案について、提案理由の説明を求めます。
R4-12kaigiroku,2022,857,基金,では、据え置いていた繰越金を増額し、基金繰入金を減額する調整を行い、歳出では、県への納
R4-12kaigiroku,2022,857,繰越,では、据え置いていた繰越金を増額し、基金繰入金を減額する調整を行い、歳出では、県への納
R4-12kaigiroku,2022,866,予算,委員長の報告のとおり、全員協議会で詳細な説明を受け、予算決算委員会に付託することにした
R4-12kaigiroku,2022,866,決算,委員長の報告のとおり、全員協議会で詳細な説明を受け、予算決算委員会に付託することにした
R4-12kaigiroku,2022,870,予算,村国民健康保険特別会計補正予算第４号の議定については、予算決算委員会に付託することに
R4-12kaigiroku,2022,870,補正予算,村国民健康保険特別会計補正予算第４号の議定については、予算決算委員会に付託することに
R4-12kaigiroku,2022,870,決算,村国民健康保険特別会計補正予算第４号の議定については、予算決算委員会に付託することに
R4-12kaigiroku,2022,983,予算,（令和４年度御杖村一般会計補正予算(第４号)）
R4-12kaigiroku,2022,983,補正予算,（令和４年度御杖村一般会計補正予算(第４号)）
R4-12kaigiroku,2022,985,予算,令和４年度御杖村一般会計補正予算(第５号)の議定について
R4-12kaigiroku,2022,985,補正予算,令和４年度御杖村一般会計補正予算(第５号)の議定について
R4-12kaigiroku,2022,987,予算,令和４年度御杖村簡易水道事業特別会計補正予算（第２号）の議定について
R4-12kaigiroku,2022,987,補正予算,令和４年度御杖村簡易水道事業特別会計補正予算（第２号）の議定について
R4-12kaigiroku,2022,989,予算,令和４年度御杖村国民健康保険特別会計補正予算(第４号)の議定について
R4-12kaigiroku,2022,989,補正予算,令和４年度御杖村国民健康保険特別会計補正予算(第４号)の議定について
R4-12kaigiroku,2022,1034,予算,度御杖村一般会計補正予算(第４号)）
R4-12kaigiroku,2022,1034,補正予算,度御杖村一般会計補正予算(第４号)）
R4-12kaigiroku,2022,1038,予算,年度御杖村一般会計補正予算第４号につきましては、予算決算委員会へ付託した案件でござい
R4-12kaigiroku,2022,1038,補正予算,年度御杖村一般会計補正予算第４号につきましては、予算決算委員会へ付託した案件でござい
R4-12kaigiroku,2022,1038,決算,年度御杖村一般会計補正予算第４号につきましては、予算決算委員会へ付託した案件でござい
R4-12kaigiroku,2022,1043,予算,○６番(山岡隆良君):それでは、予算決算委員会を代表しまして、当委員会に付託されました、承認
R4-12kaigiroku,2022,1043,決算,○６番(山岡隆良君):それでは、予算決算委員会を代表しまして、当委員会に付託されました、承認
R4-12kaigiroku,2022,1045,予算,すが、去る１２月１３日の本会議におきまして、専決処分による補正予算１件及び補正予算３件の
R4-12kaigiroku,2022,1045,補正予算,すが、去る１２月１３日の本会議におきまして、専決処分による補正予算１件及び補正予算３件の
R4-12kaigiroku,2022,1046,予算,合計４件の案件が付託されたことにより、１２月１６日に予算決算委員会を開催いたしました。当日
R4-12kaigiroku,2022,1046,決算,合計４件の案件が付託されたことにより、１２月１６日に予算決算委員会を開催いたしました。当日
R4-12kaigiroku,2022,1051,予算,て全員の賛成により、承認すべきものと決定いたしました。以上で、日程第１･承認第７号の予算決
R4-12kaigiroku,2022,1065,予算,承認を求めることについて、令和４年度御杖村一般会計補正予算第４号は、委員長の報告のとお
R4-12kaigiroku,2022,1065,補正予算,承認を求めることについて、令和４年度御杖村一般会計補正予算第４号は、委員長の報告のとお
R4-12kaigiroku,2022,1069,予算,◎議案第３４号令和４年度御杖村一般会計補正予算(第５号)の
R4-12kaigiroku,2022,1069,補正予算,◎議案第３４号令和４年度御杖村一般会計補正予算(第５号)の
R4-12kaigiroku,2022,1071,予算,業特別会計補正予算(第２号)の議定について、議案第３６号
R4-12kaigiroku,2022,1071,補正予算,業特別会計補正予算(第２号)の議定について、議案第３６号
R4-12kaigiroku,2022,1072,予算,令和４年度御杖村国民健康保険特別会計補正予算(第４号)
R4-12kaigiroku,2022,1072,補正予算,令和４年度御杖村国民健康保険特別会計補正予算(第４号)
R4-12kaigiroku,2022,1075,予算,○副議長(葛城昌俊君):次に、日程第２､議案３４号令和４年度御杖村一般会計補正予算第４号の議
R4-12kaigiroku,2022,1075,補正予算,○副議長(葛城昌俊君):次に、日程第２､議案３４号令和４年度御杖村一般会計補正予算第４号の議
R4-12kaigiroku,2022,1076,予算,定について、日程第３､議案第３５号令和４年度御杖村簡易水道事業特別会計補正予算第２号の
R4-12kaigiroku,2022,1076,補正予算,定について、日程第３､議案第３５号令和４年度御杖村簡易水道事業特別会計補正予算第２号の
R4-12kaigiroku,2022,1077,予算,議定について、日程第４､議案第３６号令和４年度御杖村国民健康保険特別会計補正予算第４号
R4-12kaigiroku,2022,1077,補正予算,議定について、日程第４､議案第３６号令和４年度御杖村国民健康保険特別会計補正予算第４号
R4-12kaigiroku,2022,1078,予算,の議定について以上の３件につきましては、予算決算委員会へ付託した案件でございます。これ
R4-12kaigiroku,2022,1078,決算,の議定について以上の３件につきましては、予算決算委員会へ付託した案件でございます。これ
R4-12kaigiroku,2022,1083,予算,○６番(山岡隆良君):それでは、議案第３４号から議案第３６号の補正予算３件につきまして、一括し
R4-12kaigiroku,2022,1083,補正予算,○６番(山岡隆良君):それでは、議案第３４号から議案第３６号の補正予算３件につきまして、一括し
R4-12kaigiroku,2022,1088,予算,つきましては、補正予算３件ともに全員の賛成により、原案のとおり可決すべきものと決定いたしま
R4-12kaigiroku,2022,1088,補正予算,つきましては、補正予算３件ともに全員の賛成により、原案のとおり可決すべきものと決定いたしま
R4-12kaigiroku,2022,1089,予算,した。以上で、日程第２･議案第３４号から日程第４･議案第３６号までの予算決算委員会の報告と
R4-12kaigiroku,2022,1089,決算,した。以上で、日程第２･議案第３４号から日程第４･議案第３６号までの予算決算委員会の報告と
R4-12kaigiroku,2022,1097,予算,◎議案第３４号令和４年度御杖村一般会計補正予算(第５号)の
R4-12kaigiroku,2022,1097,補正予算,◎議案第３４号令和４年度御杖村一般会計補正予算(第５号)の
R4-12kaigiroku,2022,1102,予算,号令和４年度御杖村一般会計補正予算第４号の議定についてを議題とし、討論を行います。討
R4-12kaigiroku,2022,1102,補正予算,号令和４年度御杖村一般会計補正予算第４号の議定についてを議題とし、討論を行います。討
R4-12kaigiroku,2022,1111,予算,御杖村一般会計補正予算第４号の議定については、委員長の報告のとおり可決されました。
R4-12kaigiroku,2022,1111,補正予算,御杖村一般会計補正予算第４号の議定については、委員長の報告のとおり可決されました。
R4-12kaigiroku,2022,1115,予算,予算(第２号)の議定について
R4-12kaigiroku,2022,1119,予算,正予算第２号の議定についてを議題とし、討論を行います。討論はありませんか。
R4-12kaigiroku,2022,1126,予算,御杖村簡易水道事業特別会計補正予算第２号の議定については、委員長の報告のとおり可決さ
R4-12kaigiroku,2022,1126,補正予算,御杖村簡易水道事業特別会計補正予算第２号の議定については、委員長の報告のとおり可決さ
R4-12kaigiroku,2022,1131,予算,予算(第４号)の議定について
R4-12kaigiroku,2022,1135,予算,正予算第４号の議定についてを議題とし、討論を行います。討論はありませんか。
R4-12kaigiroku,2022,1142,予算,御杖村国民健康保険特別会計補正予算第４号の議定については、委員長の報告のとおり可決さ
R4-12kaigiroku,2022,1142,補正予算,御杖村国民健康保険特別会計補正予算第４号の議定については、委員長の報告のとおり可決さ
R4-3giketsukekka,2022,2,予算,●村長提出議案（承認２件、条例７件、規約１件、予算９件、諮問１件、計２０件）
R4-3giketsukekka,2022,7,予算,R４.3.9   R４.3.9   予算決算   R４.3.1６   承 認   R４.3.22   承 認
R4-3giketsukekka,2022,7,決算,R４.3.9   R４.3.9   予算決算   R４.3.1６   承 認   R４.3.22   承 認
R4-3giketsukekka,2022,8,予算,第１号   （令和３年度御杖村一般会計補正予算(第６号)）
R4-3giketsukekka,2022,8,補正予算,第１号   （令和３年度御杖村一般会計補正予算(第６号)）
R4-3giketsukekka,2022,12,予算,第２号   （令和３年度御杖村一般会計補正予算(第７号)）
R4-3giketsukekka,2022,12,補正予算,第２号   （令和３年度御杖村一般会計補正予算(第７号)）
R4-3giketsukekka,2022,42,予算,令和３年度御杖村一般会計補正予算(第８号)の議定について       〃       R４.3.9   予算決算   R４.3.1６   可 決   R４.3.２２    〃
R4-3giketsukekka,2022,42,補正予算,令和３年度御杖村一般会計補正予算(第８号)の議定について       〃       R４.3.9   予算決算   R４.3.1６   可 決   R４.3.２２    〃
R4-3giketsukekka,2022,42,決算,令和３年度御杖村一般会計補正予算(第８号)の議定について       〃       R４.3.9   予算決算   R４.3.1６   可 決   R４.3.２２    〃
R4-3giketsukekka,2022,44,予算,議 案    令和３年度御杖村国民健康保険特別会計補正予算(第５号)の議定
R4-3giketsukekka,2022,44,補正予算,議 案    令和３年度御杖村国民健康保険特別会計補正予算(第５号)の議定
R4-3giketsukekka,2022,45,予算,について                               R4.3.9   R4.3.9   予算決算   R4.3.16   可 決   R4.3.22   可 決
R4-3giketsukekka,2022,45,決算,について                               R4.3.9   R4.3.9   予算決算   R4.3.16   可 決   R4.3.22   可 決
R4-3giketsukekka,2022,48,予算,議 案    令和３年度御杖村介護保険特別会計補正予算(第２号)の議定につい
R4-3giketsukekka,2022,48,補正予算,議 案    令和３年度御杖村介護保険特別会計補正予算(第２号)の議定につい
R4-3giketsukekka,2022,52,予算,議 案    令和３年度御杖村後期高齢者医療特別会計補正予算(第２号)の議
R4-3giketsukekka,2022,52,補正予算,議 案    令和３年度御杖村後期高齢者医療特別会計補正予算(第２号)の議
R4-3giketsukekka,2022,57,予算,令和４年度御杖村一般会計予算の議定について               〃        〃        〃       〃        〃      〃       〃
R4-3giketsukekka,2022,60,予算,令和４年度御杖村簡易水道事業特別会計予算の議定について         〃        〃        〃       〃        〃      〃       〃
R4-3giketsukekka,2022,63,予算,令和４年度御杖村国民健康保険特別会計予算の議定について         〃        〃        〃       〃        〃      〃       〃
R4-3giketsukekka,2022,66,予算,令和４年度御杖村介護保険特別会計予算の議定について           〃        〃        〃       〃        〃      〃       〃
R4-3giketsukekka,2022,69,予算,令和４年度御杖村後期高齢者医療特別会計予算の議定について        〃        〃        〃       〃        〃      〃       〃
R4-3kaigiroku,2022,38,予算,（令和３年度御杖村一般会計補正予算(第６号)）
R4-3kaigiroku,2022,38,補正予算,（令和３年度御杖村一般会計補正予算(第６号)）
R4-3kaigiroku,2022,39,予算,[上程、説明、総括的質疑、予算決算委員会付託] ・・・・・・・・・・・・・・・・・・・・・・・・・・・ －８－
R4-3kaigiroku,2022,39,決算,[上程、説明、総括的質疑、予算決算委員会付託] ・・・・・・・・・・・・・・・・・・・・・・・・・・・ －８－
R4-3kaigiroku,2022,41,予算,（令和３年度御杖村一般会計補正予算(第７号)）
R4-3kaigiroku,2022,41,補正予算,（令和３年度御杖村一般会計補正予算(第７号)）
R4-3kaigiroku,2022,42,予算,［上程、説明、総括的質疑、予算決算委員会付託］ ・・・・・・・・・・・・・・・・・・・・・・・・・・ －８－
R4-3kaigiroku,2022,42,決算,［上程、説明、総括的質疑、予算決算委員会付託］ ・・・・・・・・・・・・・・・・・・・・・・・・・・ －８－
R4-3kaigiroku,2022,64,予算,◎議案第９号令和３年度御杖村一般会計補正予算(第８号)の議定について
R4-3kaigiroku,2022,64,補正予算,◎議案第９号令和３年度御杖村一般会計補正予算(第８号)の議定について
R4-3kaigiroku,2022,65,予算,[上程、説明、総括的質疑、予算決算委員会付託] ・・・・・・・・・・・・・・・・・・・・・・・・・・・ －17－
R4-3kaigiroku,2022,65,決算,[上程、説明、総括的質疑、予算決算委員会付託] ・・・・・・・・・・・・・・・・・・・・・・・・・・・ －17－
R4-3kaigiroku,2022,66,予算,◎議案第１０号令和３年度御杖村国民健康保険特別会計補正予算(第５号)の議定について
R4-3kaigiroku,2022,66,補正予算,◎議案第１０号令和３年度御杖村国民健康保険特別会計補正予算(第５号)の議定について
R4-3kaigiroku,2022,67,予算,[上程、説明、総括的質疑、予算決算委員会付託] ・・・・・・・・・・・・・・・・・・・・・・・・・・・ －18－
R4-3kaigiroku,2022,67,決算,[上程、説明、総括的質疑、予算決算委員会付託] ・・・・・・・・・・・・・・・・・・・・・・・・・・・ －18－
R4-3kaigiroku,2022,68,予算,◎議案第１１号令和３年度御杖村介護保険特別会計補正予算(第２号)の議定について
R4-3kaigiroku,2022,68,補正予算,◎議案第１１号令和３年度御杖村介護保険特別会計補正予算(第２号)の議定について
R4-3kaigiroku,2022,69,予算,[上程、説明、総括的質疑、予算決算委員会付託] ・・・・・・・・・・・・・・・・・・・・・・・・・・・ －19－
R4-3kaigiroku,2022,69,決算,[上程、説明、総括的質疑、予算決算委員会付託] ・・・・・・・・・・・・・・・・・・・・・・・・・・・ －19－
R4-3kaigiroku,2022,70,予算,◎議案第１２号令和３年度御杖村後期高齢者医療特別会計補正予算(第２号)の議定について
R4-3kaigiroku,2022,70,補正予算,◎議案第１２号令和３年度御杖村後期高齢者医療特別会計補正予算(第２号)の議定について
R4-3kaigiroku,2022,71,予算,[上程、説明、総括的質疑、予算決算委員会付託] ・・・・・・・・・・・・・・・・・・・・・・・・・・・ －19－
R4-3kaigiroku,2022,71,決算,[上程、説明、総括的質疑、予算決算委員会付託] ・・・・・・・・・・・・・・・・・・・・・・・・・・・ －19－
R4-3kaigiroku,2022,73,予算,◎議案第１３号令和４年度御杖村一般会計予算の議定について
R4-3kaigiroku,2022,74,予算,[上程、説明、総括的質疑、予算決算委員会付託] ・・・・・・・・・・・・・・・・・・・・・・・・・・・ －22－
R4-3kaigiroku,2022,74,決算,[上程、説明、総括的質疑、予算決算委員会付託] ・・・・・・・・・・・・・・・・・・・・・・・・・・・ －22－
R4-3kaigiroku,2022,75,予算,◎議案第１４号令和４年度御杖村簡易水道事業特別会計予算の議定について
R4-3kaigiroku,2022,76,予算,[上程、説明、総括的質疑、予算決算委員会付託] ・・・・・・・・・・・・・・・・・・・・・・・・・・・・ －26－
R4-3kaigiroku,2022,76,決算,[上程、説明、総括的質疑、予算決算委員会付託] ・・・・・・・・・・・・・・・・・・・・・・・・・・・・ －26－
R4-3kaigiroku,2022,77,予算,◎議案第１５号令和４年度御杖村国民健康保険特別会計予算の議定について
R4-3kaigiroku,2022,78,予算,[上程、説明、総括的質疑、予算決算委員会付託] ・・・・・・・・・・・・・・・・・・・・・・・・・・・ －27－
R4-3kaigiroku,2022,78,決算,[上程、説明、総括的質疑、予算決算委員会付託] ・・・・・・・・・・・・・・・・・・・・・・・・・・・ －27－
R4-3kaigiroku,2022,79,予算,◎議案第１６号令和４年度御杖村介護保険特別会計予算の議定について
R4-3kaigiroku,2022,80,予算,[上程、説明、総括的質疑、予算決算委員会付託] ・・・・・・・・・・・・・・・・・・・・・・・・・・・ －27－
R4-3kaigiroku,2022,80,決算,[上程、説明、総括的質疑、予算決算委員会付託] ・・・・・・・・・・・・・・・・・・・・・・・・・・・ －27－
R4-3kaigiroku,2022,81,予算,◎議案第１７号令和４年度御杖村後期高齢者医療特別会計予算の議定について
R4-3kaigiroku,2022,82,予算,［上程、説明、総括的質疑、予算決算委員会付託] ・・・・・・・・・・・・・・・・・・・・・・・・・・・ －28－
R4-3kaigiroku,2022,82,決算,［上程、説明、総括的質疑、予算決算委員会付託] ・・・・・・・・・・・・・・・・・・・・・・・・・・・ －28－
R4-3kaigiroku,2022,102,予算,◎承認第１号専決処分の承認を求めることについて(令和３年度御杖村一般会計補正予算(第６
R4-3kaigiroku,2022,102,補正予算,◎承認第１号専決処分の承認を求めることについて(令和３年度御杖村一般会計補正予算(第６
R4-3kaigiroku,2022,103,予算,号))・承認第２号専決処分の承認を求めることについて(令和３年度御杖村一般会計補正予算(第
R4-3kaigiroku,2022,103,補正予算,号))・承認第２号専決処分の承認を求めることについて(令和３年度御杖村一般会計補正予算(第
R4-3kaigiroku,2022,104,予算,７号))・議案第９号令和３年度御杖村一般会計補正予算（第８号）の議定について・議案第１０号令
R4-3kaigiroku,2022,104,補正予算,７号))・議案第９号令和３年度御杖村一般会計補正予算（第８号）の議定について・議案第１０号令
R4-3kaigiroku,2022,105,予算,和３年度御杖村国民健康保険特別会計補正予算（第５号）の議定について・議案第１１号令和３
R4-3kaigiroku,2022,105,補正予算,和３年度御杖村国民健康保険特別会計補正予算（第５号）の議定について・議案第１１号令和３
R4-3kaigiroku,2022,106,予算,年度御杖村介護保険特別会計補正予算（第２号）の議定について・議案第１２号令和３年度御杖
R4-3kaigiroku,2022,106,補正予算,年度御杖村介護保険特別会計補正予算（第２号）の議定について・議案第１２号令和３年度御杖
R4-3kaigiroku,2022,107,予算,村後期高齢者医療特別会計補正予算（第２号）の議定について
R4-3kaigiroku,2022,107,補正予算,村後期高齢者医療特別会計補正予算（第２号）の議定について
R4-3kaigiroku,2022,108,予算,［一括上程、予算決算委員会委員長報告、一括質疑］・・・・・・・・・・・・・・・・・・・・・・・・ －34－
R4-3kaigiroku,2022,108,決算,［一括上程、予算決算委員会委員長報告、一括質疑］・・・・・・・・・・・・・・・・・・・・・・・・ －34－
R4-3kaigiroku,2022,109,予算,◎承認第１号専決処分の承認を求めることについて(令和３年度一般会計補正予算(第６号))
R4-3kaigiroku,2022,109,補正予算,◎承認第１号専決処分の承認を求めることについて(令和３年度一般会計補正予算(第６号))
R4-3kaigiroku,2022,111,予算,◎承認第２号専決処分の承認を求めることについて(令和３年度一般会計補正予算(第７号))
R4-3kaigiroku,2022,111,補正予算,◎承認第２号専決処分の承認を求めることについて(令和３年度一般会計補正予算(第７号))
R4-3kaigiroku,2022,113,予算,◎議案第９号令和３年度一般会計補正予算(第８号)の議定について
R4-3kaigiroku,2022,113,補正予算,◎議案第９号令和３年度一般会計補正予算(第８号)の議定について
R4-3kaigiroku,2022,115,予算,◎議案第１０号令和３年度国民健康保険特別会計補正予算(第５号)の議定について
R4-3kaigiroku,2022,115,補正予算,◎議案第１０号令和３年度国民健康保険特別会計補正予算(第５号)の議定について
R4-3kaigiroku,2022,117,予算,◎議案第１１号令和３年度介護保険特別会計補正予算(第２号)の議定について
R4-3kaigiroku,2022,117,補正予算,◎議案第１１号令和３年度介護保険特別会計補正予算(第２号)の議定について
R4-3kaigiroku,2022,119,予算,◎議案第１２号令和３年度後期高齢者医療特別会計補正予算(第 2 号)の議定について
R4-3kaigiroku,2022,119,補正予算,◎議案第１２号令和３年度後期高齢者医療特別会計補正予算(第 2 号)の議定について
R4-3kaigiroku,2022,121,予算,◎議案第１３号令和４年度御杖村一般会計予算の議定について・議案第１４号令和４年度御杖村簡
R4-3kaigiroku,2022,122,予算,易水道事業特別会計予算の議定について・議案第１５号令和４年度御杖村国民健康保険特別会
R4-3kaigiroku,2022,123,予算,計予算の議定について・議案第１６号令和４年度御杖村介護保険特別会計予算の議定につい
R4-3kaigiroku,2022,124,予算,て･議案第１７号令和４年度御杖村後期高齢者医療特別会計予算の議定について
R4-3kaigiroku,2022,125,予算,［一括上程、予算決算委員会委員長報告、一括質疑］ ・・・・・・・・・・・・・・・・・・・・・・ －38－
R4-3kaigiroku,2022,125,決算,［一括上程、予算決算委員会委員長報告、一括質疑］ ・・・・・・・・・・・・・・・・・・・・・・ －38－
R4-3kaigiroku,2022,126,予算,◎議案第１３号令和４年度御杖村一般会計予算の議定について
R4-3kaigiroku,2022,128,予算,◎議案第１４号令和４年度御杖村簡易水道事業特別会計予算の議定について
R4-3kaigiroku,2022,130,予算,◎議案第１５号令和４年度御杖村国民健康保険特別会計予算の議定について
R4-3kaigiroku,2022,132,予算,◎議案第１６号令和４年度御杖村介護保険特別会計予算の議定について
R4-3kaigiroku,2022,134,予算,◎議案第１７号令和４年度御杖村後期高齢者医療特別会計予算の議定について
R4-3kaigiroku,2022,162,予算,第５   承認第１号 [予算決算委員会付託]
R4-3kaigiroku,2022,162,決算,第５   承認第１号 [予算決算委員会付託]
R4-3kaigiroku,2022,164,予算,（令和３年度御杖村一般会計補正予算(第 6 号)）
R4-3kaigiroku,2022,164,補正予算,（令和３年度御杖村一般会計補正予算(第 6 号)）
R4-3kaigiroku,2022,165,予算,第６   承認第２号 [予算決算委員会付託]
R4-3kaigiroku,2022,165,決算,第６   承認第２号 [予算決算委員会付託]
R4-3kaigiroku,2022,167,予算,（令和３年度御杖村一般会計補正予算(第７号)）
R4-3kaigiroku,2022,167,補正予算,（令和３年度御杖村一般会計補正予算(第７号)）
R4-3kaigiroku,2022,187,予算,第１５ 議案第９号 ［予算決算委員会付託］
R4-3kaigiroku,2022,187,決算,第１５ 議案第９号 ［予算決算委員会付託］
R4-3kaigiroku,2022,188,予算,令和３年度御杖村一般会計補正予算（第８号）の議定について
R4-3kaigiroku,2022,188,補正予算,令和３年度御杖村一般会計補正予算（第８号）の議定について
R4-3kaigiroku,2022,190,予算,第１６ 議案第１０号 ［予算決算委員会付託］
R4-3kaigiroku,2022,190,決算,第１６ 議案第１０号 ［予算決算委員会付託］
R4-3kaigiroku,2022,191,予算,令和３年度御杖村国民健康保険特別会計補正予算（第５号）の議定について
R4-3kaigiroku,2022,191,補正予算,令和３年度御杖村国民健康保険特別会計補正予算（第５号）の議定について
R4-3kaigiroku,2022,192,予算,第１７ 議案第１１号 [予算決算委員会付託]
R4-3kaigiroku,2022,192,決算,第１７ 議案第１１号 [予算決算委員会付託]
R4-3kaigiroku,2022,193,予算,令和３年度御杖村介護保険特別会計補正予算(第２号)の議定について
R4-3kaigiroku,2022,193,補正予算,令和３年度御杖村介護保険特別会計補正予算(第２号)の議定について
R4-3kaigiroku,2022,194,予算,第１８ 議案第１２号 [予算決算委員会付託]
R4-3kaigiroku,2022,194,決算,第１８ 議案第１２号 [予算決算委員会付託]
R4-3kaigiroku,2022,195,予算,令和３年度御杖村後期高齢者医療特別会計補正予算（第２号）の議定について
R4-3kaigiroku,2022,195,補正予算,令和３年度御杖村後期高齢者医療特別会計補正予算（第２号）の議定について
R4-3kaigiroku,2022,196,予算,第１９ 議案第１３号 ［予算決算委員会付託］
R4-3kaigiroku,2022,196,決算,第１９ 議案第１３号 ［予算決算委員会付託］
R4-3kaigiroku,2022,197,予算,令和４年度御杖村一般会計予算の議定について
R4-3kaigiroku,2022,198,予算,第２０ 議案第１４号 ［予算決算委員会付託］
R4-3kaigiroku,2022,198,決算,第２０ 議案第１４号 ［予算決算委員会付託］
R4-3kaigiroku,2022,199,予算,令和４年度御杖村簡易水道事業特別会計予算の議定について
R4-3kaigiroku,2022,200,予算,第２１ 議案第１５号 ［予算決算委員会付託］
R4-3kaigiroku,2022,200,決算,第２１ 議案第１５号 ［予算決算委員会付託］
R4-3kaigiroku,2022,201,予算,令和４年度御杖村国民健康保険特別会計予算の議定について
R4-3kaigiroku,2022,202,予算,第２２ 議案第１６号 ［予算決算委員会付託］
R4-3kaigiroku,2022,202,決算,第２２ 議案第１６号 ［予算決算委員会付託］
R4-3kaigiroku,2022,203,予算,令和４年度御杖村介護特別会計予算の議定について
R4-3kaigiroku,2022,204,予算,第２３ 議案第１７号 ［予算決算委員会付託］
R4-3kaigiroku,2022,204,決算,第２３ 議案第１７号 ［予算決算委員会付託］
R4-3kaigiroku,2022,205,予算,令和４年度御杖村後期高齢者医療特別会計予算の議定について
R4-3kaigiroku,2022,281,予算,分開会、予算決算委員会を１６日午前９時３０分開会、続会議を２２日午前１０時開会と決定いたし
R4-3kaigiroku,2022,281,決算,分開会、予算決算委員会を１６日午前９時３０分開会、続会議を２２日午前１０時開会と決定いたし
R4-3kaigiroku,2022,283,予算,を含む補正予算６件と令和４年度の当初予算５件は、予算決算委員会へ付託とし、条例の一部改
R4-3kaigiroku,2022,283,補正予算,を含む補正予算６件と令和４年度の当初予算５件は、予算決算委員会へ付託とし、条例の一部改
R4-3kaigiroku,2022,283,決算,を含む補正予算６件と令和４年度の当初予算５件は、予算決算委員会へ付託とし、条例の一部改
R4-3kaigiroku,2022,317,予算,議された案件は、議案第１号令和３年度宇陀衛生一部事務組合一般会計歳入歳出補正予算第２
R4-3kaigiroku,2022,317,補正予算,議された案件は、議案第１号令和３年度宇陀衛生一部事務組合一般会計歳入歳出補正予算第２
R4-3kaigiroku,2022,318,予算,号について、議案第２号令和４年度宇陀衛生一部事務組合一般会計歳入歳出予算について、同
R4-3kaigiroku,2022,320,予算,案第１号令和３年度一般会計補正予算第２号については、前年度繰越金の確定にともなうもの
R4-3kaigiroku,2022,320,補正予算,案第１号令和３年度一般会計補正予算第２号については、前年度繰越金の確定にともなうもの
R4-3kaigiroku,2022,320,繰越,案第１号令和３年度一般会計補正予算第２号については、前年度繰越金の確定にともなうもの
R4-3kaigiroku,2022,321,予算,で、歳入歳出予算の総額に、歳入歳出それぞれ５１８万４千円を増額し、歳入歳出それぞれ１億
R4-3kaigiroku,2022,322,予算,１，５６３万１千円とするものです。議案第２号令和４年度一般会計歳入歳出予算については、歳
R4-3kaigiroku,2022,325,予算,増額予算となっています。主な増額の要因は、大規模改修費で基幹的設備改良費の工事請負費
R4-3kaigiroku,2022,325,工事,増額予算となっています。主な増額の要因は、大規模改修費で基幹的設備改良費の工事請負費
R4-3kaigiroku,2022,326,工事,２億３，３９７万円と、この工事に係る施工管理業務委託料８２５万円であります。同意第１号宇陀衛
R4-3kaigiroku,2022,348,予算,した。付議された案件は、議案第１号、令和４年度東宇陀環境衛生組合一般会計予算について１
R4-3kaigiroku,2022,350,予算,円減額の予算となっています。これは、主に職員の定年退職による給与等の衛生費の減額となっ
R4-3kaigiroku,2022,378,基金,組合職員退職手当基金条例の制定について、議案第４号令和３年度奈良県広域消防組合一般
R4-3kaigiroku,2022,379,予算,会計補正予算第２号について、議案第５号令和４年度奈良県広域消防組合一般会計予算につい
R4-3kaigiroku,2022,379,補正予算,会計補正予算第２号について、議案第５号令和４年度奈良県広域消防組合一般会計予算につい
R4-3kaigiroku,2022,399,予算,年度曽爾御杖行政一部事務組合一般会計歳入歳出予算補正第２号について、議案第４号令和
R4-3kaigiroku,2022,400,予算,４年度曽爾御杖行政一部事務組合一般会計歳入歳出予算について、同意第１号監査委員の選
R4-3kaigiroku,2022,404,予算,和３年度一般会計歳入歳出予算補正第２号について、歳入歳出それぞれ４４万円を増額し、歳入
R4-3kaigiroku,2022,405,予算,歳出予算の総額を歳入歳出それぞれ３，４２４万１千円となり可決されました。議案第４号について
R4-3kaigiroku,2022,406,予算,は、令和４年度一般会計歳入歳出予算の総額は、歳入歳出それぞれ３，４６１万５千円となり可決
R4-3kaigiroku,2022,420,予算,例会については、新年度予算や条例改正等多くの議案となることから、新型コロナウイルス感染症
R4-3kaigiroku,2022,427,予算,（令和３年度御杖村一般会計補正予算(第６号)）
R4-3kaigiroku,2022,427,補正予算,（令和３年度御杖村一般会計補正予算(第６号)）
R4-3kaigiroku,2022,428,予算,［上程、説明、総括的質疑、予算決算委員会付託］
R4-3kaigiroku,2022,428,決算,［上程、説明、総括的質疑、予算決算委員会付託］
R4-3kaigiroku,2022,431,予算,御杖村一般会計補正予算第６号を議題と致します。本案について、提案理由の説明を求めます。
R4-3kaigiroku,2022,431,補正予算,御杖村一般会計補正予算第６号を議題と致します。本案について、提案理由の説明を求めます。
R4-3kaigiroku,2022,434,予算,○村長(伊藤収宜君):本案につきましては、一般会計予算の歳入歳出それぞれに３８５万円を追加
R4-3kaigiroku,2022,442,予算,員長の報告のとおり、全員協議会で詳細な説明を受け、予算決算委員会に付託することにしたい
R4-3kaigiroku,2022,442,決算,員長の報告のとおり、全員協議会で詳細な説明を受け、予算決算委員会に付託することにしたい
R4-3kaigiroku,2022,446,予算,ことについて、令和３年度御杖村一般会計補正予算第６号は、予算決算委員会に付託することに
R4-3kaigiroku,2022,446,補正予算,ことについて、令和３年度御杖村一般会計補正予算第６号は、予算決算委員会に付託することに
R4-3kaigiroku,2022,446,決算,ことについて、令和３年度御杖村一般会計補正予算第６号は、予算決算委員会に付託することに
R4-3kaigiroku,2022,453,予算,（令和３年度御杖村介護保険特別会計補正予算(第７号)）
R4-3kaigiroku,2022,453,補正予算,（令和３年度御杖村介護保険特別会計補正予算(第７号)）
R4-3kaigiroku,2022,454,予算,［上程、説明、総括的質疑、予算決算委員会付託］
R4-3kaigiroku,2022,454,決算,［上程、説明、総括的質疑、予算決算委員会付託］
R4-3kaigiroku,2022,458,予算,御杖村一般会計補正予算第７号を議題と致します。本案について、提案理由の説明を求めます。
R4-3kaigiroku,2022,458,補正予算,御杖村一般会計補正予算第７号を議題と致します。本案について、提案理由の説明を求めます。
R4-3kaigiroku,2022,461,予算,○村長(伊藤収宜君):本案につきましては、一般会計予算の歳入歳出それぞれに４，６８４万３千円を
R4-3kaigiroku,2022,469,予算,員長の報告のとおり、全員協議会で詳細な説明を受け、予算決算委員会に付託することにしたい
R4-3kaigiroku,2022,469,決算,員長の報告のとおり、全員協議会で詳細な説明を受け、予算決算委員会に付託することにしたい
R4-3kaigiroku,2022,473,予算,ことについて、令和３年度御杖村一般会計補正予算第７号は、予算決算委員会に付託することに
R4-3kaigiroku,2022,473,補正予算,ことについて、令和３年度御杖村一般会計補正予算第７号は、予算決算委員会に付託することに
R4-3kaigiroku,2022,473,決算,ことについて、令和３年度御杖村一般会計補正予算第７号は、予算決算委員会に付託することに
R4-3kaigiroku,2022,672,取得,○村長(伊藤収宜君):本案につきましては、国家公務員にかかる育児休業等の取得推進が図られ、
R4-3kaigiroku,2022,674,取得,務員と同様の取り組みが求められています。このことから、本村非常勤職員の育児休業等の取得
R4-3kaigiroku,2022,678,取得,○総務課長(中嶋英樹君):はい。ご説明申し上げます。本改正につきましては、育児休業等の取得
R4-3kaigiroku,2022,679,取得,推進を図るためのものでございます。先ず、非常勤職員にかかる育児休業等の取得要件の緩和
R4-3kaigiroku,2022,835,予算,◎議案第９号令和３年度御杖村一般会計補正予算(第８号)
R4-3kaigiroku,2022,835,補正予算,◎議案第９号令和３年度御杖村一般会計補正予算(第８号)
R4-3kaigiroku,2022,837,予算,［上程、説明、総括的質疑、予算決算委員会付託］
R4-3kaigiroku,2022,837,決算,［上程、説明、総括的質疑、予算決算委員会付託］
R4-3kaigiroku,2022,839,予算,○議長(吉田俊弘君):次に、日程第１５議案第９号令和３年度御杖村一般会計補正予算第８号の議
R4-3kaigiroku,2022,839,補正予算,○議長(吉田俊弘君):次に、日程第１５議案第９号令和３年度御杖村一般会計補正予算第８号の議
R4-3kaigiroku,2022,849,予算,員長の報告のとおり、全員協議会で詳細な説明を受け、予算決算委員会に付託することにしたい
R4-3kaigiroku,2022,849,決算,員長の報告のとおり、全員協議会で詳細な説明を受け、予算決算委員会に付託することにしたい
R4-3kaigiroku,2022,853,予算,般会計補正予算第８号の議定については、予算決算委員会に付託することに決定しました。
R4-3kaigiroku,2022,853,補正予算,般会計補正予算第８号の議定については、予算決算委員会に付託することに決定しました。
R4-3kaigiroku,2022,853,決算,般会計補正予算第８号の議定については、予算決算委員会に付託することに決定しました。
R4-3kaigiroku,2022,859,予算,補正予算(第５号)の議定について
R4-3kaigiroku,2022,859,補正予算,補正予算(第５号)の議定について
R4-3kaigiroku,2022,860,予算,［上程、説明、総括的質疑、予算決算委員会付託］
R4-3kaigiroku,2022,860,決算,［上程、説明、総括的質疑、予算決算委員会付託］
R4-3kaigiroku,2022,863,予算,予算第５号の議定についてを議題と致します。本案について、提案理由の説明を求めます。伊藤
R4-3kaigiroku,2022,875,予算,員長の報告のとおり、全員協議会で詳細な説明を受け、予算決算委員会に付託することにしたい
R4-3kaigiroku,2022,875,決算,員長の報告のとおり、全員協議会で詳細な説明を受け、予算決算委員会に付託することにしたい
R4-3kaigiroku,2022,879,予算,民健康保険特別会計補正予算第５号の議定についても、予算決算委員会に付託することに決定
R4-3kaigiroku,2022,879,補正予算,民健康保険特別会計補正予算第５号の議定についても、予算決算委員会に付託することに決定
R4-3kaigiroku,2022,879,決算,民健康保険特別会計補正予算第５号の議定についても、予算決算委員会に付託することに決定
R4-3kaigiroku,2022,885,予算,予算(第２号)の議定について
R4-3kaigiroku,2022,886,予算,［上程、説明、総括的質疑、予算決算委員会付託］
R4-3kaigiroku,2022,886,決算,［上程、説明、総括的質疑、予算決算委員会付託］
R4-3kaigiroku,2022,888,予算,○議長(吉田俊弘君):次に、日程第１７議案第１１号令和３年度御杖村介護保険特別会計補正予算
R4-3kaigiroku,2022,888,補正予算,○議長(吉田俊弘君):次に、日程第１７議案第１１号令和３年度御杖村介護保険特別会計補正予算
R4-3kaigiroku,2022,898,予算,員長の報告のとおり、全員協議会で詳細な説明を受け、予算決算委員会に付託することにしたい
R4-3kaigiroku,2022,898,決算,員長の報告のとおり、全員協議会で詳細な説明を受け、予算決算委員会に付託することにしたい
R4-3kaigiroku,2022,902,予算,護保険特別会計補正予算第２号の議定についても、予算決算委員会に付託することに決定しま
R4-3kaigiroku,2022,902,補正予算,護保険特別会計補正予算第２号の議定についても、予算決算委員会に付託することに決定しま
R4-3kaigiroku,2022,902,決算,護保険特別会計補正予算第２号の議定についても、予算決算委員会に付託することに決定しま
R4-3kaigiroku,2022,908,予算,会計補正予算(第２号)の議定について
R4-3kaigiroku,2022,908,補正予算,会計補正予算(第２号)の議定について
R4-3kaigiroku,2022,909,予算,［上程、説明、総括的質疑、予算決算委員会付託］
R4-3kaigiroku,2022,909,決算,［上程、説明、総括的質疑、予算決算委員会付託］
R4-3kaigiroku,2022,912,予算,正予算第２号の議定についてを議題と致します。本案について、提案理由の説明を求めます。伊
R4-3kaigiroku,2022,922,予算,員長の報告のとおり、全員協議会で詳細な説明を受け、予算決算委員会に付託することにしたい
R4-3kaigiroku,2022,922,決算,員長の報告のとおり、全員協議会で詳細な説明を受け、予算決算委員会に付託することにしたい
R4-3kaigiroku,2022,927,予算,期高齢者医療特別会計補正予算第２号の議定についても、予算決算委員会に付託することに決
R4-3kaigiroku,2022,927,補正予算,期高齢者医療特別会計補正予算第２号の議定についても、予算決算委員会に付託することに決
R4-3kaigiroku,2022,927,決算,期高齢者医療特別会計補正予算第２号の議定についても、予算決算委員会に付託することに決
R4-3kaigiroku,2022,937,予算,般会計予算及び特別会計予算４議案となります。審議に入ります前に、伊藤村長より、新年度に
R4-3kaigiroku,2022,940,予算,○村長(伊藤収宜君):施政方針をさせていただきます。令和 4 年度の御杖村各会計予算を提案する
R4-3kaigiroku,2022,941,予算,にあたり、村政運営における私の基本的な考え方と、予算編成の方針、また主要施策の概要を申
R4-3kaigiroku,2022,957,予算,年度の予算編成を行うにあたり、その方針についてご説明申し上げます。令和３年７月に閣議了
R4-3kaigiroku,2022,958,予算,解された国の令和４年度予算の概算要求に当たっての基本的な方針では、経済財政運営と改革
R4-3kaigiroku,2022,960,予算,され、義務的経費は前年度当初予算額の範囲内、その他の経費については一部を除き、前年度
R4-3kaigiroku,2022,961,予算,当初予算額の１００分の９０の範囲内で要求することと、厳しい内容となっています。その一方で、
R4-3kaigiroku,2022,962,予算,グリーン、デジタル、地方活性化、子供・子育てへの予算の重点化を進めるため、経済財政運営と
R4-3kaigiroku,2022,964,予算,ついて、新たな成長推進枠を設けることとし、前年度当初予算におけるその他の経費に相当する
R4-3kaigiroku,2022,965,予算,額と要望基礎額の差額に１００分の３００を乗じた額及び義務的経費が前年度当初予算の額を下
R4-3kaigiroku,2022,976,決算,ついては、本村の令和２年度決算における経常収支比率が７８．６と極めて低く、その主な要因は
R4-3kaigiroku,2022,980,予算,くすため、これまでと同様、限られた財源を有効に活用すべく、徹底的に無駄をなくした歳出予算
R4-3kaigiroku,2022,982,予算,工夫を凝らした予算編成に取り組むものとします。それでは、新年度の予算概要についてご説明
R4-3kaigiroku,2022,983,予算,申し上げます。令和４年度一般会計の予算規模は、２３億４，７００万円、３年度当初予算に対して
R4-3kaigiroku,2022,985,予算,する金額を除いた純計予算総額は、３１億６，４７２万２千円となり、３年度当初予算と比較して５．
R4-3kaigiroku,2022,986,予算,８％、１億９，３４９万３千円の減となっています。以下、新年度予算案の概要につきまして、長期総
R4-3kaigiroku,2022,1025,工事,道の整備については、桃俣の配水管路布設替え最終年度であり、菅野簡易水道の工事にも着手
R4-3kaigiroku,2022,1027,工事,に行っていまが、菅野体育館・公民館の耐震改修工事を行い、神末体育館についても設計に着
R4-3kaigiroku,2022,1028,予算,手を致します。以上、令和４年度に向けた私の施政方針と、予算案の骨格につきまして申し上げさ
R4-3kaigiroku,2022,1036,予算,◎議案第１３号令和４年度御杖村一般会計予算の議定について
R4-3kaigiroku,2022,1037,予算,［上程、説明、総括的質疑、予算決算委員会付託］
R4-3kaigiroku,2022,1037,決算,［上程、説明、総括的質疑、予算決算委員会付託］
R4-3kaigiroku,2022,1040,予算,会計予算の議定についてを議題と致します。本案について、提案理由の説明を求めます。伊藤
R4-3kaigiroku,2022,1047,予算,の施政方針に続きまして６ページをご覧ください。令和４年度の予算案総括表でございます。それ
R4-3kaigiroku,2022,1048,予算,では、６ページでございます。令和４年度の予算案総括表でございます。一番上、一般会計の欄
R4-3kaigiroku,2022,1049,予算,でございますが、予算総額２３億４，７００万円で、前年度に比べ２億 1１，４００万円、８．４％の減額
R4-3kaigiroku,2022,1051,予算,す。この表につきましては、歳入の款の区分毎に、令和４年度及び３年度の予算額と構成比、増
R4-3kaigiroku,2022,1063,補助金,補助金、委託金の３種類に分けられます。増減につきましては、９，８１４万８千円、２９．８％の減と
R4-3kaigiroku,2022,1074,予算,一般会計歳入予算の対前年度の増減要因について記載しております。数値につきましては、増
R4-3kaigiroku,2022,1075,予算,減額を記載し、カッコ書きで予算の計上額としております。主な増減つきましてご説明申し上げま
R4-3kaigiroku,2022,1083,予算,入予算の５５．３％を占める地方交付税は、１億５，２７６万５千円の増額を見込んでおります。予算
R4-3kaigiroku,2022,1084,予算,の編成辞典におきまして、財政調整基金からの基金取り崩しを行わず当初予算では通常行って
R4-3kaigiroku,2022,1084,基金,の編成辞典におきまして、財政調整基金からの基金取り崩しを行わず当初予算では通常行って
R4-3kaigiroku,2022,1088,補助金,事業補助金の１億１，７００万円が減額となっておることから、国庫支出金の全体といたしましては
R4-3kaigiroku,2022,1098,予算,う金額でございますが、これを歳計外で処理していましたが、４年度につきましてはは、歳入予算
R4-3kaigiroku,2022,1101,予算,たとおり、予算編成における歳出超過額を可能な限り普通交付税で賄うこととしました。普通交付
R4-3kaigiroku,2022,1102,基金,税の留保額を抑制したことによりまして、これにより財政調整基金の取り崩しを行わなということにし
R4-3kaigiroku,2022,1103,基金,ましたので、対前年度１億１，７４６万９千円の減額となっております。なお、ふるさとづくり基金につ
R4-3kaigiroku,2022,1109,予算,だきます。１２ページ令和４年度一般会計予算案歳出の性質別内訳をご覧下さい。この表につい
R4-3kaigiroku,2022,1110,予算,ては、議会費や総務費等、行政目的別となっている歳出の予算を、経済的性質を基準として横断
R4-3kaigiroku,2022,1125,補助金,は、各種団体への補助金や、一部事務組合への負担金、また各種支援事業策を計上しておりま
R4-3kaigiroku,2022,1128,予算,て、特別会計から見ますと繰入金ということになります。歳出性質別の予算額で主なものは以上で
R4-3kaigiroku,2022,1144,工事,４億９，１１５万円、統合学校複写機サーバ等の更新４，３８６万４千円、温泉空調設備更新工事２，
R4-3kaigiroku,2022,1153,予算,業につきましては、予算計上の方法を見直したことによりまして１，５０３万５千円の増となっておりま
R4-3kaigiroku,2022,1160,予算,いたしまして、予算と同じ区分である款の区分に沿ってご説明申し上げます。まず主なものでござ
R4-3kaigiroku,2022,1167,工事,主な内容につきましては、ケアハウス施設整備増床工事ということになります。４番目衛生費につき
R4-3kaigiroku,2022,1192,予算,計予算案の概要についてご説明させて頂きました。ご審議の程、よろしくお願い致します。
R4-3kaigiroku,2022,1197,予算,員長の報告のとおり、全員協議会で詳細な説明を受け、予算決算委員会に付託することにしたい
R4-3kaigiroku,2022,1197,決算,員長の報告のとおり、全員協議会で詳細な説明を受け、予算決算委員会に付託することにしたい
R4-3kaigiroku,2022,1201,予算,会計予算の議定については、予算決算委員会に付託することに決定しました。
R4-3kaigiroku,2022,1201,決算,会計予算の議定については、予算決算委員会に付託することに決定しました。
R4-3kaigiroku,2022,1206,予算,会計予算の議定について
R4-3kaigiroku,2022,1207,予算,［上程、説明、総括的質疑、予算決算委員会付託］
R4-3kaigiroku,2022,1207,決算,［上程、説明、総括的質疑、予算決算委員会付託］
R4-3kaigiroku,2022,1209,予算,○議長(吉田俊弘君):次に、日程第２０議案第１４号令和４年度御杖村簡易水道事業特別会計予算
R4-3kaigiroku,2022,1220,予算,員長の報告のとおり、全員協議会で詳細な説明を受け、予算決算委員会に付託することにしたい
R4-3kaigiroku,2022,1220,決算,員長の報告のとおり、全員協議会で詳細な説明を受け、予算決算委員会に付託することにしたい
R4-3kaigiroku,2022,1224,予算,易水道事業特別会計予算の議定についても、予算決算委員会に付託することに決定しました。
R4-3kaigiroku,2022,1224,決算,易水道事業特別会計予算の議定についても、予算決算委員会に付託することに決定しました。
R4-3kaigiroku,2022,1230,予算,会計予算の議定について
R4-3kaigiroku,2022,1231,予算,［上程、説明、総括的質疑、予算決算委員会付託］
R4-3kaigiroku,2022,1231,決算,［上程、説明、総括的質疑、予算決算委員会付託］
R4-3kaigiroku,2022,1233,予算,○議長(吉田俊弘君):次に、日程第２１議案第１５号令和４年度御杖村国民健康保険特別会計予算
R4-3kaigiroku,2022,1244,予算,員長の報告のとおり、全員協議会で詳細な説明を受け、予算決算委員会に付託することにしたい
R4-3kaigiroku,2022,1244,決算,員長の報告のとおり、全員協議会で詳細な説明を受け、予算決算委員会に付託することにしたい
R4-3kaigiroku,2022,1248,予算,民健康保険特別会計予算の議定についても、予算決算委員会に付託することに決定しました。
R4-3kaigiroku,2022,1248,決算,民健康保険特別会計予算の議定についても、予算決算委員会に付託することに決定しました。
R4-3kaigiroku,2022,1254,予算,予算の議定について
R4-3kaigiroku,2022,1255,予算,［上程、説明、総括的質疑、予算決算委員会付託］
R4-3kaigiroku,2022,1255,決算,［上程、説明、総括的質疑、予算決算委員会付託］
R4-3kaigiroku,2022,1257,予算,○議長(吉田俊弘君):次に、日程第２２議案第１６号令和４年度御杖村介護保険特別会計予算の議
R4-3kaigiroku,2022,1267,予算,員長の報告のとおり、全員協議会で詳細な説明を受け、予算決算委員会に付託することにしたい
R4-3kaigiroku,2022,1267,決算,員長の報告のとおり、全員協議会で詳細な説明を受け、予算決算委員会に付託することにしたい
R4-3kaigiroku,2022,1271,予算,護保険特別会計予算の議定についても、予算決算委員会に付託することに決定しました。
R4-3kaigiroku,2022,1271,決算,護保険特別会計予算の議定についても、予算決算委員会に付託することに決定しました。
R4-3kaigiroku,2022,1277,予算,会計予算の議定について
R4-3kaigiroku,2022,1278,予算,［上程、説明、総括的質疑、予算決算委員会付託］
R4-3kaigiroku,2022,1278,決算,［上程、説明、総括的質疑、予算決算委員会付託］
R4-3kaigiroku,2022,1290,予算,員長の報告のとおり、全員協議会で詳細な説明を受け、予算決算委員会に付託することにしたい
R4-3kaigiroku,2022,1290,決算,員長の報告のとおり、全員協議会で詳細な説明を受け、予算決算委員会に付託することにしたい
R4-3kaigiroku,2022,1294,予算,期高齢者医療特別会計予算の議定についても、予算決算委員会に付託することに決定しました。
R4-3kaigiroku,2022,1294,決算,期高齢者医療特別会計予算の議定についても、予算決算委員会に付託することに決定しました。
R4-3kaigiroku,2022,1383,予算,（令和３年度御杖村一般会計補正予算(第６号)）
R4-3kaigiroku,2022,1383,補正予算,（令和３年度御杖村一般会計補正予算(第６号)）
R4-3kaigiroku,2022,1386,予算,（令和３年度御杖村一般会計補正予算(第７号)）
R4-3kaigiroku,2022,1386,補正予算,（令和３年度御杖村一般会計補正予算(第７号)）
R4-3kaigiroku,2022,1388,予算,令和３年度御杖村一般会計補正予算(第８号)の議定について
R4-3kaigiroku,2022,1388,補正予算,令和３年度御杖村一般会計補正予算(第８号)の議定について
R4-3kaigiroku,2022,1390,予算,令和３年度御杖村国民健康保険特別会計補正予算(第５号)の議定について
R4-3kaigiroku,2022,1390,補正予算,令和３年度御杖村国民健康保険特別会計補正予算(第５号)の議定について
R4-3kaigiroku,2022,1392,予算,令和３年度御杖村介護保険特別会計補正予算(第２号)の議定について
R4-3kaigiroku,2022,1392,補正予算,令和３年度御杖村介護保険特別会計補正予算(第２号)の議定について
R4-3kaigiroku,2022,1394,予算,令和３年度御杖村後期高齢者医療特別会計補正予算(第２号)の議定について
R4-3kaigiroku,2022,1394,補正予算,令和３年度御杖村後期高齢者医療特別会計補正予算(第２号)の議定について
R4-3kaigiroku,2022,1396,予算,令和４年度御杖村一般会計予算の議定について
R4-3kaigiroku,2022,1398,予算,令和４年度御杖村簡易水道事業特別会計予算の議定について
R4-3kaigiroku,2022,1400,予算,令和４年度御杖村国民健康保険特別会計予算の議定について
R4-3kaigiroku,2022,1402,予算,令和４年度御杖村介護特別会計予算の議定について
R4-3kaigiroku,2022,1404,予算,令和４年度御杖村後期高齢者医療特別会計予算の議定について
R4-3kaigiroku,2022,1455,予算,御杖村一般会計補正予算(第６号)）・承認第２号専決処分の承
R4-3kaigiroku,2022,1455,補正予算,御杖村一般会計補正予算(第６号)）・承認第２号専決処分の承
R4-3kaigiroku,2022,1456,予算,認を求めることについて（令和３年度御杖村一般会計補正予算
R4-3kaigiroku,2022,1456,補正予算,認を求めることについて（令和３年度御杖村一般会計補正予算
R4-3kaigiroku,2022,1457,予算,(第７号)）・議案第９号令和３年度御杖村一般会計補正予算（第
R4-3kaigiroku,2022,1457,補正予算,(第７号)）・議案第９号令和３年度御杖村一般会計補正予算（第
R4-3kaigiroku,2022,1459,予算,保険特別会計補正予算（第５号）の議定について・議案第１１号
R4-3kaigiroku,2022,1459,補正予算,保険特別会計補正予算（第５号）の議定について・議案第１１号
R4-3kaigiroku,2022,1460,予算,令和３年度御杖村介護保険特別会計補正予算（第２号）の議定
R4-3kaigiroku,2022,1460,補正予算,令和３年度御杖村介護保険特別会計補正予算（第２号）の議定
R4-3kaigiroku,2022,1462,予算,会計補正予算（第２号）の議定について
R4-3kaigiroku,2022,1462,補正予算,会計補正予算（第２号）の議定について
R4-3kaigiroku,2022,1467,予算,について・令和３年度御杖村一般会計補正予算第６号」、日程第２、承認第２号「専決処分の承認
R4-3kaigiroku,2022,1467,補正予算,について・令和３年度御杖村一般会計補正予算第６号」、日程第２、承認第２号「専決処分の承認
R4-3kaigiroku,2022,1468,予算,を求めることについて・令和３年度御杖村一般会計補正予算第７号」、日程第３､議案９号「令和３
R4-3kaigiroku,2022,1468,補正予算,を求めることについて・令和３年度御杖村一般会計補正予算第７号」、日程第３､議案９号「令和３
R4-3kaigiroku,2022,1469,予算,年度御杖村一般会計補正予算第８号の議定について」、日程第４､議案第１０号「令和３年度国民
R4-3kaigiroku,2022,1469,補正予算,年度御杖村一般会計補正予算第８号の議定について」、日程第４､議案第１０号「令和３年度国民
R4-3kaigiroku,2022,1470,予算,健康保険特別会計補正予算第５号の議定について」、日程第５､議案第１１号「令和３年度御杖村
R4-3kaigiroku,2022,1470,補正予算,健康保険特別会計補正予算第５号の議定について」、日程第５､議案第１１号「令和３年度御杖村
R4-3kaigiroku,2022,1471,予算,介護保険特別会計補正予算第２号の議定について」、日程第６､議案第１２号「令和３年度御杖村
R4-3kaigiroku,2022,1471,補正予算,介護保険特別会計補正予算第２号の議定について」、日程第６､議案第１２号「令和３年度御杖村
R4-3kaigiroku,2022,1472,予算,後期高齢者医療特別会計補正予算第２号の議定について」、以上６件は、専決処分を含む令和
R4-3kaigiroku,2022,1472,補正予算,後期高齢者医療特別会計補正予算第２号の議定について」、以上６件は、専決処分を含む令和
R4-3kaigiroku,2022,1473,予算,３年度補正予算であることから一括議題とします。本案件につきまして、予算決算委員会に付託し
R4-3kaigiroku,2022,1473,補正予算,３年度補正予算であることから一括議題とします。本案件につきまして、予算決算委員会に付託し
R4-3kaigiroku,2022,1473,決算,３年度補正予算であることから一括議題とします。本案件につきまして、予算決算委員会に付託し
R4-3kaigiroku,2022,1478,予算,○委員長(木村忠雄君):予算決算委員会を代表しまして、当委員会に付託されました、日程第１･承
R4-3kaigiroku,2022,1478,決算,○委員長(木村忠雄君):予算決算委員会を代表しまして、当委員会に付託されました、日程第１･承
R4-3kaigiroku,2022,1480,予算,認第１号から日程第６議案第１２号までの専決処分を含む補正予算につきまして、その審査の経
R4-3kaigiroku,2022,1480,補正予算,認第１号から日程第６議案第１２号までの専決処分を含む補正予算につきまして、その審査の経
R4-3kaigiroku,2022,1482,予算,の本会議におきまして、専決処分された補正予算２件及び補正予算４件、令和４年度当初予算５
R4-3kaigiroku,2022,1482,補正予算,の本会議におきまして、専決処分された補正予算２件及び補正予算４件、令和４年度当初予算５
R4-3kaigiroku,2022,1485,予算,すが、専決処分された補正予算２件及び補正予算４件の各案件ごとに質疑及び討論と採決を行
R4-3kaigiroku,2022,1485,補正予算,すが、専決処分された補正予算２件及び補正予算４件の各案件ごとに質疑及び討論と採決を行
R4-3kaigiroku,2022,1488,予算,第１号・承認第２号ともに、全員の賛成により、承認すべきもの決定いたしました。以上で、予算決
R4-3kaigiroku,2022,1499,予算,（令和３年度御杖村一般会計補正予算(第６号)）
R4-3kaigiroku,2022,1499,補正予算,（令和３年度御杖村一般会計補正予算(第６号)）
R4-3kaigiroku,2022,1504,予算,処分の承認を求めることについて･令和３年度御杖村一般会計補正予算第６号を議題とし、討論
R4-3kaigiroku,2022,1504,補正予算,処分の承認を求めることについて･令和３年度御杖村一般会計補正予算第６号を議題とし、討論
R4-3kaigiroku,2022,1512,予算,を求めることについて、令和３年度御杖村一般会計補正予算第６号は、委員長の報告のとおり承
R4-3kaigiroku,2022,1512,補正予算,を求めることについて、令和３年度御杖村一般会計補正予算第６号は、委員長の報告のとおり承
R4-3kaigiroku,2022,1519,予算,（令和３年度御杖村一般会計補正予算(第７号)）
R4-3kaigiroku,2022,1519,補正予算,（令和３年度御杖村一般会計補正予算(第７号)）
R4-3kaigiroku,2022,1525,予算,御杖村一般会計補正予算第７号を議題とし、討論を行います。討論はありませんか。
R4-3kaigiroku,2022,1525,補正予算,御杖村一般会計補正予算第７号を議題とし、討論を行います。討論はありませんか。
R4-3kaigiroku,2022,1532,予算,を求めることについて、令和３年度御杖村一般会計補正予算第７号は、委員長の報告のとおり承
R4-3kaigiroku,2022,1532,補正予算,を求めることについて、令和３年度御杖村一般会計補正予算第７号は、委員長の報告のとおり承
R4-3kaigiroku,2022,1538,予算,◎議案第９号令和３年度御杖村一般会計補正予算(第８号)
R4-3kaigiroku,2022,1538,補正予算,◎議案第９号令和３年度御杖村一般会計補正予算(第８号)
R4-3kaigiroku,2022,1543,予算,３年度御杖村一般会計補正予算第８号の議定についてを議題とし、討論を行います。討論はあり
R4-3kaigiroku,2022,1543,補正予算,３年度御杖村一般会計補正予算第８号の議定についてを議題とし、討論を行います。討論はあり
R4-3kaigiroku,2022,1551,予算,一般会計補正予算第８号の議定については、委員長の報告のとおり可決されました。
R4-3kaigiroku,2022,1551,補正予算,一般会計補正予算第８号の議定については、委員長の報告のとおり可決されました。
R4-3kaigiroku,2022,1569,予算,杖村国民健康保険特別会計補正予算第５号の議定については、委員長の報告のとおり可決され
R4-3kaigiroku,2022,1569,補正予算,杖村国民健康保険特別会計補正予算第５号の議定については、委員長の報告のとおり可決され
R4-3kaigiroku,2022,1576,予算,予算(第２号)の議定について
R4-3kaigiroku,2022,1580,予算,○議長(吉田俊弘君):次に、日程第５議案第１１号令和３年度御杖村介護保険特別会計補正予算第
R4-3kaigiroku,2022,1580,補正予算,○議長(吉田俊弘君):次に、日程第５議案第１１号令和３年度御杖村介護保険特別会計補正予算第
R4-3kaigiroku,2022,1588,予算,杖村介護保険特別会計補正予算第２号の議定については、委員長の報告のとおり可決されまし
R4-3kaigiroku,2022,1588,補正予算,杖村介護保険特別会計補正予算第２号の議定については、委員長の報告のとおり可決されまし
R4-3kaigiroku,2022,1595,予算,会計補正予算(第２号)の議定について
R4-3kaigiroku,2022,1595,補正予算,会計補正予算(第２号)の議定について
R4-3kaigiroku,2022,1600,予算,予算第２号の議定についてを議題とし、討論を行います。討論はありませんか。
R4-3kaigiroku,2022,1607,予算,杖村後期高齢者医療特別会計補正予算第２号の議定については、委員長の報告のとおり可決さ
R4-3kaigiroku,2022,1607,補正予算,杖村後期高齢者医療特別会計補正予算第２号の議定については、委員長の報告のとおり可決さ
R4-3kaigiroku,2022,1613,予算,◎議案第１３号令和４年度御杖村一般会計予算の議定について・議案第
R4-3kaigiroku,2022,1614,予算,１４号令和４年度御杖村簡易水道事業特別会計予算の議定について・
R4-3kaigiroku,2022,1615,予算,議案第１５号令和４年度御杖村国民健康保険特別会計予算の議定に
R4-3kaigiroku,2022,1616,予算,ついて・議案第１６号令和４年度御杖村介護保険特別会計予算の議定
R4-3kaigiroku,2022,1621,予算,○議長(吉田俊弘君):次に、日程第７､議案１３号令和４年度御杖村一般会計予算の議定について、
R4-3kaigiroku,2022,1622,予算,日程第８､議案第１４号令和４年度御杖村簡易水道事業特別会計予算の議定について、日程第９､
R4-3kaigiroku,2022,1623,予算,議案第１５号令和４年度御杖村国民健康保険特別会計予算の議定について、日程第１０､議案第
R4-3kaigiroku,2022,1624,予算,１６号令和４年度御杖村介護保険特別会計予算の議定について、日程第１１､議案第１７号令和４
R4-3kaigiroku,2022,1625,予算,年度御杖村後期高齢者医療特別会計予算の議定について以上５件は、令和４年度の各会計に
R4-3kaigiroku,2022,1626,予算,おける当初予算であることから一括議題とします。本案件につきましも、予算決算委員会に付託し
R4-3kaigiroku,2022,1626,決算,おける当初予算であることから一括議題とします。本案件につきましも、予算決算委員会に付託し
R4-3kaigiroku,2022,1632,予算,ける令和４年度当初予算の議定につきまして、一括して、その審査の経過と結果について報告を
R4-3kaigiroku,2022,1636,予算,ですので、割愛をさせていただきます。採決の結果につきましては、令和４年度当初予算５議案と
R4-3kaigiroku,2022,1637,予算,もに全員の賛成により、原案のとおり可決すべきものと決定いたしました。以上で、予算決算委員
R4-3kaigiroku,2022,1637,決算,もに全員の賛成により、原案のとおり可決すべきものと決定いたしました。以上で、予算決算委員
R4-3kaigiroku,2022,1647,予算,◎議案第１３号令和４年度御杖村一般会計予算の議定について
R4-3kaigiroku,2022,1651,予算,令和４年度御杖村一般会計予算の議定についてを議題とし、討論を行います。討論はありません
R4-3kaigiroku,2022,1662,予算,一般会計予算の議定については、委員長の報告のとおり可決されました。
R4-3kaigiroku,2022,1668,予算,予算の議定について
R4-3kaigiroku,2022,1671,予算,○議長(吉田俊弘君):次に、日程第８議案第１４号令和４年度御杖村簡易水道事業特別会計予算の
R4-3kaigiroku,2022,1679,予算,杖村簡易水道事業特別会計予算の議定については、委員長の報告のとおり可決されました。
R4-3kaigiroku,2022,1685,予算,会計予算の議定について
R4-3kaigiroku,2022,1688,予算,○議長(吉田俊弘君):次に、日程第９議案第１５号令和４年度御杖村国民健康保険特別会計予算の
R4-3kaigiroku,2022,1696,予算,杖村国民健康保険特別会計予算の議定については、委員長の報告のとおり可決されました。
R4-3kaigiroku,2022,1702,予算,予算の議定について
R4-3kaigiroku,2022,1705,予算,○議長(吉田俊弘君):次に、日程第１０議案第１６号令和４年度御杖村介護保険特別会計予算の議
R4-3kaigiroku,2022,1713,予算,杖村介護保険特別会計予算の議定については、委員長の報告のとおり可決されました。
R4-3kaigiroku,2022,1719,予算,会計予算の議定について
R4-3kaigiroku,2022,1729,予算,杖村後期高齢者医療特別会計予算の議定については、委員長の報告のとおり可決されました。
R4-5kaigiroku,2022,36,予算,◎予算決算委員会委員長の辞任について ・・・・・・・・・・・・・・・・・・・・・・・・・・・・・・・・・・・・・・・ －７－
R4-5kaigiroku,2022,36,決算,◎予算決算委員会委員長の辞任について ・・・・・・・・・・・・・・・・・・・・・・・・・・・・・・・・・・・・・・・ －７－
R4-5kaigiroku,2022,37,予算,◎予算決算委員会委員長の選任について ・・・・・・・・・・・・・・・・・・・・・・・・・・・・・・・・・・・・・・・ －８－
R4-5kaigiroku,2022,37,決算,◎予算決算委員会委員長の選任について ・・・・・・・・・・・・・・・・・・・・・・・・・・・・・・・・・・・・・・・ －８－
R4-5kaigiroku,2022,64,予算,第５ 予算決算委員会委員長の辞任について
R4-5kaigiroku,2022,64,決算,第５ 予算決算委員会委員長の辞任について
R4-5kaigiroku,2022,65,予算,追加第５ 予算決算委員会委員長の選任について
R4-5kaigiroku,2022,65,決算,追加第５ 予算決算委員会委員長の選任について
R4-5kaigiroku,2022,152,予算,の提出議案の説明がありました。当日の会議では、令和４年度各会計予算３件の審議が行われ、
R4-5kaigiroku,2022,155,予算,域連合一般会計予算について」でございますが、歳入歳出予算総額はそれぞれ１，４１０万円で、
R4-5kaigiroku,2022,158,予算,千円で、障害支援区分認定審査に対応するための予算が計上されています。これらの財源として
R4-5kaigiroku,2022,159,繰越,は、構成市村の負担金が１，２６０万円、繰越金１５０万円となっています。次に、議案第２号「令和
R4-5kaigiroku,2022,162,予算,４年度ふるさと市町村圏基金特別会計予算について」は、歳入歳出予算総額はそれぞれ１，１３０
R4-5kaigiroku,2022,162,基金,４年度ふるさと市町村圏基金特別会計予算について」は、歳入歳出予算総額はそれぞれ１，１３０
R4-5kaigiroku,2022,169,予算,案第３号「令和４年度介護保険特別会計予算について」は、歳入歳出予算総額はそれぞれ５，２５
R4-5kaigiroku,2022,173,予算,催した全体協議会において、提出議案である、令和４年度の各当初予算について事務局より説明
R4-5kaigiroku,2022,231,予算,すから、ほとんどコロナに対処する各地方の予算は国が拠出し乗り切ってきたと、ウクライナの問
R4-5kaigiroku,2022,326,予算,◎予算決算委員会委員長の辞任について
R4-5kaigiroku,2022,326,決算,◎予算決算委員会委員長の辞任について
R4-5kaigiroku,2022,333,予算,くお願いします。次に、日程第５･予算決算委員会委員長の辞任についてを議題とします。本案に
R4-5kaigiroku,2022,333,決算,くお願いします。次に、日程第５･予算決算委員会委員長の辞任についてを議題とします。本案に
R4-5kaigiroku,2022,337,予算,○副議長(葛城昌俊君)：それでは、お諮りします。木村忠雄君から予算決算委員会委員長の辞任願
R4-5kaigiroku,2022,337,決算,○副議長(葛城昌俊君)：それでは、お諮りします。木村忠雄君から予算決算委員会委員長の辞任願
R4-5kaigiroku,2022,341,予算,○副議長(葛城昌俊君)：異議なしと認めます。したがって、木村忠雄君の予算決算委員会委員長の
R4-5kaigiroku,2022,341,決算,○副議長(葛城昌俊君)：異議なしと認めます。したがって、木村忠雄君の予算決算委員会委員長の
R4-5kaigiroku,2022,344,予算,○副議長(葛城昌俊君)：木村忠雄君が議場に戻られましたので、予算決算委員会委員長の辞任に
R4-5kaigiroku,2022,344,決算,○副議長(葛城昌俊君)：木村忠雄君が議場に戻られましたので、予算決算委員会委員長の辞任に
R4-5kaigiroku,2022,352,予算,◎予算決算委員会委員長の選任について
R4-5kaigiroku,2022,352,決算,◎予算決算委員会委員長の選任について
R4-5kaigiroku,2022,354,予算,す。ただいま、予算決算委員会委員長が欠けました。お諮りいたします。予算決算委員会委員長
R4-5kaigiroku,2022,354,決算,す。ただいま、予算決算委員会委員長が欠けました。お諮りいたします。予算決算委員会委員長
R4-5kaigiroku,2022,355,予算,の選任についてを日程に追加し、追加日程第５として、日程の順序を変更し、直ちに予算決算委
R4-5kaigiroku,2022,355,決算,の選任についてを日程に追加し、追加日程第５として、日程の順序を変更し、直ちに予算決算委
R4-5kaigiroku,2022,358,予算,○議長(木村忠雄君)：異議なしと認めます。したがって、予算決算委員会委員長の選任についてを
R4-5kaigiroku,2022,358,決算,○議長(木村忠雄君)：異議なしと認めます。したがって、予算決算委員会委員長の選任についてを
R4-5kaigiroku,2022,359,予算,日程に追加し、追加日程第５として、日程の順序を変更し、直ちに予算決算委員会委員長の選任
R4-5kaigiroku,2022,359,決算,日程に追加し、追加日程第５として、日程の順序を変更し、直ちに予算決算委員会委員長の選任
R4-5kaigiroku,2022,363,予算,○議長(木村忠雄君)：異議なしと認めます。したがって、６番･山岡隆良君を予算決算委員会委員長
R4-5kaigiroku,2022,363,決算,○議長(木村忠雄君)：異議なしと認めます。したがって、６番･山岡隆良君を予算決算委員会委員長
R4-5kaigiroku,2022,487,工事,住宅に一定の省エネ改修工事を行った場合、当該住宅に係る固定資産税が減額されておりまし
R4-5kaigiroku,2022,488,工事,たが、その熱損失防止改修工事に高効率空調機や高効率給湯器等の設置工事が追加される等
R4-5kaigiroku,2022,490,取得,以後の所得税において住宅借入金等特別税額控除の適用がある方、これは住宅の取得等をして
R4-6giketukekka,2022,2,予算,●村長提出議案（契約１件、条例１件、予算２件、報告１件、計５件）
R4-6giketukekka,2022,2,契約,●村長提出議案（契約１件、条例１件、予算２件、報告１件、計５件）
R4-6giketukekka,2022,6,契約,議 案      菅野体育館・公民館耐震改修工事に伴う工事請負契約の締結につ                                                         原案
R4-6giketukekka,2022,6,工事,議 案      菅野体育館・公民館耐震改修工事に伴う工事請負契約の締結につ                                                         原案
R4-6giketukekka,2022,13,予算,議 案      令和４年度御杖村一般会計補正予算（第１号）の議定について                                                          原 案
R4-6giketukekka,2022,13,補正予算,議 案      令和４年度御杖村一般会計補正予算（第１号）の議定について                                                          原 案
R4-6giketukekka,2022,14,予算,〃      R4.6.14   予算決算   R4.6.17   可 決   R4.6.21
R4-6giketukekka,2022,14,決算,〃      R4.6.14   予算決算   R4.6.17   可 決   R4.6.21
R4-6giketukekka,2022,16,予算,議 案      令和４年度御杖村国民健康保険特別会計補正予算（第１号）の議定
R4-6giketukekka,2022,16,補正予算,議 案      令和４年度御杖村国民健康保険特別会計補正予算（第１号）の議定
R4-6giketukekka,2022,19,繰越,報 告      令和３年度御杖村一般会計繰越明許費繰越計算書の報告について       〃        －        －       －       －     R４.6.14   報告済
R4-6kaigiroku,2022,35,契約,◎議案第１８号菅野体育館・公民館耐震改修工事に伴う工事請負契約の締結ついて
R4-6kaigiroku,2022,35,工事,◎議案第１８号菅野体育館・公民館耐震改修工事に伴う工事請負契約の締結ついて
R4-6kaigiroku,2022,40,予算,◎議案第２０号令和４年度御杖村一般会計補正予算(第１号)の議定について
R4-6kaigiroku,2022,40,補正予算,◎議案第２０号令和４年度御杖村一般会計補正予算(第１号)の議定について
R4-6kaigiroku,2022,41,予算,[上程、説明、総括的質疑、予算決算委員会付託] ・・・・・・・・・・・・・・・・・・・・・・・・・・・ －12－
R4-6kaigiroku,2022,41,決算,[上程、説明、総括的質疑、予算決算委員会付託] ・・・・・・・・・・・・・・・・・・・・・・・・・・・ －12－
R4-6kaigiroku,2022,42,予算,◎議案第２１号令和４年度御杖村国民健康保険特別会計補正予算(第１号)の議定について
R4-6kaigiroku,2022,42,補正予算,◎議案第２１号令和４年度御杖村国民健康保険特別会計補正予算(第１号)の議定について
R4-6kaigiroku,2022,43,予算,[上程、説明、総括的質疑、予算決算委員会付託] ・・・・・・・・・・・・・・・・・・・・・・・・・・・ －12－
R4-6kaigiroku,2022,43,決算,[上程、説明、総括的質疑、予算決算委員会付託] ・・・・・・・・・・・・・・・・・・・・・・・・・・・ －12－
R4-6kaigiroku,2022,44,繰越,◎報告第１号令和３年度御杖村一般会計繰越明許費繰越計算書の報告について
R4-6kaigiroku,2022,59,予算,◎議案第２０号令和４年度御杖村一般会計補正予算（第１号）の議定について・議案第２１号令和４
R4-6kaigiroku,2022,59,補正予算,◎議案第２０号令和４年度御杖村一般会計補正予算（第１号）の議定について・議案第２１号令和４
R4-6kaigiroku,2022,60,予算,年度御杖村国民健康保険特別会計補正予算（第１号）の議定について
R4-6kaigiroku,2022,60,補正予算,年度御杖村国民健康保険特別会計補正予算（第１号）の議定について
R4-6kaigiroku,2022,61,予算,［一括上程、予算決算委員会委員長報告、一括質疑］・・・・・・・・・・・・・・・・・・・・・・・・ －17－
R4-6kaigiroku,2022,61,決算,［一括上程、予算決算委員会委員長報告、一括質疑］・・・・・・・・・・・・・・・・・・・・・・・・ －17－
R4-6kaigiroku,2022,62,予算,◎議案第２０号令和４年度一般会計補正予算(第１号)の議定について
R4-6kaigiroku,2022,62,補正予算,◎議案第２０号令和４年度一般会計補正予算(第１号)の議定について
R4-6kaigiroku,2022,64,予算,◎議案第２１号令和４年度国民健康保険特別会計補正予算(第１号)の議定について
R4-6kaigiroku,2022,64,補正予算,◎議案第２１号令和４年度国民健康保険特別会計補正予算(第１号)の議定について
R4-6kaigiroku,2022,91,契約,菅野体育館・公民館耐震改修工事に伴う工事請負契約の締結について
R4-6kaigiroku,2022,91,工事,菅野体育館・公民館耐震改修工事に伴う工事請負契約の締結について
R4-6kaigiroku,2022,95,予算,第８   議案第２０号 ［予算決算委員会付託］
R4-6kaigiroku,2022,95,決算,第８   議案第２０号 ［予算決算委員会付託］
R4-6kaigiroku,2022,96,予算,令和４年度御杖村一般会計補正予算（第１号）の議定について
R4-6kaigiroku,2022,96,補正予算,令和４年度御杖村一般会計補正予算（第１号）の議定について
R4-6kaigiroku,2022,97,予算,第９   議案第２１号 ［予算決算委員会付託］
R4-6kaigiroku,2022,97,決算,第９   議案第２１号 ［予算決算委員会付託］
R4-6kaigiroku,2022,98,予算,令和４年度御杖村国民健康保険特別会計補正予算（第１号）の議定について
R4-6kaigiroku,2022,98,補正予算,令和４年度御杖村国民健康保険特別会計補正予算（第１号）の議定について
R4-6kaigiroku,2022,100,繰越,令和３年度御杖村一般会計繰越明許費繰越計算書の報告について
R4-6kaigiroku,2022,177,予算,開会、予算決算委員会を１７日午前１０時開会、続会議を２１日午前１０時開会と決定いたしました。
R4-6kaigiroku,2022,177,決算,開会、予算決算委員会を１７日午前１０時開会、続会議を２１日午前１０時開会と決定いたしました。
R4-6kaigiroku,2022,179,予算,及び議案第２１号の補正予算２件は、予算決算委員会へ付託とし、議案第１８号の工事請負契約に
R4-6kaigiroku,2022,179,補正予算,及び議案第２１号の補正予算２件は、予算決算委員会へ付託とし、議案第１８号の工事請負契約に
R4-6kaigiroku,2022,179,決算,及び議案第２１号の補正予算２件は、予算決算委員会へ付託とし、議案第１８号の工事請負契約に
R4-6kaigiroku,2022,179,契約,及び議案第２１号の補正予算２件は、予算決算委員会へ付託とし、議案第１８号の工事請負契約に
R4-6kaigiroku,2022,179,工事,及び議案第２１号の補正予算２件は、予算決算委員会へ付託とし、議案第１８号の工事請負契約に
R4-6kaigiroku,2022,180,繰越,伴う議決案件及び議案第１９号の条例の一部改正と、報告第１号の繰越計算書の報告について
R4-6kaigiroku,2022,217,契約,部を改正する条例について、議案第５号工事請負契約の締結について、以上３件が提案されまし
R4-6kaigiroku,2022,217,工事,部を改正する条例について、議案第５号工事請負契約の締結について、以上３件が提案されまし
R4-6kaigiroku,2022,219,契約,正に準じて行うものです。議案第５号の工事請負契約の締結については、管理者の提案理由の説
R4-6kaigiroku,2022,219,工事,正に準じて行うものです。議案第５号の工事請負契約の締結については、管理者の提案理由の説
R4-6kaigiroku,2022,220,工事,明のあと、事務局長より、宇陀衛生センター基幹的設備改良工事にかかる概要や整備方針につづ
R4-6kaigiroku,2022,222,契約,き、令和５年１２月１５日までの工事期間、７億７千５百５０万円の契約額や契約の相手方である兵庫
R4-6kaigiroku,2022,222,工事,き、令和５年１２月１５日までの工事期間、７億７千５百５０万円の契約額や契約の相手方である兵庫
R4-6kaigiroku,2022,239,予算,ただきたいと思います。先の３月議会で予算の議決をいただいた後、令和４年度も早２ヶ月が経過
R4-6kaigiroku,2022,249,予算,に提案させていただく補正予算におきまして、関連する事業を計上しております。次に、ワクチン
R4-6kaigiroku,2022,249,補正予算,に提案させていただく補正予算におきまして、関連する事業を計上しております。次に、ワクチン
R4-6kaigiroku,2022,259,予算,正予算に計上させていただいております。一日も早い、コロナ禍からの経済回復が望まれていると
R4-6kaigiroku,2022,267,予算,に向けた予算確保を決議したところです。大会終了後は、県選出の国会議員を訪ね、令和 5 年
R4-6kaigiroku,2022,268,予算,度に向けた道路関連予算の確保について要望を行ってきました。国の支援について、引き続き働
R4-6kaigiroku,2022,269,予算,きかけを行っていきたいと思います。最後に、本定例会には、工事契約１件、条例１件、補正予算
R4-6kaigiroku,2022,269,補正予算,きかけを行っていきたいと思います。最後に、本定例会には、工事契約１件、条例１件、補正予算
R4-6kaigiroku,2022,269,契約,きかけを行っていきたいと思います。最後に、本定例会には、工事契約１件、条例１件、補正予算
R4-6kaigiroku,2022,269,工事,きかけを行っていきたいと思います。最後に、本定例会には、工事契約１件、条例１件、補正予算
R4-6kaigiroku,2022,397,工事,◎議案第１８号菅野体育館・公民館耐震改修工事に伴う
R4-6kaigiroku,2022,398,契約,工事請負契約の締結について
R4-6kaigiroku,2022,398,工事,工事請負契約の締結について
R4-6kaigiroku,2022,401,工事,○議長（木村忠雄君）：次に、日程第６議案第１８号菅野体育館・公民館耐震改修工事に伴う工事請
R4-6kaigiroku,2022,402,契約,負契約の締結についてを議題と致します。本案については、議会運営委員長の報告のとおり即
R4-6kaigiroku,2022,406,契約,契約及び財産の取得又は処分に関する条例第２条の規定により、議会の議決を必要とする契約
R4-6kaigiroku,2022,406,財産,契約及び財産の取得又は処分に関する条例第２条の規定により、議会の議決を必要とする契約
R4-6kaigiroku,2022,406,取得,契約及び財産の取得又は処分に関する条例第２条の規定により、議会の議決を必要とする契約
R4-6kaigiroku,2022,407,契約,であることから、提案するものでございます。工事内容、契約内容等につきましては、教育次長より
R4-6kaigiroku,2022,407,工事,であることから、提案するものでございます。工事内容、契約内容等につきましては、教育次長より
R4-6kaigiroku,2022,410,契約,○教育委員会事務局次長（中村康幸君）：この契約につきましては、菅野体育館・公民館耐震改修
R4-6kaigiroku,2022,411,契約,工事を６月３日に一般競争入札を行った結果、契約金額、税込み８１，５７１，６００円で、大和郡
R4-6kaigiroku,2022,411,工事,工事を６月３日に一般競争入札を行った結果、契約金額、税込み８１，５７１，６００円で、大和郡
R4-6kaigiroku,2022,411,入札,工事を６月３日に一般競争入札を行った結果、契約金額、税込み８１，５７１，６００円で、大和郡
R4-6kaigiroku,2022,412,契約,山市矢田町７７１株式会社木村組、代表取締役木村隆雄と工事請負契約を締結するものであり
R4-6kaigiroku,2022,412,工事,山市矢田町７７１株式会社木村組、代表取締役木村隆雄と工事請負契約を締結するものであり
R4-6kaigiroku,2022,413,入札,ます。入札の経緯につきまして、説明報告をさせていただきます。役場内の請負業者選定審査
R4-6kaigiroku,2022,414,工事,会を４月２５日に開催し、入札参加の条件等を決定しました。本件工事の入札は一般競争入札
R4-6kaigiroku,2022,414,入札,会を４月２５日に開催し、入札参加の条件等を決定しました。本件工事の入札は一般競争入札
R4-6kaigiroku,2022,415,入札,方式で行い、入札参加条件は奈良県内に本店を有し、令和４年・５年度御杖村入札参加者名
R4-6kaigiroku,2022,418,工事,県または奈良県内の地方公共団体が発注した請負金額２，０００万円以上の耐震工事の元請け
R4-6kaigiroku,2022,420,入札,価した値であり、入札参加企業の信頼性と競争原理が働くことを考慮した条件設定といたしまし
R4-6kaigiroku,2022,421,入札,た。そして４月２８日から５月２０日までを入札参加受付期間として村のホームページで入札公告
R4-6kaigiroku,2022,422,入札,を行いました。４社の参加申請があり入札辞退をした１社を除く３社で、６月３日に入札を行いまし
R4-6kaigiroku,2022,424,契約,５７１，６００円で落札し、６月７日に仮契約を行いましたこの契約について、ご審議下さいますよう
R4-6kaigiroku,2022,437,契約,公民館耐震改修工事に伴う工事請負契約の締結については、原案のとおり可決されました。
R4-6kaigiroku,2022,437,工事,公民館耐震改修工事に伴う工事請負契約の締結については、原案のとおり可決されました。
R4-6kaigiroku,2022,476,予算,◎議案第２０号令和４年度御杖村一般会計補正予算(第１号)
R4-6kaigiroku,2022,476,補正予算,◎議案第２０号令和４年度御杖村一般会計補正予算(第１号)
R4-6kaigiroku,2022,478,予算,［上程、説明、総括的質疑、予算決算委員会付託］
R4-6kaigiroku,2022,478,決算,［上程、説明、総括的質疑、予算決算委員会付託］
R4-6kaigiroku,2022,480,予算,○議長（木村忠雄君）：次に、日程第８議案第２０号令和４年度御杖村一般会計補正予算第１号の議
R4-6kaigiroku,2022,480,補正予算,○議長（木村忠雄君）：次に、日程第８議案第２０号令和４年度御杖村一般会計補正予算第１号の議
R4-6kaigiroku,2022,483,予算,○村長（伊藤収宜君）：本案につきましては、一般会計予算の歳入歳出それぞれに１億５６１万６千
R4-6kaigiroku,2022,491,予算,委員長の報告のとおり、全員協議会での詳細な説明を受け、予算決算委員会に付託することとし
R4-6kaigiroku,2022,491,決算,委員長の報告のとおり、全員協議会での詳細な説明を受け、予算決算委員会に付託することとし
R4-6kaigiroku,2022,495,予算,般会計補正予算第１号の議定については、予算決算委員会に付託することに決定しました。
R4-6kaigiroku,2022,495,補正予算,般会計補正予算第１号の議定については、予算決算委員会に付託することに決定しました。
R4-6kaigiroku,2022,495,決算,般会計補正予算第１号の議定については、予算決算委員会に付託することに決定しました。
R4-6kaigiroku,2022,501,予算,補正予算(第１号)の議定について
R4-6kaigiroku,2022,501,補正予算,補正予算(第１号)の議定について
R4-6kaigiroku,2022,502,予算,［上程、説明、総括的質疑、予算決算委員会付託］
R4-6kaigiroku,2022,502,決算,［上程、説明、総括的質疑、予算決算委員会付託］
R4-6kaigiroku,2022,505,予算,予算第１号の議定についてを議題と致します。本案について、提案理由の説明を求めます。伊藤
R4-6kaigiroku,2022,516,予算,員長の報告のとおり、全員協議会で詳細な説明を受け、予算決算委員会に付託することにしたい
R4-6kaigiroku,2022,516,決算,員長の報告のとおり、全員協議会で詳細な説明を受け、予算決算委員会に付託することにしたい
R4-6kaigiroku,2022,521,予算,民健康保険特別会計補正予算第１号の議定についても、予算決算委員会に付託することに決定
R4-6kaigiroku,2022,521,補正予算,民健康保険特別会計補正予算第１号の議定についても、予算決算委員会に付託することに決定
R4-6kaigiroku,2022,521,決算,民健康保険特別会計補正予算第１号の議定についても、予算決算委員会に付託することに決定
R4-6kaigiroku,2022,527,繰越,◎報告第１号令和３年度御杖村一般会計繰越明許費繰越
R4-6kaigiroku,2022,531,繰越,○議長（木村忠雄君）：次に、日程第１０報告第１号令和３年度御杖村一般会計繰越明許費繰越計
R4-6kaigiroku,2022,536,繰越,について、地方自治法施行令第１４６条第２項の規定により繰越計算書の調整を行いましたので
R4-6kaigiroku,2022,540,繰越,○総務課長（中嶋英樹君）：それではページめくっていただきまして、繰越計算書をご覧いただきた
R4-6kaigiroku,2022,541,予算,いと思います。３月定例会の一般会計補正予算で承認いただきました１１の事業につきまして、そ
R4-6kaigiroku,2022,541,補正予算,いと思います。３月定例会の一般会計補正予算で承認いただきました１１の事業につきまして、そ
R4-6kaigiroku,2022,542,繰越,の繰越額が確定をしましたので、事業の進捗も含めて簡単にご報告をさせていただきたいと思い
R4-6kaigiroku,2022,548,繰越,３１２世帯への給付を終えておりますが、申請期限が９月３０日までとなっておりますことから繰越を
R4-6kaigiroku,2022,554,工事,というふうに思っております。つぎの事業でございます。道の駅・温泉温浴の空調更新工事につき
R4-6kaigiroku,2022,565,補助金,規模盛り土造成地の危険度を調査する事業でございます。これは、国・県の補助金を受けて、これ
R4-6kaigiroku,2022,568,繰越,ろでございます。以上、繰越明許費繰越計算書の報告ということでさしていただきたいと思います。
R4-6kaigiroku,2022,574,繰越,会計繰越明許費繰越計算書の報告についてを終わります。
R4-6kaigiroku,2022,605,予算,令和４年度御杖村一般会計補正予算(第１号)の議定について
R4-6kaigiroku,2022,605,補正予算,令和４年度御杖村一般会計補正予算(第１号)の議定について
R4-6kaigiroku,2022,607,予算,令和４年度御杖村国民健康保険特別会計補正予算(第１号)の議定について
R4-6kaigiroku,2022,607,補正予算,令和４年度御杖村国民健康保険特別会計補正予算(第１号)の議定について
R4-6kaigiroku,2022,656,予算,◎議案第２０号令和４年度御杖村一般会計補正予算（第１号）
R4-6kaigiroku,2022,656,補正予算,◎議案第２０号令和４年度御杖村一般会計補正予算（第１号）
R4-6kaigiroku,2022,658,予算,保険特別会計補正予算（第１号）の議定について
R4-6kaigiroku,2022,658,補正予算,保険特別会計補正予算（第１号）の議定について
R4-6kaigiroku,2022,662,予算,補正予算第１号の議定について、日程第２､議案第２１号令和４年度国民健康保険特別会計補正
R4-6kaigiroku,2022,662,補正予算,補正予算第１号の議定について、日程第２､議案第２１号令和４年度国民健康保険特別会計補正
R4-6kaigiroku,2022,663,予算,予算第１号の議定について、令和４年度補正予算に関する案件であることから一括議題とします。
R4-6kaigiroku,2022,663,補正予算,予算第１号の議定について、令和４年度補正予算に関する案件であることから一括議題とします。
R4-6kaigiroku,2022,664,予算,本案件につきまして、予算決算委員会に付託した案件でございます。御杖村会議規則第４１条第
R4-6kaigiroku,2022,664,決算,本案件につきまして、予算決算委員会に付託した案件でございます。御杖村会議規則第４１条第
R4-6kaigiroku,2022,669,予算,○委員長（山岡隆良君）：それでは、予算決算委員会を代表致しまして、当委員会に付託されました、
R4-6kaigiroku,2022,669,決算,○委員長（山岡隆良君）：それでは、予算決算委員会を代表致しまして、当委員会に付託されました、
R4-6kaigiroku,2022,670,予算,日程第１･議案第２０号及び日程第２･議案第２１号の補正予算案２件につきまして、一括して、そ
R4-6kaigiroku,2022,670,補正予算,日程第１･議案第２０号及び日程第２･議案第２１号の補正予算案２件につきまして、一括して、そ
R4-6kaigiroku,2022,672,予算,去る６月１４日の本会議におきまして、議案第２０号令和４年度御杖村一般会計補正予算第１号の
R4-6kaigiroku,2022,672,補正予算,去る６月１４日の本会議におきまして、議案第２０号令和４年度御杖村一般会計補正予算第１号の
R4-6kaigiroku,2022,673,予算,議定について、議案第２１号令和４年度御杖村国民健康保険特別会計補正予算第１号の議定に
R4-6kaigiroku,2022,673,補正予算,議定について、議案第２１号令和４年度御杖村国民健康保険特別会計補正予算第１号の議定に
R4-6kaigiroku,2022,674,予算,ついての補正予算案２件が付託されましたことにより、６月１７日に委員会を開催いたしました。当
R4-6kaigiroku,2022,674,補正予算,ついての補正予算案２件が付託されましたことにより、６月１７日に委員会を開催いたしました。当
R4-6kaigiroku,2022,678,予算,きます。採決の結果につきましては、補正予算案２件とも全員の賛成により、原案のとおり可決す
R4-6kaigiroku,2022,678,補正予算,きます。採決の結果につきましては、補正予算案２件とも全員の賛成により、原案のとおり可決す
R4-6kaigiroku,2022,679,予算,べきものと決定いたしました。以上で、予算決算委員会の報告とさせていただきます。
R4-6kaigiroku,2022,679,決算,べきものと決定いたしました。以上で、予算決算委員会の報告とさせていただきます。
R4-6kaigiroku,2022,689,予算,◎議案第２０号令和４年度御杖村一般会計補正予算(第１号)
R4-6kaigiroku,2022,689,補正予算,◎議案第２０号令和４年度御杖村一般会計補正予算(第１号)
R4-6kaigiroku,2022,694,予算,令和４年度御杖村一般会計補正予算第１号の議定についてを議題とし、討論を行います。討論
R4-6kaigiroku,2022,694,補正予算,令和４年度御杖村一般会計補正予算第１号の議定についてを議題とし、討論を行います。討論
R4-6kaigiroku,2022,702,予算,村一般会計補正予算第１号の議定については、委員長の報告のとおり可決されました。
R4-6kaigiroku,2022,702,補正予算,村一般会計補正予算第１号の議定については、委員長の報告のとおり可決されました。
R4-6kaigiroku,2022,712,予算,予算第１号の議定についてを議題とし、討論を行います。討論はありませんか。
R4-6kaigiroku,2022,719,予算,杖村国民健康保険特別会計補正予算第１号の議定については、委員長の報告のとおり可決され
R4-6kaigiroku,2022,719,補正予算,杖村国民健康保険特別会計補正予算第１号の議定については、委員長の報告のとおり可決され
R4-9giketukekka,2022,2,予算,●村長提出議案（予算６、条例１、決算５、人事３、報告２、計１７件）
R4-9giketukekka,2022,2,決算,●村長提出議案（予算６、条例１、決算５、人事３、報告２、計１７件）
R4-9giketukekka,2022,7,予算,令和４年度御杖村一般会計補正予算(第２号)）                   R４.9.１２   R４.9.１２   予算決算   R４.9.１６   承 認   R４.9.２２   承 認
R4-9giketukekka,2022,7,補正予算,令和４年度御杖村一般会計補正予算(第２号)）                   R４.9.１２   R４.9.１２   予算決算   R４.9.１６   承 認   R４.9.２２   承 認
R4-9giketukekka,2022,7,決算,令和４年度御杖村一般会計補正予算(第２号)）                   R４.9.１２   R４.9.１２   予算決算   R４.9.１６   承 認   R４.9.２２   承 認
R4-9giketukekka,2022,10,予算,令和４年度御杖村国民健康保険特別会計補正予算(第２号)）               〃         〃        〃       〃       〃       〃        〃
R4-9giketukekka,2022,10,補正予算,令和４年度御杖村国民健康保険特別会計補正予算(第２号)）               〃         〃        〃       〃       〃       〃        〃
R4-9giketukekka,2022,14,予算,議 案    令和４年度御杖村一般会計補正予算（第３号）の議定について               〃       R4.9.12   予算決算   R４.9.1６   可 決   R4.9.22    〃
R4-9giketukekka,2022,14,補正予算,議 案    令和４年度御杖村一般会計補正予算（第３号）の議定について               〃       R4.9.12   予算決算   R４.9.1６   可 決   R4.9.22    〃
R4-9giketukekka,2022,14,決算,議 案    令和４年度御杖村一般会計補正予算（第３号）の議定について               〃       R4.9.12   予算決算   R４.9.1６   可 決   R4.9.22    〃
R4-9giketukekka,2022,16,予算,議 案    令和４年度御杖村簡易水道事業特別会計補正予算(第１号)の議定について         〃         〃        〃       〃        〃      〃        〃
R4-9giketukekka,2022,16,補正予算,議 案    令和４年度御杖村簡易水道事業特別会計補正予算(第１号)の議定について         〃         〃        〃       〃        〃      〃        〃
R4-9giketukekka,2022,18,予算,議 案    令和４年度御杖村国民健康保険特別会計補正予算(第３号)の議定について         〃         〃        〃       〃        〃      〃        〃
R4-9giketukekka,2022,18,補正予算,議 案    令和４年度御杖村国民健康保険特別会計補正予算(第３号)の議定について         〃         〃        〃       〃        〃      〃        〃
R4-9giketukekka,2022,20,予算,議 案    令和４年度御杖村介護保険特別会計補正予算(第１号)の議定について           〃         〃        〃       〃        〃      〃        〃
R4-9giketukekka,2022,20,補正予算,議 案    令和４年度御杖村介護保険特別会計補正予算(第１号)の議定について           〃         〃        〃       〃        〃      〃        〃
R4-9giketukekka,2022,22,決算,認 定    令和４年度御杖村一般会計歳入歳出決算の認定について                  〃         〃        〃       〃       認 定     〃       認 定
R4-9giketukekka,2022,24,決算,認 定    令和４年度御杖村簡易水道事業特別会計歳入歳出決算の認定について            〃         〃        〃       〃        〃      〃        〃
R4-9giketukekka,2022,26,決算,認 定    令和４年度御杖村国民健康保険特別会計歳入歳出決算の認定について            〃         〃        〃       〃        〃      〃        〃
R4-9giketukekka,2022,28,決算,認 定    令和４年度御杖村介護保険特別会計歳入歳出決算の認定について              〃         〃        〃       〃        〃      〃        〃
R4-9giketukekka,2022,30,決算,認 定    令和４年度御杖村後期高齢者医療特別会計歳入歳出決算の認定について           〃         〃        〃       〃        〃      〃        〃
R4-9kaigiroku,2022,37,予算,（令和４年度御杖村一般会計補正予算(第２号)）
R4-9kaigiroku,2022,37,補正予算,（令和４年度御杖村一般会計補正予算(第２号)）
R4-9kaigiroku,2022,40,予算,（令和４年度御杖国民健康保険特別会計補正予算(第２号)）
R4-9kaigiroku,2022,40,補正予算,（令和４年度御杖国民健康保険特別会計補正予算(第２号)）
R4-9kaigiroku,2022,44,予算,◎議案第２３号令和４年度御杖村一般会計補正予算(第３号)の議定について
R4-9kaigiroku,2022,44,補正予算,◎議案第２３号令和４年度御杖村一般会計補正予算(第３号)の議定について
R4-9kaigiroku,2022,46,予算,◎議案第２４号令和４年度御杖村簡易水道事業特別会計補正予算(第１号)の議定について
R4-9kaigiroku,2022,46,補正予算,◎議案第２４号令和４年度御杖村簡易水道事業特別会計補正予算(第１号)の議定について
R4-9kaigiroku,2022,48,予算,◎議案第２５号令和４年度御杖村国民健康保険特別会計補正予算(第３号)の議定について
R4-9kaigiroku,2022,48,補正予算,◎議案第２５号令和４年度御杖村国民健康保険特別会計補正予算(第３号)の議定について
R4-9kaigiroku,2022,50,予算,◎議案第２６号令和４年度御杖村介護保険特別会計補正予算(第１号)の議定について
R4-9kaigiroku,2022,50,補正予算,◎議案第２６号令和４年度御杖村介護保険特別会計補正予算(第１号)の議定について
R4-9kaigiroku,2022,52,決算,◎認定第１号令和３年度御杖村一般会計歳入歳出決算の認定について、認定第２号令和３
R4-9kaigiroku,2022,53,決算,年度御杖村簡易水道事業特別会計歳入歳出決算の認定について、認定第３号令和３年度
R4-9kaigiroku,2022,54,決算,御杖村国民健康保険特別会計歳入歳出決算の認定について、認定第４号令和３年度御杖
R4-9kaigiroku,2022,55,決算,村介護特別会計歳入歳出決算の認定について、認定第５号令和３年度御杖村後期高齢者
R4-9kaigiroku,2022,56,決算,医療特別会計歳入歳出決算の認定について
R4-9kaigiroku,2022,88,予算,◎承認第５号専決処分の承認を求めることについて（令和４年度御杖村一般会計補正予算(第
R4-9kaigiroku,2022,88,補正予算,◎承認第５号専決処分の承認を求めることについて（令和４年度御杖村一般会計補正予算(第
R4-9kaigiroku,2022,90,予算,会計補正予算(第２号)）
R4-9kaigiroku,2022,90,補正予算,会計補正予算(第２号)）
R4-9kaigiroku,2022,93,予算,（令和４年度御杖村一般会計補正予算(第２号)）
R4-9kaigiroku,2022,93,補正予算,（令和４年度御杖村一般会計補正予算(第２号)）
R4-9kaigiroku,2022,96,予算,（令和４年度御杖国民健康保険特別会計補正予算(第２号)）
R4-9kaigiroku,2022,96,補正予算,（令和４年度御杖国民健康保険特別会計補正予算(第２号)）
R4-9kaigiroku,2022,98,予算,◎議案第２３号令和４年度御杖村一般会計補正予算(第３号)の議定について、議案第２４号
R4-9kaigiroku,2022,98,補正予算,◎議案第２３号令和４年度御杖村一般会計補正予算(第３号)の議定について、議案第２４号
R4-9kaigiroku,2022,99,予算,令和４年度御杖村簡易水道事業特別会計補正予算(第１号)の議定について、議案第２５号
R4-9kaigiroku,2022,99,補正予算,令和４年度御杖村簡易水道事業特別会計補正予算(第１号)の議定について、議案第２５号
R4-9kaigiroku,2022,100,予算,令和４年度御杖村国民健康保険特別会計補正予算(第３号)の議定について、議案第２６号
R4-9kaigiroku,2022,100,補正予算,令和４年度御杖村国民健康保険特別会計補正予算(第３号)の議定について、議案第２６号
R4-9kaigiroku,2022,101,予算,令和４年度御杖村介護保険特別会計補正予算(第１号)の議定について
R4-9kaigiroku,2022,101,補正予算,令和４年度御杖村介護保険特別会計補正予算(第１号)の議定について
R4-9kaigiroku,2022,103,予算,◎議案第２３号令和４年度御杖村一般会計補正予算(第３号)の議定について
R4-9kaigiroku,2022,103,補正予算,◎議案第２３号令和４年度御杖村一般会計補正予算(第３号)の議定について
R4-9kaigiroku,2022,105,予算,◎議案第２４号令和４年度御杖村簡易水道事業特別会計補正予算(第１号)の議定について
R4-9kaigiroku,2022,105,補正予算,◎議案第２４号令和４年度御杖村簡易水道事業特別会計補正予算(第１号)の議定について
R4-9kaigiroku,2022,107,予算,◎議案第２５号令和４年度御杖村国民健康保険特別会計補正予算(第３号)の議定について
R4-9kaigiroku,2022,107,補正予算,◎議案第２５号令和４年度御杖村国民健康保険特別会計補正予算(第３号)の議定について
R4-9kaigiroku,2022,109,予算,◎議案第２６号令和４年度御杖村介護保険特別会計補正予算(第１号)の議定について
R4-9kaigiroku,2022,109,補正予算,◎議案第２６号令和４年度御杖村介護保険特別会計補正予算(第１号)の議定について
R4-9kaigiroku,2022,111,決算,◎認定第１号令和３年度御杖村一般会計歳入歳出決算の認定について、認定第２号令和３
R4-9kaigiroku,2022,112,決算,年度御杖村簡易水道事業特別会計歳入歳出決算の認定について、認定第３号令和３年
R4-9kaigiroku,2022,113,決算,度御杖村国民健康保険特別会計歳入歳出決算の認定について、認定第４号令和３年度
R4-9kaigiroku,2022,114,決算,御杖村介護特別会計歳入歳出決算の認定について、認定第５号令和３年度御杖村後期
R4-9kaigiroku,2022,115,決算,高齢者医療特別会計歳入歳出決算の認定について
R4-9kaigiroku,2022,117,決算,◎認定第１号令和３年度御杖村一般会計歳入歳出決算の認定について
R4-9kaigiroku,2022,119,決算,◎認定第２号令和３年度御杖村簡易水道事業特別会計歳入歳出決算の認定について
R4-9kaigiroku,2022,121,決算,◎認定第３号令和３年度御杖村国民健康保険特別会計歳入歳出決算の認定について
R4-9kaigiroku,2022,123,決算,◎認定第４号令和３年度御杖村介護特別会計歳入歳出決算の認定について
R4-9kaigiroku,2022,125,決算,◎認定第５号令和３年度御杖村後期高齢者医療特別会計歳入歳出決算の認定について
R4-9kaigiroku,2022,150,予算,第６   承認第５号 [予算決算委員会付託]
R4-9kaigiroku,2022,150,決算,第６   承認第５号 [予算決算委員会付託]
R4-9kaigiroku,2022,152,予算,（令和４年度御杖村一般会計補正予算(第２号)）
R4-9kaigiroku,2022,152,補正予算,（令和４年度御杖村一般会計補正予算(第２号)）
R4-9kaigiroku,2022,153,予算,第７   承認第６号 [予算決算委員会付託]
R4-9kaigiroku,2022,153,決算,第７   承認第６号 [予算決算委員会付託]
R4-9kaigiroku,2022,155,予算,（令和４年度御杖村国民健康保険特別会計補正予算(第２号)）
R4-9kaigiroku,2022,155,補正予算,（令和４年度御杖村国民健康保険特別会計補正予算(第２号)）
R4-9kaigiroku,2022,158,予算,第９   議案第２３号 [予算決算委員会付託]
R4-9kaigiroku,2022,158,決算,第９   議案第２３号 [予算決算委員会付託]
R4-9kaigiroku,2022,159,予算,令和４年度御杖村一般会計補正予算(第３号)の議定について
R4-9kaigiroku,2022,159,補正予算,令和４年度御杖村一般会計補正予算(第３号)の議定について
R4-9kaigiroku,2022,160,予算,第 10 議案第２４号 ［予算決算委員会付託］
R4-9kaigiroku,2022,160,決算,第 10 議案第２４号 ［予算決算委員会付託］
R4-9kaigiroku,2022,161,予算,令和４年度御杖村簡易水道事業特別会計補正予算(第１号)の議定について
R4-9kaigiroku,2022,161,補正予算,令和４年度御杖村簡易水道事業特別会計補正予算(第１号)の議定について
R4-9kaigiroku,2022,162,予算,第 11 議案第２５号 ［予算決算委員会付託］
R4-9kaigiroku,2022,162,決算,第 11 議案第２５号 ［予算決算委員会付託］
R4-9kaigiroku,2022,163,予算,令和４年度御杖村国民健康保険特別会計補正予算(第３号)の議定について
R4-9kaigiroku,2022,163,補正予算,令和４年度御杖村国民健康保険特別会計補正予算(第３号)の議定について
R4-9kaigiroku,2022,164,予算,第 12 議案第２６号 [予算決算委員会付託]
R4-9kaigiroku,2022,164,決算,第 12 議案第２６号 [予算決算委員会付託]
R4-9kaigiroku,2022,165,予算,令和４年度御杖村介護会計補正予算(第１号)の議定について
R4-9kaigiroku,2022,165,補正予算,令和４年度御杖村介護会計補正予算(第１号)の議定について
R4-9kaigiroku,2022,166,予算,第 13 認定第１号 ［予算決算委員会付託］
R4-9kaigiroku,2022,166,決算,第 13 認定第１号 ［予算決算委員会付託］
R4-9kaigiroku,2022,167,決算,令和３年度御杖村一般会計歳入歳出決算の認定について
R4-9kaigiroku,2022,168,予算,第 14 認定第２号 ［予算決算委員会付託］
R4-9kaigiroku,2022,168,決算,第 14 認定第２号 ［予算決算委員会付託］
R4-9kaigiroku,2022,169,決算,令和３年度御杖簡易水道事業特別会計歳入歳出決算の認定について
R4-9kaigiroku,2022,170,予算,第 15 認定第３号 [予算決算委員会付託]
R4-9kaigiroku,2022,170,決算,第 15 認定第３号 [予算決算委員会付託]
R4-9kaigiroku,2022,171,決算,令和３年度御杖村国民健康保険特別会計歳入歳出決算の認定について
R4-9kaigiroku,2022,172,予算,第 16 認定第４号 ［予算決算委員会付託］
R4-9kaigiroku,2022,172,決算,第 16 認定第４号 ［予算決算委員会付託］
R4-9kaigiroku,2022,173,決算,令和３年度御杖村介護特別会計歳入歳出決算の認定について
R4-9kaigiroku,2022,174,予算,第 17 認定第５号 ［予算決算委員会付託］
R4-9kaigiroku,2022,174,決算,第 17 認定第５号 ［予算決算委員会付託］
R4-9kaigiroku,2022,175,決算,令和３年度御杖村後期高齢者医療特別会計歳入歳出決算の認定について
R4-9kaigiroku,2022,264,予算,開会、全員協議会を１３日午前９時３０分開会、予算決算委員会を１６日午前９時３０分開会、続会
R4-9kaigiroku,2022,264,決算,開会、全員協議会を１３日午前９時３０分開会、予算決算委員会を１６日午前９時３０分開会、続会
R4-9kaigiroku,2022,267,予算,日程および議事進行の取り扱いについて協議を行い、専決を含む補正予算６件及び決算認定５件
R4-9kaigiroku,2022,267,補正予算,日程および議事進行の取り扱いについて協議を行い、専決を含む補正予算６件及び決算認定５件
R4-9kaigiroku,2022,267,決算,日程および議事進行の取り扱いについて協議を行い、専決を含む補正予算６件及び決算認定５件
R4-9kaigiroku,2022,268,予算,は予算決算委員会へそれぞれ付託し、条例の一部改正１件、人事諮問１件、人事同意２件、報告２
R4-9kaigiroku,2022,268,決算,は予算決算委員会へそれぞれ付託し、条例の一部改正１件、人事諮問１件、人事同意２件、報告２
R4-9kaigiroku,2022,311,取得,カードの取得を促進するため、１２月末までにマイナンバーカードを取得した方を対象として、ひと
R4-9kaigiroku,2022,315,予算,施したく、ワクチン追加接種に係る経費とあわせて、今回の一般会計補正予算に計上させていた
R4-9kaigiroku,2022,315,補正予算,施したく、ワクチン追加接種に係る経費とあわせて、今回の一般会計補正予算に計上させていた
R4-9kaigiroku,2022,327,予算,て、三重県からも説明があり、これまでの事業予算が年間数億円であったところ、昨年度から大幅
R4-9kaigiroku,2022,329,予算,等、まだまだ改良が必要な箇所は残っているところですが、大幅な予算アップをされたということ
R4-9kaigiroku,2022,332,決算,ろしくお願いしたいと思います。結びに、本定例会には、決算認定をはじめ、条例改正や補正予
R4-9kaigiroku,2022,384,入札,ております。ちょうど、リニューアル事業の実施計画につきまして、ただ今入札の進めをしていると
R4-9kaigiroku,2022,391,予算,（令和４年度御杖村一般会計補正予算(第２号)）
R4-9kaigiroku,2022,391,補正予算,（令和４年度御杖村一般会計補正予算(第２号)）
R4-9kaigiroku,2022,395,予算,年度御杖村一般会計補正予算第２号を議題と致します。本案について、提案理由の説明を求め
R4-9kaigiroku,2022,395,補正予算,年度御杖村一般会計補正予算第２号を議題と致します。本案について、提案理由の説明を求め
R4-9kaigiroku,2022,402,予算,に予算措置が必要となったことから、去る７月８日に専決処分をいたしましたので、承認をお願
R4-9kaigiroku,2022,408,予算,委員長の報告のとおり、全員協議会で詳細な説明を受け、予算決算委員会に付託することにした
R4-9kaigiroku,2022,408,決算,委員長の報告のとおり、全員協議会で詳細な説明を受け、予算決算委員会に付託することにした
R4-9kaigiroku,2022,412,予算,求めることについて、令和４年度御杖村一般会計補正予算第２号は、予算決算委員会に付託す
R4-9kaigiroku,2022,412,補正予算,求めることについて、令和４年度御杖村一般会計補正予算第２号は、予算決算委員会に付託す
R4-9kaigiroku,2022,412,決算,求めることについて、令和４年度御杖村一般会計補正予算第２号は、予算決算委員会に付託す
R4-9kaigiroku,2022,416,予算,（令和４年度御杖村国民健康保険特別会計補正予算(第２号)）
R4-9kaigiroku,2022,416,補正予算,（令和４年度御杖村国民健康保険特別会計補正予算(第２号)）
R4-9kaigiroku,2022,420,予算,年度御杖村国民健康保険特別会計補正予算第２号を議題と致します。本案について、提案理由
R4-9kaigiroku,2022,420,補正予算,年度御杖村国民健康保険特別会計補正予算第２号を議題と致します。本案について、提案理由
R4-9kaigiroku,2022,428,予算,正予算の専決処分をしましたので、ご承認のほどお願いします。
R4-9kaigiroku,2022,433,予算,委員長の報告のとおり、全員協議会で詳細な説明を受け、予算決算委員会に付託することにした
R4-9kaigiroku,2022,433,決算,委員長の報告のとおり、全員協議会で詳細な説明を受け、予算決算委員会に付託することにした
R4-9kaigiroku,2022,438,予算,求めることについて、令和４年度御杖村国民健康保険特別会計補正予算第２号は、予算決算委
R4-9kaigiroku,2022,438,補正予算,求めることについて、令和４年度御杖村国民健康保険特別会計補正予算第２号は、予算決算委
R4-9kaigiroku,2022,438,決算,求めることについて、令和４年度御杖村国民健康保険特別会計補正予算第２号は、予算決算委
R4-9kaigiroku,2022,451,取得,公務員の育児休業等に関する法律の一部改正に伴い、育児休業等の取得要件の緩和及び勤務
R4-9kaigiroku,2022,457,取得,し上げます。先ず、非常勤職員が育児休業を取得する場合は、その子が１歳６ヶ月に達する日ま
R4-9kaigiroku,2022,461,取得,のみ取得可能となっていましたが、これを各期間を２回に分けて取得可能としました。また１歳から
R4-9kaigiroku,2022,463,取得,した取得開始時点、これを柔軟化することにより、夫婦交替で取得することが可能となるよう改正を
R4-9kaigiroku,2022,465,取得,ら５７日、また５７日から３歳までの各期間について、法改正により原則２回まで分割取得が可能と
R4-9kaigiroku,2022,466,取得,なったことから、これまで必要でありました再度の育児休業取得に係る申し出及び３ヶ月の経過期
R4-9kaigiroku,2022,484,予算,◎議案第２３号令和４年度御杖村一般会計補正予算(第３号)）の
R4-9kaigiroku,2022,484,補正予算,◎議案第２３号令和４年度御杖村一般会計補正予算(第３号)）の
R4-9kaigiroku,2022,488,予算,○副議長(葛城昌俊君):次に、日程第９議案第２３号、令和４年度御杖村一般会計補正予算第３号
R4-9kaigiroku,2022,488,補正予算,○副議長(葛城昌俊君):次に、日程第９議案第２３号、令和４年度御杖村一般会計補正予算第３号
R4-9kaigiroku,2022,494,決算,の決算収支に合わせ繰越金の増額補正を行い、歳出においては、基金積立金の増額と、マイナ
R4-9kaigiroku,2022,494,基金,の決算収支に合わせ繰越金の増額補正を行い、歳出においては、基金積立金の増額と、マイナ
R4-9kaigiroku,2022,494,繰越,の決算収支に合わせ繰越金の増額補正を行い、歳出においては、基金積立金の増額と、マイナ
R4-9kaigiroku,2022,501,予算,委員長の報告のとおり、全員協議会で詳細な説明を受け、予算決算委員会に付託することにした
R4-9kaigiroku,2022,501,決算,委員長の報告のとおり、全員協議会で詳細な説明を受け、予算決算委員会に付託することにした
R4-9kaigiroku,2022,505,予算,一般会計補正予算第３号の議定については、予算決算委員会に付託することに決定しました。
R4-9kaigiroku,2022,505,補正予算,一般会計補正予算第３号の議定については、予算決算委員会に付託することに決定しました。
R4-9kaigiroku,2022,505,決算,一般会計補正予算第３号の議定については、予算決算委員会に付託することに決定しました。
R4-9kaigiroku,2022,508,予算,予算(第１号)の議定について
R4-9kaigiroku,2022,512,予算,補正予算第１号の議定についてを議題と致します。本案について、提案理由の説明を求めます。
R4-9kaigiroku,2022,512,補正予算,補正予算第１号の議定についてを議題と致します。本案について、提案理由の説明を求めます。
R4-9kaigiroku,2022,517,決算,総額を１億４，３３６万１千円とするものです。主な内容ですが、歳入では、３年度の決算収支により
R4-9kaigiroku,2022,518,繰越,繰越金を増額補正し、歳出では、公営企業会計への移行に向けたシステム導入経費の計上と、
R4-9kaigiroku,2022,519,基金,基金への積立金を増額するものです。ご審議の程、よろしくお願いいたします。
R4-9kaigiroku,2022,525,予算,委員長の報告のとおり、全員協議会で詳細な説明を受け、予算決算委員会に付託することにした
R4-9kaigiroku,2022,525,決算,委員長の報告のとおり、全員協議会で詳細な説明を受け、予算決算委員会に付託することにした
R4-9kaigiroku,2022,529,予算,村簡易水道事業特別会計補正予算第１号の議定については、予算決算委員会に付託することに
R4-9kaigiroku,2022,529,補正予算,村簡易水道事業特別会計補正予算第１号の議定については、予算決算委員会に付託することに
R4-9kaigiroku,2022,529,決算,村簡易水道事業特別会計補正予算第１号の議定については、予算決算委員会に付託することに
R4-9kaigiroku,2022,534,予算,予算(第３号)の議定について
R4-9kaigiroku,2022,538,予算,補正予算第３号の議定についてを議題と致します。本案について、提案理由の説明を求めます。
R4-9kaigiroku,2022,538,補正予算,補正予算第３号の議定についてを議題と致します。本案について、提案理由の説明を求めます。
R4-9kaigiroku,2022,544,繰越,度繰越金の増額に伴い、一般会計からの繰入金を減額する調整を行い、歳出では、電子カルテ
R4-9kaigiroku,2022,550,予算,委員長の報告のとおり、全員協議会で詳細な説明を受け、予算決算委員会に付託することにした
R4-9kaigiroku,2022,550,決算,委員長の報告のとおり、全員協議会で詳細な説明を受け、予算決算委員会に付託することにした
R4-9kaigiroku,2022,554,予算,村国民健康保険特別会計補正予算第３号の議定については、予算決算委員会に付託することに
R4-9kaigiroku,2022,554,補正予算,村国民健康保険特別会計補正予算第３号の議定については、予算決算委員会に付託することに
R4-9kaigiroku,2022,554,決算,村国民健康保険特別会計補正予算第３号の議定については、予算決算委員会に付託することに
R4-9kaigiroku,2022,558,予算,◎議案第２６号令和４年度御杖村介護保険特別会計補正予算
R4-9kaigiroku,2022,558,補正予算,◎議案第２６号令和４年度御杖村介護保険特別会計補正予算
R4-9kaigiroku,2022,564,予算,予算第１号の議定についてを議題と致します。本案について、提案理由の説明を求めます。伊藤
R4-9kaigiroku,2022,569,決算,の総額を４億８，１４８万３千円とするものでございます。主な内容ですが、歳入では、３年度の決算
R4-9kaigiroku,2022,570,補助金,収支に伴う繰越金の増額を行い、歳出では、介護給付に係る前年度補助金の精算より返還の必
R4-9kaigiroku,2022,570,繰越,収支に伴う繰越金の増額を行い、歳出では、介護給付に係る前年度補助金の精算より返還の必
R4-9kaigiroku,2022,576,予算,委員長の報告のとおり、全員協議会で詳細な説明を受け、予算決算委員会に付託することにした
R4-9kaigiroku,2022,576,決算,委員長の報告のとおり、全員協議会で詳細な説明を受け、予算決算委員会に付託することにした
R4-9kaigiroku,2022,580,予算,村介護保険特別会計補正予算第１号の議定については、予算決算委員会に付託することに決定
R4-9kaigiroku,2022,580,補正予算,村介護保険特別会計補正予算第１号の議定については、予算決算委員会に付託することに決定
R4-9kaigiroku,2022,580,決算,村介護保険特別会計補正予算第１号の議定については、予算決算委員会に付託することに決定
R4-9kaigiroku,2022,584,決算,◎認定第１号令和３年度御杖村一般会計歳入歳出決算の認定
R4-9kaigiroku,2022,586,決算,計歳入歳出決算の認定について、認定第３号令和３年度御杖
R4-9kaigiroku,2022,587,決算,村国民健康保険特別会計歳入歳出決算の認定について、認
R4-9kaigiroku,2022,588,決算,定第４号令和３年度御杖村介護保険特別会計歳入歳出決算
R4-9kaigiroku,2022,590,決算,療特別会計歳入歳出決算の認定について
R4-9kaigiroku,2022,593,決算,○副議長(葛城昌俊君):次に、日程第１３認定第１号、令和３年度御杖村一般会計歳入歳出決算の
R4-9kaigiroku,2022,594,決算,認定について、日程第１４認定第２号、令和３年度御杖村簡易水道事業特別会計歳入歳出決算
R4-9kaigiroku,2022,596,決算,算の認定について、日程第１６認定第４号、令和３年度御杖村介護保険特別会計歳入歳出決算
R4-9kaigiroku,2022,598,決算,決算の認定について、以上５議案は、令和３年度各会計決算の案件ですので、一括議題としま
R4-9kaigiroku,2022,599,決算,す。まず、一般会計決算について、説明を求めます。伊藤村長。
R4-9kaigiroku,2022,601,決算,村一般会計歳入歳出決算について認定をお願いするものです。決算の額でございますが、歳入
R4-9kaigiroku,2022,607,決算,○会計管理者(今井智君):はい。議長。失礼します。令和３年度一般会計決算について、本日提案
R4-9kaigiroku,2022,608,決算,を致しました概要につきまして、決算の内容に関する説明書をお配りさせて頂いておりますので、
R4-9kaigiroku,2022,610,予算,一般会計決算の概要、予算の執行にあたって、計上した歳入については財源の確保に努め、歳
R4-9kaigiroku,2022,610,決算,一般会計決算の概要、予算の執行にあたって、計上した歳入については財源の確保に努め、歳
R4-9kaigiroku,2022,611,決算,出については経費の節減と執行の効率化に努めた結果、令和３年度の一般会計歳入歳出決算
R4-9kaigiroku,2022,612,決算,額は、決算書の１１９ページの実質収支に関する調書のとおり、歳入総額２９億７，２３６万６，５１２
R4-9kaigiroku,2022,614,繰越,差引額から、繰越明許費によって翌年度へ繰り越すべき財源、９８６万５千円を差し引いた、１億
R4-9kaigiroku,2022,615,決算,６，７７６万４，３５４円の黒字となりました。歳入決算の状況について、令和３年度の歳入総額は、２
R4-9kaigiroku,2022,618,繰越,出金４億９，７８２万３千円、同１６．７％、繰越金２億４６３万５千円、同６．９％、村税１億１，２９１万６
R4-9kaigiroku,2022,620,決算,歳入決算の内訳のとおりでございますが、朗読は省略させて頂きます。これを前年度決算額と比
R4-9kaigiroku,2022,624,決算,千円、１．５％の増額となりました。それぞれの税の状況は次のページ、３ページ、第２表村税決算
R4-9kaigiroku,2022,634,基金,債償還基金費の追加交付により１億８，００３万５千円の増額となりました。また、交付税の振替措
R4-9kaigiroku,2022,639,補助金,なりました。国庫支出金では、特別定額給付金給付事業補助金、新型コロナウイルス感染症対応
R4-9kaigiroku,2022,642,財産,財産収入は、５４３万円で前年度に比べて３０３万２千円、３５．８％の減額となりました。村債管理
R4-9kaigiroku,2022,643,基金,基金において高利率の債券が満期償還となったことによる利息収入の減少及び消防車両の売却
R4-9kaigiroku,2022,644,基金,資産売上収入の減収が減額の主な要因です。令和３年度末における基金の現金保有残高は３７
R4-9kaigiroku,2022,646,基金,億１，０７７万２千円で、各基金別の内訳は６ページの第６表のとおりです。繰越金は、２億４６３万５
R4-9kaigiroku,2022,646,繰越,億１，０７７万２千円で、各基金別の内訳は６ページの第６表のとおりです。繰越金は、２億４６３万５
R4-9kaigiroku,2022,659,決算,覧下さい。一般単独事事業債防災対策事業、１００万円。歳出決算の状況について、令和３年度
R4-9kaigiroku,2022,661,決算,目的別決算の主な内訳は、第７表のとおり総務費７億６，６９４万２千円、構成比２７．４％、教育費６
R4-9kaigiroku,2022,663,決算,円、同７．４％となりました。前年度決算と比較して増額となった項目では、教育費が統合学校ネッ
R4-9kaigiroku,2022,666,工事,改修工事により４，０８３万１千円の増、衛生費が健康管理システム導入業務委託事業及び新型コ
R4-9kaigiroku,2022,671,工事,減により７，０１３万３千円、２５．３％の減少、商工費が観光施設トイレ洋式化工事、事業継続支援
R4-9kaigiroku,2022,673,基金,円、４２，６％の減少、農林水産業費が森林環境整備基金積立及び施業放置林事業の減により
R4-9kaigiroku,2022,674,決算,２，６５７万５千円、１９．０％の減少となりました。９ページをご覧下さい。性質別決算の主な内訳
R4-9kaigiroku,2022,678,決算,前年度決算額と比較しますと、人件費は、地域おこし協力隊事業、育成塾事業及び衆議院議員
R4-9kaigiroku,2022,691,基金,０万円、１００．０％の減額となりました。積立金は、財政調整基金への積立金の増額等により２億
R4-9kaigiroku,2022,700,決算,上で一般会計決算の概要説明を終わらせて頂きます。詳細につきましては、決算事項別明細書
R4-9kaigiroku,2022,702,決算,○副議長(葛城昌俊君):次に、特別会計決算を一括して、説明を求めます。伊藤村長。
R4-9kaigiroku,2022,707,決算,令和３年度歳入歳出決算ついて、認定をお願いするものでございます。それぞれの決算概要に
R4-9kaigiroku,2022,711,決算,○会計管理者(今井智君): 失礼します。令和３年度特別会計決算につきまして決算の内容に関す
R4-9kaigiroku,2022,712,決算,る説明書１２ページをご覧下さい。第１１表のとおり特別会計決算の状況でございます。１枚めくっ
R4-9kaigiroku,2022,731,基金,準備基金積立金が増加したため９５４万１千円の増額となりました。後期高齢者医療特別会計は、
R4-9kaigiroku,2022,741,決算,用を行い、財政負担の軽減に努めています。以上で特別会計の決算の概要並びに村債の状況
R4-9kaigiroku,2022,742,決算,についての説明を終わらせていただきますが、一般会計同様、詳細につきましては、決算事項別
R4-9kaigiroku,2022,744,決算,○副議長(葛城昌俊君):ここで、令和３年度一般会計及び特別会計の決算について、監査委員に決
R4-9kaigiroku,2022,748,決算,○６番(山岡隆良君):お手元の令和３年度御杖村一般会計、特別会計の決算審査意見書をご覧い
R4-9kaigiroku,2022,749,決算,ただきたいと思います。この決算審査につきましては、去る８月２２日に、片桐監査委員とともに審
R4-9kaigiroku,2022,750,決算,査を実施させて頂きました。決算審査意見書の各諸表の朗読は省略させて頂き、７ページの決算
R4-9kaigiroku,2022,751,決算,審査結論の朗読をもって報告に代えさせて頂きたいと思います。令和３年度決算審査結論、地方
R4-9kaigiroku,2022,761,予算,対応され、効果的、効率的な予算の執行に努められたい。最後に、第４次長期総合計画の着実な
R4-9kaigiroku,2022,763,決算,め職員が一丸となって取り組みを実施されるようお願いし、令和３年度決算審査の結論とさせてい
R4-9kaigiroku,2022,766,決算,より決算審査に係る意見をいただきました。これから決算５議案について一括して、統括的質疑を
R4-9kaigiroku,2022,770,決算,○副議長(葛城昌俊君):質疑なしと認めます。これで質疑を終わります。各会計決算の認定議案に
R4-9kaigiroku,2022,771,予算,ついても、議会運営委員会の報告のとおり、全員協議会で詳細な説明を受け、一括して予算決算
R4-9kaigiroku,2022,771,決算,ついても、議会運営委員会の報告のとおり、全員協議会で詳細な説明を受け、一括して予算決算
R4-9kaigiroku,2022,775,決算,第５号までの令和３年度における一般会計歳入歳出決算及び各特別会計歳入歳出決算の認定
R4-9kaigiroku,2022,776,予算,については、予算決算委員会に付託することに決定しました。
R4-9kaigiroku,2022,776,決算,については、予算決算委員会に付託することに決定しました。
R4-9kaigiroku,2022,891,予算,２カ年にわたる継続費予算で事業を行いました小中学校統合校舎整備事業費につきまして、精
R4-9kaigiroku,2022,894,工事,た。主たる支出となる本体工事費は８億８千万円で、令和２年８月２５日に一般競争入札を行い村
R4-9kaigiroku,2022,894,入札,た。主たる支出となる本体工事費は８億８千万円で、令和２年８月２５日に一般競争入札を行い村
R4-9kaigiroku,2022,895,契約,本・松塚特定建設工事共同企業体が落札し、令和２年９月３日に契約議案を可決いただき工事を
R4-9kaigiroku,2022,895,工事,本・松塚特定建設工事共同企業体が落札し、令和２年９月３日に契約議案を可決いただき工事を
R4-9kaigiroku,2022,896,工事,行いました。各年度の支出内訳は、１万円単位での説明となりますが、令和２年度が、本体工事費
R4-9kaigiroku,2022,897,工事,４億４千万円、工事監理費９３５万円、旧小学校を仮校舎として使用するための施設改修費やパソ
R4-9kaigiroku,2022,900,工事,本体工事費４億４千万円、工事監理費９３５万円、備品購入費が、家具カーテン電子黒板電話設
R4-9kaigiroku,2022,901,工事,備など合わせて１，６８７万円、物品移転費２９６万円、廃棄物処分費３０３万円、付帯工事費２５８
R4-9kaigiroku,2022,904,補助金,しまして、国の補助金が２億７，４３８万８千円、内訳比率２９．２％、地方債が６億４，１１５万円、内
R4-9kaigiroku,2022,1027,予算,（令和４年度御杖村一般会計補正予算(第２号)）
R4-9kaigiroku,2022,1027,補正予算,（令和４年度御杖村一般会計補正予算(第２号)）
R4-9kaigiroku,2022,1030,予算,（令和４年度御杖村国民健康保険特別会計補正予算(第２号)）
R4-9kaigiroku,2022,1030,補正予算,（令和４年度御杖村国民健康保険特別会計補正予算(第２号)）
R4-9kaigiroku,2022,1032,予算,令和４年度御杖村一般会計補正予算(第３号)の議定について
R4-9kaigiroku,2022,1032,補正予算,令和４年度御杖村一般会計補正予算(第３号)の議定について
R4-9kaigiroku,2022,1034,予算,令和４年度御杖村簡易水道事業特別会計補正予算（第１号）の議定について
R4-9kaigiroku,2022,1034,補正予算,令和４年度御杖村簡易水道事業特別会計補正予算（第１号）の議定について
R4-9kaigiroku,2022,1036,予算,令和４年度御杖村国民健康保険特別会計補正予算(第３号)の議定について
R4-9kaigiroku,2022,1036,補正予算,令和４年度御杖村国民健康保険特別会計補正予算(第３号)の議定について
R4-9kaigiroku,2022,1038,予算,令和４年度御杖村介護保険特別会計補正予算(第１号)の議定について
R4-9kaigiroku,2022,1038,補正予算,令和４年度御杖村介護保険特別会計補正予算(第１号)の議定について
R4-9kaigiroku,2022,1040,決算,令和３年度御杖村一般会計歳入歳出決算の認定について
R4-9kaigiroku,2022,1042,決算,令和３年度御杖村簡易水道事業特別会計歳入歳出決算の認定について
R4-9kaigiroku,2022,1044,決算,令和３年度御杖村国民健康保険特別会計歳入歳出決算の認定について
R4-9kaigiroku,2022,1046,決算,令和３年度御杖村介護保険特別会計歳入歳出決算の認定について
R4-9kaigiroku,2022,1048,決算,令和３年度御杖村後期高齢者医療特別会計歳入歳出決算の認定について
R4-9kaigiroku,2022,1101,予算,度御杖村一般会計補正予算(第２号)）、承認第６号専決処分
R4-9kaigiroku,2022,1101,補正予算,度御杖村一般会計補正予算(第２号)）、承認第６号専決処分
R4-9kaigiroku,2022,1103,予算,険特別会計補正予算(第２号)）
R4-9kaigiroku,2022,1103,補正予算,険特別会計補正予算(第２号)）
R4-9kaigiroku,2022,1107,予算,年度御杖村一般会計補正予算第２号、日程第２､承認第６号専決処分の承認を求めることについ
R4-9kaigiroku,2022,1107,補正予算,年度御杖村一般会計補正予算第２号、日程第２､承認第６号専決処分の承認を求めることについ
R4-9kaigiroku,2022,1108,予算,て、令和４年度御杖村国民健康保険特別会計補正予算第２号の２件につきましては、予算決算
R4-9kaigiroku,2022,1108,補正予算,て、令和４年度御杖村国民健康保険特別会計補正予算第２号の２件につきましては、予算決算
R4-9kaigiroku,2022,1108,決算,て、令和４年度御杖村国民健康保険特別会計補正予算第２号の２件につきましては、予算決算
R4-9kaigiroku,2022,1113,予算,○６番(山岡隆良君):予算決算委員会を代表しまして、当委員会に付託されました、承認第５号及び
R4-9kaigiroku,2022,1113,決算,○６番(山岡隆良君):予算決算委員会を代表しまして、当委員会に付託されました、承認第５号及び
R4-9kaigiroku,2022,1115,予算,の経緯でございますが、去る９月１２日の本会議におきまして、専決処分による補正予算２件及び
R4-9kaigiroku,2022,1115,補正予算,の経緯でございますが、去る９月１２日の本会議におきまして、専決処分による補正予算２件及び
R4-9kaigiroku,2022,1116,予算,補正予算４件、決算認定５件の合計１１件の案件が付託されたことにより、９月１６日に予算決算委
R4-9kaigiroku,2022,1116,補正予算,補正予算４件、決算認定５件の合計１１件の案件が付託されたことにより、９月１６日に予算決算委
R4-9kaigiroku,2022,1116,決算,補正予算４件、決算認定５件の合計１１件の案件が付託されたことにより、９月１６日に予算決算委
R4-9kaigiroku,2022,1122,予算,で、予算決算委員会の報告とさせていただきます。
R4-9kaigiroku,2022,1122,決算,で、予算決算委員会の報告とさせていただきます。
R4-9kaigiroku,2022,1132,予算,（令和４年度御杖村一般会計補正予算(第２号)）
R4-9kaigiroku,2022,1132,補正予算,（令和４年度御杖村一般会計補正予算(第２号)）
R4-9kaigiroku,2022,1136,予算,専決処分の承認を求めることについて、令和４年度御杖村一般会計補正予算第２号を議題とし、
R4-9kaigiroku,2022,1136,補正予算,専決処分の承認を求めることについて、令和４年度御杖村一般会計補正予算第２号を議題とし、
R4-9kaigiroku,2022,1144,予算,承認を求めることについて、令和４年度御杖村一般会計補正予算第２号は、委員長の報告のとお
R4-9kaigiroku,2022,1144,補正予算,承認を求めることについて、令和４年度御杖村一般会計補正予算第２号は、委員長の報告のとお
R4-9kaigiroku,2022,1149,予算,（令和４年度御杖村国民健康保険特別会計補正予算(第２号)）
R4-9kaigiroku,2022,1149,補正予算,（令和４年度御杖村国民健康保険特別会計補正予算(第２号)）
R4-9kaigiroku,2022,1153,予算,年度御杖村国民健康保険特別会計補正予算第２号を議題とし、討論を行います。討論はありま
R4-9kaigiroku,2022,1153,補正予算,年度御杖村国民健康保険特別会計補正予算第２号を議題とし、討論を行います。討論はありま
R4-9kaigiroku,2022,1161,予算,承認を求めることについて、令和４年度御杖村国民健康保険特別会計補正予算第２号は、委員
R4-9kaigiroku,2022,1161,補正予算,承認を求めることについて、令和４年度御杖村国民健康保険特別会計補正予算第２号は、委員
R4-9kaigiroku,2022,1165,予算,◎議案第２３号令和４年度御杖村一般会計補正予算(第３号)の
R4-9kaigiroku,2022,1165,補正予算,◎議案第２３号令和４年度御杖村一般会計補正予算(第３号)の
R4-9kaigiroku,2022,1167,予算,業特別会計補正予算(第１号)の議定について、議案第２５号
R4-9kaigiroku,2022,1167,補正予算,業特別会計補正予算(第１号)の議定について、議案第２５号
R4-9kaigiroku,2022,1168,予算,令和４年度御杖村国民健康保険特別会計補正予算(第３号)
R4-9kaigiroku,2022,1168,補正予算,令和４年度御杖村国民健康保険特別会計補正予算(第３号)
R4-9kaigiroku,2022,1170,予算,特別会計補正予算(第１号)の議定について
R4-9kaigiroku,2022,1170,補正予算,特別会計補正予算(第１号)の議定について
R4-9kaigiroku,2022,1173,予算,○副議長(葛城昌俊君):次に、日程第３､議案２３号令和４年度御杖村一般会計補正予算第３号の議
R4-9kaigiroku,2022,1173,補正予算,○副議長(葛城昌俊君):次に、日程第３､議案２３号令和４年度御杖村一般会計補正予算第３号の議
R4-9kaigiroku,2022,1174,予算,定について、日程第４､議案第２４号令和４年度御杖村簡易水道事業特別会計補正予算第１号の
R4-9kaigiroku,2022,1174,補正予算,定について、日程第４､議案第２４号令和４年度御杖村簡易水道事業特別会計補正予算第１号の
R4-9kaigiroku,2022,1175,予算,議定について、日程第５､議案第２５号令和４年度御杖村国民健康保険特別会計補正予算第３号
R4-9kaigiroku,2022,1175,補正予算,議定について、日程第５､議案第２５号令和４年度御杖村国民健康保険特別会計補正予算第３号
R4-9kaigiroku,2022,1176,予算,の議定について、日程第６､議案第２６号令和４年度御杖村介護保険特別会計補正予算第１号の
R4-9kaigiroku,2022,1176,補正予算,の議定について、日程第６､議案第２６号令和４年度御杖村介護保険特別会計補正予算第１号の
R4-9kaigiroku,2022,1177,予算,議定について以上の４件につきましては、予算決算委員会へ付託した案件でございます。これを
R4-9kaigiroku,2022,1177,決算,議定について以上の４件につきましては、予算決算委員会へ付託した案件でございます。これを
R4-9kaigiroku,2022,1182,予算,○６番(山岡隆良君):それでは、議案第２３号から議案第２６号の補正予算４件につきまして、一括し
R4-9kaigiroku,2022,1182,補正予算,○６番(山岡隆良君):それでは、議案第２３号から議案第２６号の補正予算４件につきまして、一括し
R4-9kaigiroku,2022,1187,予算,つきましては、補正予算４件ともに全員の賛成により、原案のとおり可決すべきものと決定いたしま
R4-9kaigiroku,2022,1187,補正予算,つきましては、補正予算４件ともに全員の賛成により、原案のとおり可決すべきものと決定いたしま
R4-9kaigiroku,2022,1188,予算,した。以上で、予算決算委員会の報告とさせていただきます。
R4-9kaigiroku,2022,1188,決算,した。以上で、予算決算委員会の報告とさせていただきます。
R4-9kaigiroku,2022,1195,予算,◎議案第２３号令和４年度御杖村一般会計補正予算(第３号)の
R4-9kaigiroku,2022,1195,補正予算,◎議案第２３号令和４年度御杖村一般会計補正予算(第３号)の
R4-9kaigiroku,2022,1200,予算,号令和４年度御杖村一般会計補正予算第３号の議定についてを議題とし、討論を行います。討
R4-9kaigiroku,2022,1200,補正予算,号令和４年度御杖村一般会計補正予算第３号の議定についてを議題とし、討論を行います。討
R4-9kaigiroku,2022,1208,予算,御杖村一般会計補正予算第３号の議定については、委員長の報告のとおり可決されました。
R4-9kaigiroku,2022,1208,補正予算,御杖村一般会計補正予算第３号の議定については、委員長の報告のとおり可決されました。
R4-9kaigiroku,2022,1212,予算,予算(第１号)の議定について
R4-9kaigiroku,2022,1218,予算,正予算第１号の議定についてを議題とし、討論を行います。討論はありませんか。
R4-9kaigiroku,2022,1225,予算,御杖村簡易水道事業特別会計補正予算第１号の議定については、委員長の報告のとおり可決さ
R4-9kaigiroku,2022,1225,補正予算,御杖村簡易水道事業特別会計補正予算第１号の議定については、委員長の報告のとおり可決さ
R4-9kaigiroku,2022,1230,予算,予算(第３号)の議定について
R4-9kaigiroku,2022,1234,予算,正予算第３号の議定についてを議題とし、討論を行います。討論はありませんか。
R4-9kaigiroku,2022,1241,予算,御杖村国民健康保険特別会計補正予算(第３号)の議定については、委員長の報告のとおり可決
R4-9kaigiroku,2022,1241,補正予算,御杖村国民健康保険特別会計補正予算(第３号)の議定については、委員長の報告のとおり可決
R4-9kaigiroku,2022,1245,予算,◎議案第２６号令和４年度御杖村介護保険特別会計補正予算
R4-9kaigiroku,2022,1245,補正予算,◎議案第２６号令和４年度御杖村介護保険特別会計補正予算
R4-9kaigiroku,2022,1257,予算,御杖村介護保険特別会計補正予算第１号の議定については、委員長の報告のとおり可決されま
R4-9kaigiroku,2022,1257,補正予算,御杖村介護保険特別会計補正予算第１号の議定については、委員長の報告のとおり可決されま
R4-9kaigiroku,2022,1261,決算,◎認定第１号令和３年度御杖村一般会計歳入歳出決算の
R4-9kaigiroku,2022,1263,決算,事業特別会計歳入歳出決算の認定について、認定第３号
R4-9kaigiroku,2022,1264,決算,令和３年度御杖村国民健康保険特別会計歳入歳出決算
R4-9kaigiroku,2022,1266,決算,特別会計歳入歳出決算の認定について、認定第５号令和
R4-9kaigiroku,2022,1267,決算,３年度御杖村後期高齢者医療特別会計歳入歳出決算の
R4-9kaigiroku,2022,1271,決算,○副議長(葛城昌俊君):次に、日程第７､認定第１号令和３年度御杖村一般会計歳入歳出決算の認
R4-9kaigiroku,2022,1272,決算,定について、日程第８､認定第２号令和３年度御杖村簡易水道事業特別会計歳入歳出決算の認
R4-9kaigiroku,2022,1273,決算,定について、日程第９､認定第３号令和３年度御杖村国民健康保険特別会計歳入歳出決算の
R4-9kaigiroku,2022,1274,決算,認定について、日程第１０､認定第４号令和３年度御杖村介護保険特別会計歳入歳出決算の認
R4-9kaigiroku,2022,1275,決算,定について、日程第１１､認定第５号令和３年度御杖村後期高齢者医療特別会計歳入歳出決算
R4-9kaigiroku,2022,1276,決算,の認定について、以上の５件は、各会計決算認定の案件ですので、一括議題とします。本件につ
R4-9kaigiroku,2022,1277,予算,きましては、予算決算委員会へ付託した案件でございます。御杖村会議規則第４１条第１項の規
R4-9kaigiroku,2022,1277,決算,きましては、予算決算委員会へ付託した案件でございます。御杖村会議規則第４１条第１項の規
R4-9kaigiroku,2022,1281,決算,○６番(山岡隆良君):それでは、認定第１号から認定第５号の各会計歳入歳出決算認定の５件につ
R4-9kaigiroku,2022,1287,予算,定いたしました。以上で、予算決算委員会の報告とさせていただきます。
R4-9kaigiroku,2022,1287,決算,定いたしました。以上で、予算決算委員会の報告とさせていただきます。
R4-9kaigiroku,2022,1294,決算,◎認定第１号令和３年度御杖村一般会計歳入歳出決算の
R4-9kaigiroku,2022,1299,決算,令和３年度御杖村一般会計歳入歳出決算の認定についてを議題とし、討論を行います。討論は
R4-9kaigiroku,2022,1308,決算,御杖村一般会計歳入歳出決算の認定については、委員長の報告のとおり認定されました。
R4-9kaigiroku,2022,1312,決算,歳入歳出決算の認定について
R4-9kaigiroku,2022,1316,決算,歳出決算の認定についてを議題とし、討論を行います。討論はありませんか。
R4-9kaigiroku,2022,1323,決算,御杖村簡易水道事業特別会計歳入歳出決算の認定については、委員長の報告のとおり認定さ
R4-9kaigiroku,2022,1328,決算,歳入歳出決算の認定について
R4-9kaigiroku,2022,1332,決算,歳出決算の認定についてを議題とし、討論を行います。討論はありませんか。
R4-9kaigiroku,2022,1339,決算,杖村国民健康保険特別会計歳入歳出決算の認定については、委員長の報告のとおり認定されま
R4-9kaigiroku,2022,1344,決算,歳出決算の認定について
R4-9kaigiroku,2022,1348,決算,出決算の認定についてを議題とし、討論を行います。討論はありませんか。
R4-9kaigiroku,2022,1355,決算,杖村介護保険特別会計歳入歳出決算の認定については、委員長の報告のとおり認定されました。
R4-9kaigiroku,2022,1359,決算,歳入歳出決算の認定について
R4-9kaigiroku,2022,1363,決算,歳入歳出決算の認定についてを議題とし、討論を行います。討論はありませんか。
R4-9kaigiroku,2022,1370,決算,御杖村後期高齢者医療特別会計歳入歳出決算の認定については、委員長の報告のとおり認定
R5-11giketukekka,2023,2,契約,●村長提出議案（承認１件、契約１件、条例１件、計３件）
R5-11giketukekka,2023,7,予算,（令和４年度御杖村一般会計補正予算（第６号））         R５．１１．６   －     －     －     －     R５．１１．６
R5-11giketukekka,2023,7,補正予算,（令和４年度御杖村一般会計補正予算（第６号））         R５．１１．６   －     －     －     －     R５．１１．６
R5-11giketukekka,2023,9,工事,議 案    神末レクリェーシュン体育館耐震改修工事に伴う工事請負変更契                                               原 案
R5-11kaigiroku,2023,31,予算,（令和５年度御杖村一般会計補正予算（第６号））
R5-11kaigiroku,2023,31,補正予算,（令和５年度御杖村一般会計補正予算（第６号））
R5-11kaigiroku,2023,36,予算,（令和５年度御杖村一般会計補正予算（第６号））
R5-11kaigiroku,2023,36,補正予算,（令和５年度御杖村一般会計補正予算（第６号））
R5-11kaigiroku,2023,38,契約,◎議案第３９号神末レクリェーション体育館耐震改修工事に伴う工事請負変更契約の締結について
R5-11kaigiroku,2023,38,工事,◎議案第３９号神末レクリェーション体育館耐震改修工事に伴う工事請負変更契約の締結について
R5-11kaigiroku,2023,53,予算,（令和５年度御杖村一般会計補正予算（第６号））
R5-11kaigiroku,2023,53,補正予算,（令和５年度御杖村一般会計補正予算（第６号））
R5-11kaigiroku,2023,55,契約,神末レクリェーション体育館耐震改修工事に伴う工事請負変更契約の締結について
R5-11kaigiroku,2023,55,工事,神末レクリェーション体育館耐震改修工事に伴う工事請負変更契約の締結について
R5-11kaigiroku,2023,118,予算,（令和５年度御杖村一般会計補正予算（第６号））
R5-11kaigiroku,2023,118,補正予算,（令和５年度御杖村一般会計補正予算（第６号））
R5-11kaigiroku,2023,121,予算,度御杖村一般会計補正予算第６号についてを議題と致します。本案については、伊藤村長より提
R5-11kaigiroku,2023,121,補正予算,度御杖村一般会計補正予算第６号についてを議題と致します。本案については、伊藤村長より提
R5-11kaigiroku,2023,127,予算,計補正予算第６号について、提案理由の説明を求めます。伊藤村長。
R5-11kaigiroku,2023,127,補正予算,計補正予算第６号について、提案理由の説明を求めます。伊藤村長。
R5-11kaigiroku,2023,134,工事,ション体育館耐震改修工事の進捗に伴う工事内容の変更に伴い、増額を行うものでございます。
R5-11kaigiroku,2023,135,工事,改修工事の進捗に影響があることから、１０月２５日に専決処分をさせていただきましたので、承認
R5-11kaigiroku,2023,148,予算,（令和５年度御杖村一般会計補正予算（第６号））
R5-11kaigiroku,2023,148,補正予算,（令和５年度御杖村一般会計補正予算（第６号））
R5-11kaigiroku,2023,151,予算,いて、令和５年度御杖村一般会計補正予算第６号を議題として、会議を再会します。先程の全員
R5-11kaigiroku,2023,151,補正予算,いて、令和５年度御杖村一般会計補正予算第６号を議題として、会議を再会します。先程の全員
R5-11kaigiroku,2023,162,予算,承認を求めることについて、令和５年度御杖村一般会計補正予算第６号については、原案のとお
R5-11kaigiroku,2023,162,補正予算,承認を求めることについて、令和５年度御杖村一般会計補正予算第６号については、原案のとお
R5-11kaigiroku,2023,166,工事,◎議案第３９号神末レクリェーション体育館耐震改修工事に伴う
R5-11kaigiroku,2023,167,契約,工事請負変更契約の締結締ついて
R5-11kaigiroku,2023,167,工事,工事請負変更契約の締結締ついて
R5-11kaigiroku,2023,169,工事,○議長（葛城昌俊君）：次に、日程第４、議案第３９号神末レクリェーション体育館耐震改修工事に伴
R5-11kaigiroku,2023,170,契約,う工事請負変更契約の締結についてを議題と致します。本案について、提案理由の説明を求め
R5-11kaigiroku,2023,170,工事,う工事請負変更契約の締結についてを議題と致します。本案について、提案理由の説明を求め
R5-11kaigiroku,2023,174,契約,○村長（伊藤収宜君）：本案につきましては、去る６月の定例会にて議決をいただいた工事請負契約
R5-11kaigiroku,2023,174,工事,○村長（伊藤収宜君）：本案につきましては、去る６月の定例会にて議決をいただいた工事請負契約
R5-11kaigiroku,2023,177,契約,について、工事の進捗に伴い変更の必要な部分が生じたことから、今般、変更契約を締結したく、
R5-11kaigiroku,2023,177,工事,について、工事の進捗に伴い変更の必要な部分が生じたことから、今般、変更契約を締結したく、
R5-11kaigiroku,2023,178,契約,地方自治法第９６条第１項第５号及び議会の議決に付すべき契約及び財産の取得又は処分に関
R5-11kaigiroku,2023,178,財産,地方自治法第９６条第１項第５号及び議会の議決に付すべき契約及び財産の取得又は処分に関
R5-11kaigiroku,2023,178,取得,地方自治法第９６条第１項第５号及び議会の議決に付すべき契約及び財産の取得又は処分に関
R5-11kaigiroku,2023,184,工事,○教育委員会事務局次長（中村康幸君）：神末レクリェーション体育館耐震改修工事は、６月７日の
R5-11kaigiroku,2023,185,契約,議会で工事請負契約の議決をいただき、現在、松塚建設株式会社が工事を進めております。今
R5-11kaigiroku,2023,185,工事,議会で工事請負契約の議決をいただき、現在、松塚建設株式会社が工事を進めております。今
R5-11kaigiroku,2023,186,契約,回、工事請負変更契約の議決をお願いいたします。税込み９百５拾７万円の増額の内容につきま
R5-11kaigiroku,2023,186,工事,回、工事請負変更契約の議決をお願いいたします。税込み９百５拾７万円の増額の内容につきま
R5-11kaigiroku,2023,187,工事,してご説明をさせていただきます。工事を進める過程におきまして、当初設計時では分かっていな
R5-11kaigiroku,2023,190,工事,溶接方法や天井照明の配線方法の見直しが必要となり、工事費の増加が生じております。このほ
R5-11kaigiroku,2023,193,契約,が、 ９百５拾７万円となります。議案書にございますように、当初契約額税込み６千１百３拾８万円
R5-11kaigiroku,2023,194,契約,に９百５拾７万円を増額し、変更後の契約金額を税込み７千９拾５万円といたしたく、請負業者と
R5-11kaigiroku,2023,195,契約,１０月３１日に変更の仮契約を交わしております。この変更契約についてご審議下さいますようお
R5-11kaigiroku,2023,207,契約,ーション体育館耐震改修工事に伴う工事請負変更契約の締結については、原案のとおり可決さ
R5-11kaigiroku,2023,207,工事,ーション体育館耐震改修工事に伴う工事請負変更契約の締結については、原案のとおり可決さ
R5-1kaigiroku,2023,83,予算,◎議案第１７号令和４年度御杖村一般会計補正予算(第７号)の議定について
R5-1kaigiroku,2023,83,補正予算,◎議案第１７号令和４年度御杖村一般会計補正予算(第７号)の議定について
R5-1kaigiroku,2023,84,予算,[上程、説明、総括的質疑、予算決算委員会付託] ・・・・・・・・・・・・・・・・・・・・・・・・・・・ －29－
R5-1kaigiroku,2023,84,決算,[上程、説明、総括的質疑、予算決算委員会付託] ・・・・・・・・・・・・・・・・・・・・・・・・・・・ －29－
R5-1kaigiroku,2023,85,予算,◎議案第１８号令和４年度御杖村簡易水道事業特別会計補正予算(第３号)の議定について
R5-1kaigiroku,2023,85,補正予算,◎議案第１８号令和４年度御杖村簡易水道事業特別会計補正予算(第３号)の議定について
R5-1kaigiroku,2023,86,予算,[上程、説明、総括的質疑、予算決算委員会付託] ・・・・・・・・・・・・・・・・・・・・・・・・・・・ －30－
R5-1kaigiroku,2023,86,決算,[上程、説明、総括的質疑、予算決算委員会付託] ・・・・・・・・・・・・・・・・・・・・・・・・・・・ －30－
R5-1kaigiroku,2023,87,予算,◎議案第１９号令和４年度御杖村国民健康保険特別会計補正予算(第５号)の議定について
R5-1kaigiroku,2023,87,補正予算,◎議案第１９号令和４年度御杖村国民健康保険特別会計補正予算(第５号)の議定について
R5-1kaigiroku,2023,88,予算,[上程、説明、総括的質疑、予算決算委員会付託] ・・・・・・・・・・・・・・・・・・・・・・・・・・・ －30－
R5-1kaigiroku,2023,88,決算,[上程、説明、総括的質疑、予算決算委員会付託] ・・・・・・・・・・・・・・・・・・・・・・・・・・・ －30－
R5-1kaigiroku,2023,89,予算,◎議案第２０号令和４年度御杖村介護保険特別会計補正予算(第２号)の議定について
R5-1kaigiroku,2023,89,補正予算,◎議案第２０号令和４年度御杖村介護保険特別会計補正予算(第２号)の議定について
R5-1kaigiroku,2023,90,予算,[上程、説明、総括的質疑、予算決算委員会付託] ・・・・・・・・・・・・・・・・・・・・・・・・・・・ －31－
R5-1kaigiroku,2023,90,決算,[上程、説明、総括的質疑、予算決算委員会付託] ・・・・・・・・・・・・・・・・・・・・・・・・・・・ －31－
R5-1kaigiroku,2023,92,予算,◎議案第２１号令和５年度御杖村一般会計予算の議定について
R5-1kaigiroku,2023,93,予算,[上程、説明、総括的質疑、予算決算委員会付託] ・・・・・・・・・・・・・・・・・・・・・・・・・・・ －34－
R5-1kaigiroku,2023,93,決算,[上程、説明、総括的質疑、予算決算委員会付託] ・・・・・・・・・・・・・・・・・・・・・・・・・・・ －34－
R5-1kaigiroku,2023,94,予算,◎議案第２２号令和５年度御杖村簡易水道事業特別会計予算の議定について
R5-1kaigiroku,2023,95,予算,[上程、説明、総括的質疑、予算決算委員会付託] ・・・・・・・・・・・・・・・・・・・・・・・・・・・ －38－
R5-1kaigiroku,2023,95,決算,[上程、説明、総括的質疑、予算決算委員会付託] ・・・・・・・・・・・・・・・・・・・・・・・・・・・ －38－
R5-1kaigiroku,2023,96,予算,◎議案第２３号令和５年度御杖村国民健康保険特別会計予算の議定について
R5-1kaigiroku,2023,97,予算,[上程、説明、総括的質疑、予算決算委員会付託] ・・・・・・・・・・・・・・・・・・・・・・・・・・・ －39－
R5-1kaigiroku,2023,97,決算,[上程、説明、総括的質疑、予算決算委員会付託] ・・・・・・・・・・・・・・・・・・・・・・・・・・・ －39－
R5-1kaigiroku,2023,98,予算,◎議案第２４号令和５年度御杖村介護保険特別会計予算の議定について
R5-1kaigiroku,2023,99,予算,[上程、説明、総括的質疑、予算決算委員会付託] ・・・・・・・・・・・・・・・・・・・・・・・・・・・ －39－
R5-1kaigiroku,2023,99,決算,[上程、説明、総括的質疑、予算決算委員会付託] ・・・・・・・・・・・・・・・・・・・・・・・・・・・ －39－
R5-1kaigiroku,2023,100,予算,◎議案第２５号令和５年度御杖村後期高齢者医療特別会計補正予算(第５号)の議定について
R5-1kaigiroku,2023,100,補正予算,◎議案第２５号令和５年度御杖村後期高齢者医療特別会計補正予算(第５号)の議定について
R5-1kaigiroku,2023,101,予算,[上程、説明、総括的質疑、予算決算委員会付託] ・・・・・・・・・・・・・・・・・・・・・・・・・・・ －40－
R5-1kaigiroku,2023,101,決算,[上程、説明、総括的質疑、予算決算委員会付託] ・・・・・・・・・・・・・・・・・・・・・・・・・・・ －40－
R5-1kaigiroku,2023,128,予算,◎議案第１７号令和４年度御杖村一般会計補正予算(第７号)の議定について、議案第１８号
R5-1kaigiroku,2023,128,補正予算,◎議案第１７号令和４年度御杖村一般会計補正予算(第７号)の議定について、議案第１８号
R5-1kaigiroku,2023,129,予算,令和４年度御杖村簡易水道事業特別会計補正予算(第３号)の議定について、議案第１９号
R5-1kaigiroku,2023,129,補正予算,令和４年度御杖村簡易水道事業特別会計補正予算(第３号)の議定について、議案第１９号
R5-1kaigiroku,2023,130,予算,令和４年度御杖村国民健康保険特別会計補正予算(第５号)の議定について、議案第２０号
R5-1kaigiroku,2023,130,補正予算,令和４年度御杖村国民健康保険特別会計補正予算(第５号)の議定について、議案第２０号
R5-1kaigiroku,2023,131,予算,令和４年度御杖村介護保険特別会計補正予算(第２号)の議定について
R5-1kaigiroku,2023,131,補正予算,令和４年度御杖村介護保険特別会計補正予算(第２号)の議定について
R5-1kaigiroku,2023,133,予算,◎議案第１７号令和４年度御杖村一般会計補正予算(第７号)の議定について
R5-1kaigiroku,2023,133,補正予算,◎議案第１７号令和４年度御杖村一般会計補正予算(第７号)の議定について
R5-1kaigiroku,2023,135,予算,◎議案第１８号令和４年度御杖村簡易水道事業特別会計補正予算(第３号)の議定について
R5-1kaigiroku,2023,135,補正予算,◎議案第１８号令和４年度御杖村簡易水道事業特別会計補正予算(第３号)の議定について
R5-1kaigiroku,2023,137,予算,◎議案第１９号令和４年度御杖村国民健康保険特別会計補正予算(第５号)の議定について
R5-1kaigiroku,2023,137,補正予算,◎議案第１９号令和４年度御杖村国民健康保険特別会計補正予算(第５号)の議定について
R5-1kaigiroku,2023,139,予算,◎議案第２０号令和４年度御杖村介護保険特別会計補正予算(第２号)の議定について
R5-1kaigiroku,2023,139,補正予算,◎議案第２０号令和４年度御杖村介護保険特別会計補正予算(第２号)の議定について
R5-1kaigiroku,2023,141,予算,◎議案第２１号令和５年度御杖村一般会計予算の議定について、議案第２２号令和５年度
R5-1kaigiroku,2023,142,予算,御杖村簡易水道事業特別会計予算の議定について、議案第２３号令和５年度御杖村国
R5-1kaigiroku,2023,143,予算,民健康保険特別会計予算の議定について、議案第２４号令和５年度御杖村介護保険特
R5-1kaigiroku,2023,144,予算,別会計予算の議定について、議案第２５号令和５年度御杖村後期高齢者医療特別会計
R5-1kaigiroku,2023,145,予算,予算の議定について
R5-1kaigiroku,2023,147,予算,◎議案第２１号令和５年度御杖村一般会計予算の議定について
R5-1kaigiroku,2023,149,予算,◎議案第２２号令和５年度御杖村簡易水道事業特別会計予算の議定について
R5-1kaigiroku,2023,151,予算,◎議案第２３号令和５年度御杖村国民健康保険特別会計予算の議定について
R5-1kaigiroku,2023,153,予算,◎議案第２４号令和５年度御杖村介護保険特別会計予算の議定について
R5-1kaigiroku,2023,155,予算,◎議案第２５号令和５年度御杖村後期高齢者医療特別会計予算の議定について
R5-1kaigiroku,2023,223,予算,第２２ 議案第１７号    ［予算決算委員会付託］
R5-1kaigiroku,2023,223,決算,第２２ 議案第１７号    ［予算決算委員会付託］
R5-1kaigiroku,2023,224,予算,令和４度御杖村一般会計補正予算（第７号）の議定について
R5-1kaigiroku,2023,224,補正予算,令和４度御杖村一般会計補正予算（第７号）の議定について
R5-1kaigiroku,2023,225,予算,第２３ 議案第１８号    ［予算決算委員会付託］
R5-1kaigiroku,2023,225,決算,第２３ 議案第１８号    ［予算決算委員会付託］
R5-1kaigiroku,2023,226,予算,令和４年度御杖村簡易水道事業特別会計補正予算（第３号）の議定について
R5-1kaigiroku,2023,226,補正予算,令和４年度御杖村簡易水道事業特別会計補正予算（第３号）の議定について
R5-1kaigiroku,2023,227,予算,第２４ 議案第１９号    ［予算決算委員会付託］
R5-1kaigiroku,2023,227,決算,第２４ 議案第１９号    ［予算決算委員会付託］
R5-1kaigiroku,2023,228,予算,令和４年度御杖村国民健康保険特別会計補正予算（第５号）の議定について
R5-1kaigiroku,2023,228,補正予算,令和４年度御杖村国民健康保険特別会計補正予算（第５号）の議定について
R5-1kaigiroku,2023,229,予算,第２５ 議案第２０号    ［予算決算委員会付託］
R5-1kaigiroku,2023,229,決算,第２５ 議案第２０号    ［予算決算委員会付託］
R5-1kaigiroku,2023,230,予算,令和４年度御杖村介護保険特別会計補正予算（第２号）の議定について
R5-1kaigiroku,2023,230,補正予算,令和４年度御杖村介護保険特別会計補正予算（第２号）の議定について
R5-1kaigiroku,2023,231,予算,第２６ 議案第２１号    ［予算決算委員会付託］
R5-1kaigiroku,2023,231,決算,第２６ 議案第２１号    ［予算決算委員会付託］
R5-1kaigiroku,2023,232,予算,令和５年度御杖村一般会計予算の議定について
R5-1kaigiroku,2023,233,予算,第２７ 議案第２２号    ［予算決算委員会付託］
R5-1kaigiroku,2023,233,決算,第２７ 議案第２２号    ［予算決算委員会付託］
R5-1kaigiroku,2023,234,予算,令和５年度御杖村簡易水道事業特別会計予算の議定について
R5-1kaigiroku,2023,235,予算,第２８ 議案第２３号    ［予算決算委員会付託］
R5-1kaigiroku,2023,235,決算,第２８ 議案第２３号    ［予算決算委員会付託］
R5-1kaigiroku,2023,236,予算,令和５年度御杖村国民健康保険特別会計予算の議定について
R5-1kaigiroku,2023,237,予算,第２９ 議案第２４号    ［予算決算委員会付託］
R5-1kaigiroku,2023,237,決算,第２９ 議案第２４号    ［予算決算委員会付託］
R5-1kaigiroku,2023,238,予算,令和５年度御杖村介護保険特別会計予算の議定について
R5-1kaigiroku,2023,239,予算,第３０ 議案第２５号    ［予算決算委員会付託］
R5-1kaigiroku,2023,239,決算,第３０ 議案第２５号    ［予算決算委員会付託］
R5-1kaigiroku,2023,240,予算,令和５年度御杖村後期高齢者医療特別会計予算の議定について
R5-1kaigiroku,2023,320,予算,会、むらづくり委員会を３月１０日午前９時 ３０分開会、予算決算委員会を３月１３日午前９時３０分
R5-1kaigiroku,2023,320,決算,会、むらづくり委員会を３月１０日午前９時 ３０分開会、予算決算委員会を３月１３日午前９時３０分
R5-1kaigiroku,2023,332,予算,付託することと致しました。予算の審議につましては、令和４年度御杖村一般会計補正予算（第７
R5-1kaigiroku,2023,332,補正予算,付託することと致しました。予算の審議につましては、令和４年度御杖村一般会計補正予算（第７
R5-1kaigiroku,2023,333,予算,号）を含む補正予算４件と令和５年度の当初予算５件を予算決算委員会へ付託することと致しまし
R5-1kaigiroku,2023,333,補正予算,号）を含む補正予算４件と令和５年度の当初予算５件を予算決算委員会へ付託することと致しまし
R5-1kaigiroku,2023,333,決算,号）を含む補正予算４件と令和５年度の当初予算５件を予算決算委員会へ付託することと致しまし
R5-1kaigiroku,2023,383,予算,倍の寄付額となります。したがいまして、今定例会で提案させていただきます補正予算の中に、ふ
R5-1kaigiroku,2023,383,補正予算,倍の寄付額となります。したがいまして、今定例会で提案させていただきます補正予算の中に、ふ
R5-1kaigiroku,2023,411,工事,流館の廊下補修工事等の３事業に充当させていただいており、計３１４万円の活用実績となりま
R5-1kaigiroku,2023,527,財産,育委員会やその他の行政委員会、また財産区と定義しています。議会については、前議案の条
R5-1kaigiroku,2023,1055,財産,団地建設のことを知りました。また、令和３年３月４日土屋原財産区議会終了後、土屋原区長が村
R5-1kaigiroku,2023,1065,工事,配布されました。計画には整理スケジュール表があり、令和５年度から造成工事の予定があると記
R5-1kaigiroku,2023,1068,工事,私たちは造成工事に着手されてからでは遅きに失すると思い、住民約８００名余りの反対署名を集
R5-1kaigiroku,2023,1078,工事,反映されずに工事着工となってしまう恐れがあります。以上の事情を踏まえ、この事業の住民の賛
R5-1kaigiroku,2023,1134,工事,は、子、孫まで続きます。建設工事着工前に村民の賛否を問い、その結果に基づいて村民の意
R5-1kaigiroku,2023,1181,工事,での計画では、令和５年度から造成工事着工となっております。残された期間が非常に少ないと
R5-1kaigiroku,2023,1319,予算,◎議案第１７号令和４年度御杖村一般会計補正予算（第７号）
R5-1kaigiroku,2023,1319,補正予算,◎議案第１７号令和４年度御杖村一般会計補正予算（第７号）
R5-1kaigiroku,2023,1321,予算,［上程、説明、総括的質疑、予算決算委員会付託］
R5-1kaigiroku,2023,1321,決算,［上程、説明、総括的質疑、予算決算委員会付託］
R5-1kaigiroku,2023,1323,予算,○議長(葛城昌俊君)：次に、日程第２２、議案第１７号令和４年度御杖村一般会計補正予算第７号の
R5-1kaigiroku,2023,1323,補正予算,○議長(葛城昌俊君)：次に、日程第２２、議案第１７号令和４年度御杖村一般会計補正予算第７号の
R5-1kaigiroku,2023,1329,基金,発生する不用額となっており、また増額は、収支見込みによる余剰金を基金積立するものでござ
R5-1kaigiroku,2023,1336,予算,運営委員長の報告のとおり、全員協議会で詳細な説明を受け、予算決算委員会に付託すること
R5-1kaigiroku,2023,1336,決算,運営委員長の報告のとおり、全員協議会で詳細な説明を受け、予算決算委員会に付託すること
R5-1kaigiroku,2023,1340,予算,一般会計補正予算第７号の議定については、予算決算委員会に付託することに決定しました。
R5-1kaigiroku,2023,1340,補正予算,一般会計補正予算第７号の議定については、予算決算委員会に付託することに決定しました。
R5-1kaigiroku,2023,1340,決算,一般会計補正予算第７号の議定については、予算決算委員会に付託することに決定しました。
R5-1kaigiroku,2023,1344,予算,補正予算（第３号）の議定について
R5-1kaigiroku,2023,1344,補正予算,補正予算（第３号）の議定について
R5-1kaigiroku,2023,1345,予算,［上程、説明、総括的質疑、予算決算委員会付託］
R5-1kaigiroku,2023,1345,決算,［上程、説明、総括的質疑、予算決算委員会付託］
R5-1kaigiroku,2023,1348,予算,予算第３号の議定についてを議題と致します。本案について、提案理由の説明を求めます。伊藤
R5-1kaigiroku,2023,1353,工事,を１億３，７２３万９千円とするものでございます。主な内容は、工事請負費の減額となっています。
R5-1kaigiroku,2023,1359,予算,運営委員長の報告のとおり、全員協議会で詳細な説明を受け、予算決算委員会に付託すること
R5-1kaigiroku,2023,1359,決算,運営委員長の報告のとおり、全員協議会で詳細な説明を受け、予算決算委員会に付託すること
R5-1kaigiroku,2023,1363,予算,簡易水道事業特別会計補正予算第３号の議定についても、予算決算委員会に付託することに決
R5-1kaigiroku,2023,1363,補正予算,簡易水道事業特別会計補正予算第３号の議定についても、予算決算委員会に付託することに決
R5-1kaigiroku,2023,1363,決算,簡易水道事業特別会計補正予算第３号の議定についても、予算決算委員会に付託することに決
R5-1kaigiroku,2023,1368,予算,補正予算（第５号）の議定について
R5-1kaigiroku,2023,1368,補正予算,補正予算（第５号）の議定について
R5-1kaigiroku,2023,1369,予算,［上程、説明、総括的質疑、予算決算委員会付託］
R5-1kaigiroku,2023,1369,決算,［上程、説明、総括的質疑、予算決算委員会付託］
R5-1kaigiroku,2023,1372,予算,予算第５号の議定についてを議題と致します。本案について、提案理由の説明を求めます。伊藤
R5-1kaigiroku,2023,1381,予算,を１億３８万２千円とするものでございます。内容は、不用見込みとなる予算を減額するものです。
R5-1kaigiroku,2023,1387,予算,運営委員長の報告のとおり、全員協議会で詳細な説明を受け、予算決算委員会に付託すること
R5-1kaigiroku,2023,1387,決算,運営委員長の報告のとおり、全員協議会で詳細な説明を受け、予算決算委員会に付託すること
R5-1kaigiroku,2023,1391,予算,国民健康保険特別会計補正予算第５号の議定についても、予算決算委員会に付託することに決
R5-1kaigiroku,2023,1391,補正予算,国民健康保険特別会計補正予算第５号の議定についても、予算決算委員会に付託することに決
R5-1kaigiroku,2023,1391,決算,国民健康保険特別会計補正予算第５号の議定についても、予算決算委員会に付託することに決
R5-1kaigiroku,2023,1396,予算,補正予算（第２号）の議定について
R5-1kaigiroku,2023,1396,補正予算,補正予算（第２号）の議定について
R5-1kaigiroku,2023,1397,予算,［上程、説明、総括的質疑、予算決算委員会付託］
R5-1kaigiroku,2023,1397,決算,［上程、説明、総括的質疑、予算決算委員会付託］
R5-1kaigiroku,2023,1399,予算,○議長(葛城昌俊君)：次に、日程第２５･議案第２０号令和４年度御杖村介護保険特別会計補正予算
R5-1kaigiroku,2023,1399,補正予算,○議長(葛城昌俊君)：次に、日程第２５･議案第２０号令和４年度御杖村介護保険特別会計補正予算
R5-1kaigiroku,2023,1405,基金,と、準備基金積立の増額となっています。ご審議の程、よろしくお願いします。
R5-1kaigiroku,2023,1410,予算,運営委員長の報告のとおり、全員協議会で詳細な説明を受け、予算決算委員会に付託すること
R5-1kaigiroku,2023,1410,決算,運営委員長の報告のとおり、全員協議会で詳細な説明を受け、予算決算委員会に付託すること
R5-1kaigiroku,2023,1414,予算,介護保険特別会計補正予算第２号の議定についても、予算決算委員会に付託することに決定し
R5-1kaigiroku,2023,1414,補正予算,介護保険特別会計補正予算第２号の議定についても、予算決算委員会に付託することに決定し
R5-1kaigiroku,2023,1414,決算,介護保険特別会計補正予算第２号の議定についても、予算決算委員会に付託することに決定し
R5-1kaigiroku,2023,1423,予算,の一般会計予算及び特別会計予算の議案となります。審議に入ります前に、伊藤村長より、新年
R5-1kaigiroku,2023,1427,予算,○村長(伊藤収宜君)：令和５年３月定例会において、新年度の各会計予算案を初め、重要な諸議案
R5-1kaigiroku,2023,1444,予算,れることが期待されているところです。令和５年度の予算編成を行うにあたり､その方針についてご
R5-1kaigiroku,2023,1445,予算,説明をし上げます｡令和４年７月に閣議了解された国の令和５年度予算の概算要求にあたっての
R5-1kaigiroku,2023,1448,予算,優先順位を洗い直し、無駄を徹底して排除しつつ、予算の中身を大胆に重点化するとしていま
R5-1kaigiroku,2023,1449,予算,す。義務的経費は、前年度当初予算額の範囲内、その他の経費については一部を除き、前年度
R5-1kaigiroku,2023,1450,予算,当初予算額の 1００分の９０の範囲内で要求することと、昨年度と同様、厳しい内容となっている一
R5-1kaigiroku,2023,1453,予算,ョンへ DX の投資への予算の重点化を進めるとともに、エネルギーや食糧を含めた経済安全保障
R5-1kaigiroku,2023,1455,予算,どを踏まえた重要な政策について、重要政策推進枠を設置し、前年度当初予算額におけるその
R5-1kaigiroku,2023,1465,工事,予想されます。歳出面では、普通建設事業費について、神末レクレーション体育館の改修工事が
R5-1kaigiroku,2023,1470,予算,までと同様、限られた財源を有効に活用しながら、徹底的に無駄をなくした歳出予算要求に努め
R5-1kaigiroku,2023,1471,予算,るとともに、必要な公共施設の老朽化対策を講じつつ、創意工夫を凝らした予算編成に取組むも
R5-1kaigiroku,2023,1472,予算,のとします。それでは、令和５年度の予算概要についてご説明申し上げます。令和５年度一般会
R5-1kaigiroku,2023,1473,予算,計の予算規模は、２７億６，４００万円、４年度当初予算に対して１７．８％、４億１，７００万円の増額
R5-1kaigiroku,2023,1474,予算,となりました。一般会計及び特別会計を合わせ､会計間での重複する金額を除いた純計予算総額
R5-1kaigiroku,2023,1475,予算,は､３５億８，０３２万５千円で、４年度当初予算と比較して１２．０％、３億８，２９６万３千円の増額とな
R5-1kaigiroku,2023,1476,予算,ります。以下、新年度予算案の概要につきまして、長期総合計画における基本目標に沿ってご説
R5-1kaigiroku,2023,1523,予算,て、積極的な大型予算といたしました。村民皆様の協力を頂き、安全安心・魅力あるむらづくりを
R5-1kaigiroku,2023,1528,予算,◎議案第２１号令和５年度御杖村一般会計予算の議定について
R5-1kaigiroku,2023,1529,予算,［上程、説明、総括的質疑、予算決算委員会付託］
R5-1kaigiroku,2023,1529,決算,［上程、説明、総括的質疑、予算決算委員会付託］
R5-1kaigiroku,2023,1531,予算,○議長(葛城昌俊君)：それでは、日程第２６･議案第２１号令和５年度御杖村一般会計予算の議定に
R5-1kaigiroku,2023,1541,予算,○副村長（中嶋英樹君）：令和５年度御杖村一般会計予算の概要について、ご説明申し上げます。
R5-1kaigiroku,2023,1543,予算,算案総括表でございます。一般会計の欄ですが、予算総額２７億６，４００万円で、前年度に比べ４
R5-1kaigiroku,2023,1556,補助金,もので、事業の性質に応じて負担金、補助金、委託金の３種類に分けられます。１，４５９万９千円、
R5-1kaigiroku,2023,1558,基金,は、不足財源の穴埋めや特定の目的に充当するための基金の取崩額となっております。１億３，８
R5-1kaigiroku,2023,1560,補助金,２％です。国庫支出金と同様に、県から特定の事業に対して交付されるもので、負担金、補助金、
R5-1kaigiroku,2023,1567,予算,村の歳入をほぼ占めています。それでは、８ページをご覧下さい。一般会計歳入予算対前年度の
R5-1kaigiroku,2023,1569,予算,年度予算計上額としています。それぞれの内訳は、増額となる金額の大きいものから順に記載し､
R5-1kaigiroku,2023,1578,予算,います。飛ばして、説明番号⑥、地方交付税です。歳入予算の４６．５％を占める地方交付税は、
R5-1kaigiroku,2023,1580,予算,減額となる交付予想となりますが、今後の補正予算対応のため若干の留保もしております。次に９
R5-1kaigiroku,2023,1580,補正予算,減額となる交付予想となりますが、今後の補正予算対応のため若干の留保もしております。次に９
R5-1kaigiroku,2023,1587,補助金,については、保育所改修事業にかかる補助金を見込むものです。内訳の５行目、デジタル基盤改
R5-1kaigiroku,2023,1588,補助金,革支援補助金４６０万６千円の増額は、国が示す基幹業務システムの標準化に向けた対応経費の
R5-1kaigiroku,2023,1589,補助金,補助金を計上しています。一番下の林業・木材産業成長産業化促進対策交付金、３，０００万円の
R5-1kaigiroku,2023,1593,補助金,７千円、奈良県新規就農者確保事業補助金の１５０万円があげられます。一方、主な減額要因は、
R5-1kaigiroku,2023,1594,補助金,下から参議院議員選挙委託金の２６７万円の減額、施設開設準備経費等支援事業補助金は、ケ
R5-1kaigiroku,2023,1597,財産,次に、財産収入ですが、主な要因としては、内訳の最初、プレミアム商品券売払収入、６８０万円
R5-1kaigiroku,2023,1600,基金,算の伸びにより、必要となる一般財源が増えたことから、財政調整基金９，３３９万８千円と、公共施
R5-1kaigiroku,2023,1601,基金,設整備基金３，８２０万円の繰入をみております。なお、森林環境整備基金繰入については、その
R5-1kaigiroku,2023,1602,基金,全額を施業放置林整備事業に充当することとしており、４８４万２千円の増額、ふるさとづくり基金
R5-1kaigiroku,2023,1606,予算,出についてご説明させていただきます。１２ページ（４）令和５年度一般会計予算案歳出の性質別
R5-1kaigiroku,2023,1607,予算,内訳をご覧下さい。この表については、予算書では、議会費や総務費等、行政目的別となってい
R5-1kaigiroku,2023,1608,予算,る歳出予算を、経済的性質を基準として横断的に見るために分類し直したものです。主な区分に
R5-1kaigiroku,2023,1623,予算,性質別の予算額で主なものは以上ですが、増減内容について１３ページから説明申し上げます。
R5-1kaigiroku,2023,1643,補助金,支援補助金１，０００万円となっています。ページめくっていただきまして１６ページ、減額となる主
R5-1kaigiroku,2023,1648,予算,出として、予算書の区分である款の区分に沿ってご説明申し上げます。２の総務費ですが、４億５，
R5-1kaigiroku,2023,1677,予算,長よりご説明申し上げます。以上、令和５年度一般会計予算案の概要について、説明させて頂き
R5-1kaigiroku,2023,1683,予算,運営委員長の報告のとおり、全員協議会で詳細な説明を受け、予算決算委員会に付託すること
R5-1kaigiroku,2023,1683,決算,運営委員長の報告のとおり、全員協議会で詳細な説明を受け、予算決算委員会に付託すること
R5-1kaigiroku,2023,1687,予算,一般会計予算の議定については、予算決算委員会に付託することに決定しました。
R5-1kaigiroku,2023,1687,決算,一般会計予算の議定については、予算決算委員会に付託することに決定しました。
R5-1kaigiroku,2023,1691,予算,予算の議定について
R5-1kaigiroku,2023,1692,予算,［上程、説明、総括的質疑、予算決算委員会付託］
R5-1kaigiroku,2023,1692,決算,［上程、説明、総括的質疑、予算決算委員会付託］
R5-1kaigiroku,2023,1694,予算,○議長(葛城昌俊君)：次に、日程第２７、議案第２２号令和５年度御杖村簡易水道事業特別会計予算
R5-1kaigiroku,2023,1704,予算,運営委員長の報告のとおり、全員協議会で詳細な説明を受け、予算決算委員会に付託すること
R5-1kaigiroku,2023,1704,決算,運営委員長の報告のとおり、全員協議会で詳細な説明を受け、予算決算委員会に付託すること
R5-1kaigiroku,2023,1708,予算,簡易水道事業特別会計予算の議定についても、予算決算委員会に付託することに決定しました。
R5-1kaigiroku,2023,1708,決算,簡易水道事業特別会計予算の議定についても、予算決算委員会に付託することに決定しました。
R5-1kaigiroku,2023,1712,予算,予算の議定について
R5-1kaigiroku,2023,1713,予算,［上程、説明、総括的質疑、予算決算委員会付託］
R5-1kaigiroku,2023,1713,決算,［上程、説明、総括的質疑、予算決算委員会付託］
R5-1kaigiroku,2023,1715,予算,○議長(葛城昌俊君)：次に、日程第２８、議案第２３号令和５年度御杖村国民健康保険特別会計予算
R5-1kaigiroku,2023,1727,予算,運営委員長の報告のとおり、全員協議会で詳細な説明を受け、予算決算委員会に付託すること
R5-1kaigiroku,2023,1727,決算,運営委員長の報告のとおり、全員協議会で詳細な説明を受け、予算決算委員会に付託すること
R5-1kaigiroku,2023,1731,予算,国民健康保険特別会計予算の議定についても、予算決算委員会に付託することに決定しました。
R5-1kaigiroku,2023,1731,決算,国民健康保険特別会計予算の議定についても、予算決算委員会に付託することに決定しました。
R5-1kaigiroku,2023,1734,予算,◎議案第２４号令和５年度御杖村介護保険特別会計予算
R5-1kaigiroku,2023,1736,予算,［上程、説明、総括的質疑、予算決算委員会付託］
R5-1kaigiroku,2023,1736,決算,［上程、説明、総括的質疑、予算決算委員会付託］
R5-1kaigiroku,2023,1738,予算,○議長(葛城昌俊君)：次に、日程第２９、議案第２４号令和５年度御杖村介護保険特別会計予算の議
R5-1kaigiroku,2023,1748,予算,運営委員長の報告のとおり、全員協議会で詳細な説明を受け、予算決算委員会に付託すること
R5-1kaigiroku,2023,1748,決算,運営委員長の報告のとおり、全員協議会で詳細な説明を受け、予算決算委員会に付託すること
R5-1kaigiroku,2023,1752,予算,介護保険特別会計予算の議定についても、予算決算委員会に付託することに決定しました。
R5-1kaigiroku,2023,1752,決算,介護保険特別会計予算の議定についても、予算決算委員会に付託することに決定しました。
R5-1kaigiroku,2023,1755,予算,会計予算の議定について
R5-1kaigiroku,2023,1756,予算,［上程、説明、総括的質疑、予算決算委員会付託］
R5-1kaigiroku,2023,1756,決算,［上程、説明、総括的質疑、予算決算委員会付託］
R5-1kaigiroku,2023,1768,予算,運営委員長の報告のとおり、全員協議会で詳細な説明を受け、予算決算委員会に付託すること
R5-1kaigiroku,2023,1768,決算,運営委員長の報告のとおり、全員協議会で詳細な説明を受け、予算決算委員会に付託すること
R5-1kaigiroku,2023,1772,予算,後期高齢者医療特別会計予算の議定についても、予算決算委員会に付託することに決定しまし
R5-1kaigiroku,2023,1772,決算,後期高齢者医療特別会計予算の議定についても、予算決算委員会に付託することに決定しまし
R5-1kaigiroku,2023,1813,予算,令和４年度御杖村一般会計補正予算(第７号)の議定について
R5-1kaigiroku,2023,1813,補正予算,令和４年度御杖村一般会計補正予算(第７号)の議定について
R5-1kaigiroku,2023,1815,予算,令和４年度御杖村簡易水道事業特別会計補正予算（第３号）の議定について
R5-1kaigiroku,2023,1815,補正予算,令和４年度御杖村簡易水道事業特別会計補正予算（第３号）の議定について
R5-1kaigiroku,2023,1817,予算,令和４年度御杖村国民健康保険特別会計補正予算(第５号)の議定について
R5-1kaigiroku,2023,1817,補正予算,令和４年度御杖村国民健康保険特別会計補正予算(第５号)の議定について
R5-1kaigiroku,2023,1819,予算,令和４年度御杖村介護保険特別会計補正予算(第２号)の議定について
R5-1kaigiroku,2023,1819,補正予算,令和４年度御杖村介護保険特別会計補正予算(第２号)の議定について
R5-1kaigiroku,2023,1821,予算,令和５年度御杖村一般会計予算の議定について
R5-1kaigiroku,2023,1823,予算,令和５年度御杖村簡易水道事業特別会計予算の議定について
R5-1kaigiroku,2023,1825,予算,令和５年度御杖村国民健康保険特別会計予算の議定について
R5-1kaigiroku,2023,1827,予算,令和５年度御杖村介護特別会計予算の議定について
R5-1kaigiroku,2023,1829,予算,令和５年度御杖村後期高齢者医療特別会計予算の議定について
R5-1kaigiroku,2023,2066,予算,◎議案第１７号令和４年度御杖村一般会計補正予算(第７号)の
R5-1kaigiroku,2023,2066,補正予算,◎議案第１７号令和４年度御杖村一般会計補正予算(第７号)の
R5-1kaigiroku,2023,2068,予算,業特別会計補正予算(第３号)の議定について、議案第１９号
R5-1kaigiroku,2023,2068,補正予算,業特別会計補正予算(第３号)の議定について、議案第１９号
R5-1kaigiroku,2023,2069,予算,令和４年度御杖村国民健康保険特別会計補正予算(第５号)
R5-1kaigiroku,2023,2069,補正予算,令和４年度御杖村国民健康保険特別会計補正予算(第５号)
R5-1kaigiroku,2023,2071,予算,別会計補正予算(第５号)の議定について
R5-1kaigiroku,2023,2071,補正予算,別会計補正予算(第５号)の議定について
R5-1kaigiroku,2023,2074,予算,○議長(葛城昌俊君):次に、日程第５･議案１７号令和４年度御杖村一般会計補正予算第７号の議定
R5-1kaigiroku,2023,2074,補正予算,○議長(葛城昌俊君):次に、日程第５･議案１７号令和４年度御杖村一般会計補正予算第７号の議定
R5-1kaigiroku,2023,2075,予算,について、日程第６･議案第１８号令和４年度御杖村簡易水道事業特別会計補正予算第３号の議
R5-1kaigiroku,2023,2075,補正予算,について、日程第６･議案第１８号令和４年度御杖村簡易水道事業特別会計補正予算第３号の議
R5-1kaigiroku,2023,2076,予算,定について、日程第７･議案第１９号令和４年度御杖村国民健康保険特別会計補正予算第５号の
R5-1kaigiroku,2023,2076,補正予算,定について、日程第７･議案第１９号令和４年度御杖村国民健康保険特別会計補正予算第５号の
R5-1kaigiroku,2023,2079,予算,議定について、日程第８･議案第２０号令和４年度御杖村介護保険特別会計補正予算第２号の議
R5-1kaigiroku,2023,2079,補正予算,議定について、日程第８･議案第２０号令和４年度御杖村介護保険特別会計補正予算第２号の議
R5-1kaigiroku,2023,2080,予算,定についての４議案につきましては、予算決算委員会へ付託した案件でございますので、これを
R5-1kaigiroku,2023,2080,決算,定についての４議案につきましては、予算決算委員会へ付託した案件でございますので、これを
R5-1kaigiroku,2023,2085,予算,第４１条第１項の規定に基づき、予算決算委員会委員長より一括して審査経過及び結果の報告を
R5-1kaigiroku,2023,2085,決算,第４１条第１項の規定に基づき、予算決算委員会委員長より一括して審査経過及び結果の報告を
R5-1kaigiroku,2023,2089,予算,○６番(山岡隆良君):予算決算委員会を代表しまして、当委員会に付託されました、日程第５･議案
R5-1kaigiroku,2023,2089,決算,○６番(山岡隆良君):予算決算委員会を代表しまして、当委員会に付託されました、日程第５･議案
R5-1kaigiroku,2023,2090,予算,第１７号から日程第８議案第２０号までの各会計における補正予算につきまして、一括して、その
R5-1kaigiroku,2023,2090,補正予算,第１７号から日程第８議案第２０号までの各会計における補正予算につきまして、一括して、その
R5-1kaigiroku,2023,2092,予算,る３月７日の本会議におきまして、令和４年度各会計における補正予算４件、令和５年度各会計当
R5-1kaigiroku,2023,2092,補正予算,る３月７日の本会議におきまして、令和４年度各会計における補正予算４件、令和５年度各会計当
R5-1kaigiroku,2023,2093,予算,初予算５件の合計９件の案件が付託されたことにより、３月１３日に委員会を開催いたしました。当
R5-1kaigiroku,2023,2095,予算,の経過でございますが、令和４年度の各会計における補正予算４件について、各案件ごとに質疑
R5-1kaigiroku,2023,2095,補正予算,の経過でございますが、令和４年度の各会計における補正予算４件について、各案件ごとに質疑
R5-1kaigiroku,2023,2099,予算,しました。以上で、予算決算委員会の報告とさせていただきます。
R5-1kaigiroku,2023,2099,決算,しました。以上で、予算決算委員会の報告とさせていただきます。
R5-1kaigiroku,2023,2107,予算,◎議案第１７号令和４年度御杖村一般会計補正予算(第７号)の
R5-1kaigiroku,2023,2107,補正予算,◎議案第１７号令和４年度御杖村一般会計補正予算(第７号)の
R5-1kaigiroku,2023,2111,予算,○議長(葛城昌俊君):まず、日程第５･議案第１７号令和４度御杖村一般会計補正予算第７号の議定
R5-1kaigiroku,2023,2111,補正予算,○議長(葛城昌俊君):まず、日程第５･議案第１７号令和４度御杖村一般会計補正予算第７号の議定
R5-1kaigiroku,2023,2119,予算,村一般会計補正予算第７号の議定について、委員長の報告のとおり可決されました。
R5-1kaigiroku,2023,2119,補正予算,村一般会計補正予算第７号の議定について、委員長の報告のとおり可決されました。
R5-1kaigiroku,2023,2122,予算,予算(第３号)の議定について
R5-1kaigiroku,2023,2126,予算,予算第３号の議定についてを議題とし、討論を行います。討論はありませんか。
R5-1kaigiroku,2023,2133,予算,杖村簡易水道事業特別会計補正予算第３号の議定について、委員長の報告のとおり可決されま
R5-1kaigiroku,2023,2133,補正予算,杖村簡易水道事業特別会計補正予算第３号の議定について、委員長の報告のとおり可決されま
R5-1kaigiroku,2023,2138,予算,予算(第５号)の議定について
R5-1kaigiroku,2023,2142,予算,予算第５号の議定についてを議題とし、討論を行います。討論はありませんか。
R5-1kaigiroku,2023,2149,予算,杖村国民健康保険特別会計補正予算第５号の議定について、委員長の報告のとおり可決されま
R5-1kaigiroku,2023,2149,補正予算,杖村国民健康保険特別会計補正予算第５号の議定について、委員長の報告のとおり可決されま
R5-1kaigiroku,2023,2154,予算,予算(第２号)の議定について
R5-1kaigiroku,2023,2157,予算,○議長(葛城昌俊君):次に、日程第８･議案第２０号令和４年度御杖村介護保険特別会計補正予算
R5-1kaigiroku,2023,2157,補正予算,○議長(葛城昌俊君):次に、日程第８･議案第２０号令和４年度御杖村介護保険特別会計補正予算
R5-1kaigiroku,2023,2166,予算,杖村介護保険特別会計補正予算第２号の議定について、委員長の報告のとおり可決されました。
R5-1kaigiroku,2023,2166,補正予算,杖村介護保険特別会計補正予算第２号の議定について、委員長の報告のとおり可決されました。
R5-1kaigiroku,2023,2169,予算,◎議案第２１号令和５年度御杖村一般会計予算の議定に
R5-1kaigiroku,2023,2171,予算,特別会計予算の議定について、議案第２３号令和５年
R5-1kaigiroku,2023,2172,予算,度御杖村国民健康保険特別会計予算の議定について、
R5-1kaigiroku,2023,2173,予算,議案第２４号令和５年度御杖村介護保険特別会計予算
R5-1kaigiroku,2023,2175,予算,齢者医療特別会計予算の議定について
R5-1kaigiroku,2023,2178,予算,○議長(葛城昌俊君):次に、日程第９･議案２１号令和５年度御杖村一般会計予算の議定について、
R5-1kaigiroku,2023,2179,予算,日程第１０･議案第２２号令和５年度御杖村簡易水道事業特別会計予算の議定について、日程第
R5-1kaigiroku,2023,2180,予算,１１･議案第２３号令和５年度御杖村国民健康保険特別会計予算の議定について、日程第１２･議
R5-1kaigiroku,2023,2181,予算,案第２４号令和５年度御杖村介護保険特別会計予算の議定について、日程第１３･議案第２５号令
R5-1kaigiroku,2023,2182,予算,和５年度御杖村後期高齢者医療特別会計予算の議定についての５議案につきましても、予算決
R5-1kaigiroku,2023,2188,予算,号の５議案について、御杖村会議規則第４１条第１項の規定に基づき、予算決算委員会委員長よ
R5-1kaigiroku,2023,2188,決算,号の５議案について、御杖村会議規則第４１条第１項の規定に基づき、予算決算委員会委員長よ
R5-1kaigiroku,2023,2193,予算,令和５年度当初予算の議定につきまして、一括して、その審査の経過と結果について報告をさせ
R5-1kaigiroku,2023,2197,予算,会ですので、割愛をさせていただきます。採決の結果につきましては、令和４年度当初予算５議案
R5-1kaigiroku,2023,2198,予算,ともに全員の賛成により、原案のとおり可決すべきものと決定いたしました。以上で、予算決算委
R5-1kaigiroku,2023,2198,決算,ともに全員の賛成により、原案のとおり可決すべきものと決定いたしました。以上で、予算決算委
R5-1kaigiroku,2023,2208,予算,◎議案第２１号令和５年度御杖村一般会計予算の議定について
R5-1kaigiroku,2023,2211,予算,○議長(葛城昌俊君):まず、日程第９･議案２１号令和５年度御杖村一般会計予算の議定についてを
R5-1kaigiroku,2023,2219,予算,村一般会計予算の議定については、委員長の報告のとおり可決されました。
R5-1kaigiroku,2023,2222,予算,◎議案第２２号令和５年度御杖村簡易水道事業特別会計予算
R5-1kaigiroku,2023,2226,予算,○議長(葛城昌俊君):次に、日程第１０･議案第２２号令和５年度御杖村簡易水道事業特別会計予算
R5-1kaigiroku,2023,2234,予算,御杖村簡易水道事業特別会計予算の議定について、委員長の報告のとおり可決されました。
R5-1kaigiroku,2023,2237,予算,◎議案第２３号令和５年度御杖村国民健康保険特別会計予算
R5-1kaigiroku,2023,2241,予算,○議長(葛城昌俊君):次に、日程第１１･議案第２３号令和５年度御杖村国民健康保険特別会計予算
R5-1kaigiroku,2023,2251,予算,御杖村国民健康保険特別会計予算の議定について、委員長の報告のとおり可決されました。
R5-1kaigiroku,2023,2254,予算,◎議案第２４号令和５年度御杖村介護保険特別会計予算
R5-1kaigiroku,2023,2258,予算,○議長(葛城昌俊君):次に、日程第１２･議案第２４号令和５年度御杖村介護保険特別会計予算の議
R5-1kaigiroku,2023,2266,予算,御杖村介護保険特別会計予算の議定について、委員長の報告のとおり可決されました。
R5-1kaigiroku,2023,2270,予算,予算の議定について
R5-1kaigiroku,2023,2281,予算,御杖村後期高齢者医療特別会計予算の議定について、委員長の報告のとおり可決されました。
R5-2giketukekka,2023,7,予算,（令和４年度御杖村一般会計補正予算（第６号））     R５．２．８   －     －     －     －     R５．２．８   承 認
R5-2giketukekka,2023,7,補正予算,（令和４年度御杖村一般会計補正予算（第６号））     R５．２．８   －     －     －     －     R５．２．８   承 認
R5-2kaigirokuu,2023,35,予算,（令和４年度御杖村一般会計補正予算（第６号））
R5-2kaigirokuu,2023,35,補正予算,（令和４年度御杖村一般会計補正予算（第６号））
R5-2kaigirokuu,2023,40,予算,（令和４年度御杖村一般会計補正予算（第６号））
R5-2kaigirokuu,2023,40,補正予算,（令和４年度御杖村一般会計補正予算（第６号））
R5-2kaigirokuu,2023,55,予算,（令和４年度御杖村一般会計補正予算（第６号））
R5-2kaigirokuu,2023,55,補正予算,（令和４年度御杖村一般会計補正予算（第６号））
R5-2kaigirokuu,2023,202,予算,（令和４年度御杖村一般会計補正予算（第６号））
R5-2kaigirokuu,2023,202,補正予算,（令和４年度御杖村一般会計補正予算（第６号））
R5-2kaigirokuu,2023,205,予算,年度御杖村一般会計補正予算第６号についてを議題と致します。本案については、伊藤村長より
R5-2kaigirokuu,2023,205,補正予算,年度御杖村一般会計補正予算第６号についてを議題と致します。本案については、伊藤村長より
R5-2kaigirokuu,2023,211,予算,計補正予算第６号について、提案理由の説明を求めます。伊藤村長。
R5-2kaigirokuu,2023,211,補正予算,計補正予算第６号について、提案理由の説明を求めます。伊藤村長。
R5-2kaigirokuu,2023,230,予算,（令和４年度御杖村一般会計補正予算（第６号））
R5-2kaigirokuu,2023,230,補正予算,（令和４年度御杖村一般会計補正予算（第６号））
R5-2kaigirokuu,2023,233,予算,和４年度御杖村一般会計補正予算第６号を議題として、会議を始めます。先程の全員協議会に
R5-2kaigirokuu,2023,233,補正予算,和４年度御杖村一般会計補正予算第６号を議題として、会議を始めます。先程の全員協議会に
R5-2kaigirokuu,2023,243,予算,承認を求めることについて、令和４年度御杖村一般会計補正予算第６号については、原案のとお
R5-2kaigirokuu,2023,243,補正予算,承認を求めることについて、令和４年度御杖村一般会計補正予算第６号については、原案のとお
R5-3giketukekka,2023,2,予算,●村長提出議案（条例１５件、指定管理１件、予算９件、計２５件）
R5-3giketukekka,2023,60,予算,議 案                                                               予算決算
R5-3giketukekka,2023,60,決算,議 案                                                               予算決算
R5-3giketukekka,2023,61,予算,令和４年度御杖村一般会計補正予算(第７号)の議定について              〃         〃               R5.3.13    〃      〃        〃
R5-3giketukekka,2023,61,補正予算,令和４年度御杖村一般会計補正予算(第７号)の議定について              〃         〃               R5.3.13    〃      〃        〃
R5-3giketukekka,2023,63,予算,議 案    令和４年度御杖村簡易水道事業特別会計補正予算(第３号)の議定に
R5-3giketukekka,2023,63,補正予算,議 案    令和４年度御杖村簡易水道事業特別会計補正予算(第３号)の議定に
R5-3giketukekka,2023,67,予算,議 案    令和４年度御杖村国民健康保険特別会計補正予算(第５号)の議定に
R5-3giketukekka,2023,67,補正予算,議 案    令和４年度御杖村国民健康保険特別会計補正予算(第５号)の議定に
R5-3giketukekka,2023,71,予算,議 案    令和４年度御杖村介護保険特別会計補正予算(第２号)の議定につい
R5-3giketukekka,2023,71,補正予算,議 案    令和４年度御杖村介護保険特別会計補正予算(第２号)の議定につい
R5-3giketukekka,2023,75,予算,令和４年度御杖村一般会計予算の議定について                     〃         〃        〃        〃        〃      〃        〃
R5-3giketukekka,2023,78,予算,令和４年度御杖村簡易水道事業特別会計予算の議定について               〃         〃        〃        〃        〃      〃        〃
R5-3giketukekka,2023,81,予算,令和４年度御杖村国民健康保険特別会計予算の議定について               〃         〃        〃        〃        〃      〃        〃
R5-3giketukekka,2023,84,予算,令和４年度御杖村介護保険特別会計予算の議定について                 〃         〃        〃        〃        〃      〃        〃
R5-3giketukekka,2023,87,予算,令和４年度御杖村後期高齢者医療特別会計予算の議定について              〃         〃        〃        〃        〃      〃        〃
R5-4giketukekka,2023,2,予算,●村長提出議案（契約２件、条例６件、予算４件、指定管理１件、計１３件）
R5-4giketukekka,2023,2,契約,●村長提出議案（契約２件、条例６件、予算４件、指定管理１件、計１３件）
R5-4giketukekka,2023,6,契約,議 案     桃俣地区公衆トイレ整備工事に伴う工事請負変更契約の締結につい                         むらづくり
R5-4giketukekka,2023,6,工事,議 案     桃俣地区公衆トイレ整備工事に伴う工事請負変更契約の締結につい                         むらづくり
R5-4giketukekka,2023,10,契約,桃俣地区配水管布設替工事に伴う工事請負変更契約の締結について       〃        〃          〃       〃         〃      〃        〃
R5-4giketukekka,2023,10,工事,桃俣地区配水管布設替工事に伴う工事請負変更契約の締結について       〃        〃          〃       〃         〃      〃        〃
R5-4giketukekka,2023,27,予算,議 案                                                            予算決算
R5-4giketukekka,2023,27,決算,議 案                                                            予算決算
R5-4giketukekka,2023,28,予算,令和５年度御杖村一般会計補正予算(第７号)の議定について         〃        〃                R5.12.12   可 決   R5.12.14   〃
R5-4giketukekka,2023,28,補正予算,令和５年度御杖村一般会計補正予算(第７号)の議定について         〃        〃                R5.12.12   可 決   R5.12.14   〃
R5-4giketukekka,2023,30,予算,議 案     令和５年度御杖村簡易水道事業特別会計補正予算(第１号)の議定に
R5-4giketukekka,2023,30,補正予算,議 案     令和５年度御杖村簡易水道事業特別会計補正予算(第１号)の議定に
R5-4giketukekka,2023,33,予算,議 案     令和５年度御杖村国民健康保険特別会計補正予算(第４号)の議定に
R5-4giketukekka,2023,33,補正予算,議 案     令和５年度御杖村国民健康保険特別会計補正予算(第４号)の議定に
R5-4giketukekka,2023,37,予算,令和５年度御杖村介護保険特別会計補正予算(第２号)の議定について     〃        〃          〃       〃        〃       〃        〃
R5-4giketukekka,2023,37,補正予算,令和５年度御杖村介護保険特別会計補正予算(第２号)の議定について     〃        〃          〃       〃        〃       〃        〃
R5-4kaigiroku,2023,39,契約,◎議案第４１号桃俣地区公衆トイレ整備工事に伴う工事請負変更契約の締結について
R5-4kaigiroku,2023,39,工事,◎議案第４１号桃俣地区公衆トイレ整備工事に伴う工事請負変更契約の締結について
R5-4kaigiroku,2023,41,契約,◎議案第４２号桃俣地区配水管布設替工事に伴う工事請負変更契約の締結について
R5-4kaigiroku,2023,41,工事,◎議案第４２号桃俣地区配水管布設替工事に伴う工事請負変更契約の締結について
R5-4kaigiroku,2023,59,予算,◎議案第４９号令和５年度御杖村一般会計補正予算（第７号）の議定について
R5-4kaigiroku,2023,59,補正予算,◎議案第４９号令和５年度御杖村一般会計補正予算（第７号）の議定について
R5-4kaigiroku,2023,60,予算,[上程、説明、一括総括的質疑、予算決算委員会付託] ・・・・・・・・・・・・・・・・・・・・・・ －15－
R5-4kaigiroku,2023,60,決算,[上程、説明、一括総括的質疑、予算決算委員会付託] ・・・・・・・・・・・・・・・・・・・・・・ －15－
R5-4kaigiroku,2023,61,予算,◎議案第５０号令和５年度御杖村簡易水道事業特別会計補正予算（第１号）の議定について
R5-4kaigiroku,2023,61,補正予算,◎議案第５０号令和５年度御杖村簡易水道事業特別会計補正予算（第１号）の議定について
R5-4kaigiroku,2023,62,予算,[上程、説明、一括総括的質疑、予算決算委員会付託] ・・・・・・・・・・・・・・・・・・・・・・ －16－
R5-4kaigiroku,2023,62,決算,[上程、説明、一括総括的質疑、予算決算委員会付託] ・・・・・・・・・・・・・・・・・・・・・・ －16－
R5-4kaigiroku,2023,63,予算,◎議案第５１号令和５年度御杖村国民健康保険特別会計補正予算（第４号）の議定について
R5-4kaigiroku,2023,63,補正予算,◎議案第５１号令和５年度御杖村国民健康保険特別会計補正予算（第４号）の議定について
R5-4kaigiroku,2023,64,予算,[上程、説明、一括総括的質疑、予算決算委員会付託] ・・・・・・・・・・・・・・・・・・・・・・ －16－
R5-4kaigiroku,2023,64,決算,[上程、説明、一括総括的質疑、予算決算委員会付託] ・・・・・・・・・・・・・・・・・・・・・・ －16－
R5-4kaigiroku,2023,65,予算,◎議案第５２号令和５年度御杖村介護保険特別会計補正予算（第２号）の議定について
R5-4kaigiroku,2023,65,補正予算,◎議案第５２号令和５年度御杖村介護保険特別会計補正予算（第２号）の議定について
R5-4kaigiroku,2023,66,予算,[上程、説明、一括総括的質疑、予算決算委員会付託] ・・・・・・・・・・・・・・・・・・・・・・ －17－
R5-4kaigiroku,2023,66,決算,[上程、説明、一括総括的質疑、予算決算委員会付託] ・・・・・・・・・・・・・・・・・・・・・・ －17－
R5-4kaigiroku,2023,81,契約,◎議案第４１号桃俣地区公衆トイレ整備工事に伴う工事請負変更契約の締結について、
R5-4kaigiroku,2023,81,工事,◎議案第４１号桃俣地区公衆トイレ整備工事に伴う工事請負変更契約の締結について、
R5-4kaigiroku,2023,82,契約,議案第４２号桃俣地区配水管布設替工事に伴う工事請負変更契約の締結について
R5-4kaigiroku,2023,82,工事,議案第４２号桃俣地区配水管布設替工事に伴う工事請負変更契約の締結について
R5-4kaigiroku,2023,84,契約,◎議案第４１号桃俣地区公衆トイレ整備工事に伴う工事請負変更契約の締結について
R5-4kaigiroku,2023,84,工事,◎議案第４１号桃俣地区公衆トイレ整備工事に伴う工事請負変更契約の締結について
R5-4kaigiroku,2023,86,契約,◎議案第４２号桃俣地区配水管布設替工事に伴う工事請負変更契約の締結について
R5-4kaigiroku,2023,86,工事,◎議案第４２号桃俣地区配水管布設替工事に伴う工事請負変更契約の締結について
R5-4kaigiroku,2023,88,予算,◎議案第４９号令和５年度御杖村一般会計補正予算(第７号)の議定について、議案第５０号
R5-4kaigiroku,2023,88,補正予算,◎議案第４９号令和５年度御杖村一般会計補正予算(第７号)の議定について、議案第５０号
R5-4kaigiroku,2023,89,予算,令和５年度御杖村簡易水道事業特別会計補正予算（第１号）の議定について、議案第５１号
R5-4kaigiroku,2023,89,補正予算,令和５年度御杖村簡易水道事業特別会計補正予算（第１号）の議定について、議案第５１号
R5-4kaigiroku,2023,90,予算,令和５年 度御杖村国民健康保険特別会計補正予算（第４号）の議定について、議案第５２
R5-4kaigiroku,2023,90,補正予算,令和５年 度御杖村国民健康保険特別会計補正予算（第４号）の議定について、議案第５２
R5-4kaigiroku,2023,91,予算,号令和５年度 御杖村介護保険特別会計補正予算（第２号）の議定について
R5-4kaigiroku,2023,91,補正予算,号令和５年度 御杖村介護保険特別会計補正予算（第２号）の議定について
R5-4kaigiroku,2023,92,予算,[一括上程、予算決算委員会委員長一括報告、質疑] ・・・・・・・・・・・・・・・・・・・・・・・・ －23－
R5-4kaigiroku,2023,92,決算,[一括上程、予算決算委員会委員長一括報告、質疑] ・・・・・・・・・・・・・・・・・・・・・・・・ －23－
R5-4kaigiroku,2023,93,予算,◎議案第４９号令和５年度御杖一般会計補正予算(第４号)の議定について
R5-4kaigiroku,2023,93,補正予算,◎議案第４９号令和５年度御杖一般会計補正予算(第４号)の議定について
R5-4kaigiroku,2023,95,予算,◎議案第５０号令和５年度御杖簡易水道事業特別会計補正予算(第１号)の議定について
R5-4kaigiroku,2023,95,補正予算,◎議案第５０号令和５年度御杖簡易水道事業特別会計補正予算(第１号)の議定について
R5-4kaigiroku,2023,99,予算,◎議案第５１号令和５年度御杖国民健康保険特別会計補正予算(第４号)の議定について
R5-4kaigiroku,2023,99,補正予算,◎議案第５１号令和５年度御杖国民健康保険特別会計補正予算(第４号)の議定について
R5-4kaigiroku,2023,101,予算,◎議案第５２号令和５年度御杖介護保険特別会計補正予算(第２号)の議定について
R5-4kaigiroku,2023,101,補正予算,◎議案第５２号令和５年度御杖介護保険特別会計補正予算(第２号)の議定について
R5-4kaigiroku,2023,136,契約,桃俣地区公衆トイレ整備工事に伴う工事請負変更契約の締結について
R5-4kaigiroku,2023,136,工事,桃俣地区公衆トイレ整備工事に伴う工事請負変更契約の締結について
R5-4kaigiroku,2023,138,契約,桃俣地区配水管布設替工事に伴う工事請負変更契約の締結について
R5-4kaigiroku,2023,138,工事,桃俣地区配水管布設替工事に伴う工事請負変更契約の締結について
R5-4kaigiroku,2023,153,予算,第１５ 議案第４９号 ［予算決算委員会付託］
R5-4kaigiroku,2023,153,決算,第１５ 議案第４９号 ［予算決算委員会付託］
R5-4kaigiroku,2023,154,予算,令和５年度御杖村一般会計補正予算（第７号）の議定について
R5-4kaigiroku,2023,154,補正予算,令和５年度御杖村一般会計補正予算（第７号）の議定について
R5-4kaigiroku,2023,155,予算,第１６ 議案第５０号 ［予算決算委員会付託］
R5-4kaigiroku,2023,155,決算,第１６ 議案第５０号 ［予算決算委員会付託］
R5-4kaigiroku,2023,156,予算,令和５年度御杖村簡易水道事業特別会計補正予算（第１号）の議定について
R5-4kaigiroku,2023,156,補正予算,令和５年度御杖村簡易水道事業特別会計補正予算（第１号）の議定について
R5-4kaigiroku,2023,157,予算,第１７ 議案第５１号 [予算決算委員会付託]
R5-4kaigiroku,2023,157,決算,第１７ 議案第５１号 [予算決算委員会付託]
R5-4kaigiroku,2023,158,予算,令和５年度御杖村国民健康保険特別会計補正予算（第４号）の議定について
R5-4kaigiroku,2023,158,補正予算,令和５年度御杖村国民健康保険特別会計補正予算（第４号）の議定について
R5-4kaigiroku,2023,159,予算,第１８ 議案第５２号 ［予算決算委員会付託］
R5-4kaigiroku,2023,159,決算,第１８ 議案第５２号 ［予算決算委員会付託］
R5-4kaigiroku,2023,160,予算,令和５年度御杖村介護保険特別会計補正予算（第２号）の議定について
R5-4kaigiroku,2023,160,補正予算,令和５年度御杖村介護保険特別会計補正予算（第２号）の議定について
R5-4kaigiroku,2023,240,予算,日間とし、全員協議会を８日、むらづくり委員会を１１日、予算決算委員会を１２日、続会議を１４日と
R5-4kaigiroku,2023,240,決算,日間とし、全員協議会を８日、むらづくり委員会を１１日、予算決算委員会を１２日、続会議を１４日と
R5-4kaigiroku,2023,244,契約,における、議事日程および議事進行の取り扱いについて協議を行い、契約２件及び指定管理者の
R5-4kaigiroku,2023,245,予算,指定１件をむらづくり委員会に、補正予算４件を予算決算委員会にそれぞれ付託することとし、条
R5-4kaigiroku,2023,245,補正予算,指定１件をむらづくり委員会に、補正予算４件を予算決算委員会にそれぞれ付託することとし、条
R5-4kaigiroku,2023,245,決算,指定１件をむらづくり委員会に、補正予算４件を予算決算委員会にそれぞれ付託することとし、条
R5-4kaigiroku,2023,285,予算,入りました。議案第８号令和５年度宇陀衛生一部事務組合一般会計歳入歳出補正予算第１号に
R5-4kaigiroku,2023,285,補正予算,入りました。議案第８号令和５年度宇陀衛生一部事務組合一般会計歳入歳出補正予算第１号に
R5-4kaigiroku,2023,286,予算,ついては、規定の歳入歳出予算の総額に、歳入歳出それぞれ１，２９２千円を増額し、歳入歳出
R5-4kaigiroku,2023,287,予算,予算の総額を歳入歳出それぞれ６６１，６９８千円とするものです。主な増額理由としては、宇陀衛
R5-4kaigiroku,2023,289,工事,生センター管理棟内における、浴室等施設改修工事設計業務委託によるものです。次に、認定
R5-4kaigiroku,2023,290,決算,第１号令和４年度宇陀衛生一部事務組合一般会計歳入歳出決算については、歳入総額 ３４１，
R5-4kaigiroku,2023,291,決算,８９０，８４０円、歳出総額 １７０，１０３，３４９円で、決算の結果、差引１７１，７８７，４９１円の黒字決
R5-4kaigiroku,2023,292,契約,算となりました。次に議案第９号工事請負契約の変更については、基幹的設備改良工事の工事
R5-4kaigiroku,2023,292,工事,算となりました。次に議案第９号工事請負契約の変更については、基幹的設備改良工事の工事
R5-4kaigiroku,2023,293,契約,期間を契約締結の日から令和５年１２月１５日としていたものを、契約締結の日から令和６年３月
R5-4kaigiroku,2023,294,工事,２２日に変更するものです。理由と致しましては、工事に必要な半導体等の樹脂製品の供給が遅
R5-4kaigiroku,2023,315,予算,議された案件は、議案第１号令和５年度東宇陀環境衛生組合一般会計補正予算第 1 号につい
R5-4kaigiroku,2023,315,補正予算,議された案件は、議案第１号令和５年度東宇陀環境衛生組合一般会計補正予算第 1 号につい
R5-4kaigiroku,2023,316,決算,て、認定第１号令和４年度東宇陀環境衛生組合一般会計歳入歳出決算について、以上２件が提
R5-4kaigiroku,2023,317,予算,案されました。議案第１号は、令和５年度一般会計補正予算について、歳入歳出それぞれ８，８１
R5-4kaigiroku,2023,317,補正予算,案されました。議案第１号は、令和５年度一般会計補正予算について、歳入歳出それぞれ８，８１
R5-4kaigiroku,2023,318,予算,３千円の増額予算となっており、増額理由については、井戸ポンプ取替工事、高圧受電設備改修
R5-4kaigiroku,2023,318,工事,３千円の増額予算となっており、増額理由については、井戸ポンプ取替工事、高圧受電設備改修
R5-4kaigiroku,2023,319,決算,工事等となっております。認定第１号令和４年度一般会計歳入歳出決算について、歳入合計１９
R5-4kaigiroku,2023,319,工事,工事等となっております。認定第１号令和４年度一般会計歳入歳出決算について、歳入合計１９
R5-4kaigiroku,2023,320,予算,４，９２３，９３８円で予算額１９４，３１０千円に対し、６１３，９３８円の増収。歳出合計１８８，７６０，２６
R5-4kaigiroku,2023,321,予算,９円で予算額１９４，３１０千円に対し、５，５４９，７３１円の不用額を生じる内容で、歳入歳出差引残
R5-4kaigiroku,2023,343,決算,年度曽爾御杖行政一部事務組合一般会計歳入歳出決算の認定について、議第８号案令和５年度
R5-4kaigiroku,2023,344,予算,曽爾御杖行政一部事務組合一般会計予算補正第１号についての以上、３議案が提出されました。
R5-4kaigiroku,2023,348,決算,"事務組合一般会計歳入歳出決算認定については、事務局長から歳入総額 34,462,313 円、歳出"
R5-4kaigiroku,2023,349,決算,"総額 33,337,643 円、差引額 1,124,670 円、単年度実質収支 380,254 円の赤字決算とする概要に"
R5-4kaigiroku,2023,351,予算,一部事務組合一般会計予算補正第１号については、令和４年度の繰越金の確定により、歳入歳出
R5-4kaigiroku,2023,351,繰越,一部事務組合一般会計予算補正第１号については、令和４年度の繰越金の確定により、歳入歳出
R5-4kaigiroku,2023,352,予算,予算の総額に歳入歳出それぞれ 339 千円を追加する、歳入歳出予算の総額を歳入歳出それぞ
R5-4kaigiroku,2023,381,予算,は、契約２件、条例６件、補正予算４件、指定管理１件を提出しております。なお、予算案件につい
R5-4kaigiroku,2023,381,補正予算,は、契約２件、条例６件、補正予算４件、指定管理１件を提出しております。なお、予算案件につい
R5-4kaigiroku,2023,381,契約,は、契約２件、条例６件、補正予算４件、指定管理１件を提出しております。なお、予算案件につい
R5-4kaigiroku,2023,416,工事,◎議案第４１号桃俣地区公衆トイレ整備工事に伴う工事請負
R5-4kaigiroku,2023,417,契約,変更契約の締結について
R5-4kaigiroku,2023,420,工事,○議長(葛城昌俊君):次に、日程第･議案第４１号、桃俣地区公衆トイレ整備工事に伴う工事請負変更
R5-4kaigiroku,2023,421,契約,契約の締結についてを議題と致します。本案について、提案理由の説明を求めます。伊藤村長。
R5-4kaigiroku,2023,424,工事,○村長(伊藤収宜君):本案につきましては、去る６月の定例会において議決をいただいた工事請負
R5-4kaigiroku,2023,425,契約,契約について、変更の必要な部分が生じたことから、今般、変更契約を締結したく、地方自治法
R5-4kaigiroku,2023,426,契約,第９６条第１項第５号及び議会の議決に付すべき契約及び財産の取得又は処分に関する条例第
R5-4kaigiroku,2023,426,財産,第９６条第１項第５号及び議会の議決に付すべき契約及び財産の取得又は処分に関する条例第
R5-4kaigiroku,2023,426,取得,第９６条第１項第５号及び議会の議決に付すべき契約及び財産の取得又は処分に関する条例第
R5-4kaigiroku,2023,436,契約,整備工事に伴う工事請負変更契約の締結については、むらづくり委員会に付託することに決定し
R5-4kaigiroku,2023,436,工事,整備工事に伴う工事請負変更契約の締結については、むらづくり委員会に付託することに決定し
R5-4kaigiroku,2023,439,工事,◎議案第４２号桃俣地区配水管布設替工事に伴う工事請負
R5-4kaigiroku,2023,440,契約,変更契約の締結について
R5-4kaigiroku,2023,443,工事,○議長(葛城昌俊君):次に、日程第８議案第４２号、桃俣地区配水管布設替工事に伴う工事請負変更
R5-4kaigiroku,2023,444,契約,契約の締結についてを議題と致します。本案について、提案理由の説明を求めます。伊藤村長。
R5-4kaigiroku,2023,447,契約,○村長(伊藤収宜君):本案につきましては、去る６月の定例会にて議決をいただいた工事請負契約
R5-4kaigiroku,2023,447,工事,○村長(伊藤収宜君):本案につきましては、去る６月の定例会にて議決をいただいた工事請負契約
R5-4kaigiroku,2023,448,契約,について、工事の進捗に伴い変更の必要な部分が生じたことから、今般、変更契約を締結したく、
R5-4kaigiroku,2023,448,工事,について、工事の進捗に伴い変更の必要な部分が生じたことから、今般、変更契約を締結したく、
R5-4kaigiroku,2023,449,契約,地方自治法第９６条第１項第５号及び議会の議決に付すべき契約及び財産の取得又は処分に関
R5-4kaigiroku,2023,449,財産,地方自治法第９６条第１項第５号及び議会の議決に付すべき契約及び財産の取得又は処分に関
R5-4kaigiroku,2023,449,取得,地方自治法第９６条第１項第５号及び議会の議決に付すべき契約及び財産の取得又は処分に関
R5-4kaigiroku,2023,459,契約,設替工事に伴う工事請負変更契約の締結についても、むらづくり委員会に付託することに決定し
R5-4kaigiroku,2023,459,工事,設替工事に伴う工事請負変更契約の締結についても、むらづくり委員会に付託することに決定し
R5-4kaigiroku,2023,673,取得,置している多機能端末から住民票の写し及び印鑑登録証明書が取得できるサービスを開始する
R5-4kaigiroku,2023,682,取得,明書を取得できるサービスを令和６年３月から開始いたします。このコンビニ交付サービスを開始
R5-4kaigiroku,2023,686,取得,窓口で印鑑証明書を取得する際に掲示が必要であった印鑑登録証ですが、マイナンバーカード
R5-4kaigiroku,2023,687,取得,の掲示でも印鑑証明書を取得できることとする改正となっております。次に手数料条例についてで
R5-4kaigiroku,2023,688,取得,すが、現在窓口で住民票や印鑑証明書を取得した際に２００円の手数料をいただいております
R5-4kaigiroku,2023,689,取得,が、コンビニで取得する際の手数料を窓口と同じ２００円に定める改正となっております。以上、ご
R5-4kaigiroku,2023,705,予算,◎議案第４９号令和５年度御杖村一般会計補正予算(第７号)
R5-4kaigiroku,2023,705,補正予算,◎議案第４９号令和５年度御杖村一般会計補正予算(第７号)
R5-4kaigiroku,2023,707,予算,［上程、説明、総括的質疑、予算決算委員会付託］
R5-4kaigiroku,2023,707,決算,［上程、説明、総括的質疑、予算決算委員会付託］
R5-4kaigiroku,2023,709,予算,○議長(葛城昌俊君):次に、日程第１５議案第４９号、令和５年度御杖村一般会計補正予算第７号の
R5-4kaigiroku,2023,709,補正予算,○議長(葛城昌俊君):次に、日程第１５議案第４９号、令和５年度御杖村一般会計補正予算第７号の
R5-4kaigiroku,2023,723,予算,運営委員会副委員長の報告のとおり、全員協議会で詳細な説明を受け、予算決算委員会に付託
R5-4kaigiroku,2023,723,決算,運営委員会副委員長の報告のとおり、全員協議会で詳細な説明を受け、予算決算委員会に付託
R5-4kaigiroku,2023,728,予算,一般会計補正予算第７号の議定については、予算決算委員会に付託することに決定しました。
R5-4kaigiroku,2023,728,補正予算,一般会計補正予算第７号の議定については、予算決算委員会に付託することに決定しました。
R5-4kaigiroku,2023,728,決算,一般会計補正予算第７号の議定については、予算決算委員会に付託することに決定しました。
R5-4kaigiroku,2023,732,予算,補正予算（第１号）の議定について
R5-4kaigiroku,2023,732,補正予算,補正予算（第１号）の議定について
R5-4kaigiroku,2023,733,予算,［上程、説明、総括的質疑、予算決算委員会付託］
R5-4kaigiroku,2023,733,決算,［上程、説明、総括的質疑、予算決算委員会付託］
R5-4kaigiroku,2023,736,予算,正予算第１号の議定についてを議題と致します。本案について、提案理由の説明を求めます。伊
R5-4kaigiroku,2023,748,予算,運営委員会副委員長の報告のとおり、全員協議会で詳細な説明を受け、予算決算委員会に付託
R5-4kaigiroku,2023,748,決算,運営委員会副委員長の報告のとおり、全員協議会で詳細な説明を受け、予算決算委員会に付託
R5-4kaigiroku,2023,752,予算,簡易水道事業特別会計補正予算第１号の議定については、予算決算委員会に付託することに決
R5-4kaigiroku,2023,752,補正予算,簡易水道事業特別会計補正予算第１号の議定については、予算決算委員会に付託することに決
R5-4kaigiroku,2023,752,決算,簡易水道事業特別会計補正予算第１号の議定については、予算決算委員会に付託することに決
R5-4kaigiroku,2023,757,予算,補正予算（第４号）の議定について
R5-4kaigiroku,2023,757,補正予算,補正予算（第４号）の議定について
R5-4kaigiroku,2023,758,予算,［上程、説明、総括的質疑、予算決算委員会付託］
R5-4kaigiroku,2023,758,決算,［上程、説明、総括的質疑、予算決算委員会付託］
R5-4kaigiroku,2023,761,予算,正予算第４号の議定についてを議題と致します。本案について、提案理由の説明を求めます。伊
R5-4kaigiroku,2023,767,基金,基金繰入金の増額を行い、歳出では、財政安定化支援事業を増額するものでございます。診療
R5-4kaigiroku,2023,775,予算,運営委員会副委員長の報告のとおり、全員協議会で詳細な説明を受け、予算決算委員会に付託
R5-4kaigiroku,2023,775,決算,運営委員会副委員長の報告のとおり、全員協議会で詳細な説明を受け、予算決算委員会に付託
R5-4kaigiroku,2023,779,予算,国民健康保険特別会計補正予算第４号の議定については、予算決算委員会に付託することに決
R5-4kaigiroku,2023,779,補正予算,国民健康保険特別会計補正予算第４号の議定については、予算決算委員会に付託することに決
R5-4kaigiroku,2023,779,決算,国民健康保険特別会計補正予算第４号の議定については、予算決算委員会に付託することに決
R5-4kaigiroku,2023,784,予算,予算（第２号）の議定について
R5-4kaigiroku,2023,785,予算,［上程、説明、総括的質疑、予算決算委員会付託］
R5-4kaigiroku,2023,785,決算,［上程、説明、総括的質疑、予算決算委員会付託］
R5-4kaigiroku,2023,787,予算,○議長(葛城昌俊君):次に、日程第１８議案第５２号、令和５年度御杖村介護保険特別会計補正予算
R5-4kaigiroku,2023,787,補正予算,○議長(葛城昌俊君):次に、日程第１８議案第５２号、令和５年度御杖村介護保険特別会計補正予算
R5-4kaigiroku,2023,799,予算,運営委員会副委員長の報告のとおり、全員協議会で詳細な説明を受け、予算決算委員会に付託
R5-4kaigiroku,2023,799,決算,運営委員会副委員長の報告のとおり、全員協議会で詳細な説明を受け、予算決算委員会に付託
R5-4kaigiroku,2023,804,予算,介護保険特別会計補正予算第２号の議定については、予算決算委員会に付託することに決定し
R5-4kaigiroku,2023,804,補正予算,介護保険特別会計補正予算第２号の議定については、予算決算委員会に付託することに決定し
R5-4kaigiroku,2023,804,決算,介護保険特別会計補正予算第２号の議定については、予算決算委員会に付託することに決定し
R5-4kaigiroku,2023,855,契約,桃俣地区公衆トイレ整備工事に伴う工事請負変更契約の締結について
R5-4kaigiroku,2023,855,工事,桃俣地区公衆トイレ整備工事に伴う工事請負変更契約の締結について
R5-4kaigiroku,2023,857,契約,桃俣地区配水管布設替工事に伴う工事請負変更契約の締結について
R5-4kaigiroku,2023,857,工事,桃俣地区配水管布設替工事に伴う工事請負変更契約の締結について
R5-4kaigiroku,2023,859,予算,令和５年度御杖村一般会計補正予算（第７号）の議定について
R5-4kaigiroku,2023,859,補正予算,令和５年度御杖村一般会計補正予算（第７号）の議定について
R5-4kaigiroku,2023,861,予算,令和５年度御杖村簡易水道事業特別会計補正予算（第１号）の議定について
R5-4kaigiroku,2023,861,補正予算,令和５年度御杖村簡易水道事業特別会計補正予算（第１号）の議定について
R5-4kaigiroku,2023,863,予算,令和５年度御杖村国民健康保険特別会計補正予算（第４号）の議定について
R5-4kaigiroku,2023,863,補正予算,令和５年度御杖村国民健康保険特別会計補正予算（第４号）の議定について
R5-4kaigiroku,2023,865,予算,令和５年度御杖村介護保険特別会計補正予算（第２号）の議定について
R5-4kaigiroku,2023,865,補正予算,令和５年度御杖村介護保険特別会計補正予算（第２号）の議定について
R5-4kaigiroku,2023,918,工事,◎議案第４１号桃俣地区公衆トイレ整備工事に伴う工事請負
R5-4kaigiroku,2023,919,契約,変更契約の締結について、議案第４２号桃俣地区配水管
R5-4kaigiroku,2023,920,契約,布設替工事に伴う工事請負変更契約の締結について
R5-4kaigiroku,2023,920,工事,布設替工事に伴う工事請負変更契約の締結について
R5-4kaigiroku,2023,923,工事,○議長(葛城昌俊君):先ず、日程第１議案第４１号、桃俣地区公衆トイレ整備工事に伴う工事請負変
R5-4kaigiroku,2023,924,契約,更契約の締結について、日程第２議案第４２号、桃俣地区配水管布設替工事に伴う工事請負変
R5-4kaigiroku,2023,924,工事,更契約の締結について、日程第２議案第４２号、桃俣地区配水管布設替工事に伴う工事請負変
R5-4kaigiroku,2023,925,契約,更契約の締結についての２議案につきましては、むらづくり委員会へ付託した案件でございます
R5-4kaigiroku,2023,936,工事,の桃俣地区公衆トイレ整備工事、議案第４２号の桃俣地区配水管布設替工事それぞれの工事請
R5-4kaigiroku,2023,937,契約,負変更契約の締結について、議案第５３号の御杖村ケアハウス、御杖村デイサービスセンターに
R5-4kaigiroku,2023,941,契約,レ整備工事に伴う工事請負変更契約の締結について、議案第４２号桃俣地区配水管布設替工事
R5-4kaigiroku,2023,941,工事,レ整備工事に伴う工事請負変更契約の締結について、議案第４２号桃俣地区配水管布設替工事
R5-4kaigiroku,2023,942,契約,に伴う工事請負変更契約の締結について、それぞれ質疑及び討論と採決を行いました。質疑で
R5-4kaigiroku,2023,942,工事,に伴う工事請負変更契約の締結について、それぞれ質疑及び討論と採決を行いました。質疑で
R5-4kaigiroku,2023,943,契約,は、それぞれの工事において契約金額が増額となった要因など委員より質疑が行われ、村当局よ
R5-4kaigiroku,2023,943,工事,は、それぞれの工事において契約金額が増額となった要因など委員より質疑が行われ、村当局よ
R5-4kaigiroku,2023,946,契約,定いたしました。以上で、議案第４１号桃俣地区公衆トイレ整備工事に伴う工事請負変更契約の
R5-4kaigiroku,2023,946,工事,定いたしました。以上で、議案第４１号桃俣地区公衆トイレ整備工事に伴う工事請負変更契約の
R5-4kaigiroku,2023,947,契約,締結について、議案４２号桃俣地区配水管布設替工事に伴う工事請負変更契約の締結について
R5-4kaigiroku,2023,947,工事,締結について、議案４２号桃俣地区配水管布設替工事に伴う工事請負変更契約の締結について
R5-4kaigiroku,2023,955,工事,◎議案第４１号桃俣地区公衆トイレ整備工事に伴う工事請負
R5-4kaigiroku,2023,956,契約,変更契約の締結について
R5-4kaigiroku,2023,966,契約,衆トイレ整備工事に伴う工事請負変更契約の締結については、むらづくり委員会委員長の報告の
R5-4kaigiroku,2023,966,工事,衆トイレ整備工事に伴う工事請負変更契約の締結については、むらづくり委員会委員長の報告の
R5-4kaigiroku,2023,969,工事,◎議案第４２号桃俣地区配水管布設替工事に伴う工事請負
R5-4kaigiroku,2023,970,契約,変更契約の締結について
R5-4kaigiroku,2023,973,工事,○議長(葛城昌俊君):次に、日程第２議案第４２号、桃俣地区配水管布設替工事に伴う工事請負変
R5-4kaigiroku,2023,974,契約,更契約の締結についてを議題とし、討論を行います。討論はありませんか。
R5-4kaigiroku,2023,981,契約,水管布設替工事に伴う工事請負変更契約の締結については、むらづくり委員会委員長の報告の
R5-4kaigiroku,2023,981,工事,水管布設替工事に伴う工事請負変更契約の締結については、むらづくり委員会委員長の報告の
R5-4kaigiroku,2023,985,予算,◎議案４９号令和５年度御杖村一般会計補正予算(第７号)の
R5-4kaigiroku,2023,985,補正予算,◎議案４９号令和５年度御杖村一般会計補正予算(第７号)の
R5-4kaigiroku,2023,987,予算,事業特別会計補正予算(第１号)の議定について、議案第
R5-4kaigiroku,2023,987,補正予算,事業特別会計補正予算(第１号)の議定について、議案第
R5-4kaigiroku,2023,988,予算,５１号令和５年度御杖村国民健康保険特別会計補正予算
R5-4kaigiroku,2023,988,補正予算,５１号令和５年度御杖村国民健康保険特別会計補正予算
R5-4kaigiroku,2023,990,予算,介護保険特別会計補正予算(第２号)の議定について
R5-4kaigiroku,2023,990,補正予算,介護保険特別会計補正予算(第２号)の議定について
R5-4kaigiroku,2023,993,予算,○議長(葛城昌俊君):次に、日程第３議案第４９号、令和５年度御杖村一般会計補正予算第７号の議
R5-4kaigiroku,2023,993,補正予算,○議長(葛城昌俊君):次に、日程第３議案第４９号、令和５年度御杖村一般会計補正予算第７号の議
R5-4kaigiroku,2023,994,予算,定について、日程第４議案第５０号、令和５年度御杖村簡易水道事業特別会計補正予算第１号の
R5-4kaigiroku,2023,994,補正予算,定について、日程第４議案第５０号、令和５年度御杖村簡易水道事業特別会計補正予算第１号の
R5-4kaigiroku,2023,995,予算,議定について、日程第５議案第５１号、令和５年度御杖村国民健康保険特別会計補正予算第４号
R5-4kaigiroku,2023,995,補正予算,議定について、日程第５議案第５１号、令和５年度御杖村国民健康保険特別会計補正予算第４号
R5-4kaigiroku,2023,996,予算,の議定について、日程第６議案第５２号、令和５年度御杖村介護保険特別会計補正予算第２号の
R5-4kaigiroku,2023,996,補正予算,の議定について、日程第６議案第５２号、令和５年度御杖村介護保険特別会計補正予算第２号の
R5-4kaigiroku,2023,997,予算,議定について以上の４議案につきましては、予算決算委員会へ付託した案件でございますので、
R5-4kaigiroku,2023,997,決算,議定について以上の４議案につきましては、予算決算委員会へ付託した案件でございますので、
R5-4kaigiroku,2023,1002,予算,第４１条第１項の規定に基づき、予算決算委員会委員長より一括して審査経過及び結果の報告を
R5-4kaigiroku,2023,1002,決算,第４１条第１項の規定に基づき、予算決算委員会委員長より一括して審査経過及び結果の報告を
R5-4kaigiroku,2023,1006,予算,○６番(山岡隆良君)：それでは、予算決算委員会を代表しまして、当委員会に付託されました、議案
R5-4kaigiroku,2023,1006,決算,○６番(山岡隆良君)：それでは、予算決算委員会を代表しまして、当委員会に付託されました、議案
R5-4kaigiroku,2023,1007,予算,第４９号から議案第５２号までの補正予算４件につきまして、一括して審査の経過と結果について
R5-4kaigiroku,2023,1007,補正予算,第４９号から議案第５２号までの補正予算４件につきまして、一括して審査の経過と結果について
R5-4kaigiroku,2023,1009,予算,５年度御杖村一般会計補正予算１件及び特別会計補正予算３件の合計４件の案件が付託された
R5-4kaigiroku,2023,1009,補正予算,５年度御杖村一般会計補正予算１件及び特別会計補正予算３件の合計４件の案件が付託された
R5-4kaigiroku,2023,1010,予算,ことにより、１２月１２日に予算決算委員会を開催いたしました。審査の経過でございますが、各会
R5-4kaigiroku,2023,1010,決算,ことにより、１２月１２日に予算決算委員会を開催いたしました。審査の経過でございますが、各会
R5-4kaigiroku,2023,1012,予算,局の所属長出席のもと審査を行いました。質疑では、一般会計補正予算において中央ヘリポート
R5-4kaigiroku,2023,1012,補正予算,局の所属長出席のもと審査を行いました。質疑では、一般会計補正予算において中央ヘリポート
R5-4kaigiroku,2023,1015,予算,つきましては、補正予算４件ともに全員の賛成により、原案のとおり可決すべきものと決定いたしま
R5-4kaigiroku,2023,1015,補正予算,つきましては、補正予算４件ともに全員の賛成により、原案のとおり可決すべきものと決定いたしま
R5-4kaigiroku,2023,1016,予算,した。以上で、予算決算委員会の報告とさせていただきます。
R5-4kaigiroku,2023,1016,決算,した。以上で、予算決算委員会の報告とさせていただきます。
R5-4kaigiroku,2023,1022,予算,◎議案第４９号令和５年度御杖村一般会計補正予算(第７号)
R5-4kaigiroku,2023,1022,補正予算,◎議案第４９号令和５年度御杖村一般会計補正予算(第７号)
R5-4kaigiroku,2023,1027,予算,令和５年度御杖村一般会計補正予算第７号の議定についてを議題とし、討論を行います。討論
R5-4kaigiroku,2023,1027,補正予算,令和５年度御杖村一般会計補正予算第７号の議定についてを議題とし、討論を行います。討論
R5-4kaigiroku,2023,1036,予算,杖村一般会計補正予算第７号の議定については、予算決算委員会委員長の報告のとおり可決さ
R5-4kaigiroku,2023,1036,補正予算,杖村一般会計補正予算第７号の議定については、予算決算委員会委員長の報告のとおり可決さ
R5-4kaigiroku,2023,1036,決算,杖村一般会計補正予算第７号の議定については、予算決算委員会委員長の報告のとおり可決さ
R5-4kaigiroku,2023,1041,予算,補正予算(第１号)の議定について
R5-4kaigiroku,2023,1041,補正予算,補正予算(第１号)の議定について
R5-4kaigiroku,2023,1045,予算,正予算第１号の議定についてを議題とし、討論を行います。討論はありませんか。
R5-4kaigiroku,2023,1052,予算,杖村簡易水道事業特別会計補正予算第１号の議定については、予算決算委員会委員長の報告
R5-4kaigiroku,2023,1052,補正予算,杖村簡易水道事業特別会計補正予算第１号の議定については、予算決算委員会委員長の報告
R5-4kaigiroku,2023,1052,決算,杖村簡易水道事業特別会計補正予算第１号の議定については、予算決算委員会委員長の報告
R5-4kaigiroku,2023,1057,予算,予算(第４号)の議定について
R5-4kaigiroku,2023,1060,予算,○議長(葛城昌俊君):次に、日程第５議案第５１号、令和５年度御杖村国民健康特別会計補正予算
R5-4kaigiroku,2023,1060,補正予算,○議長(葛城昌俊君):次に、日程第５議案第５１号、令和５年度御杖村国民健康特別会計補正予算
R5-4kaigiroku,2023,1068,予算,杖村国民健康保険特別会計補正予算第４号の議定については、予算決算委員会委員長の報告
R5-4kaigiroku,2023,1068,補正予算,杖村国民健康保険特別会計補正予算第４号の議定については、予算決算委員会委員長の報告
R5-4kaigiroku,2023,1068,決算,杖村国民健康保険特別会計補正予算第４号の議定については、予算決算委員会委員長の報告
R5-4kaigiroku,2023,1073,予算,予算(第２号)の議定について
R5-4kaigiroku,2023,1076,予算,○議長(葛城昌俊君):次に、日程第６議案第５２号、令和５年度御杖村介護保険特別会計補正予算
R5-4kaigiroku,2023,1076,補正予算,○議長(葛城昌俊君):次に、日程第６議案第５２号、令和５年度御杖村介護保険特別会計補正予算
R5-4kaigiroku,2023,1085,予算,杖村介護保険特別会計補正予算第２号の議定については、予算決算委員会委員長の報告のと
R5-4kaigiroku,2023,1085,補正予算,杖村介護保険特別会計補正予算第２号の議定については、予算決算委員会委員長の報告のと
R5-4kaigiroku,2023,1085,決算,杖村介護保険特別会計補正予算第２号の議定については、予算決算委員会委員長の報告のと
R5-6giketukekka,2023,2,予算,●村長提出議案（承認４件、契約４件、予算２件、同意９件、報告１件、計２０件）
R5-6giketukekka,2023,2,契約,●村長提出議案（承認４件、契約４件、予算２件、同意９件、報告１件、計２０件）
R5-6giketukekka,2023,6,予算,承 認    専決処分の承認を求めることについて                                   予算決算
R5-6giketukekka,2023,6,決算,承 認    専決処分の承認を求めることについて                                   予算決算
R5-6giketukekka,2023,7,予算,（令和５度御杖村一般会計補正予算（第１号））            R5.6.7   R5.6.7          R5.6.13   承認    R5.6.15   承 認
R5-6giketukekka,2023,7,補正予算,（令和５度御杖村一般会計補正予算（第１号））            R5.6.7   R5.6.7          R5.6.13   承認    R5.6.15   承 認
R5-6giketukekka,2023,10,予算,（令和５年度御杖村国民健康保険特別会計補正予算（第１号））      〃        〃        〃       〃        〃      〃        〃
R5-6giketukekka,2023,10,補正予算,（令和５年度御杖村国民健康保険特別会計補正予算（第１号））      〃        〃        〃       〃        〃      〃        〃
R5-6giketukekka,2023,13,予算,（令和５度御杖村一般会計補正予算（第２号））             〃        〃        〃       〃       〃       〃        〃
R5-6giketukekka,2023,13,補正予算,（令和５度御杖村一般会計補正予算（第２号））             〃        〃        〃       〃       〃       〃        〃
R5-6giketukekka,2023,18,契約,議 案    単身者集合住宅建設工事に伴う工事請負契約の締結について        〃        〃        〃       〃        〃      〃       可 決
R5-6giketukekka,2023,18,工事,議 案    単身者集合住宅建設工事に伴う工事請負契約の締結について        〃        〃        〃       〃        〃      〃       可 決
R5-6giketukekka,2023,21,契約,桃俣地区公衆トイレ整備工事に伴う工事請負契約の締結について      〃        〃        〃       〃        〃      〃        〃
R5-6giketukekka,2023,21,工事,桃俣地区公衆トイレ整備工事に伴う工事請負契約の締結について      〃        〃        〃       〃        〃      〃        〃
R5-6giketukekka,2023,23,契約,議 案    桃俣地区配水管布設替工事に伴う工事請負契約の締結について       〃        〃        〃       〃        〃      〃        〃
R5-6giketukekka,2023,23,工事,議 案    桃俣地区配水管布設替工事に伴う工事請負契約の締結について       〃        〃        〃       〃        〃      〃        〃
R5-6giketukekka,2023,25,契約,議 案    神末レクリェーション体育館耐震改修工事に伴う工事請負契約の締結
R5-6giketukekka,2023,25,工事,議 案    神末レクリェーション体育館耐震改修工事に伴う工事請負契約の締結
R5-6giketukekka,2023,28,予算,議 案                                                        予算決算
R5-6giketukekka,2023,28,決算,議 案                                                        予算決算
R5-6giketukekka,2023,29,予算,令和５度御杖村一般会計補正予算（第３号）の議定について        〃       R5.6.7          R5.6.13   可決    R5.6.15    〃
R5-6giketukekka,2023,29,補正予算,令和５度御杖村一般会計補正予算（第３号）の議定について        〃       R5.6.7          R5.6.13   可決    R5.6.15    〃
R5-6giketukekka,2023,31,予算,議 案    令和５年度御杖村国民健康保険特別会計補正予算（第２号）の議定に
R5-6giketukekka,2023,31,補正予算,議 案    令和５年度御杖村国民健康保険特別会計補正予算（第２号）の議定に
R5-6giketukekka,2023,63,繰越,令和４年度御杖村一般会計繰越明許費繰越計算書の報告について      〃       〃     〃     〃        〃      〃      報告済
R5-6kaigiroku,2023,41,予算,（令和５年度御杖村一般会計補正予算（第１号））
R5-6kaigiroku,2023,41,補正予算,（令和５年度御杖村一般会計補正予算（第１号））
R5-6kaigiroku,2023,42,予算,[上程、説明、総括的質疑、予算決算委員会付託] ・・・・・・・・・・・・・・・・・・・・・・・・・・・ －９－
R5-6kaigiroku,2023,42,決算,[上程、説明、総括的質疑、予算決算委員会付託] ・・・・・・・・・・・・・・・・・・・・・・・・・・・ －９－
R5-6kaigiroku,2023,44,予算,（令和５年度御杖村国民健康保険特別会計補正予算（第１号））
R5-6kaigiroku,2023,44,補正予算,（令和５年度御杖村国民健康保険特別会計補正予算（第１号））
R5-6kaigiroku,2023,45,予算,[上程、説明、総括的質疑、予算決算委員会付託] ・・・・・・・・・・・・・・・・・・・・・・・・・・・ －９－
R5-6kaigiroku,2023,45,決算,[上程、説明、総括的質疑、予算決算委員会付託] ・・・・・・・・・・・・・・・・・・・・・・・・・・・ －９－
R5-6kaigiroku,2023,47,予算,（令和５年度御杖村一般会計補正予算（第２号））
R5-6kaigiroku,2023,47,補正予算,（令和５年度御杖村一般会計補正予算（第２号））
R5-6kaigiroku,2023,48,予算,[上程、説明、総括的質疑、予算決算委員会付託] ・・・・・・・・・・・・・・・・・・・・・・・・・・・ －10－
R5-6kaigiroku,2023,48,決算,[上程、説明、総括的質疑、予算決算委員会付託] ・・・・・・・・・・・・・・・・・・・・・・・・・・・ －10－
R5-6kaigiroku,2023,52,契約,◎議案第２６号単身者集合住宅建設工事に伴う工事請負契約の締結について
R5-6kaigiroku,2023,52,工事,◎議案第２６号単身者集合住宅建設工事に伴う工事請負契約の締結について
R5-6kaigiroku,2023,54,契約,◎議案第２７号桃俣地区公衆トイレ整備工事に伴う工事請負契約の締結について
R5-6kaigiroku,2023,54,工事,◎議案第２７号桃俣地区公衆トイレ整備工事に伴う工事請負契約の締結について
R5-6kaigiroku,2023,56,契約,◎議案第２８号桃俣地区配水管布設替工事に伴う工事請負契約の締結について
R5-6kaigiroku,2023,56,工事,◎議案第２８号桃俣地区配水管布設替工事に伴う工事請負契約の締結について
R5-6kaigiroku,2023,58,契約,◎議案第２９号神末レクリェーション体育館耐震改修工事に伴う工事請負契約の締結について
R5-6kaigiroku,2023,58,工事,◎議案第２９号神末レクリェーション体育館耐震改修工事に伴う工事請負契約の締結について
R5-6kaigiroku,2023,60,予算,◎議案第３０号令和５年度御杖村一般会計補正予算（第３号）の議定について
R5-6kaigiroku,2023,60,補正予算,◎議案第３０号令和５年度御杖村一般会計補正予算（第３号）の議定について
R5-6kaigiroku,2023,61,予算,[上程、説明、総括的質疑、予算決算員会付託] ・・・・・・・・・・・・・・・・・・・・・・・・・・・・・ －16－
R5-6kaigiroku,2023,61,決算,[上程、説明、総括的質疑、予算決算員会付託] ・・・・・・・・・・・・・・・・・・・・・・・・・・・・・ －16－
R5-6kaigiroku,2023,62,予算,◎議案第３１号令和５年度御杖村国民健康保険特別会計補正予算（第１号）の議定について
R5-6kaigiroku,2023,62,補正予算,◎議案第３１号令和５年度御杖村国民健康保険特別会計補正予算（第１号）の議定について
R5-6kaigiroku,2023,63,予算,[上程、説明、総括的質疑、予算決算委員会付託] ・・・・・・・・・・・・・・・・・・・・・・・・・・・ －17－
R5-6kaigiroku,2023,63,決算,[上程、説明、総括的質疑、予算決算委員会付託] ・・・・・・・・・・・・・・・・・・・・・・・・・・・ －17－
R5-6kaigiroku,2023,91,繰越,◎報告第１号令和４年度御杖村一般会計繰越明許費繰越計算書の報告についてについて
R5-6kaigiroku,2023,105,予算,◎承認第２号専決処分の承認を求めることについて（令和５年度御杖村一般会計補正予算（第１
R5-6kaigiroku,2023,105,補正予算,◎承認第２号専決処分の承認を求めることについて（令和５年度御杖村一般会計補正予算（第１
R5-6kaigiroku,2023,107,予算,別会計補正予算（第１号））・承認第４号専決処分の承認を求めることについて （令和５年度
R5-6kaigiroku,2023,107,補正予算,別会計補正予算（第１号））・承認第４号専決処分の承認を求めることについて （令和５年度
R5-6kaigiroku,2023,108,予算,御杖村一般会計補正予算（第２号））
R5-6kaigiroku,2023,108,補正予算,御杖村一般会計補正予算（第２号））
R5-6kaigiroku,2023,111,予算,（令和５年度御杖村一般会計補正予算（第１号））
R5-6kaigiroku,2023,111,補正予算,（令和５年度御杖村一般会計補正予算（第１号））
R5-6kaigiroku,2023,114,予算,（令和５年度御杖村国民健康保険特別会計補正予算（第１号））
R5-6kaigiroku,2023,114,補正予算,（令和５年度御杖村国民健康保険特別会計補正予算（第１号））
R5-6kaigiroku,2023,117,予算,（令和５年度御杖村一般会計補正予算（第２号））
R5-6kaigiroku,2023,117,補正予算,（令和５年度御杖村一般会計補正予算（第２号））
R5-6kaigiroku,2023,119,予算,◎議案第３０号令和５年度御杖村一般会計補正予算（第３号）の議定について・議案第３１号
R5-6kaigiroku,2023,119,補正予算,◎議案第３０号令和５年度御杖村一般会計補正予算（第３号）の議定について・議案第３１号
R5-6kaigiroku,2023,120,予算,令和５年度御杖村国民健康保険特別会計補正予算（第１号）の議定について
R5-6kaigiroku,2023,120,補正予算,令和５年度御杖村国民健康保険特別会計補正予算（第１号）の議定について
R5-6kaigiroku,2023,122,予算,◎令和５年度御杖村一般会計補正予算（第３号）の議定について
R5-6kaigiroku,2023,122,補正予算,◎令和５年度御杖村一般会計補正予算（第３号）の議定について
R5-6kaigiroku,2023,124,予算,◎令和５年度御杖村国民健康保険特別会計補正予算（第２号）の議定について
R5-6kaigiroku,2023,124,補正予算,◎令和５年度御杖村国民健康保険特別会計補正予算（第２号）の議定について
R5-6kaigiroku,2023,150,予算,第６   承認第２号    ［予算決算員会付託］
R5-6kaigiroku,2023,150,決算,第６   承認第２号    ［予算決算員会付託］
R5-6kaigiroku,2023,152,予算,第７   承認第３号    [予算決算員会付託]
R5-6kaigiroku,2023,152,決算,第７   承認第３号    [予算決算員会付託]
R5-6kaigiroku,2023,154,予算,第８   承認第４号    ［予算決算員会付託］
R5-6kaigiroku,2023,154,決算,第８   承認第４号    ［予算決算員会付託］
R5-6kaigiroku,2023,168,予算,第１４ 議案第３０号    ［予算決算員会付託］
R5-6kaigiroku,2023,168,決算,第１４ 議案第３０号    ［予算決算員会付託］
R5-6kaigiroku,2023,171,予算,第１５ 議案第３１号    ［予算決算員会付託］
R5-6kaigiroku,2023,171,決算,第１５ 議案第３１号    ［予算決算員会付託］
R5-6kaigiroku,2023,194,繰越,令和４年度御杖村一般会計繰越明許費繰越計算書の報告ついて
R5-6kaigiroku,2023,265,予算,予算決算委員会を６月１３日午前１０時開会、続会議を６月１５日午前１０時開会と決定いたしまし
R5-6kaigiroku,2023,265,決算,予算決算委員会を６月１３日午前１０時開会、続会議を６月１５日午前１０時開会と決定いたしまし
R5-6kaigiroku,2023,269,予算,て協議を行いました。協議の内容でありますが、専決を含む補正予算５件については予算決算委
R5-6kaigiroku,2023,269,補正予算,て協議を行いました。協議の内容でありますが、専決を含む補正予算５件については予算決算委
R5-6kaigiroku,2023,269,決算,て協議を行いました。協議の内容でありますが、専決を含む補正予算５件については予算決算委
R5-6kaigiroku,2023,270,契約,員会へ付託することとし、専決処分による条例の一部改正と契約４件、同意９件ついては、開会日
R5-6kaigiroku,2023,271,繰越,に即決することと致しました。また、令和４年度一般会計繰越明許費繰越計算書の報告について
R5-6kaigiroku,2023,300,予算,せていただきたいと思います。先の３月議会で予算の議決をいただいた後、令和５年度も
R5-6kaigiroku,2023,313,予算,の一般会計補正予算等に計上させていただいております新型コロナワクチン接種費用は、
R5-6kaigiroku,2023,313,補正予算,の一般会計補正予算等に計上させていただいております新型コロナワクチン接種費用は、
R5-6kaigiroku,2023,319,予算,こなって行きます。次に、当初予算に計上しておりました特産品利活用事業及び東奈良名
R5-6kaigiroku,2023,322,予算,業の補助事業として採択されましたので、今回の補正予算に計上させていただいておりま
R5-6kaigiroku,2023,322,補正予算,業の補助事業として採択されましたので、今回の補正予算に計上させていただいておりま
R5-6kaigiroku,2023,326,予算,うとともに、道路の重要性を再確認し、安全安心の道づくりに向けた予算確保を決議した
R5-6kaigiroku,2023,327,予算,ところです。大会終了後は、県選出の国会議員を訪ね、令和 6 年度に向けた道路関連予算
R5-6kaigiroku,2023,329,予算,きたいと思います。最後に、本定例会には、承認４件、工事契約４件、補正予算２件、人
R5-6kaigiroku,2023,329,補正予算,きたいと思います。最後に、本定例会には、承認４件、工事契約４件、補正予算２件、人
R5-6kaigiroku,2023,329,契約,きたいと思います。最後に、本定例会には、承認４件、工事契約４件、補正予算２件、人
R5-6kaigiroku,2023,329,工事,きたいと思います。最後に、本定例会には、承認４件、工事契約４件、補正予算２件、人
R5-6kaigiroku,2023,441,予算,（令和５年度御杖村一般会計補正予算(第１号)）
R5-6kaigiroku,2023,441,補正予算,（令和５年度御杖村一般会計補正予算(第１号)）
R5-6kaigiroku,2023,442,予算,［上程、説明、予算決算委員会付託］
R5-6kaigiroku,2023,442,決算,［上程、説明、予算決算委員会付託］
R5-6kaigiroku,2023,445,予算,御杖村一般会計補正予算第１号を議題と致します。本案について、提案理由の説明を求めます。
R5-6kaigiroku,2023,445,補正予算,御杖村一般会計補正予算第１号を議題と致します。本案について、提案理由の説明を求めます。
R5-6kaigiroku,2023,454,予算,に予算措置が必要となったことから、去る４月３日に専決処分をしましたので、承認をお願いす
R5-6kaigiroku,2023,460,予算,運営委員長の報告のとおり、全員協議会で詳細な説明を受け、予算決算委員会に付託すること
R5-6kaigiroku,2023,460,決算,運営委員長の報告のとおり、全員協議会で詳細な説明を受け、予算決算委員会に付託すること
R5-6kaigiroku,2023,464,予算,ることについて、令和５年度御杖村一般会計補正予算第１号は、予算決算委員会に付託すること
R5-6kaigiroku,2023,464,補正予算,ることについて、令和５年度御杖村一般会計補正予算第１号は、予算決算委員会に付託すること
R5-6kaigiroku,2023,464,決算,ることについて、令和５年度御杖村一般会計補正予算第１号は、予算決算委員会に付託すること
R5-6kaigiroku,2023,469,予算,（令和５年度御杖村国民健康保険特別会計補正予算(第１号)）
R5-6kaigiroku,2023,469,補正予算,（令和５年度御杖村国民健康保険特別会計補正予算(第１号)）
R5-6kaigiroku,2023,470,予算,［上程、説明、予算決算委員会付託］
R5-6kaigiroku,2023,470,決算,［上程、説明、予算決算委員会付託］
R5-6kaigiroku,2023,473,予算,御杖村国民健康保険特別会計補正予算第１号を議題と致します。本案について、提案理由の説
R5-6kaigiroku,2023,473,補正予算,御杖村国民健康保険特別会計補正予算第１号を議題と致します。本案について、提案理由の説
R5-6kaigiroku,2023,481,予算,ございます。早急に予算措置が必要となったことから、去る４月３日に専決処分をしましたので、承
R5-6kaigiroku,2023,487,予算,運営委員長の報告のとおり、全員協議会で詳細な説明を受け、予算決算委員会に付託すること
R5-6kaigiroku,2023,487,決算,運営委員長の報告のとおり、全員協議会で詳細な説明を受け、予算決算委員会に付託すること
R5-6kaigiroku,2023,491,予算,ることについて、令和５年度御杖村国民健康保険特別会計補正予算第１号は、予算決算委員会
R5-6kaigiroku,2023,491,補正予算,ることについて、令和５年度御杖村国民健康保険特別会計補正予算第１号は、予算決算委員会
R5-6kaigiroku,2023,491,決算,ることについて、令和５年度御杖村国民健康保険特別会計補正予算第１号は、予算決算委員会
R5-6kaigiroku,2023,496,予算,（令和５年度御杖村一般会計補正予算(第２号)）
R5-6kaigiroku,2023,496,補正予算,（令和５年度御杖村一般会計補正予算(第２号)）
R5-6kaigiroku,2023,497,予算,［上程、説明、予算決算委員会付託］
R5-6kaigiroku,2023,497,決算,［上程、説明、予算決算委員会付託］
R5-6kaigiroku,2023,500,予算,御杖村一般会計補正予算第２号を議題と致します。本案について、提案理由の説明を求めます。
R5-6kaigiroku,2023,500,補正予算,御杖村一般会計補正予算第２号を議題と致します。本案について、提案理由の説明を求めます。
R5-6kaigiroku,2023,506,予算,支援特別給付金支給にかかる費用を追加するものでございます。早急に予算措置が必要となっ
R5-6kaigiroku,2023,512,予算,運営委員長の報告のとおり、全員協議会で詳細な説明を受け、予算決算委員会に付託すること
R5-6kaigiroku,2023,512,決算,運営委員長の報告のとおり、全員協議会で詳細な説明を受け、予算決算委員会に付託すること
R5-6kaigiroku,2023,516,予算,ることについて、令和５年度御杖村一般会計補正予算第２号は、予算決算委員会に付託すること
R5-6kaigiroku,2023,516,補正予算,ることについて、令和５年度御杖村一般会計補正予算第２号は、予算決算委員会に付託すること
R5-6kaigiroku,2023,516,決算,ることについて、令和５年度御杖村一般会計補正予算第２号は、予算決算委員会に付託すること
R5-6kaigiroku,2023,550,工事,寿命化に資する大規模修繕工事を行ったマンションに係る税額の減額措置の創設や中小事業者
R5-6kaigiroku,2023,553,取得,新たに取得したときに課税される軽自動車税の環境性能割について、現行の税率を令和５年１２
R5-6kaigiroku,2023,576,契約,◎議案第２６号単身者集合住宅建設工事に伴う工事請負契約の
R5-6kaigiroku,2023,576,工事,◎議案第２６号単身者集合住宅建設工事に伴う工事請負契約の
R5-6kaigiroku,2023,580,工事,○議長(葛城昌俊君)：次に、日程第１０議案第２６号単身者集合住宅整備建設工事に伴う工事請負
R5-6kaigiroku,2023,581,契約,契約の締結についてを議題と致します。本案については、議会運営委員長の報告のとおり即決
R5-6kaigiroku,2023,586,契約,すべき契約及び財産の取得又は処分に関する条例第２条の規定により、議会の議決を必要とす
R5-6kaigiroku,2023,586,財産,すべき契約及び財産の取得又は処分に関する条例第２条の規定により、議会の議決を必要とす
R5-6kaigiroku,2023,586,取得,すべき契約及び財産の取得又は処分に関する条例第２条の規定により、議会の議決を必要とす
R5-6kaigiroku,2023,587,契約,る契約であることから、提案するものでございます。詳細については、むらづくり振興課長より説明
R5-6kaigiroku,2023,593,工事,備事業、単身者集合住宅建設工事につきましては、施工の提案内容とともに、事業実施方針、実
R5-6kaigiroku,2023,595,契約,ザル方式による随意契約として実施しました。この工事は、御杖村大字神末４１２１番地の１に、本
R5-6kaigiroku,2023,595,工事,ザル方式による随意契約として実施しました。この工事は、御杖村大字神末４１２１番地の１に、本
R5-6kaigiroku,2023,596,契約,村に移住される単身者の方向けに集合住宅を新築するものでございます。工事概要と契約の経
R5-6kaigiroku,2023,596,工事,村に移住される単身者の方向けに集合住宅を新築するものでございます。工事概要と契約の経
R5-6kaigiroku,2023,597,工事,緯について説明させていただきます。工事概要につきましては、軽量鉄骨造の２階建て延べ床面
R5-6kaigiroku,2023,599,工事,します、全８戸の集合住宅で、この本体工事と、土地造成、基礎補強、外構工事、舗装工事、オー
R5-6kaigiroku,2023,600,工事,ル電化設備、太陽光による創エネルギー設備、屋外給排水工事、簡易水道引き込み工事、合併
R5-6kaigiroku,2023,601,工事,処理浄化槽設置、その他屋内外付帯設備工事と、工事の設計並びに管理業務を併せて発注し
R5-6kaigiroku,2023,602,契約,ております。契約相手の選定につきましては、公募型プロポーザル方式で提案要請を行い、去る
R5-6kaigiroku,2023,605,契約,案内容について十分な検討を経た結果、契約限度額１億４千７１８万円に対し、１億３千４６６万２
R5-6kaigiroku,2023,607,契約,を、契約の相手方と決定し令和５年５月２３日付けで仮請負契約の締結を行っております。また工
R5-6kaigiroku,2023,608,契約,期につきましては、議会の議決日の翌日から令和６年３月２５日としています。本工事の契約の締
R5-6kaigiroku,2023,608,工事,期につきましては、議会の議決日の翌日から令和６年３月２５日としています。本工事の契約の締
R5-6kaigiroku,2023,609,契約,結につきましては、議会の議決に付すべき契約及び財産の取得又は処分に関する条例第２条に
R5-6kaigiroku,2023,609,財産,結につきましては、議会の議決に付すべき契約及び財産の取得又は処分に関する条例第２条に
R5-6kaigiroku,2023,609,取得,結につきましては、議会の議決に付すべき契約及び財産の取得又は処分に関する条例第２条に
R5-6kaigiroku,2023,610,工事,該当する、予定価格が５千万円以上の工事の請負であることから、地方自治法第９６条第１項第５
R5-6kaigiroku,2023,622,契約,住宅建設工事に伴う工事請負契約の締結については、原案のとおり可決されました。
R5-6kaigiroku,2023,622,工事,住宅建設工事に伴う工事請負契約の締結については、原案のとおり可決されました。
R5-6kaigiroku,2023,627,契約,◎議案第２７号桃俣地区公衆トイレ整備工事に伴う工事請負契約
R5-6kaigiroku,2023,627,工事,◎議案第２７号桃俣地区公衆トイレ整備工事に伴う工事請負契約
R5-6kaigiroku,2023,631,工事,○議長(葛城昌俊君)：次に、日程第１１議案第２７号桃俣地区公衆トイレ整備工事に伴う工事請負契
R5-6kaigiroku,2023,637,契約,すべき契約及び財産の取得又は処分に関する条例第２条の規定により、議会の議決を必要とす
R5-6kaigiroku,2023,637,財産,すべき契約及び財産の取得又は処分に関する条例第２条の規定により、議会の議決を必要とす
R5-6kaigiroku,2023,637,取得,すべき契約及び財産の取得又は処分に関する条例第２条の規定により、議会の議決を必要とす
R5-6kaigiroku,2023,638,契約,る契約であることから、提案するものでございます。詳細については、むらづくり振興課長より説明
R5-6kaigiroku,2023,643,工事,○むらづくり振興課長（片岡保昌君）：本年度計画していおります、桃俣地区公衆トイレ整備工事に
R5-6kaigiroku,2023,644,工事,つきまして、去る５月２９日に入札を実施致しました。この工事は、御杖村大字桃俣１７５番地の１に、
R5-6kaigiroku,2023,644,入札,つきまして、去る５月２９日に入札を実施致しました。この工事は、御杖村大字桃俣１７５番地の１に、
R5-6kaigiroku,2023,645,工事,公衆トイレを整備するものでございます。工事概要と入札内容につきまして説明させていただきま
R5-6kaigiroku,2023,645,入札,公衆トイレを整備するものでございます。工事概要と入札内容につきまして説明させていただきま
R5-6kaigiroku,2023,646,工事,す。工事概要につきましては、木造平屋建て延べ床面積３３.１３㎡、ここに休憩所を備えた公衆ト
R5-6kaigiroku,2023,648,工事,イレ棟で、この本体工事と、駐車場、土地造成、植栽工、雨水排水工、アスファルト舗装工、フェン
R5-6kaigiroku,2023,649,工事,ス工、サイン工、簡易水道引き込み工事、合併処理浄化槽設置、その他付帯設備工事を併せて
R5-6kaigiroku,2023,650,入札,発注しました。入札につきましては、御杖村の入札参加資格を有し、奈良県内に本社があり奈良
R5-6kaigiroku,2023,653,工事,した業者を対象として一般競争入札を実施致しました。入札の結果、工事設計額７千６３０万７千
R5-6kaigiroku,2023,653,入札,した業者を対象として一般競争入札を実施致しました。入札の結果、工事設計額７千６３０万７千
R5-6kaigiroku,2023,655,契約,井上清利が落札し、令和５年５月３１日付けで仮請負契約の締結を行っています。また工期につき
R5-6kaigiroku,2023,656,契約,ましては、議会の議決日の翌日から令和６年２月２９日までとしております。本工事の契約の締結
R5-6kaigiroku,2023,656,工事,ましては、議会の議決日の翌日から令和６年２月２９日までとしております。本工事の契約の締結
R5-6kaigiroku,2023,657,契約,につきましては、議会の議決に付すべき契約及び財産の取得又は処分に関する条例第２条に該
R5-6kaigiroku,2023,657,財産,につきましては、議会の議決に付すべき契約及び財産の取得又は処分に関する条例第２条に該
R5-6kaigiroku,2023,657,取得,につきましては、議会の議決に付すべき契約及び財産の取得又は処分に関する条例第２条に該
R5-6kaigiroku,2023,658,工事,当します、予定価格が５千万円以上の工事の請負であることから、地方自治法第９６条第１項第５
R5-6kaigiroku,2023,670,契約,衆トイレ整備工事に伴う工事請負契約の締結については、原案のとおり可決されました。
R5-6kaigiroku,2023,670,工事,衆トイレ整備工事に伴う工事請負契約の締結については、原案のとおり可決されました。
R5-6kaigiroku,2023,675,契約,◎議案第２８号桃俣地区配水管布設替工事に伴う工事請負契約
R5-6kaigiroku,2023,675,工事,◎議案第２８号桃俣地区配水管布設替工事に伴う工事請負契約
R5-6kaigiroku,2023,679,工事,○議長(葛城昌俊君)：次に、日程第１２議案第２８号桃俣地区配水管布設替工事に伴う工事請負契
R5-6kaigiroku,2023,685,契約,すべき契約及び財産の取得又は処分に関する条例第２条の規定により、議会の議決を必要とす
R5-6kaigiroku,2023,685,財産,すべき契約及び財産の取得又は処分に関する条例第２条の規定により、議会の議決を必要とす
R5-6kaigiroku,2023,685,取得,すべき契約及び財産の取得又は処分に関する条例第２条の規定により、議会の議決を必要とす
R5-6kaigiroku,2023,686,契約,る契約であることから、提案するものでございます。詳細については、住民生活課長より説明を申
R5-6kaigiroku,2023,692,工事,○住民生活課長（仲子雄史君）：本年度計画しております桃俣地区配水管布設替工事を、去る５月
R5-6kaigiroku,2023,693,入札,２９日に指名競争入札を行い、奈良県宇陀郡御杖村大字土屋原４８０番地の１、中嶋建設株式会
R5-6kaigiroku,2023,694,工事,社代表取締役中嶋敏治が５０，９３０千円で落札しました。当該工事は、御杖村大字桃俣菖蒲から
R5-6kaigiroku,2023,696,契約,事は、議会の議決に付すべき契約及び財産の取得又は処分に関する条例第２条の予定価格５千
R5-6kaigiroku,2023,696,財産,事は、議会の議決に付すべき契約及び財産の取得又は処分に関する条例第２条の予定価格５千
R5-6kaigiroku,2023,696,取得,事は、議会の議決に付すべき契約及び財産の取得又は処分に関する条例第２条の予定価格５千
R5-6kaigiroku,2023,697,工事,万円以上の工事又は製造の請負に該当するものであることから、地方自治法第９６条第１項第５
R5-6kaigiroku,2023,709,契約,水管布設替工事に伴う工事請負契約の締結については、原案のとおり可決されました。
R5-6kaigiroku,2023,709,工事,水管布設替工事に伴う工事請負契約の締結については、原案のとおり可決されました。
R5-6kaigiroku,2023,714,工事,◎議案第２９号神末レクリェーシュン体育館耐震改修工事に伴う
R5-6kaigiroku,2023,715,契約,工事請負契約の締結について
R5-6kaigiroku,2023,715,工事,工事請負契約の締結について
R5-6kaigiroku,2023,718,工事,○議長(葛城昌俊君)：次に、日程第１３議案第２９号神末レクリェーション体育館耐震改修工事に伴う
R5-6kaigiroku,2023,719,契約,工事請負契約の締結についてを議題と致します。本案については、議会運営委員長の報告のと
R5-6kaigiroku,2023,719,工事,工事請負契約の締結についてを議題と致します。本案については、議会運営委員長の報告のと
R5-6kaigiroku,2023,724,契約,すべき契約及び財産の取得又は処分に関する条例第２条の規定により、議会の議決を必要とす
R5-6kaigiroku,2023,724,財産,すべき契約及び財産の取得又は処分に関する条例第２条の規定により、議会の議決を必要とす
R5-6kaigiroku,2023,724,取得,すべき契約及び財産の取得又は処分に関する条例第２条の規定により、議会の議決を必要とす
R5-6kaigiroku,2023,725,契約,る契約であることから、提案するものです。詳細については、教育次長より説明を申し上げます。
R5-6kaigiroku,2023,729,契約,○教育委員会事務局次長（中村康幸君）：この契約につきましては、神末レクリェーション体育館耐
R5-6kaigiroku,2023,730,契約,震改修工事を５月２９日に一般競争入札を行った結果、契約金額、税込み６１，３８０，０００円で、
R5-6kaigiroku,2023,730,工事,震改修工事を５月２９日に一般競争入札を行った結果、契約金額、税込み６１，３８０，０００円で、
R5-6kaigiroku,2023,730,入札,震改修工事を５月２９日に一般競争入札を行った結果、契約金額、税込み６１，３８０，０００円で、
R5-6kaigiroku,2023,731,契約,宇陀市榛原福地６１０番地の１松塚建設株式会社代表取締役井上清利と工事請負契約を締結す
R5-6kaigiroku,2023,731,工事,宇陀市榛原福地６１０番地の１松塚建設株式会社代表取締役井上清利と工事請負契約を締結す
R5-6kaigiroku,2023,732,入札,るものです。入札の経緯につきまして、説明報告をさせていただきます。役場内の請負業者等選
R5-6kaigiroku,2023,734,工事,定審査会を４月２１日に開催し、入札参加の条件等を決定しました。本件工事の入札は一般競争
R5-6kaigiroku,2023,734,入札,定審査会を４月２１日に開催し、入札参加の条件等を決定しました。本件工事の入札は一般競争
R5-6kaigiroku,2023,735,入札,入札方式で行い、入札参加条件は奈良県内に本店を有し、令和４年５年度御杖村入札参加者名
R5-6kaigiroku,2023,738,工事,たは奈良県内の地方公共団体が発注した請負金額２，０００万円以上の耐震工事の元請け実績
R5-6kaigiroku,2023,740,入札,値であり、入札参加企業の信頼性と競争原理が働くことを考慮した条件設定といたしました。そし
R5-6kaigiroku,2023,741,入札,て４月２８日から５月１７日までを入札参加受付期間として村のホームページで入札公告を行いま
R5-6kaigiroku,2023,742,入札,した。入札参加申請があった２社で、５月２９日に入札を行った結果、公表予定価格、税込み６１，
R5-6kaigiroku,2023,744,契約,契約をいたしております。なお、工期は議会の議決日の翌日から令和６年２月９日としております。
R5-6kaigiroku,2023,745,契約,この契約の締結について、ご審議を下さいますようお願い致します。
R5-6kaigiroku,2023,756,契約,ーション体育館耐震改修工事に伴う工事請負契約の締結については、原案のとおり可決されまし
R5-6kaigiroku,2023,756,工事,ーション体育館耐震改修工事に伴う工事請負契約の締結については、原案のとおり可決されまし
R5-6kaigiroku,2023,761,予算,◎議案第３０号令和５年度御杖村一般会計補正予算（第３号）
R5-6kaigiroku,2023,761,補正予算,◎議案第３０号令和５年度御杖村一般会計補正予算（第３号）
R5-6kaigiroku,2023,763,予算,［上程、説明、総括的質疑、予算決算委員会付託］
R5-6kaigiroku,2023,763,決算,［上程、説明、総括的質疑、予算決算委員会付託］
R5-6kaigiroku,2023,765,予算,○議長(葛城昌俊君)：次に、日程第１４議案第３０号令和５年度御杖村一般会計補正予算第３号の議
R5-6kaigiroku,2023,765,補正予算,○議長(葛城昌俊君)：次に、日程第１４議案第３０号令和５年度御杖村一般会計補正予算第３号の議
R5-6kaigiroku,2023,769,予算,○村長(伊藤収宜君)：本案につきましては、一般会計予算の歳入歳出それぞれ３，３００万円を追加
R5-6kaigiroku,2023,779,予算,運営委員長の報告のとおり、全員協議会で詳細な説明を受け、予算決算委員会に付託すること
R5-6kaigiroku,2023,779,決算,運営委員長の報告のとおり、全員協議会で詳細な説明を受け、予算決算委員会に付託すること
R5-6kaigiroku,2023,783,予算,般会計補正予算第３号の議定については、予算決算委員会に付託することに決定しました。
R5-6kaigiroku,2023,783,補正予算,般会計補正予算第３号の議定については、予算決算委員会に付託することに決定しました。
R5-6kaigiroku,2023,783,決算,般会計補正予算第３号の議定については、予算決算委員会に付託することに決定しました。
R5-6kaigiroku,2023,787,予算,補正予算（第２号）の議定について
R5-6kaigiroku,2023,787,補正予算,補正予算（第２号）の議定について
R5-6kaigiroku,2023,788,予算,［上程、説明、総括的質疑、予算決算委員会付託］
R5-6kaigiroku,2023,788,決算,［上程、説明、総括的質疑、予算決算委員会付託］
R5-6kaigiroku,2023,791,予算,予算第２号の議定についてを議題と致します。本案について、提案理由の説明を求めます。伊藤
R5-6kaigiroku,2023,802,予算,運営委員長の報告のとおり、全員協議会で詳細な説明を受け、予算決算委員会に付託すること
R5-6kaigiroku,2023,802,決算,運営委員長の報告のとおり、全員協議会で詳細な説明を受け、予算決算委員会に付託すること
R5-6kaigiroku,2023,806,予算,民健康保険特別会計補正予算第２号の議定についても、予算決算委員会に付託することに決定
R5-6kaigiroku,2023,806,補正予算,民健康保険特別会計補正予算第２号の議定についても、予算決算委員会に付託することに決定
R5-6kaigiroku,2023,806,決算,民健康保険特別会計補正予算第２号の議定についても、予算決算委員会に付託することに決定
R5-6kaigiroku,2023,979,繰越,◎報告第１号令和４年度御杖村一般会計繰越明許費繰越
R5-6kaigiroku,2023,983,繰越,○議長(葛城昌俊君)：次に、日程第２５報告第１号令和４年度御杖村一般会計繰越明許費繰越計
R5-6kaigiroku,2023,989,繰越,について、地方自治法施行令第１４６条第２項の規定により繰越計算書の調整を行いましたので
R5-6kaigiroku,2023,995,繰越,○産業建設課長（古谷匡敏君）：それでは、報告第１号令和４年度御杖村一般会計繰越明許費繰
R5-6kaigiroku,2023,996,繰越,越計算書の報告についてということで、ページめくっていただきまして繰越計算書をご覧下さい。３
R5-6kaigiroku,2023,997,予算,月の定例会の一般会計補正予算、ご承認いただきました４つの事業について、その繰越額が確
R5-6kaigiroku,2023,997,補正予算,月の定例会の一般会計補正予算、ご承認いただきました４つの事業について、その繰越額が確
R5-6kaigiroku,2023,997,繰越,月の定例会の一般会計補正予算、ご承認いただきました４つの事業について、その繰越額が確
R5-6kaigiroku,2023,1002,繰越,るためそれぞれ繰越したものでございますが、事業調整を行い、来年１月末までには全ての事業
R5-6kaigiroku,2023,1003,繰越,のほう完了させていただきたいというように思っております。以上、繰越明許費繰越計算書の報告
R5-6kaigiroku,2023,1009,繰越,計繰越明許費繰越計算書の報告についてを終わります。
R5-6kaigiroku,2023,1040,予算,（令和５年度御杖村一般会計補正予算（第１号））
R5-6kaigiroku,2023,1040,補正予算,（令和５年度御杖村一般会計補正予算（第１号））
R5-6kaigiroku,2023,1043,予算,（令和５年度御杖村国民健康保険特別会計補正予算（第１号））
R5-6kaigiroku,2023,1043,補正予算,（令和５年度御杖村国民健康保険特別会計補正予算（第１号））
R5-6kaigiroku,2023,1046,予算,（令和５年度御杖村一般会計補正予算（第２号））
R5-6kaigiroku,2023,1046,補正予算,（令和５年度御杖村一般会計補正予算（第２号））
R5-6kaigiroku,2023,1048,予算,令和５年度御杖村一般会計補正予算(第３号)の議定について
R5-6kaigiroku,2023,1048,補正予算,令和５年度御杖村一般会計補正予算(第３号)の議定について
R5-6kaigiroku,2023,1050,予算,令和５年度御杖村国民健康保険特別会計補正予算（第２号）の議定について
R5-6kaigiroku,2023,1050,補正予算,令和５年度御杖村国民健康保険特別会計補正予算（第２号）の議定について
R5-6kaigiroku,2023,1154,予算,度御杖村一般会計補正予算（第１号））、承認第３号専決処
R5-6kaigiroku,2023,1154,補正予算,度御杖村一般会計補正予算（第１号））、承認第３号専決処
R5-6kaigiroku,2023,1156,予算,保険特別会計補正予算（第１号））、承認第４号専決処分の
R5-6kaigiroku,2023,1156,補正予算,保険特別会計補正予算（第１号））、承認第４号専決処分の
R5-6kaigiroku,2023,1158,予算,予算（第２号））
R5-6kaigiroku,2023,1162,予算,御杖村一般会計補正予算第１号、日程第２承認第３号専決処分の承認を求めることについて、令
R5-6kaigiroku,2023,1162,補正予算,御杖村一般会計補正予算第１号、日程第２承認第３号専決処分の承認を求めることについて、令
R5-6kaigiroku,2023,1163,予算,和５年度御杖村国民健康保険特別会計補正予算第１号、日程第３承認第４号専決処分の承認を
R5-6kaigiroku,2023,1163,補正予算,和５年度御杖村国民健康保険特別会計補正予算第１号、日程第３承認第４号専決処分の承認を
R5-6kaigiroku,2023,1164,予算,求めることについて、令和５年度御杖村一般会計補正予算第２号の３議案につきましては、予算
R5-6kaigiroku,2023,1164,補正予算,求めることについて、令和５年度御杖村一般会計補正予算第２号の３議案につきましては、予算
R5-6kaigiroku,2023,1165,決算,決算委員会へ付託した案件でございますので、これを一括議題としたいと思いますが、異議ありま
R5-6kaigiroku,2023,1170,予算,き、予算決算委員会委員長より一括して審査経過及び結果の報告をお願いします。山岡委員長。
R5-6kaigiroku,2023,1170,決算,き、予算決算委員会委員長より一括して審査経過及び結果の報告をお願いします。山岡委員長。
R5-6kaigiroku,2023,1174,予算,○６番（山岡隆良君）：それでは、予算決算委員会を代表しまして、当委員会に付託されました、日
R5-6kaigiroku,2023,1174,決算,○６番（山岡隆良君）：それでは、予算決算委員会を代表しまして、当委員会に付託されました、日
R5-6kaigiroku,2023,1177,予算,正予算３件及び補正予算２件の合計５件の案件が付託されたことにより、６月１３日に予算決算委
R5-6kaigiroku,2023,1177,補正予算,正予算３件及び補正予算２件の合計５件の案件が付託されたことにより、６月１３日に予算決算委
R5-6kaigiroku,2023,1177,決算,正予算３件及び補正予算２件の合計５件の案件が付託されたことにより、６月１３日に予算決算委
R5-6kaigiroku,2023,1183,予算,は、専決処分されました補正予算３件につきまして、全員の賛成により承認すべきものと決定いた
R5-6kaigiroku,2023,1183,補正予算,は、専決処分されました補正予算３件につきまして、全員の賛成により承認すべきものと決定いた
R5-6kaigiroku,2023,1184,予算,しました。以上で、日程第２承認第２号から日程第４承認第４号の予算決算委員会の報告とさせて
R5-6kaigiroku,2023,1184,決算,しました。以上で、日程第２承認第２号から日程第４承認第４号の予算決算委員会の報告とさせて
R5-6kaigiroku,2023,1194,予算,（令和５度御杖村一般会計補正予算（第１号））
R5-6kaigiroku,2023,1194,補正予算,（令和５度御杖村一般会計補正予算（第１号））
R5-6kaigiroku,2023,1198,予算,処分の承認を求めることについて、令和５度御杖村一般会計補正予算第１号を議題とし、討論を
R5-6kaigiroku,2023,1198,補正予算,処分の承認を求めることについて、令和５度御杖村一般会計補正予算第１号を議題とし、討論を
R5-6kaigiroku,2023,1206,予算,を求めることについて、令和５度御杖村一般会計補正予算第１号は、委員長の報告のとおり承認
R5-6kaigiroku,2023,1206,補正予算,を求めることについて、令和５度御杖村一般会計補正予算第１号は、委員長の報告のとおり承認
R5-6kaigiroku,2023,1213,予算,（令和５度御杖村国民健康保険特別会計補正予算（第１号））
R5-6kaigiroku,2023,1213,補正予算,（令和５度御杖村国民健康保険特別会計補正予算（第１号））
R5-6kaigiroku,2023,1218,予算,杖村国民健康保険特別会計補正予算第１号を議題とし、討論を行います。討論はありませんか。
R5-6kaigiroku,2023,1218,補正予算,杖村国民健康保険特別会計補正予算第１号を議題とし、討論を行います。討論はありませんか。
R5-6kaigiroku,2023,1225,予算,認を求めることについて、令和５年度御杖村国民健康保険特別会計補正予算第１号は、委員長
R5-6kaigiroku,2023,1225,補正予算,認を求めることについて、令和５年度御杖村国民健康保険特別会計補正予算第１号は、委員長
R5-6kaigiroku,2023,1232,予算,（令和５度御杖村一般会計補正予算（第２号））
R5-6kaigiroku,2023,1232,補正予算,（令和５度御杖村一般会計補正予算（第２号））
R5-6kaigiroku,2023,1236,予算,御杖村一般会計補正予算第２号を議題とし、討論を行います。討論はありませんか。
R5-6kaigiroku,2023,1236,補正予算,御杖村一般会計補正予算第２号を議題とし、討論を行います。討論はありませんか。
R5-6kaigiroku,2023,1243,予算,認を求めることについて、令和５年度御杖村一般会計補正予算第２号は、委員長の報告のとおり
R5-6kaigiroku,2023,1243,補正予算,認を求めることについて、令和５年度御杖村一般会計補正予算第２号は、委員長の報告のとおり
R5-6kaigiroku,2023,1249,予算,◎議案第３０号令和５年度御杖村一般会計補正予算第３号の
R5-6kaigiroku,2023,1249,補正予算,◎議案第３０号令和５年度御杖村一般会計補正予算第３号の
R5-6kaigiroku,2023,1251,予算,険特別会計補正予算第２号の議定について
R5-6kaigiroku,2023,1251,補正予算,険特別会計補正予算第２号の議定について
R5-6kaigiroku,2023,1254,予算,○議長(葛城昌俊君):次に、日程第５議案第３０号令和５年度御杖村一般会計補正予算第３号の議
R5-6kaigiroku,2023,1254,補正予算,○議長(葛城昌俊君):次に、日程第５議案第３０号令和５年度御杖村一般会計補正予算第３号の議
R5-6kaigiroku,2023,1255,予算,定について、日程第６議案第３１号令和５年度御杖村国民健康保険特別会計補正予算第２号の
R5-6kaigiroku,2023,1255,補正予算,定について、日程第６議案第３１号令和５年度御杖村国民健康保険特別会計補正予算第２号の
R5-6kaigiroku,2023,1256,予算,議定についての２議案につきましても、予算決算委員会へ付託した案件でございますので、これ
R5-6kaigiroku,2023,1256,決算,議定についての２議案につきましても、予算決算委員会へ付託した案件でございますので、これ
R5-6kaigiroku,2023,1260,予算,日程第６議案第３１号について、御杖村会議規則第４１条第１項の規定に基づき、予算決算委員
R5-6kaigiroku,2023,1260,決算,日程第６議案第３１号について、御杖村会議規則第４１条第１項の規定に基づき、予算決算委員
R5-6kaigiroku,2023,1265,予算,○６番（山岡隆良君）：それでは、日程第５議案第３０号及び日程第６議案第３１号の補正予算２件に
R5-6kaigiroku,2023,1265,補正予算,○６番（山岡隆良君）：それでは、日程第５議案第３０号及び日程第６議案第３１号の補正予算２件に
R5-6kaigiroku,2023,1270,予算,議員出席の委員会ですので、割愛をさせていただきます。採決の結果につきましては、補正予算
R5-6kaigiroku,2023,1270,補正予算,議員出席の委員会ですので、割愛をさせていただきます。採決の結果につきましては、補正予算
R5-6kaigiroku,2023,1272,予算,議案第３０号及び日程第６議案第３１号の予算決算委員会の報告とさせていただきます。
R5-6kaigiroku,2023,1272,決算,議案第３０号及び日程第６議案第３１号の予算決算委員会の報告とさせていただきます。
R5-6kaigiroku,2023,1282,予算,◎議案第３０号令和５度御杖村一般会計補正予算（第２号）
R5-6kaigiroku,2023,1282,補正予算,◎議案第３０号令和５度御杖村一般会計補正予算（第２号）
R5-6kaigiroku,2023,1286,予算,○議長(葛城昌俊君):まず、日程第５議案第３０号令和５度御杖村一般会計補正予算第３号の議定
R5-6kaigiroku,2023,1286,補正予算,○議長(葛城昌俊君):まず、日程第５議案第３０号令和５度御杖村一般会計補正予算第３号の議定
R5-6kaigiroku,2023,1294,予算,村一般会計補正予算第３号の議定については、委員長の報告のとおり可決されました。
R5-6kaigiroku,2023,1294,補正予算,村一般会計補正予算第３号の議定については、委員長の報告のとおり可決されました。
R5-6kaigiroku,2023,1300,予算,予算（第２号）の議定について
R5-6kaigiroku,2023,1313,予算,杖村国民健康保険特別会計補正予算第２号の議定については、委員長の報告のとおり可決され
R5-6kaigiroku,2023,1313,補正予算,杖村国民健康保険特別会計補正予算第２号の議定については、委員長の報告のとおり可決され
R5-9giketukekka,2023,2,予算,●村長提出議案（承認１件、条例２件、契約１件、計画１件、予算３件、決算５件、同意１件、報告２件、計１６件）
R5-9giketukekka,2023,2,決算,●村長提出議案（承認１件、条例２件、契約１件、計画１件、予算３件、決算５件、同意１件、報告２件、計１６件）
R5-9giketukekka,2023,2,契約,●村長提出議案（承認１件、条例２件、契約１件、計画１件、予算３件、決算５件、同意１件、報告２件、計１６件）
R5-9giketukekka,2023,6,予算,承 認     専決処分の承認を求めることについて                                    予算決算
R5-9giketukekka,2023,6,決算,承 認     専決処分の承認を求めることについて                                    予算決算
R5-9giketukekka,2023,8,予算,第 ６号    （令和５年度御杖村一般会計補正予算(第４号)）                               委員会
R5-9giketukekka,2023,8,補正予算,第 ６号    （令和５年度御杖村一般会計補正予算(第４号)）                               委員会
R5-9giketukekka,2023,16,契約,スクールバス購入契約の締結について                    〃       〃        〃       〃        〃      〃        〃
R5-9giketukekka,2023,21,予算,議 案                                                          予算決算
R5-9giketukekka,2023,21,決算,議 案                                                          予算決算
R5-9giketukekka,2023,22,予算,令和５年度御杖村一般会計補正予算（第５号）の議定について         〃      R5.9.7          R5.9.12   可 決   R5.9.15   可 決
R5-9giketukekka,2023,22,補正予算,令和５年度御杖村一般会計補正予算（第５号）の議定について         〃      R5.9.7          R5.9.12   可 決   R5.9.15   可 決
R5-9giketukekka,2023,25,予算,議 案     令和５年度御杖村国民健康保健特別会計補正予算（第３号）の議定につ
R5-9giketukekka,2023,25,補正予算,議 案     令和５年度御杖村国民健康保健特別会計補正予算（第３号）の議定につ
R5-9giketukekka,2023,29,予算,令和５年度御杖村介護保険特別会計補正予算（第１号）の議定について     〃       〃        〃       〃        〃      〃        〃
R5-9giketukekka,2023,29,補正予算,令和５年度御杖村介護保険特別会計補正予算（第１号）の議定について     〃       〃        〃       〃        〃      〃        〃
R5-9giketukekka,2023,32,決算,令和４度御杖村一般会計歳入歳出決算の認定について             〃       〃        〃       〃       認 定     〃       認 定
R5-9giketukekka,2023,35,決算,令和４年度御杖村簡易水道事業特別会計歳入歳出決算の認定について      〃       〃        〃       〃        〃      〃        〃
R5-9giketukekka,2023,38,決算,令和４年度御杖村国民健康保険特別会計歳入歳出決算の認定について      〃       〃        〃       〃        〃      〃        〃
R5-9giketukekka,2023,41,決算,令和４年度御杖村介護保険特別会計歳入歳出決算の認定について        〃       〃        〃       〃        〃      〃        〃
R5-9giketukekka,2023,43,決算,認 定     令和４年度御杖村後期高齢者医療特別会計歳入歳出決算の認定につ
R5-9kaigiroku,2023,45,予算,（令和５年度御杖村一般会計補正予算(第４号)）
R5-9kaigiroku,2023,45,補正予算,（令和５年度御杖村一般会計補正予算(第４号)）
R5-9kaigiroku,2023,53,契約,◎議案第３４号スクールバス購入契約の締結について
R5-9kaigiroku,2023,57,予算,◎議案第３６号令和５年度御杖村一般会計補正予算(第５号)の議定について
R5-9kaigiroku,2023,57,補正予算,◎議案第３６号令和５年度御杖村一般会計補正予算(第５号)の議定について
R5-9kaigiroku,2023,59,予算,◎議案第３７号令和５年度御杖村国民健康保険特別会計補正予算(第３号)の議定について
R5-9kaigiroku,2023,59,補正予算,◎議案第３７号令和５年度御杖村国民健康保険特別会計補正予算(第３号)の議定について
R5-9kaigiroku,2023,61,予算,◎議案第３８号令和５年度御杖村介護保険特別会計補正予算(第１号)の議定について
R5-9kaigiroku,2023,61,補正予算,◎議案第３８号令和５年度御杖村介護保険特別会計補正予算(第１号)の議定について
R5-9kaigiroku,2023,63,決算,◎認定第１号令和４年度御杖村一般会計歳入歳出決算の認定について、認定第２号令和４
R5-9kaigiroku,2023,64,決算,年度御杖村簡易水道事業特別会計歳入歳出決算の認定について、認定第３号令和４年度
R5-9kaigiroku,2023,65,決算,御杖村国民健康保険特別会計歳入歳出決算の認定について、認定第４号令和４年度御杖
R5-9kaigiroku,2023,66,決算,村介護特別会計歳入歳出決算の認定について、認定第５号令和４年度御杖村後期高齢者
R5-9kaigiroku,2023,67,決算,医療特別会計歳入歳出決算の認定について
R5-9kaigiroku,2023,87,予算,◎承認第６号専決処分の承認を求めることについて（令和５年度御杖村一般会計補正予算(第４号)）
R5-9kaigiroku,2023,87,補正予算,◎承認第６号専決処分の承認を求めることについて（令和５年度御杖村一般会計補正予算(第４号)）
R5-9kaigiroku,2023,89,予算,◎議案第３６号令和５年度御杖村一般会計補正予算(第５号)の議定について、議案第３７号令和５
R5-9kaigiroku,2023,89,補正予算,◎議案第３６号令和５年度御杖村一般会計補正予算(第５号)の議定について、議案第３７号令和５
R5-9kaigiroku,2023,90,予算,年度御杖村国民健康保険特別会計補正予算（第３号）の議定について、議案第３８号令和５年度
R5-9kaigiroku,2023,90,補正予算,年度御杖村国民健康保険特別会計補正予算（第３号）の議定について、議案第３８号令和５年度
R5-9kaigiroku,2023,91,予算,御杖村介護保険特別会計補正予算（第１号）の議定について
R5-9kaigiroku,2023,91,補正予算,御杖村介護保険特別会計補正予算（第１号）の議定について
R5-9kaigiroku,2023,93,予算,◎議案第３６号令和５年度御杖一般会計補正予算(第４号)の議定について
R5-9kaigiroku,2023,93,補正予算,◎議案第３６号令和５年度御杖一般会計補正予算(第４号)の議定について
R5-9kaigiroku,2023,95,予算,◎議案第３７号令和５年度御杖国民健康保険特別会計補正予算(第３号)の議定について
R5-9kaigiroku,2023,95,補正予算,◎議案第３７号令和５年度御杖国民健康保険特別会計補正予算(第３号)の議定について
R5-9kaigiroku,2023,97,予算,◎議案第３６号令和５年度御杖介護保険特別会計補正予算(第１号)の議定について
R5-9kaigiroku,2023,97,補正予算,◎議案第３６号令和５年度御杖介護保険特別会計補正予算(第１号)の議定について
R5-9kaigiroku,2023,99,決算,◎認定第１号令和４年度御杖村一般会計歳入歳出決算の認定について、認定第２号令和４
R5-9kaigiroku,2023,100,決算,年度御杖村簡易水道事業特別会計歳入歳出決算の認定について、認定第３号令和４年
R5-9kaigiroku,2023,101,決算,度御杖村国民健康保険特別会計歳入歳出決算の認定について、認定第４号令和４年度
R5-9kaigiroku,2023,102,決算,御杖村介護特別会計歳入歳出決算の認定について、認定第５号令和４年度御杖村後期
R5-9kaigiroku,2023,103,決算,高齢者医療特別会計歳入歳出決算の認定について
R5-9kaigiroku,2023,105,決算,◎認定第１号令和４年度御杖村一般会計歳入歳出決算の認定について
R5-9kaigiroku,2023,107,決算,◎認定第２号令和４年度御杖村簡易水道事業特別会計歳入歳出決算の認定について
R5-9kaigiroku,2023,109,決算,◎認定第３号令和４年度御杖村国民健康保険特別会計歳入歳出決算の認定について
R5-9kaigiroku,2023,111,決算,◎認定第４号令和４年度御杖村介護特別会計歳入歳出決算の認定について
R5-9kaigiroku,2023,113,決算,◎認定第５号令和４年度御杖村後期高齢者医療特別会計歳入歳出決算の認定について
R5-9kaigiroku,2023,143,予算,第７   承認第６号 [予算決算委員会付託]
R5-9kaigiroku,2023,143,決算,第７   承認第６号 [予算決算委員会付託]
R5-9kaigiroku,2023,145,予算,（令和５年度御杖村一般会計補正予算(第４号)）
R5-9kaigiroku,2023,145,補正予算,（令和５年度御杖村一般会計補正予算(第４号)）
R5-9kaigiroku,2023,151,契約,スクールバス購入契約の締結について
R5-9kaigiroku,2023,154,予算,第１２ 議案第３６号 [予算決算委員会付託]
R5-9kaigiroku,2023,154,決算,第１２ 議案第３６号 [予算決算委員会付託]
R5-9kaigiroku,2023,155,予算,令和５年度御杖村一般会計補正予算(第５号)の議定について
R5-9kaigiroku,2023,155,補正予算,令和５年度御杖村一般会計補正予算(第５号)の議定について
R5-9kaigiroku,2023,156,予算,第１３ 議案第３７号 [予算決算委員会付託]
R5-9kaigiroku,2023,156,決算,第１３ 議案第３７号 [予算決算委員会付託]
R5-9kaigiroku,2023,157,予算,令和５年度御杖村国民健康保険特別会計補正予算(第３号)の議定について
R5-9kaigiroku,2023,157,補正予算,令和５年度御杖村国民健康保険特別会計補正予算(第３号)の議定について
R5-9kaigiroku,2023,158,予算,第１４ 議案第３８号 [予算決算委員会付託]
R5-9kaigiroku,2023,158,決算,第１４ 議案第３８号 [予算決算委員会付託]
R5-9kaigiroku,2023,159,予算,令和５年度御杖村介護保険特別会計補正予算(第１号)の議定について
R5-9kaigiroku,2023,159,補正予算,令和５年度御杖村介護保険特別会計補正予算(第１号)の議定について
R5-9kaigiroku,2023,160,予算,第１５ 認定第１号 ［予算決算委員会付託］
R5-9kaigiroku,2023,160,決算,第１５ 認定第１号 ［予算決算委員会付託］
R5-9kaigiroku,2023,161,決算,令和４年度御杖村一般会計歳入歳出決算の認定について
R5-9kaigiroku,2023,162,予算,第１６ 認定第２号 ［予算決算委員会付託］
R5-9kaigiroku,2023,162,決算,第１６ 認定第２号 ［予算決算委員会付託］
R5-9kaigiroku,2023,163,決算,令和４年度御杖簡易水道事業特別会計歳入歳出決算の認定について
R5-9kaigiroku,2023,164,予算,第１７ 認定第３号 [予算決算委員会付託]
R5-9kaigiroku,2023,164,決算,第１７ 認定第３号 [予算決算委員会付託]
R5-9kaigiroku,2023,165,決算,令和４年度御杖村国民健康保険特別会計歳入歳出決算の認定について
R5-9kaigiroku,2023,166,予算,第１８ 認定第４号 ［予算決算委員会付託］
R5-9kaigiroku,2023,166,決算,第１８ 認定第４号 ［予算決算委員会付託］
R5-9kaigiroku,2023,167,決算,令和４年度御杖村介護特別会計歳入歳出決算の認定について
R5-9kaigiroku,2023,168,予算,第１９ 認定第５号 ［予算決算委員会付託］
R5-9kaigiroku,2023,168,決算,第１９ 認定第５号 ［予算決算委員会付託］
R5-9kaigiroku,2023,169,決算,令和４年度御杖村後期高齢者医療特別会計歳入歳出決算の認定について
R5-9kaigiroku,2023,251,予算,８日午前 ９時３０分開会、予算決算委員会を９月１２日午前１０時開会、続会議を９月１５日午前１０
R5-9kaigiroku,2023,251,決算,８日午前 ９時３０分開会、予算決算委員会を９月１２日午前１０時開会、続会議を９月１５日午前１０
R5-9kaigiroku,2023,256,予算,補充員の選挙については、開会日選挙とし、次に村長提出の専決を含む補正予算４件及び決算
R5-9kaigiroku,2023,256,補正予算,補充員の選挙については、開会日選挙とし、次に村長提出の専決を含む補正予算４件及び決算
R5-9kaigiroku,2023,256,決算,補充員の選挙については、開会日選挙とし、次に村長提出の専決を含む補正予算４件及び決算
R5-9kaigiroku,2023,257,予算,認定５件については予算決算委員会へそれぞれ付託することとし、条例２件、契約１件、計画１件、
R5-9kaigiroku,2023,257,決算,認定５件については予算決算委員会へそれぞれ付託することとし、条例２件、契約１件、計画１件、
R5-9kaigiroku,2023,257,契約,認定５件については予算決算委員会へそれぞれ付託することとし、条例２件、契約１件、計画１件、
R5-9kaigiroku,2023,292,工事,臨時会は終了いたしました。なお、終了後宇陀衛生センター基幹的設備改良工事について事務
R5-9kaigiroku,2023,369,予算,会計補正予算第１号にて村民一人当たりの購入限度額を２倍に増額させて頂きましたが、事業所
R5-9kaigiroku,2023,369,補正予算,会計補正予算第１号にて村民一人当たりの購入限度額を２倍に増額させて頂きましたが、事業所
R5-9kaigiroku,2023,376,予算,らは、これまでの事業予算が年間数億円であったところ、昨年度から大幅に増額され、今年度につ
R5-9kaigiroku,2023,377,予算,いても当初予算ベースで１０億弱の事業費を確保しているとの説明がありました。とはいえ、難所で
R5-9kaigiroku,2023,379,予算,おり、早期完成には今後も継続的な予算確保が必要となります。期成同盟会では、本年度からここ
R5-9kaigiroku,2023,381,予算,には村としましても事業の早期完成、また継続的な予算確保に向けて今まで以上に要望していか
R5-9kaigiroku,2023,387,予算,ましたので、応急復旧作業経費等を専決処分により予算計上させて頂きましたので、ご審議をお
R5-9kaigiroku,2023,388,決算,願いするところでございます。続きまして、令和４年度の決算につきまして、歳入の確保と経費削
R5-9kaigiroku,2023,392,予算,に、本定例会には、決算認定をはじめ、条例改正や補正予算、人事案件等、1６件をご提案してお
R5-9kaigiroku,2023,392,補正予算,に、本定例会には、決算認定をはじめ、条例改正や補正予算、人事案件等、1６件をご提案してお
R5-9kaigiroku,2023,392,決算,に、本定例会には、決算認定をはじめ、条例改正や補正予算、人事案件等、1６件をご提案してお
R5-9kaigiroku,2023,438,予算,検討、また次年度に向けての必要な予算措置を指示しておりますが、ご承知のとおりここ数年、新
R5-9kaigiroku,2023,441,予算,年度以降も現行制度の継続は必要ではないかと考えております。次年度予算につきましては、こ
R5-9kaigiroku,2023,482,予算,るという観点からも考え、以上２点、新年度予算に加えていただけるようにご検討の程お願い申し上
R5-9kaigiroku,2023,558,補助金,支援策として通学補助金について質問をさせていただきました。村長は令和３年１２月の定例会で
R5-9kaigiroku,2023,560,補助金,月の全員協議会では先に一般質問した通学補助金のその後の経過についてお伺いしたところ、
R5-9kaigiroku,2023,561,補助金,過去のような通学補助金を現金で支給するという形はなかなか難しいとのお答えでした。そこで、
R5-9kaigiroku,2023,564,予算,されるのでは、という提案をさせていただき、そのことに対して、村長は令和５年度予算に間に合う
R5-9kaigiroku,2023,580,補助金,な補助金給付にはなじまないと考えております。張間議員から以前より質問をいただいていました
R5-9kaigiroku,2023,583,予算,度以降予算編成に向けて考えているところでございます。子育て世帯の費用負担、これを少しで
R5-9kaigiroku,2023,634,予算,（令和５年度御杖村一般会計補正予算(第４号)）
R5-9kaigiroku,2023,634,補正予算,（令和５年度御杖村一般会計補正予算(第４号)）
R5-9kaigiroku,2023,639,予算,御杖村一般会計補正予算第４号を議題と致します。本案について、提案理由の説明を求めます。
R5-9kaigiroku,2023,639,補正予算,御杖村一般会計補正予算第４号を議題と致します。本案について、提案理由の説明を求めます。
R5-9kaigiroku,2023,652,予算,運営委員長の報告のとおり、全員協議会で詳細な説明を受け、予算決算委員会に付託すること
R5-9kaigiroku,2023,652,決算,運営委員長の報告のとおり、全員協議会で詳細な説明を受け、予算決算委員会に付託すること
R5-9kaigiroku,2023,656,予算,ることについて、令和５年度御杖村一般会計補正予算第４号は、予算決算委員会に付託すること
R5-9kaigiroku,2023,656,補正予算,ることについて、令和５年度御杖村一般会計補正予算第４号は、予算決算委員会に付託すること
R5-9kaigiroku,2023,656,決算,ることについて、令和５年度御杖村一般会計補正予算第４号は、予算決算委員会に付託すること
R5-9kaigiroku,2023,687,取得,めたものでございます。第４条では、重要な資産の取得及び処分につきまして、地方公営企業法
R5-9kaigiroku,2023,688,契約,施行令第２６条の３別表第２の規定及び議会の議決に付すべき契約及び財産の取得または処分
R5-9kaigiroku,2023,688,財産,施行令第２６条の３別表第２の規定及び議会の議決に付すべき契約及び財産の取得または処分
R5-9kaigiroku,2023,688,取得,施行令第２６条の３別表第２の規定及び議会の議決に付すべき契約及び財産の取得または処分
R5-9kaigiroku,2023,730,基金,っております。第１条が御杖村簡易水道事業財政調整基金の設置、管理及び処分に関する条例
R5-9kaigiroku,2023,735,基金,のでございます。また第１条の御杖村簡易水道事業財政調整基金の設置、管理及び処分に関す
R5-9kaigiroku,2023,758,契約,◎議案第３４号スクールバス購入契約の締結について
R5-9kaigiroku,2023,761,契約,○議長(葛城昌俊君):次に、日程第１０議案第３４号スクールバス購入契約の締結についてを議題と
R5-9kaigiroku,2023,768,契約,べき契約及び財産の取得又は処分に関する条例第３条の規定により、議会の議決を必要とする
R5-9kaigiroku,2023,768,財産,べき契約及び財産の取得又は処分に関する条例第３条の規定により、議会の議決を必要とする
R5-9kaigiroku,2023,768,取得,べき契約及び財産の取得又は処分に関する条例第３条の規定により、議会の議決を必要とする
R5-9kaigiroku,2023,769,契約,契約であることから、提案するものでございます。詳細については、教育委員会次長より説明申し
R5-9kaigiroku,2023,774,契約,新するために、スクールバス購入について８月３１日に一般競争入札を行った結果、契約金額（税
R5-9kaigiroku,2023,774,入札,新するために、スクールバス購入について８月３１日に一般競争入札を行った結果、契約金額（税
R5-9kaigiroku,2023,776,契約,社代表取締役今井雅章と、物品売買契約を締結するものです。入札の経緯につきまして、説明報
R5-9kaigiroku,2023,776,入札,社代表取締役今井雅章と、物品売買契約を締結するものです。入札の経緯につきまして、説明報
R5-9kaigiroku,2023,777,入札,告をさせていただきます。役場内の請負業者等選定審査会を７月２５日に開催し、入札参加の条
R5-9kaigiroku,2023,778,入札,件や購入車輌の仕様等を決定しました。そして８月１日から８月２２日までを入札参加受付期間と
R5-9kaigiroku,2023,779,入札,して村のホームページで入札公告を行いました。入札参加申請がありましたのは１社で、８月３１日
R5-9kaigiroku,2023,780,入札,に入札を行った結果、非公表の予定価格税込み２千百２拾４万４千７百４拾円に対しまして、奈良
R5-9kaigiroku,2023,781,契約,日野自動車株式会社が、１千７百３拾８万円で落札し、９月１日付けで仮契約をいたしております。
R5-9kaigiroku,2023,782,契約,尚、車輌の納入期限は令和６年３月２９日としております。この契約の締結について、ご審議下さ
R5-9kaigiroku,2023,796,契約,購入契約の締結については、原案のとおり可決されました。
R5-9kaigiroku,2023,807,予算,○村長(伊藤収宜君):本案につきましては、本年度の当初予算に計上し議決をいただきました事業
R5-9kaigiroku,2023,815,予算,文に記載しておりましたが、この続きに、変更後をご覧下さい。本年度当初予算に計上し、議決い
R5-9kaigiroku,2023,832,予算,◎議案第３６号令和５年度御杖村一般会計補正予算（第５号）
R5-9kaigiroku,2023,832,補正予算,◎議案第３６号令和５年度御杖村一般会計補正予算（第５号）
R5-9kaigiroku,2023,834,予算,［上程、説明、総括的質疑、予算決算委員会付託］
R5-9kaigiroku,2023,834,決算,［上程、説明、総括的質疑、予算決算委員会付託］
R5-9kaigiroku,2023,836,予算,○議長(葛城昌俊君):次に、日程第１２議案第３６号令和５年度御杖村一般会計補正予算第５号の
R5-9kaigiroku,2023,836,補正予算,○議長(葛城昌俊君):次に、日程第１２議案第３６号令和５年度御杖村一般会計補正予算第５号の
R5-9kaigiroku,2023,842,決算,和４年度の決算収支に合わせ繰越金の増額補正を行い、歳出においては、基金積立金の増額と、
R5-9kaigiroku,2023,842,基金,和４年度の決算収支に合わせ繰越金の増額補正を行い、歳出においては、基金積立金の増額と、
R5-9kaigiroku,2023,842,繰越,和４年度の決算収支に合わせ繰越金の増額補正を行い、歳出においては、基金積立金の増額と、
R5-9kaigiroku,2023,843,補助金,障害者福祉等の過年度交付の国庫補助金及び県支出金の精算による返還の必要が生じたため
R5-9kaigiroku,2023,849,予算,運営委員長の報告のとおり、全員協議会で詳細な説明を受け、予算決算委員会に付託すること
R5-9kaigiroku,2023,849,決算,運営委員長の報告のとおり、全員協議会で詳細な説明を受け、予算決算委員会に付託すること
R5-9kaigiroku,2023,855,予算,般会計補正予算第５号の議定については、予算決算委員会に付託することに決定しました。
R5-9kaigiroku,2023,855,補正予算,般会計補正予算第５号の議定については、予算決算委員会に付託することに決定しました。
R5-9kaigiroku,2023,855,決算,般会計補正予算第５号の議定については、予算決算委員会に付託することに決定しました。
R5-9kaigiroku,2023,859,予算,補正予算（第３号）の議定について
R5-9kaigiroku,2023,859,補正予算,補正予算（第３号）の議定について
R5-9kaigiroku,2023,860,予算,［上程、説明、総括的質疑、予算決算委員会付託］
R5-9kaigiroku,2023,860,決算,［上程、説明、総括的質疑、予算決算委員会付託］
R5-9kaigiroku,2023,863,予算,予算第３号の議定についてを議題と致します。本案について、提案理由の説明を求めます。伊藤
R5-9kaigiroku,2023,875,予算,運営委員長の報告のとおり、全員協議会で詳細な説明を受け、予算決算委員会に付託すること
R5-9kaigiroku,2023,875,決算,運営委員長の報告のとおり、全員協議会で詳細な説明を受け、予算決算委員会に付託すること
R5-9kaigiroku,2023,879,予算,民健康保険特別会計補正予算第３号の議定については、予算決算委員会に付託することに決定
R5-9kaigiroku,2023,879,補正予算,民健康保険特別会計補正予算第３号の議定については、予算決算委員会に付託することに決定
R5-9kaigiroku,2023,879,決算,民健康保険特別会計補正予算第３号の議定については、予算決算委員会に付託することに決定
R5-9kaigiroku,2023,884,予算,予算（第１号）の議定について
R5-9kaigiroku,2023,885,予算,［上程、説明、総括的質疑、予算決算委員会付託］
R5-9kaigiroku,2023,885,決算,［上程、説明、総括的質疑、予算決算委員会付託］
R5-9kaigiroku,2023,887,予算,○議長(葛城昌俊君):次に、日程第１４議案第３８号令和５年度御杖村介護保険特別会計補正予算
R5-9kaigiroku,2023,887,補正予算,○議長(葛城昌俊君):次に、日程第１４議案第３８号令和５年度御杖村介護保険特別会計補正予算
R5-9kaigiroku,2023,894,決算,の決算収支に伴う繰越金の増額を行い、歳出では、介護給付に係る前年度補助金の精算より返
R5-9kaigiroku,2023,894,補助金,の決算収支に伴う繰越金の増額を行い、歳出では、介護給付に係る前年度補助金の精算より返
R5-9kaigiroku,2023,894,繰越,の決算収支に伴う繰越金の増額を行い、歳出では、介護給付に係る前年度補助金の精算より返
R5-9kaigiroku,2023,900,予算,運営委員長の報告のとおり、全員協議会で詳細な説明を受け、予算決算委員会に付託すること
R5-9kaigiroku,2023,900,決算,運営委員長の報告のとおり、全員協議会で詳細な説明を受け、予算決算委員会に付託すること
R5-9kaigiroku,2023,904,予算,護保険特別会計補正予算第１号の議定については、予算決算委員会に付託することに決定しま
R5-9kaigiroku,2023,904,補正予算,護保険特別会計補正予算第１号の議定については、予算決算委員会に付託することに決定しま
R5-9kaigiroku,2023,904,決算,護保険特別会計補正予算第１号の議定については、予算決算委員会に付託することに決定しま
R5-9kaigiroku,2023,908,決算,◎認定第１号令和４年度御杖村一般会計歳入歳出決算の認定
R5-9kaigiroku,2023,910,決算,計歳入歳出決算の認定について、認定第３号令和４年度御杖
R5-9kaigiroku,2023,911,決算,村国民健康保険特別会計歳入歳出決算の認定について、認
R5-9kaigiroku,2023,912,決算,定第４号令和４年度御杖村介護保険特別会計歳入歳出決算
R5-9kaigiroku,2023,914,決算,療特別会計歳入歳出決算の認定について
R5-9kaigiroku,2023,917,決算,○議長(葛城昌俊君):次に、日程第１５認定第１号令和４年度御杖村一般会計歳入歳出決算の認定
R5-9kaigiroku,2023,918,決算,について、日程第１６認定第２号令和４年度御杖村簡易水道事業特別会計歳入歳出決算の認定
R5-9kaigiroku,2023,919,決算,について、日程第１７認定第３号令和４年度御杖村国民健康保険特別会計歳入歳出決算の認定
R5-9kaigiroku,2023,920,決算,について、日程第１８認定第４号令和４年度御杖村介護保険特別会計歳入歳出決算の認定につ
R5-9kaigiroku,2023,921,決算,いて、日程第１９認定第５号令和４年度御杖村後期高齢者医療特別会計歳入歳出決算の認定に
R5-9kaigiroku,2023,922,決算,ついて、以上５議案は、令和４年度各会計決算の案件ですので、一括議題とします。まず、一般
R5-9kaigiroku,2023,923,決算,会計決算について、説明を求めます。伊藤村長。
R5-9kaigiroku,2023,927,決算,村一般会計歳入歳出決算について認定をお願いするものでございます。決算の額でございます
R5-9kaigiroku,2023,932,決算,○会計管理者(松本慶一君):はい。失礼します。令和４年度一般会計決算について、本日提案を致
R5-9kaigiroku,2023,934,決算,しました概要につきまして、決算の内容に関する説明書をお配りさせて頂いておりますので、こち
R5-9kaigiroku,2023,936,予算,会計決算の概要。予算の執行にあたって、計上した歳入については財源の確保に努め、歳出に
R5-9kaigiroku,2023,936,決算,会計決算の概要。予算の執行にあたって、計上した歳入については財源の確保に努め、歳出に
R5-9kaigiroku,2023,937,決算,ついては経費の節減と執行の効率化に努めた結果、令和４年度の一般会計歳入歳出決算額は、
R5-9kaigiroku,2023,938,決算,決算書の１２３ページの実質収支に関する調書のとおり歳入総額２７億１千７百８拾８万８千９百８
R5-9kaigiroku,2023,940,繰越,ました。収支差引額から、繰越明許費によって翌年度へ繰り越すべき財源５百３拾１万７千円を差
R5-9kaigiroku,2023,941,決算,し引いた、１億７千百７拾６万４千８百５拾円の黒字となりました。歳入決算の状況について。令和４
R5-9kaigiroku,2023,944,繰越,出金４億５千７百５拾３万１千円同１６．８％、村債３億７千９拾万円同１３．７％、繰越金１億７千７百
R5-9kaigiroku,2023,946,決算,しては、次のページ、２ページの第１表一般会計歳入決算の内訳のとおりでございますが、朗読は
R5-9kaigiroku,2023,947,決算,省略させて頂きます。これを前年度決算額と比較しますと、村税は第２表のとおり、総額で１億１千
R5-9kaigiroku,2023,951,決算,した。それぞれの税の状況は次のページ、３ページ、第２表村税決算の状況のとおりでございま
R5-9kaigiroku,2023,966,補助金,整備事業補助金の皆減や住民税非課税世帯等に対する臨時特別給付金の減額が主な要因で
R5-9kaigiroku,2023,967,財産,す。国、県支出金のうち主なものは、第５表に列記したとおりです。財産収入は、１千７百７拾２万４
R5-9kaigiroku,2023,969,基金,売払収入が増額の主な要因です。令和４年度末における基金の現金保有残高は３９億６千７百１
R5-9kaigiroku,2023,970,基金,万円で、各基金別の内訳は６ページの第６表のとおりです。繰越金は、１億７千７百６拾２２万９千
R5-9kaigiroku,2023,970,繰越,万円で、各基金別の内訳は６ページの第６表のとおりです。繰越金は、１億７千７百６拾２２万９千
R5-9kaigiroku,2023,976,工事,疎対策事業債については、菅野体育館公民館耐震改修工事やケアハウス施設整備事業をはじ
R5-9kaigiroku,2023,983,決算,災害防止事業９拾万円、７ページをご覧下さい。歳出決算の状況について。令和４年度の歳出総
R5-9kaigiroku,2023,985,決算,目的別決算の主な内訳は、第７表のとおり、総務費７億１千百７拾１万８千円、構成比２８．０％、民
R5-9kaigiroku,2023,987,決算,億３千百６拾５万８千円、同９．１％となりました。前年度決算と比較して増額となった項目では、商
R5-9kaigiroku,2023,988,工事,工費が姫石の湯空調更新工事、木質バイオマスエネルギー利用施設整備工事等により、１億９百
R5-9kaigiroku,2023,989,補助金,２拾１万２千円、１１８．６％の増、農林水産業費が人件費、農業振興各種補助金等により、４千７百
R5-9kaigiroku,2023,990,工事,９拾９万７千円、４２．４％の増、民生費がケアハウス施設整備工事等により、３千５百８拾６万３千
R5-9kaigiroku,2023,992,工事,畝線等舗装補修工事等により、３千２百３拾１万５千円、１５．６％の増となりました。一方、減額とな
R5-9kaigiroku,2023,994,基金,６４．６％の減、総務費が財政調整基金積立金の減により、５千５百２拾２万４千円、７．２％の減、
R5-9kaigiroku,2023,995,工事,消防費が昨年度事業のドクターヘリ場外離着陸場整備工事、統合学校施設防火水槽設置工事
R5-9kaigiroku,2023,997,決算,決算の主な内訳は、第８表のとおり、普通建設事業費、５億４千８拾万８千円、構成比２１．３％、人
R5-9kaigiroku,2023,1000,決算,費が、２億１千２百３拾２万９千円、同８．４％等となっています。前年度決算額と比較しますと、人
R5-9kaigiroku,2023,1012,基金,り、１千９拾７万７千円、５．５％の増額となりました。 積立金は、財政調整基金積立の減等により、
R5-9kaigiroku,2023,1017,決算,減少しています。普通建設事業の主な事業は、第１０表のとおりです。以上で一般会計決算の概
R5-9kaigiroku,2023,1018,決算,要説明を終わらせて頂きます。詳細につきましては、決算事項別明細書や主要施策の成果に関
R5-9kaigiroku,2023,1020,決算,○議長(葛城昌俊君):次に、特別会計決算を一括して、説明を求めます。伊藤村長。
R5-9kaigiroku,2023,1025,決算,令和４年度歳入歳出決算ついて、認定をお願いするものでございます。それぞれの決算概要に
R5-9kaigiroku,2023,1028,決算,○会計管理者(松本慶一君):はい。失礼します。令和４年度特別会計決算につきまして、決算の内
R5-9kaigiroku,2023,1029,決算,容に関する説明書１２ページをご覧下さい。第１１表のとおり、特別会計決算の状況でございま
R5-9kaigiroku,2023,1057,決算,す。以上で特別会計の決算の概要並びに村債の状況についての説明を終わらせていただきます
R5-9kaigiroku,2023,1058,決算,が、一般会計同様、詳細につきましては、決算事項別明細書等をご覧いただきまして、ご審議の
R5-9kaigiroku,2023,1060,決算,○議長(葛城昌俊君):ここで、令和４年度一般会計及び特別会計の決算について、監査委員に決算
R5-9kaigiroku,2023,1064,決算,○６番(山岡隆良君):お手元の令和４年度御杖村一般会計、特別会計の決算審査意見書をご覧い
R5-9kaigiroku,2023,1065,決算,ただきたいと思います。この決算審査につきましては、去る８月２３日に、片桐監査委員とともに審
R5-9kaigiroku,2023,1066,決算,査を実施させて頂きました。決算審査意見書の各諸表の朗読は省略させていただき、７ページの
R5-9kaigiroku,2023,1067,決算,決算審査結論の朗読をもって報告に代えさせて頂きたいと思います。令和４年度決算審査結論。
R5-9kaigiroku,2023,1083,決算,令和４年度決算審査の結論とする。
R5-9kaigiroku,2023,1085,決算,り決算審査に係る意見をいただきました。これから決算５議案について一括して、統括的質疑を
R5-9kaigiroku,2023,1088,決算,○議長(葛城昌俊君):質疑なしと認めます。これで質疑を終わります。各会計決算の認定議案につ
R5-9kaigiroku,2023,1089,予算,いても、議会運営委員会の報告のとおり、全員協議会で詳細な説明を受け、一括して予算決算委
R5-9kaigiroku,2023,1089,決算,いても、議会運営委員会の報告のとおり、全員協議会で詳細な説明を受け、一括して予算決算委
R5-9kaigiroku,2023,1093,決算,５号までの令和４年度における一般会計歳入歳出決算及び各特別会計歳入歳出決算の認定に
R5-9kaigiroku,2023,1094,予算,ついては、予算決算委員会に付託することに決定しました。
R5-9kaigiroku,2023,1094,決算,ついては、予算決算委員会に付託することに決定しました。
R5-9kaigiroku,2023,1235,工事,工事も終わり、神末レクレーション体育館耐震改修工事に向けた工事設計にかかる業務委託も行
R5-9kaigiroku,2023,1236,工事,われ、令和５年には改修工事が始まる予定です。また、老朽化が進んだセンター横の教員宿舎の
R5-9kaigiroku,2023,1237,工事,改修に向けた設計業務の委託も行ってきたところです。工事が始まっているところでございます。
R5-9kaigiroku,2023,1281,予算,（令和５年度御杖村一般会計補正予算(第４号)）
R5-9kaigiroku,2023,1281,補正予算,（令和５年度御杖村一般会計補正予算(第４号)）
R5-9kaigiroku,2023,1283,予算,令和５年度御杖村一般会計補正予算(第５号)の議定について
R5-9kaigiroku,2023,1283,補正予算,令和５年度御杖村一般会計補正予算(第５号)の議定について
R5-9kaigiroku,2023,1285,予算,令和５年度御杖村国民健康保険特別会計補正予算（第３号）の議定について
R5-9kaigiroku,2023,1285,補正予算,令和５年度御杖村国民健康保険特別会計補正予算（第３号）の議定について
R5-9kaigiroku,2023,1287,予算,令和５年度御杖村介護保険特別会計補正予算(第１号)の議定について
R5-9kaigiroku,2023,1287,補正予算,令和５年度御杖村介護保険特別会計補正予算(第１号)の議定について
R5-9kaigiroku,2023,1289,決算,令和４年度御杖村一般会計歳入歳出決算の認定について
R5-9kaigiroku,2023,1291,決算,令和４年度御杖村簡易水道事業特別会計歳入歳出決算の認定について
R5-9kaigiroku,2023,1293,決算,令和４年度御杖村国民健康保険特別会計歳入歳出決算の認定について
R5-9kaigiroku,2023,1295,決算,令和４年度御杖村介護保険特別会計歳入歳出決算の認定について
R5-9kaigiroku,2023,1297,決算,令和４年度御杖村後期高齢者医療特別会計歳入歳出決算の認定について
R5-9kaigiroku,2023,1355,予算,（令和５年度御杖村一般会計補正予算(第４号)）
R5-9kaigiroku,2023,1355,補正予算,（令和５年度御杖村一般会計補正予算(第４号)）
R5-9kaigiroku,2023,1359,予算,村一般会計補正予算第４号を議題とします。本案につきましては、予算決算委員会へ付託した案
R5-9kaigiroku,2023,1359,補正予算,村一般会計補正予算第４号を議題とします。本案につきましては、予算決算委員会へ付託した案
R5-9kaigiroku,2023,1359,決算,村一般会計補正予算第４号を議題とします。本案につきましては、予算決算委員会へ付託した案
R5-9kaigiroku,2023,1364,予算,○６番(山岡隆良君):予算決算委員会を代表しまして、当委員会に付託されました、承認第６号につ
R5-9kaigiroku,2023,1364,決算,○６番(山岡隆良君):予算決算委員会を代表しまして、当委員会に付託されました、承認第６号につ
R5-9kaigiroku,2023,1366,予算,去る９月７日の本会議におきまして、専決処分による補正予算１件及び補正予算３件、決算認定５
R5-9kaigiroku,2023,1366,補正予算,去る９月７日の本会議におきまして、専決処分による補正予算１件及び補正予算３件、決算認定５
R5-9kaigiroku,2023,1366,決算,去る９月７日の本会議におきまして、専決処分による補正予算１件及び補正予算３件、決算認定５
R5-9kaigiroku,2023,1367,予算,件の合計９件の案件が付託されたことにより、９月１２日に予算決算委員会を開催いたしました。当
R5-9kaigiroku,2023,1367,決算,件の合計９件の案件が付託されたことにより、９月１２日に予算決算委員会を開催いたしました。当
R5-9kaigiroku,2023,1372,予算,により、承認すべきもの決定いたしました。以上で、予算決算委員会の報告とさせていただきます。
R5-9kaigiroku,2023,1372,決算,により、承認すべきもの決定いたしました。以上で、予算決算委員会の報告とさせていただきます。
R5-9kaigiroku,2023,1385,予算,認を求めることについて、令和５年度御杖村一般会計補正予算第４号は、委員長の報告のとおり
R5-9kaigiroku,2023,1385,補正予算,認を求めることについて、令和５年度御杖村一般会計補正予算第４号は、委員長の報告のとおり
R5-9kaigiroku,2023,1389,予算,◎議案第３６号令和５年度御杖村一般会計補正予算(第５号)の議
R5-9kaigiroku,2023,1389,補正予算,◎議案第３６号令和５年度御杖村一般会計補正予算(第５号)の議
R5-9kaigiroku,2023,1391,予算,会計補正予算(第３号)の議定について、議案第３８号令和５年度
R5-9kaigiroku,2023,1391,補正予算,会計補正予算(第３号)の議定について、議案第３８号令和５年度
R5-9kaigiroku,2023,1392,予算,御杖村介護保険特別会計補正予算(第１号)の議定について
R5-9kaigiroku,2023,1392,補正予算,御杖村介護保険特別会計補正予算(第１号)の議定について
R5-9kaigiroku,2023,1395,予算,○議長(葛城昌俊君):次に、日程第３､議案３６号令和５年度御杖村一般会計補正予算第５号の議定
R5-9kaigiroku,2023,1395,補正予算,○議長(葛城昌俊君):次に、日程第３､議案３６号令和５年度御杖村一般会計補正予算第５号の議定
R5-9kaigiroku,2023,1396,予算,について、日程第４､議案第３７号令和４年度御杖村国民健康保険特別会計補正予算第３号の議
R5-9kaigiroku,2023,1396,補正予算,について、日程第４､議案第３７号令和４年度御杖村国民健康保険特別会計補正予算第３号の議
R5-9kaigiroku,2023,1397,予算,定について、日程第５､議案第３８号令和５年度御杖村介護保険特別会計補正予算第１号の議定
R5-9kaigiroku,2023,1397,補正予算,定について、日程第５､議案第３８号令和５年度御杖村介護保険特別会計補正予算第１号の議定
R5-9kaigiroku,2023,1398,予算,について以上の３議案につきましても、予算決算委員会へ付託した案件でございますので、これ
R5-9kaigiroku,2023,1398,決算,について以上の３議案につきましても、予算決算委員会へ付託した案件でございますので、これ
R5-9kaigiroku,2023,1403,予算,基づき、予算決算委員会委員長より一括して審査経過及び結果の報告をお願いします。山岡委
R5-9kaigiroku,2023,1403,決算,基づき、予算決算委員会委員長より一括して審査経過及び結果の報告をお願いします。山岡委
R5-9kaigiroku,2023,1414,予算,◎議案第３６号令和５年度御杖村一般会計補正予算(第５号)の議
R5-9kaigiroku,2023,1414,補正予算,◎議案第３６号令和５年度御杖村一般会計補正予算(第５号)の議
R5-9kaigiroku,2023,1420,予算,令和５年度御杖村一般会計補正予算第５号の議定についてを議題とし、討論を行います。討論は
R5-9kaigiroku,2023,1420,補正予算,令和５年度御杖村一般会計補正予算第５号の議定についてを議題とし、討論を行います。討論は
R5-9kaigiroku,2023,1428,予算,杖村一般会計補正予算第５号の議定については、委員長の報告のとおり可決されました。
R5-9kaigiroku,2023,1428,補正予算,杖村一般会計補正予算第５号の議定については、委員長の報告のとおり可決されました。
R5-9kaigiroku,2023,1432,予算,補正予算(第３号)の議定について
R5-9kaigiroku,2023,1432,補正予算,補正予算(第３号)の議定について
R5-9kaigiroku,2023,1436,予算,予算第３号の議定についてを議題とし、討論を行います。討論はありませんか。
R5-9kaigiroku,2023,1443,予算,杖村国民健康保険特別会計補正予算第３号の議定については、委員長の報告のとおり可決され
R5-9kaigiroku,2023,1443,補正予算,杖村国民健康保険特別会計補正予算第３号の議定については、委員長の報告のとおり可決され
R5-9kaigiroku,2023,1448,予算,予算(第１号)の議定について
R5-9kaigiroku,2023,1451,予算,○議長(葛城昌俊君):次に、日程第５､議案第３８号令和５年度御杖村介護保険特別会計補正予算
R5-9kaigiroku,2023,1451,補正予算,○議長(葛城昌俊君):次に、日程第５､議案第３８号令和５年度御杖村介護保険特別会計補正予算
R5-9kaigiroku,2023,1459,予算,杖村介護保険特別会計補正予算第１号の議定については、委員長の報告のとおり可決されまし
R5-9kaigiroku,2023,1459,補正予算,杖村介護保険特別会計補正予算第１号の議定については、委員長の報告のとおり可決されまし
R5-9kaigiroku,2023,1462,決算,◎認定第１号令和４年度御杖村一般会計歳入歳出決算の
R5-9kaigiroku,2023,1464,決算,事業特別会計歳入歳出決算の認定について、認定第３号
R5-9kaigiroku,2023,1465,決算,令和４年度御杖村国民健康保険特別会計歳入歳出決算
R5-9kaigiroku,2023,1467,決算,特別会計歳入歳出決算の認定について、認定第５号令和
R5-9kaigiroku,2023,1468,決算,４年度御杖村後期高齢者医療特別会計歳入歳出決算の
R5-9kaigiroku,2023,1472,決算,○議長(葛城昌俊君):次に、日程第６､認定第１号令和４年度御杖村一般会計歳入歳出決算の認定
R5-9kaigiroku,2023,1473,決算,について、日程第７､認定第２号令和４年度御杖村簡易水道事業特別会計歳入歳出決算の認定
R5-9kaigiroku,2023,1474,決算,について、日程第８､認定第３号令和４年度御杖村国民健康保険特別会計歳入歳出決算の認定
R5-9kaigiroku,2023,1475,決算,について、日程第９､認定第４号令和４年度御杖村介護保険特別会計歳入歳出決算の認定につ
R5-9kaigiroku,2023,1476,決算,いて、日程第１０､認定第５号令和４年度御杖村後期高齢者医療特別会計歳入歳出決算の認定
R5-9kaigiroku,2023,1477,決算,について、以上の５件は、各会計決算認定の案件ですので、一括議題とします。本件につきまし
R5-9kaigiroku,2023,1478,予算,ては、予算決算委員会へ付託した案件でございます。御杖村会議規則第４１条第１項の規定に基
R5-9kaigiroku,2023,1478,決算,ては、予算決算委員会へ付託した案件でございます。御杖村会議規則第４１条第１項の規定に基
R5-9kaigiroku,2023,1482,決算,○６番(山岡隆良君):それでは、認定第１号から認定第５号の各会計歳入歳出決算認定の５件につ
R5-9kaigiroku,2023,1488,予算,定いたしました。以上で、予算決算委員会の報告とさせていただきます。
R5-9kaigiroku,2023,1488,決算,定いたしました。以上で、予算決算委員会の報告とさせていただきます。
R5-9kaigiroku,2023,1495,決算,◎認定第１号令和４年度御杖村一般会計歳入歳出決算の
R5-9kaigiroku,2023,1500,決算,和４年度御杖村一般会計歳入歳出決算の認定についてを議題とし、討論を行います。討論はあり
R5-9kaigiroku,2023,1509,決算,杖村一般会計歳入歳出決算の認定については、委員長の報告のとおり認定されました。
R5-9kaigiroku,2023,1513,決算,歳入歳出決算の認定について
R5-9kaigiroku,2023,1517,決算,出決算の認定についてを議題とし、討論を行います。討論はありませんか。
R5-9kaigiroku,2023,1524,決算,杖村簡易水道事業特別会計歳入歳出決算の認定については、委員長の報告のとおり認定されま
R5-9kaigiroku,2023,1529,決算,歳入歳出決算の認定について
R5-9kaigiroku,2023,1533,決算,出決算の認定についてを議題とし、討論を行います。討論はありませんか。
R5-9kaigiroku,2023,1540,決算,村国民健康保険特別会計歳入歳出決算の認定については、委員長の報告のとおり認定されまし
R5-9kaigiroku,2023,1545,決算,歳出決算の認定について
R5-9kaigiroku,2023,1556,決算,村介護保険特別会計歳入歳出決算の認定については、委員長の報告のとおり認定されました。
R5-9kaigiroku,2023,1560,決算,歳入歳出決算の認定について
R5-9kaigiroku,2023,1564,決算,入歳出決算の認定についてを議題とし、討論を行います。討論はありませんか。
R5-9kaigiroku,2023,1571,決算,杖村後期高齢者医療特別会計歳入歳出決算の認定については、委員長の報告のとおり認定さ
R6-1giketukekka,2024,2,予算,●村長提出議案（承認２件、条例１６件、規約１件、予算８件、諮問１件、同意１件、計２９件）
R6-1giketukekka,2024,9,予算,承 認    専決処分の承認を求めることについて                                     予算決算
R6-1giketukekka,2024,9,決算,承 認    専決処分の承認を求めることについて                                     予算決算
R6-1giketukekka,2024,10,予算,（令和5年度御杖村一般会計補正予算(第8号）)                〃    R6.3.11           R6.3.2１   承 認   R6.3.25    〃
R6-1giketukekka,2024,10,補正予算,（令和5年度御杖村一般会計補正予算(第8号）)                〃    R6.3.11           R6.3.2１   承 認   R6.3.25    〃
R6-1giketukekka,2024,67,予算,議 案                                                           予算決算
R6-1giketukekka,2024,67,決算,議 案                                                           予算決算
R6-1giketukekka,2024,68,予算,令和５年度御杖村一般会計補正予算（第９号）の議定について         〃       R6.3.11           R63.21    可 決   R6.3.25   〃
R6-1giketukekka,2024,68,補正予算,令和５年度御杖村一般会計補正予算（第９号）の議定について         〃       R6.3.11           R63.21    可 決   R6.3.25   〃
R6-1giketukekka,2024,70,予算,議 案    令和５年度御杖村国民健康保険特別会計補正予算（第５号）の議定に
R6-1giketukekka,2024,70,補正予算,議 案    令和５年度御杖村国民健康保険特別会計補正予算（第５号）の議定に
R6-1giketukekka,2024,74,予算,令和５年度御杖村介護保険特別会計補正予算（第３号）の議定について     〃           〃         〃       〃      〃      〃       〃
R6-1giketukekka,2024,74,補正予算,令和５年度御杖村介護保険特別会計補正予算（第３号）の議定について     〃           〃         〃       〃      〃      〃       〃
R6-1giketukekka,2024,77,予算,令和６年度御杖村一般会計予算の議定について                〃           〃         〃       〃      〃      〃       〃
R6-1giketukekka,2024,80,予算,令和６年度御杖村国民健康保険特別会計予算の議定について          〃           〃         〃       〃      〃      〃       〃
R6-1giketukekka,2024,83,予算,令和６年度御杖村介護保険特別会計予算の議定について            〃           〃         〃       〃      〃      〃       〃
R6-1giketukekka,2024,86,予算,令和６年度御杖村後期高齢者医療特別会計予算の議定について         〃           〃         〃       〃      〃      〃       〃
R6-1giketukekka,2024,91,予算,議 案    令和６年度御杖村簡易水道事業会計予算の議定について                           予算決算
R6-1giketukekka,2024,91,決算,議 案    令和６年度御杖村簡易水道事業会計予算の議定について                           予算決算
R6-1kaigiroku,2024,47,予算,（令和５年度御杖村一般会計補正予算(第８号）)
R6-1kaigiroku,2024,47,補正予算,（令和５年度御杖村一般会計補正予算(第８号）)
R6-1kaigiroku,2024,48,予算,[上程、説明、総括的質疑、予算決算委員会付託] ・・・・・・・・・・・・・・・・・・・・・・・・・・・ －18－
R6-1kaigiroku,2024,48,決算,[上程、説明、総括的質疑、予算決算委員会付託] ・・・・・・・・・・・・・・・・・・・・・・・・・・・ －18－
R6-1kaigiroku,2024,91,予算,◎議案第１８号令和５年度御杖村一般会計補正予算(第９号)の議定について
R6-1kaigiroku,2024,91,補正予算,◎議案第１８号令和５年度御杖村一般会計補正予算(第９号)の議定について
R6-1kaigiroku,2024,92,予算,[上程、説明、総括的質疑、予算決算委員会付託] ・・・・・・・・・・・・・・・・・・・・・・・・・・・ －33－
R6-1kaigiroku,2024,92,決算,[上程、説明、総括的質疑、予算決算委員会付託] ・・・・・・・・・・・・・・・・・・・・・・・・・・・ －33－
R6-1kaigiroku,2024,93,予算,◎議案第１９号令和５年度御杖村国民健康保険特別会計補正予算(第５号)の議定について
R6-1kaigiroku,2024,93,補正予算,◎議案第１９号令和５年度御杖村国民健康保険特別会計補正予算(第５号)の議定について
R6-1kaigiroku,2024,94,予算,[上程、説明、総括的質疑、予算決算委員会付託] ・・・・・・・・・・・・・・・・・・・・・・・・・・・ －34－
R6-1kaigiroku,2024,94,決算,[上程、説明、総括的質疑、予算決算委員会付託] ・・・・・・・・・・・・・・・・・・・・・・・・・・・ －34－
R6-1kaigiroku,2024,95,予算,◎議案第２０号令和５年度御杖村介護保険特別会計補正予算(第３号)の議定について
R6-1kaigiroku,2024,95,補正予算,◎議案第２０号令和５年度御杖村介護保険特別会計補正予算(第３号)の議定について
R6-1kaigiroku,2024,96,予算,[上程、説明、総括的質疑、予算決算委員会付託] ・・・・・・・・・・・・・・・・・・・・・・・・・・・ －35－
R6-1kaigiroku,2024,96,決算,[上程、説明、総括的質疑、予算決算委員会付託] ・・・・・・・・・・・・・・・・・・・・・・・・・・・ －35－
R6-1kaigiroku,2024,98,予算,◎議案第２１号令和６年度御杖村一般会計予算の議定について
R6-1kaigiroku,2024,99,予算,[上程、説明、総括的質疑、予算決算委員会付託] ・・・・・・・・・・・・・・・・・・・・・・・・・・・ －37－
R6-1kaigiroku,2024,99,決算,[上程、説明、総括的質疑、予算決算委員会付託] ・・・・・・・・・・・・・・・・・・・・・・・・・・・ －37－
R6-1kaigiroku,2024,100,予算,◎議案第２２号令和６年度御杖村国民健康保険特別会計予算の議定について
R6-1kaigiroku,2024,101,予算,[上程、説明、総括的質疑、予算決算委員会付託] ・・・・・・・・・・・・・・・・・・・・・・・・・・・ －42－
R6-1kaigiroku,2024,101,決算,[上程、説明、総括的質疑、予算決算委員会付託] ・・・・・・・・・・・・・・・・・・・・・・・・・・・ －42－
R6-1kaigiroku,2024,102,予算,◎議案第２３号令和６年度御杖村介護保険特別会計予算の議定について
R6-1kaigiroku,2024,103,予算,[上程、説明、総括的質疑、予算決算委員会付託] ・・・・・・・・・・・・・・・・・・・・・・・・・・・ －42－
R6-1kaigiroku,2024,103,決算,[上程、説明、総括的質疑、予算決算委員会付託] ・・・・・・・・・・・・・・・・・・・・・・・・・・・ －42－
R6-1kaigiroku,2024,104,予算,◎議案第２４号令和６年度御杖村後期高齢者医療特別会計補正予算(第５号)の議定について
R6-1kaigiroku,2024,104,補正予算,◎議案第２４号令和６年度御杖村後期高齢者医療特別会計補正予算(第５号)の議定について
R6-1kaigiroku,2024,105,予算,[上程、説明、総括的質疑、予算決算委員会付託] ・・・・・・・・・・・・・・・・・・・・・・・・・・・ －43－
R6-1kaigiroku,2024,105,決算,[上程、説明、総括的質疑、予算決算委員会付託] ・・・・・・・・・・・・・・・・・・・・・・・・・・・ －43－
R6-1kaigiroku,2024,106,予算,◎議案第２５号令和６年度御杖村簡易水道事業会計予算の議定について
R6-1kaigiroku,2024,107,予算,[上程、説明、総括的質疑、予算決算委員会付託] ・・・・・・・・・・・・・・・・・・・・・・・・・・・ －43－
R6-1kaigiroku,2024,107,決算,[上程、説明、総括的質疑、予算決算委員会付託] ・・・・・・・・・・・・・・・・・・・・・・・・・・・ －43－
R6-1kaigiroku,2024,127,予算,（令和５年度御杖村一般会計補正予算(第８号）)
R6-1kaigiroku,2024,127,補正予算,（令和５年度御杖村一般会計補正予算(第８号）)
R6-1kaigiroku,2024,150,予算,◎議案第１８号令和５年度御杖村一般会計補正予算(第９号)の議定について、案第１９号令和
R6-1kaigiroku,2024,150,補正予算,◎議案第１８号令和５年度御杖村一般会計補正予算(第９号)の議定について、案第１９号令和
R6-1kaigiroku,2024,151,予算,５年度御杖村国民健康保険特別会計補正予算(第５号)の議定について、議案第２０号令和５
R6-1kaigiroku,2024,151,補正予算,５年度御杖村国民健康保険特別会計補正予算(第５号)の議定について、議案第２０号令和５
R6-1kaigiroku,2024,152,予算,年度御杖村介護保険特別会計補正予算(第３号)の議定について
R6-1kaigiroku,2024,152,補正予算,年度御杖村介護保険特別会計補正予算(第３号)の議定について
R6-1kaigiroku,2024,154,予算,◎議案第１８号令和５年度御杖村一般会計補正予算(第９号)の議定について
R6-1kaigiroku,2024,154,補正予算,◎議案第１８号令和５年度御杖村一般会計補正予算(第９号)の議定について
R6-1kaigiroku,2024,156,予算,◎議案第１９号令和５年度御杖村国民健康保険特別会計補正予算(第５号)の議定について
R6-1kaigiroku,2024,156,補正予算,◎議案第１９号令和５年度御杖村国民健康保険特別会計補正予算(第５号)の議定について
R6-1kaigiroku,2024,158,予算,◎議案第２０号令和５年度御杖村介護保険特別会計補正予算(第３号)の議定について
R6-1kaigiroku,2024,158,補正予算,◎議案第２０号令和５年度御杖村介護保険特別会計補正予算(第３号)の議定について
R6-1kaigiroku,2024,160,予算,◎議案第２１号令和６年度御杖村一般会計予算の議定について、議案第２２号令和６年度御
R6-1kaigiroku,2024,161,予算,杖村国民健康保険特別会計予算の議定について、議案第２３号令和６年度御杖村介護保
R6-1kaigiroku,2024,162,予算,険特別会計予算の議定について、議案第２４号令和６年度御杖村後期高齢者医療特別会
R6-1kaigiroku,2024,163,予算,計予算の議定について、議案第２５号令和６年度御杖村簡易水道事業会計予算の議定に
R6-1kaigiroku,2024,166,予算,◎議案第２１号令和６年度御杖村一般会計予算の議定について
R6-1kaigiroku,2024,168,予算,◎議案第２２号令和６年度御杖村国民健康保険特別会計予算の議定について
R6-1kaigiroku,2024,170,予算,◎議案第２３号令和６年度御杖村介護保険特別会計予算の議定について
R6-1kaigiroku,2024,172,予算,◎議案第２４号令和６年度御杖村後期高齢者医療特別会計予算の議定について
R6-1kaigiroku,2024,174,予算,◎議案第２５号令和６年度御杖村簡易水道事業特別会計予算の議定について
R6-1kaigiroku,2024,203,予算,第６   承認第２号 【予算決算委員会付託】
R6-1kaigiroku,2024,203,決算,第６   承認第２号 【予算決算委員会付託】
R6-1kaigiroku,2024,205,予算,（令和５年度御杖村一般会計補正予算(第８号）)
R6-1kaigiroku,2024,205,補正予算,（令和５年度御杖村一般会計補正予算(第８号）)
R6-1kaigiroku,2024,247,予算,第２４ 議案第１８号 【予算決算委員会付託】
R6-1kaigiroku,2024,247,決算,第２４ 議案第１８号 【予算決算委員会付託】
R6-1kaigiroku,2024,248,予算,令和５年度御杖村一般会計補正予算（第９号）の議定について
R6-1kaigiroku,2024,248,補正予算,令和５年度御杖村一般会計補正予算（第９号）の議定について
R6-1kaigiroku,2024,249,予算,第２５ 議案第１９号 【予算決算委員会付託】
R6-1kaigiroku,2024,249,決算,第２５ 議案第１９号 【予算決算委員会付託】
R6-1kaigiroku,2024,250,予算,令和５年度御杖村国民健康保険特別会計補正予算（第５号）の議定について
R6-1kaigiroku,2024,250,補正予算,令和５年度御杖村国民健康保険特別会計補正予算（第５号）の議定について
R6-1kaigiroku,2024,251,予算,第２６ 議案第２０号 【予算決算委員会付託】
R6-1kaigiroku,2024,251,決算,第２６ 議案第２０号 【予算決算委員会付託】
R6-1kaigiroku,2024,252,予算,令和５年度御杖村介護保険特別会計補正予算（第３号）の議定について
R6-1kaigiroku,2024,252,補正予算,令和５年度御杖村介護保険特別会計補正予算（第３号）の議定について
R6-1kaigiroku,2024,253,予算,第２７ 議案第２１号 【予算決算委員会付託】
R6-1kaigiroku,2024,253,決算,第２７ 議案第２１号 【予算決算委員会付託】
R6-1kaigiroku,2024,254,予算,令和６年度御杖村一般会計予算の議定について
R6-1kaigiroku,2024,255,予算,第２８ 議案第２２号 【予算決算委員会付託】
R6-1kaigiroku,2024,255,決算,第２８ 議案第２２号 【予算決算委員会付託】
R6-1kaigiroku,2024,256,予算,令和６年度御杖村国民健康保険特別会計予算の議定について
R6-1kaigiroku,2024,257,予算,第２９ 議案第２３号 【予算決算委員会付託】
R6-1kaigiroku,2024,257,決算,第２９ 議案第２３号 【予算決算委員会付託】
R6-1kaigiroku,2024,258,予算,令和６年度御杖村介護保険特別会計予算の議定について
R6-1kaigiroku,2024,259,予算,第３０ 議案第２４号 【予算決算委員会付託】
R6-1kaigiroku,2024,259,決算,第３０ 議案第２４号 【予算決算委員会付託】
R6-1kaigiroku,2024,260,予算,令和６年度御杖村後期高齢者医療特別会計予算の議定について
R6-1kaigiroku,2024,261,予算,第３１ 議案第２５号 【予算決算委員会付託】
R6-1kaigiroku,2024,261,決算,第３１ 議案第２５号 【予算決算委員会付託】
R6-1kaigiroku,2024,262,予算,令和６年度御杖村簡易水道事業会計予算の議定について
R6-1kaigiroku,2024,346,予算,前９時３０分開会、むらづくり委員会を１５日午前９時 ３０分開会、予算決算委員会を２１日午前９時
R6-1kaigiroku,2024,346,決算,前９時３０分開会、むらづくり委員会を１５日午前９時 ３０分開会、予算決算委員会を２１日午前９時
R6-1kaigiroku,2024,352,予算,に関する条例の制定については、むらづくり委員会へ、専決を含む補正予算４件と令和６年度の当
R6-1kaigiroku,2024,352,補正予算,に関する条例の制定については、むらづくり委員会へ、専決を含む補正予算４件と令和６年度の当
R6-1kaigiroku,2024,353,予算,初予算５件は、予算決算委員会へそれぞれ付託することと決定しました。また、上部法等の改正に
R6-1kaigiroku,2024,353,決算,初予算５件は、予算決算委員会へそれぞれ付託することと決定しました。また、上部法等の改正に
R6-1kaigiroku,2024,386,予算,合一般会計補正予算第２号については、歳入歳出予算の総額に、歳入歳出それぞれ７５０万円を
R6-1kaigiroku,2024,386,補正予算,合一般会計補正予算第２号については、歳入歳出予算の総額に、歳入歳出それぞれ７５０万円を
R6-1kaigiroku,2024,388,予算,歳入歳出予算については、歳入歳出総額はそれぞれ１億９４４万４千円と定めるもので前年度と比
R6-1kaigiroku,2024,389,予算,べて５億５，０９６万２千円の減額予算となっています。主な減額の要因は、基幹的設備改良工事
R6-1kaigiroku,2024,389,工事,べて５億５，０９６万２千円の減額予算となっています。主な減額の要因は、基幹的設備改良工事
R6-1kaigiroku,2024,419,予算,定の可決を行いました。議案第３号令和 6 年度一般会計予算については、歳入歳出それぞれ２
R6-1kaigiroku,2024,420,予算,億５，６３３万６千円で前年度対比４，１３５万６千円の増額予算となっています。山岡隆良議員よ
R6-1kaigiroku,2024,421,工事,り、議案第３号で衛生費、工事請負費の施工日程について説明を求め、提案者より詳細の説明が
R6-1kaigiroku,2024,450,予算,となっております。議第４号案令和５年度曽爾御杖行政一部事務組合一般会計歳入歳出予算補
R6-1kaigiroku,2024,453,予算,案令和６年度曽爾御杖行政一部事務組合一般会計歳入歳出予算については、当組合の事務事
R6-1kaigiroku,2024,454,予算,業は、火葬場、学校給食、視聴覚教育に関する事務となっております。本年度予算案と前年度当
R6-1kaigiroku,2024,455,予算,初予算との比較では、本年度予算案は歳入歳出総額４，０４８万１千円で前年度当初予算と比較
R6-1kaigiroku,2024,456,予算,して、２４２万４千円の増額予算となっています。増額の内容につきましては、学校給食の栄養バラ
R6-1kaigiroku,2024,457,予算,ンスのとれた給食の提供にともなって前年度予算と比較して１６１万１千円増、総務費７万９千円増、
R6-1kaigiroku,2024,483,工事,梁点検と必要な改修工事について、経過４０年以上の水道老朽管路の更新についての進捗状況
R6-1kaigiroku,2024,501,工事,次、補修工事を進めており、本年度末で３２橋のうち１５橋の補修が完了しており、進捗率は４７％
R6-1kaigiroku,2024,512,工事,いました。早速、村道西川川合敷津線の雨谷橋を含めた補修工事をしていただくということで、ス
R6-1kaigiroku,2024,533,補助金,国、県の補助金を活用し、通信用鉄塔の整備を行い、携帯電話の通信環境の改善を図ってきた
R6-1kaigiroku,2024,553,工事,災拠点になると思っています。そうした中で、４カ所の体育館についても耐震工事が今年で完了し
R6-1kaigiroku,2024,557,工事,うことで急傾斜工事が完了しております。それで、１００パーセントという訳ではありませんけれども、
R6-1kaigiroku,2024,614,補助金,いても改修にかかる補助金制度の検討を行っていきたいと思います。定住するための雇用の場の
R6-1kaigiroku,2024,718,契約,会と多機能型事業所第２サンライズを運営する社会福祉法人天王福祉会と契約を行っておりまし
R6-1kaigiroku,2024,772,予算,林整備事業・森林環境整備事業等を予算化し計画を組まれています。しかし、新しい森林管理制
R6-1kaigiroku,2024,812,財産,後世に大きな村の財産として残していかなければならないのも我々の務めじゃないのかなというよ
R6-1kaigiroku,2024,814,予算,非常に重要なことと捉え、これからも限られた予算をうまく執行していただいて災害のない村づくり
R6-1kaigiroku,2024,890,予算,（令和 5 年度御杖村一般会計補正予算（第 8 号））
R6-1kaigiroku,2024,890,補正予算,（令和 5 年度御杖村一般会計補正予算（第 8 号））
R6-1kaigiroku,2024,891,予算,［上程、説明、総括的質疑、予算決算委員会付託］
R6-1kaigiroku,2024,891,決算,［上程、説明、総括的質疑、予算決算委員会付託］
R6-1kaigiroku,2024,894,予算,御杖村一般会計補正予算第８号を議題と致します。本案について、提案理由の説明を求めます。
R6-1kaigiroku,2024,894,補正予算,御杖村一般会計補正予算第８号を議題と致します。本案について、提案理由の説明を求めます。
R6-1kaigiroku,2024,903,予算,付金支給にかかる費用を追加するものでございます。早急に予算措置が必要となったことから、去
R6-1kaigiroku,2024,910,予算,運営委員長の報告のとおり、全員協議会で詳細な説明を受け、予算決算委員会に付託すること
R6-1kaigiroku,2024,910,決算,運営委員長の報告のとおり、全員協議会で詳細な説明を受け、予算決算委員会に付託すること
R6-1kaigiroku,2024,914,予算,めることについて、令和５年度御杖村一般会計補正予算第８号は、予算決算委員会に付託するこ
R6-1kaigiroku,2024,914,補正予算,めることについて、令和５年度御杖村一般会計補正予算第８号は、予算決算委員会に付託するこ
R6-1kaigiroku,2024,914,決算,めることについて、令和５年度御杖村一般会計補正予算第８号は、予算決算委員会に付託するこ
R6-1kaigiroku,2024,1544,予算,◎議案第１８号令和５年度御杖村一般会計補正予算（第９号）
R6-1kaigiroku,2024,1544,補正予算,◎議案第１８号令和５年度御杖村一般会計補正予算（第９号）
R6-1kaigiroku,2024,1546,予算,［上程、説明、総括的質疑、予算決算委員会付託］
R6-1kaigiroku,2024,1546,決算,［上程、説明、総括的質疑、予算決算委員会付託］
R6-1kaigiroku,2024,1548,予算,○議長(葛城昌俊君)：次に、日程第２４、議案第１８号令和５年度御杖村一般会計補正予算第９号の
R6-1kaigiroku,2024,1548,補正予算,○議長(葛城昌俊君)：次に、日程第２４、議案第１８号令和５年度御杖村一般会計補正予算第９号の
R6-1kaigiroku,2024,1554,基金,生する不用額となっており、また増額は、収支見込みによる余剰金を基金積立するものでございま
R6-1kaigiroku,2024,1560,予算,運営委員長の報告のとおり、全員協議会で詳細な説明を受け、予算決算委員会に付託すること
R6-1kaigiroku,2024,1560,決算,運営委員長の報告のとおり、全員協議会で詳細な説明を受け、予算決算委員会に付託すること
R6-1kaigiroku,2024,1564,予算,一般会計補正予算第９号の議定については、予算決算委員会に付託することに決定しました。
R6-1kaigiroku,2024,1564,補正予算,一般会計補正予算第９号の議定については、予算決算委員会に付託することに決定しました。
R6-1kaigiroku,2024,1564,決算,一般会計補正予算第９号の議定については、予算決算委員会に付託することに決定しました。
R6-1kaigiroku,2024,1568,予算,補正予算（第５号）の議定について
R6-1kaigiroku,2024,1568,補正予算,補正予算（第５号）の議定について
R6-1kaigiroku,2024,1569,予算,［上程、説明、総括的質疑、予算決算委員会付託］
R6-1kaigiroku,2024,1569,決算,［上程、説明、総括的質疑、予算決算委員会付託］
R6-1kaigiroku,2024,1572,予算,予算第５号の議定についてを議題と致します。本案について、提案理由の説明を求めます。伊藤
R6-1kaigiroku,2024,1578,予算,ってございます。 診療施設勘定は、事業勘定からの繰入金の増額に伴い、歳入予算の調整を
R6-1kaigiroku,2024,1584,予算,運営委員長の報告のとおり、全員協議会で詳細な説明を受け、予算決算委員会に付託すること
R6-1kaigiroku,2024,1584,決算,運営委員長の報告のとおり、全員協議会で詳細な説明を受け、予算決算委員会に付託すること
R6-1kaigiroku,2024,1588,予算,国民健康保険特別会計補正予算第５号の議定についても、予算決算委員会に付託することに決
R6-1kaigiroku,2024,1588,補正予算,国民健康保険特別会計補正予算第５号の議定についても、予算決算委員会に付託することに決
R6-1kaigiroku,2024,1588,決算,国民健康保険特別会計補正予算第５号の議定についても、予算決算委員会に付託することに決
R6-1kaigiroku,2024,1592,予算,補正予算（第３号）の議定について
R6-1kaigiroku,2024,1592,補正予算,補正予算（第３号）の議定について
R6-1kaigiroku,2024,1593,予算,［上程、説明、総括的質疑、予算決算委員会付託］
R6-1kaigiroku,2024,1593,決算,［上程、説明、総括的質疑、予算決算委員会付託］
R6-1kaigiroku,2024,1602,基金,と、介護給付費準備基金積立の増額となってございます。ご審議の程、よろしくお願いします。
R6-1kaigiroku,2024,1607,予算,運営委員長の報告のとおり、全員協議会で詳細な説明を受け、予算決算委員会に付託すること
R6-1kaigiroku,2024,1607,決算,運営委員長の報告のとおり、全員協議会で詳細な説明を受け、予算決算委員会に付託すること
R6-1kaigiroku,2024,1611,予算,介護保険特別会計補正予算第３号の議定についても、予算決算委員会に付託することに決定し
R6-1kaigiroku,2024,1611,補正予算,介護保険特別会計補正予算第３号の議定についても、予算決算委員会に付託することに決定し
R6-1kaigiroku,2024,1611,決算,介護保険特別会計補正予算第３号の議定についても、予算決算委員会に付託することに決定し
R6-1kaigiroku,2024,1617,予算,の一般会計予算及び特別会計予算並びに事業会計予算の議案となります。審議に入ります前
R6-1kaigiroku,2024,1622,予算,○村長(伊藤収宜君)：令和６年３月定例会において、新年度の各会計予算案をはじめ、重要な諸議
R6-1kaigiroku,2024,1636,予算,題や物価高騰など国民の生活や経済活動へ影響を長期化させています。令和６年度の予算編成
R6-1kaigiroku,2024,1645,予算,ら、徹底的に無駄をなくした歳出予算要求に努めつつ、創意工夫を凝らした予算編成に取り組む
R6-1kaigiroku,2024,1646,予算,ものとします。それでは、令和６年度の予算概要についてご説明申し上げます。令和６年度一般会
R6-1kaigiroku,2024,1647,予算,計の予算規模は、２５億７，３００万円、令和５年度当初予算に対して６．９％（１億９，１００万円）の
R6-1kaigiroku,2024,1649,予算,純計予算総額は､３３億６，４０９万５千円で、令和５年度当初予算と比較して６．０％（２億１，６２３万
R6-1kaigiroku,2024,1650,予算,円）の減額となります。以下、新年度予算案の概要につきまして、長期総合計画における基本目
R6-1kaigiroku,2024,1686,予算,度に向けた私の施政方針と、予算案の概要につきまして申し上げさせていただきましたが、当面
R6-1kaigiroku,2024,1693,予算,◎議案第２１号令和６年度御杖村一般会計予算の議定について
R6-1kaigiroku,2024,1694,予算,［上程、説明、総括的質疑、予算決算委員会付託］
R6-1kaigiroku,2024,1694,決算,［上程、説明、総括的質疑、予算決算委員会付託］
R6-1kaigiroku,2024,1696,予算,○議長(葛城昌俊君)：それでは、日程第２７、議案第２１号令和６年度御杖村一般会計予算の議定に
R6-1kaigiroku,2024,1706,予算,○副村長（中嶋英樹君）：それでは、令和６年度御杖村一般会計予算の概要につきまして、ご説明
R6-1kaigiroku,2024,1708,予算,６ページをご覧下さい。この表につきましては、令和６年度の本村全会計の予算案総括表となって
R6-1kaigiroku,2024,1709,予算,おります。区分、一般会計の欄をご覧下さい。予算総額２５億７，３００万円で、前年度に比べまし
R6-1kaigiroku,2024,1712,予算,い順、すなわち構成比率が高い順に、区分ごとに令和６年度の予算額、構成比、比較増減額、増
R6-1kaigiroku,2024,1722,補助金,ら交付されるもので、事業の性質に応じて負担金、補助金、委託金の３種類に分かれることとなり
R6-1kaigiroku,2024,1724,基金,なっております。繰入金は、不足財源の穴埋めや特定の目的に充当するために基金を取り崩して
R6-1kaigiroku,2024,1725,予算,歳入予算に組み込むものでございます。次に、１５の県支出金、１億１，８６４万７千円、構成比４．
R6-1kaigiroku,2024,1727,補助金,れるもので、負担金、補助金、委託金というふうに同様に分類されます。次に、一番上でございま
R6-1kaigiroku,2024,1736,予算,８ページをご覧下さい。一般会計歳入予算の対前年度増減要因につきまして記載しておるもので
R6-1kaigiroku,2024,1737,予算,ございます。数値につきましては、増減額を記載しておりまして、カッコ書きは令和６年度予算の金
R6-1kaigiroku,2024,1760,補助金,デジタル基盤改革支援補助金１，０９５万６千円、その下地球温暖化対策推進事業補助金７４９万
R6-1kaigiroku,2024,1763,補助金,なものは、下から橋梁長寿命化修繕補修事業補助金、事業量の減によりまして、３，０１９万８千円
R6-1kaigiroku,2024,1769,補助金,置促進事業費補助金の９６万円などがあげられます。一方、主な減額要因につきましては、事業
R6-1kaigiroku,2024,1771,補助金,補助金の１５３万４千円、施設型給付費県費負担金の１４０万８千円などが主な減額となっておりま
R6-1kaigiroku,2024,1772,財産,す。番号⑪でございます。財産収入は、５６１万５千円の減額で、主な理由につきましては、プレミ
R6-1kaigiroku,2024,1777,基金,９８４万５千円の増額、施設の整備等の財源とするための公共施設整備基金繰入が３，０２０万円
R6-1kaigiroku,2024,1782,予算,となっている歳出予算を、経済的性質を基準といたしまして横断的に見るために性質別に分類し
R6-1kaigiroku,2024,1795,補助金,各種団体への補助金や、一部事務組合への負担金となっております。１，４４３万８千円、３．５％
R6-1kaigiroku,2024,1801,予算,５％の減となっております。歳出性質別の予算額で主なものは以上でございますが、前年度と比
R6-1kaigiroku,2024,1811,工事,額につきましては、保健センター外壁等改修の１億３，０３６万５千円、体験交流館塗装、空調工事
R6-1kaigiroku,2024,1821,補助金,して主なものは、簡易水道事業会計への補助金２，００７万７千円、温泉施設指定管理者補助金１，
R6-1kaigiroku,2024,1830,予算,ます。予算書の区分である款の区分によりご説明を申し上げます。主な区分の、６年度予算額、構
R6-1kaigiroku,2024,1840,工事,増額の要因は、保健センター外壁等改修工事、またケアハウのエアコン更新工事や給湯器更新
R6-1kaigiroku,2024,1841,工事,工事などを予定しております。４番衛生費は、１億３，７６５万２千円、構成比５．３％、４，９３０万円、
R6-1kaigiroku,2024,1847,補助金,美しい森林づくり基盤整備事業補助金の増額、ビニールハウス設置補強支援事業の拡大を行っ
R6-1kaigiroku,2024,1860,予算,末レクレーション体育館改修や中央集落センター改修等の大きな事業が５年度予算に計上されて
R6-1kaigiroku,2024,1867,予算,思います。また、資料２２ページからは令和６年度予算案に計上させていただきました主な施策を
R6-1kaigiroku,2024,1869,予算,たいと思いますのでよろしくお願いします。以上、令和６年度一般会計予算案の概要についてご
R6-1kaigiroku,2024,1875,予算,運営委員長の報告のとおり、全員協議会で詳細な説明を受け、予算決算委員会に付託すること
R6-1kaigiroku,2024,1875,決算,運営委員長の報告のとおり、全員協議会で詳細な説明を受け、予算決算委員会に付託すること
R6-1kaigiroku,2024,1881,予算,般会計予算の議定については、予算決算委員会に付託することに決定しました。
R6-1kaigiroku,2024,1881,決算,般会計予算の議定については、予算決算委員会に付託することに決定しました。
R6-1kaigiroku,2024,1885,予算,予算の議定について
R6-1kaigiroku,2024,1886,予算,［上程、説明、総括的質疑、予算決算委員会付託］
R6-1kaigiroku,2024,1886,決算,［上程、説明、総括的質疑、予算決算委員会付託］
R6-1kaigiroku,2024,1888,予算,○議長(葛城昌俊君)：次に、日程第２８、議案第２２号令和６年度御杖村国民健康保険特別会計予算
R6-1kaigiroku,2024,1900,予算,運営委員長の報告のとおり、全員協議会で詳細な説明を受け、予算決算委員会に付託すること
R6-1kaigiroku,2024,1900,決算,運営委員長の報告のとおり、全員協議会で詳細な説明を受け、予算決算委員会に付託すること
R6-1kaigiroku,2024,1904,予算,国民健康保険特別会計予算の議定についても、予算決算委員会に付託することに決定しました。
R6-1kaigiroku,2024,1904,決算,国民健康保険特別会計予算の議定についても、予算決算委員会に付託することに決定しました。
R6-1kaigiroku,2024,1907,予算,◎議案第２３号令和６年度御杖村介護保険特別会計予算
R6-1kaigiroku,2024,1909,予算,［上程、説明、総括的質疑、予算決算委員会付託］
R6-1kaigiroku,2024,1909,決算,［上程、説明、総括的質疑、予算決算委員会付託］
R6-1kaigiroku,2024,1911,予算,○議長(葛城昌俊君)：次に、日程第２９、議案第２３号令和６年度御杖村介護保険特別会計予算の議
R6-1kaigiroku,2024,1921,予算,運営委員長の報告のとおり、全員協議会で詳細な説明を受け、予算決算委員会に付託すること
R6-1kaigiroku,2024,1921,決算,運営委員長の報告のとおり、全員協議会で詳細な説明を受け、予算決算委員会に付託すること
R6-1kaigiroku,2024,1926,予算,介護保険特別会計予算の議定についても、予算決算委員会に付託することに決定しました。
R6-1kaigiroku,2024,1926,決算,介護保険特別会計予算の議定についても、予算決算委員会に付託することに決定しました。
R6-1kaigiroku,2024,1930,予算,会計予算の議定について
R6-1kaigiroku,2024,1931,予算,［上程、説明、総括的質疑、予算決算委員会付託］
R6-1kaigiroku,2024,1931,決算,［上程、説明、総括的質疑、予算決算委員会付託］
R6-1kaigiroku,2024,1943,予算,運営委員長の報告のとおり、全員協議会で詳細な説明を受け、予算決算委員会に付託すること
R6-1kaigiroku,2024,1943,決算,運営委員長の報告のとおり、全員協議会で詳細な説明を受け、予算決算委員会に付託すること
R6-1kaigiroku,2024,1947,予算,後期高齢者医療特別会計予算の議定についても、予算決算委員会に付託することに決定しまし
R6-1kaigiroku,2024,1947,決算,後期高齢者医療特別会計予算の議定についても、予算決算委員会に付託することに決定しまし
R6-1kaigiroku,2024,1952,予算,予算の議定について
R6-1kaigiroku,2024,1953,予算,［上程、説明、総括的質疑、予算決算委員会付託］
R6-1kaigiroku,2024,1953,決算,［上程、説明、総括的質疑、予算決算委員会付託］
R6-1kaigiroku,2024,1955,予算,○議長(葛城昌俊君)：次に、日程第３１、議案第２５号令和６年度御杖村簡易水道事業会計予算の議
R6-1kaigiroku,2024,1969,予算,運営委員長の報告のとおり、全員協議会で詳細な説明を受け、予算決算委員会に付託すること
R6-1kaigiroku,2024,1969,決算,運営委員長の報告のとおり、全員協議会で詳細な説明を受け、予算決算委員会に付託すること
R6-1kaigiroku,2024,1973,予算,簡易水道事業会計予算の議定についても、予算決算委員会に付託することに決定しました。
R6-1kaigiroku,2024,1973,決算,簡易水道事業会計予算の議定についても、予算決算委員会に付託することに決定しました。
R6-1kaigiroku,2024,2069,予算,（令和５年度御杖村一般会計補正予算(第８号）)
R6-1kaigiroku,2024,2069,補正予算,（令和５年度御杖村一般会計補正予算(第８号）)
R6-1kaigiroku,2024,2085,予算,令和５年度御杖村一般会計補正予算（第９号）の議定について
R6-1kaigiroku,2024,2085,補正予算,令和５年度御杖村一般会計補正予算（第９号）の議定について
R6-1kaigiroku,2024,2087,予算,令和５年度御杖村国民健康保険特別会計補正予算（第５号）の議定について
R6-1kaigiroku,2024,2087,補正予算,令和５年度御杖村国民健康保険特別会計補正予算（第５号）の議定について
R6-1kaigiroku,2024,2089,予算,令和５年度御杖村介護保険特別会計補正予算（第３号）の議定について
R6-1kaigiroku,2024,2089,補正予算,令和５年度御杖村介護保険特別会計補正予算（第３号）の議定について
R6-1kaigiroku,2024,2091,予算,令和６年度御杖村一般会計予算の議定について
R6-1kaigiroku,2024,2093,予算,令和６年度御杖村国民健康保険特別会計予算の議定について
R6-1kaigiroku,2024,2095,予算,令和６年度御杖村介護保険特別会計予算の議定について
R6-1kaigiroku,2024,2097,予算,令和６年度御杖村後期高齢者医療特別会計予算の議定について
R6-1kaigiroku,2024,2099,予算,令和６年度御杖村簡易水道事業会計予算の議定について
R6-1kaigiroku,2024,2150,予算,（令和５年度御杖村一般会計補正予算（第８号））
R6-1kaigiroku,2024,2150,補正予算,（令和５年度御杖村一般会計補正予算（第８号））
R6-1kaigiroku,2024,2154,予算,とについて、令和５年度御杖村一般会計補正予算第８号を議題といたします。本案については、
R6-1kaigiroku,2024,2154,補正予算,とについて、令和５年度御杖村一般会計補正予算第８号を議題といたします。本案については、
R6-1kaigiroku,2024,2155,予算,予算決算委員会に付託した案件でございます。御杖村会議規則第４１条第１項の規定に基づき、
R6-1kaigiroku,2024,2155,決算,予算決算委員会に付託した案件でございます。御杖村会議規則第４１条第１項の規定に基づき、
R6-1kaigiroku,2024,2156,予算,予算決算委員会委員長より審査の経過及び結果の報告をお願いします。山岡委員長。
R6-1kaigiroku,2024,2156,決算,予算決算委員会委員長より審査の経過及び結果の報告をお願いします。山岡委員長。
R6-1kaigiroku,2024,2159,予算,○７番（山岡)隆良君）：予算決算委員会を代表しまして、当委員会に付託されました、日程第１、承
R6-1kaigiroku,2024,2159,決算,○７番（山岡)隆良君）：予算決算委員会を代表しまして、当委員会に付託されました、日程第１、承
R6-1kaigiroku,2024,2160,予算,認第２号専決処分の承認を求めることについて、令和５年度御杖村一般会計補正予算第８号に
R6-1kaigiroku,2024,2160,補正予算,認第２号専決処分の承認を求めることについて、令和５年度御杖村一般会計補正予算第８号に
R6-1kaigiroku,2024,2163,予算,分を含む補正予算４件、令和６年度各会計当初予算５件の合計９件の案件が付託されたことによ
R6-1kaigiroku,2024,2163,補正予算,分を含む補正予算４件、令和６年度各会計当初予算５件の合計９件の案件が付託されたことによ
R6-1kaigiroku,2024,2169,予算,和５年度御杖村一般会計補正予算第８号につきまして、全員の賛成により承認すべきものと決定
R6-1kaigiroku,2024,2169,補正予算,和５年度御杖村一般会計補正予算第８号につきまして、全員の賛成により承認すべきものと決定
R6-1kaigiroku,2024,2171,予算,御杖村一般会計補正予算第８号の予算決算委員会の報告とさせていただきます。
R6-1kaigiroku,2024,2171,補正予算,御杖村一般会計補正予算第８号の予算決算委員会の報告とさせていただきます。
R6-1kaigiroku,2024,2171,決算,御杖村一般会計補正予算第８号の予算決算委員会の報告とさせていただきます。
R6-1kaigiroku,2024,2189,予算,承認を求めることについて、令和５年度御杖村一般会計補正予算第８号は、委員長の報告のとお
R6-1kaigiroku,2024,2189,補正予算,承認を求めることについて、令和５年度御杖村一般会計補正予算第８号は、委員長の報告のとお
R6-1kaigiroku,2024,2344,予算,◎議案１８号令和５年度御杖村一般会計補正予算第９号の
R6-1kaigiroku,2024,2344,補正予算,◎議案１８号令和５年度御杖村一般会計補正予算第９号の
R6-1kaigiroku,2024,2346,予算,保険特別会計補正予算第５号の議定について、議案第
R6-1kaigiroku,2024,2346,補正予算,保険特別会計補正予算第５号の議定について、議案第
R6-1kaigiroku,2024,2347,予算,２０号令和５年度御杖村介護保険特別会計補正予算第
R6-1kaigiroku,2024,2347,補正予算,２０号令和５年度御杖村介護保険特別会計補正予算第
R6-1kaigiroku,2024,2351,予算,○議長（葛城昌俊君）：次に、日程第８、議案第１８号令和５年度御杖村一般会計補正予算第９号の
R6-1kaigiroku,2024,2351,補正予算,○議長（葛城昌俊君）：次に、日程第８、議案第１８号令和５年度御杖村一般会計補正予算第９号の
R6-1kaigiroku,2024,2352,予算,議定について、日程第９、議案第１９号令和５年度御杖村国民健康保険特別会計補正予算第５
R6-1kaigiroku,2024,2352,補正予算,議定について、日程第９、議案第１９号令和５年度御杖村国民健康保険特別会計補正予算第５
R6-1kaigiroku,2024,2353,予算,号の議定について、日程第１０、議案第２０号令和５年度御杖村介護保険特別会計補正予算第３
R6-1kaigiroku,2024,2353,補正予算,号の議定について、日程第１０、議案第２０号令和５年度御杖村介護保険特別会計補正予算第３
R6-1kaigiroku,2024,2354,予算,号の議定についての３議案につきましても、予算決算委員会へ付託した案件でございますので、
R6-1kaigiroku,2024,2354,決算,号の議定についての３議案につきましても、予算決算委員会へ付託した案件でございますので、
R6-1kaigiroku,2024,2360,予算,に基づき、予算決算委員会委員長より一括して審査経過及び結果の報告をお願いします。山岡
R6-1kaigiroku,2024,2360,決算,に基づき、予算決算委員会委員長より一括して審査経過及び結果の報告をお願いします。山岡
R6-1kaigiroku,2024,2364,予算,○７番（山岡隆良君）：予算決算委員会を代表しまして、当委員会に付託されました、日程第８議案
R6-1kaigiroku,2024,2364,決算,○７番（山岡隆良君）：予算決算委員会を代表しまして、当委員会に付託されました、日程第８議案
R6-1kaigiroku,2024,2365,予算,第１８号及び日程第９議案第１９号並びに日程第１０議案第２０号の各会計における補正予算につ
R6-1kaigiroku,2024,2365,補正予算,第１８号及び日程第９議案第１９号並びに日程第１０議案第２０号の各会計における補正予算につ
R6-1kaigiroku,2024,2368,予算,だきます。審査の経過でございますが、令和５年度の各会計における補正予算３件について、各
R6-1kaigiroku,2024,2368,補正予算,だきます。審査の経過でございますが、令和５年度の各会計における補正予算３件について、各
R6-1kaigiroku,2024,2373,予算,より、可決すべきものと決定いたしました。以上で、予算決算委員会の報告とさせていただきます。
R6-1kaigiroku,2024,2373,決算,より、可決すべきものと決定いたしました。以上で、予算決算委員会の報告とさせていただきます。
R6-1kaigiroku,2024,2381,予算,◎議案第１８号令和５度御杖村一般会計補正予算第９号の
R6-1kaigiroku,2024,2381,補正予算,◎議案第１８号令和５度御杖村一般会計補正予算第９号の
R6-1kaigiroku,2024,2385,予算,○議長（葛城昌俊君）：まず、日程第８、議案第１８号令和５度御杖村一般会計補正予算第９号の議
R6-1kaigiroku,2024,2385,補正予算,○議長（葛城昌俊君）：まず、日程第８、議案第１８号令和５度御杖村一般会計補正予算第９号の議
R6-1kaigiroku,2024,2393,予算,杖村一般会計補正予算第９号の議定について、委員長の報告のとおり可決されました。
R6-1kaigiroku,2024,2393,補正予算,杖村一般会計補正予算第９号の議定について、委員長の報告のとおり可決されました。
R6-1kaigiroku,2024,2400,予算,正予算第５号の議定について
R6-1kaigiroku,2024,2404,予算,正予算第５号の議定についてを議題とし、討論を行います。討論はありませんか。
R6-1kaigiroku,2024,2411,予算,御杖村国民健康保険特別会計補正予算第５号の議定についても、委員長の報告のとおり可決さ
R6-1kaigiroku,2024,2411,補正予算,御杖村国民健康保険特別会計補正予算第５号の議定についても、委員長の報告のとおり可決さ
R6-1kaigiroku,2024,2416,予算,予算第３号の議定について
R6-1kaigiroku,2024,2427,予算,度御杖村介護保険特別会計補正予算第３号の議定について、委員長の報告のとおり可決されま
R6-1kaigiroku,2024,2427,補正予算,度御杖村介護保険特別会計補正予算第３号の議定について、委員長の報告のとおり可決されま
R6-1kaigiroku,2024,2431,予算,◎議案第２１号令和６年度御杖村一般会計予算の議定に
R6-1kaigiroku,2024,2433,予算,特別会計予算の議定について、議案第２３号令和６年
R6-1kaigiroku,2024,2434,予算,度御杖村介護保険特別会計予算の議定について、議
R6-1kaigiroku,2024,2436,予算,予算の議定について、議案第２５号令和６年度御杖村
R6-1kaigiroku,2024,2437,予算,簡易水道事業会計予算の議定について、
R6-1kaigiroku,2024,2440,予算,○議長（葛城昌俊君）：次に、日程第１１、議案第２１号令和６年度御杖村一般会計予算の議定につ
R6-1kaigiroku,2024,2441,予算,いて、日程第１２、議案第２２号令和６年度御杖村国民健康保険特別会計予算の議定について、
R6-1kaigiroku,2024,2442,予算,日程第１３、議案第２３号令和６年度御杖村介護保険特別会計予算の議定について、日程第１４、
R6-1kaigiroku,2024,2443,予算,議案第２４号令和６年度御杖村後期高齢者医療特別会計予算の議定について、日程第１５、議案
R6-1kaigiroku,2024,2444,予算,第２５号令和６年度御杖村簡易水道事業会計予算の議定についての５議案につきましても、予算
R6-1kaigiroku,2024,2445,決算,決算委員会へ付託した案件でございますので、これを一括議題としたいと思いますが、異議ありま
R6-1kaigiroku,2024,2450,予算,５号の５議案について、御杖村会議規則第４１条第１項の規定に基づき、予算決算委員会委員長
R6-1kaigiroku,2024,2450,決算,５号の５議案について、御杖村会議規則第４１条第１項の規定に基づき、予算決算委員会委員長
R6-1kaigiroku,2024,2455,予算,における令和６年度当初予算の議定につきまして、一括して、その審査の経過と結果について報
R6-1kaigiroku,2024,2460,補助金,対策指定管理者事業継続支援補助金につきましては、多くの質問に加え、村当局へ村の補助金
R6-1kaigiroku,2024,2463,予算,す。採決の結果につきましては、令和６年度当初予算５議案ともに全員の賛成により、原案のとおり
R6-1kaigiroku,2024,2464,予算,可決すべきものと決定いたしました。以上で、予算決算委員会の報告とさせていただきます。
R6-1kaigiroku,2024,2464,決算,可決すべきものと決定いたしました。以上で、予算決算委員会の報告とさせていただきます。
R6-1kaigiroku,2024,2472,予算,◎議案第２１号令和６年度御杖村一般会計予算の議定について
R6-1kaigiroku,2024,2475,予算,○議長（葛城昌俊君）：まず、日程第１１、議案第２１号令和６年度御杖村一般会計予算の議定につ
R6-1kaigiroku,2024,2484,予算,度御杖村一般会計予算の議定については、委員長の報告のとおり可決されました。
R6-1kaigiroku,2024,2487,予算,◎議案第２２号令和６年度御杖村国民健康保険特別会計予算
R6-1kaigiroku,2024,2499,予算,度御杖村国民健康保険特別会計予算の議定について、委員長の報告のとおり可決されました。
R6-1kaigiroku,2024,2502,予算,◎議案第２３号令和６年度御杖村介護保険特別会計予算
R6-1kaigiroku,2024,2506,予算,○議長（葛城昌俊君）：次に、日程第１３、議案第２３号令和６年度御杖村介護保険特別会計予算の
R6-1kaigiroku,2024,2514,予算,度御杖村介護保険特別会計予算の議定について、委員長の報告のとおり可決されました。
R6-1kaigiroku,2024,2518,予算,予算の議定について
R6-1kaigiroku,2024,2522,予算,予算の議定についてを議題とし、討論を行います。討論はありませんか。
R6-1kaigiroku,2024,2531,予算,度御杖村後期高齢者医療特別会計予算の議定について、委員長の報告のとおり可決されまし
R6-1kaigiroku,2024,2535,予算,◎議案第２５号令和６年度御杖村簡易水道事業会計予算の
R6-1kaigiroku,2024,2539,予算,○議長（葛城昌俊君）：次に、日程第１５、議案第２５号令和６年度御杖村簡易水道事業会計予算の
R6-1kaigiroku,2024,2547,予算,度御杖村簡易水道事業会計予算の議定について、委員長の報告のとおり可決されました。
R6rinjikaikaigiroku,2024,39,予算,◎議選第３号予算決算員会委員長の選任について ・・・・・・・・・・・・・・・・・・・・・・・・・・・・・・・ －７－
R6rinjikaikaigiroku,2024,39,決算,◎議選第３号予算決算員会委員長の選任について ・・・・・・・・・・・・・・・・・・・・・・・・・・・・・・・ －７－
R6rinjikaikaigiroku,2024,40,予算,◎議選第４号予算決算員会副委員長の選任について ・・・・・・・・・・・・・・・・・・・・・・・・・・・・・ －８－
R6rinjikaikaigiroku,2024,40,決算,◎議選第４号予算決算員会副委員長の選任について ・・・・・・・・・・・・・・・・・・・・・・・・・・・・・ －８－
R6rinjikaikaigiroku,2024,71,予算,予算決算委員会委員長の選任について
R6rinjikaikaigiroku,2024,71,決算,予算決算委員会委員長の選任について
R6rinjikaikaigiroku,2024,73,予算,予算決算委員会副委員長の選任について
R6rinjikaikaigiroku,2024,73,決算,予算決算委員会副委員長の選任について
R6rinjikaikaigiroku,2024,109,予算,予算決算委員会委員長の選任について
R6rinjikaikaigiroku,2024,109,決算,予算決算委員会委員長の選任について
R6rinjikaikaigiroku,2024,111,予算,予算決算委員会副委員長の選任について
R6rinjikaikaigiroku,2024,111,決算,予算決算委員会副委員長の選任について
R6rinjikaikaigiroku,2024,339,予算,◎予算決算委員会委員長の選任について
R6rinjikaikaigiroku,2024,339,決算,◎予算決算委員会委員長の選任について
R6rinjikaikaigiroku,2024,340,予算,○新議長（山岡隆良君）：次に、日程第７、議選第３号、予算決算委員会委員長の選任についてを
R6rinjikaikaigiroku,2024,340,決算,○新議長（山岡隆良君）：次に、日程第７、議選第３号、予算決算委員会委員長の選任についてを
R6rinjikaikaigiroku,2024,341,予算,議題とします。私山岡が、４月２４日予算決算委員会委員長の辞任願を提出し、御杖村議会委員
R6rinjikaikaigiroku,2024,341,決算,議題とします。私山岡が、４月２４日予算決算委員会委員長の辞任願を提出し、御杖村議会委員
R6rinjikaikaigiroku,2024,342,予算,会条例第１０条の規定により許可されていることから、予算決算委員会委員長が欠けています。よ
R6rinjikaikaigiroku,2024,342,決算,会条例第１０条の規定により許可されていることから、予算決算委員会委員長が欠けています。よ
R6rinjikaikaigiroku,2024,343,予算,って、予算決算委員会委員長の選任を同条例第７条第２項の規定により、私議長が指名させて
R6rinjikaikaigiroku,2024,343,決算,って、予算決算委員会委員長の選任を同条例第７条第２項の規定により、私議長が指名させて
R6rinjikaikaigiroku,2024,344,予算,いただきます。予算決算委員会委員長に２番寺前伊平君を指名いたしたいと思います。これにご
R6rinjikaikaigiroku,2024,344,決算,いただきます。予算決算委員会委員長に２番寺前伊平君を指名いたしたいと思います。これにご
R6rinjikaikaigiroku,2024,348,予算,○新議長（山岡隆良君）：異議なしと認めます。よって、２番寺前伊平君を予算決算委員会委員長に
R6rinjikaikaigiroku,2024,348,決算,○新議長（山岡隆良君）：異議なしと認めます。よって、２番寺前伊平君を予算決算委員会委員長に
R6rinjikaikaigiroku,2024,353,予算,◎予算決算員会副委員長の選任について
R6rinjikaikaigiroku,2024,353,決算,◎予算決算員会副委員長の選任について
R6rinjikaikaigiroku,2024,354,予算,○新議長（山岡隆良君）：次に、日程第８、議選第４号、予算決算委員会副委員長の選任について
R6rinjikaikaigiroku,2024,354,決算,○新議長（山岡隆良君）：次に、日程第８、議選第４号、予算決算委員会副委員長の選任について
R6rinjikaikaigiroku,2024,355,予算,を議題とします。張間議員から４月１６日予算決算委員会副委員長の辞任願が提出され、御杖村
R6rinjikaikaigiroku,2024,355,決算,を議題とします。張間議員から４月１６日予算決算委員会副委員長の辞任願が提出され、御杖村
R6rinjikaikaigiroku,2024,356,予算,議会委員会条例第１０条の規定により許可されていることから、予算決算委員会副委員長が欠け
R6rinjikaikaigiroku,2024,356,決算,議会委員会条例第１０条の規定により許可されていることから、予算決算委員会副委員長が欠け
R6rinjikaikaigiroku,2024,357,予算,ています。よって、予算決算委員会副委員長の選任を同条例第７条第２項の規定により、私議長
R6rinjikaikaigiroku,2024,357,決算,ています。よって、予算決算委員会副委員長の選任を同条例第７条第２項の規定により、私議長
R6rinjikaikaigiroku,2024,358,予算,が指名させていただきます。予算決算委員会副委員長に１番福田麻衣子君を指名いたしたいと
R6rinjikaikaigiroku,2024,358,決算,が指名させていただきます。予算決算委員会副委員長に１番福田麻衣子君を指名いたしたいと
R6rinjikaikaigiroku,2024,361,予算,○新議長（山岡隆良君）：異議なしと認めます。よって、１番福田麻衣子君を予算決算委員会副委員
R6rinjikaikaigiroku,2024,361,決算,○新議長（山岡隆良君）：異議なしと認めます。よって、１番福田麻衣子君を予算決算委員会副委員
R6rinjikaikaigiroku,2024,573,取得,取得等をした場合、対象設備等に係る固定資産税につきまして、３年間の課税免除の適用を受け
R6rinjikaikaigiroku,2024,574,取得,ることができますが、その設備の取得期限を令和６年３月３１日から３年延長し、令和９年３月３１日
R79gatugikaigiketukekka,2025,2,予算,●村長提出議案（条例３件、財産処分１件、計画１件、予算３件、決算６件、諮問１件、同意２件、報告１件、計１８件）
R79gatugikaigiketukekka,2025,2,決算,●村長提出議案（条例３件、財産処分１件、計画１件、予算３件、決算６件、諮問１件、同意２件、報告１件、計１８件）
R79gatugikaigiketukekka,2025,2,財産,●村長提出議案（条例３件、財産処分１件、計画１件、予算３件、決算６件、諮問１件、同意２件、報告１件、計１８件）
R79gatugikaigiketukekka,2025,16,財産,財産の無償譲渡について                         〃        〃        〃        〃       〃       〃        〃
R79gatugikaigiketukekka,2025,21,予算,議 案                                                         予算決算
R79gatugikaigiketukekka,2025,21,決算,議 案                                                         予算決算
R79gatugikaigiketukekka,2025,22,予算,令和７年度御杖村一般会計補正予算（第３号）の議定について        〃        〃               R7.9.16    〃      〃        〃
R79gatugikaigiketukekka,2025,22,補正予算,令和７年度御杖村一般会計補正予算（第３号）の議定について        〃        〃               R7.9.16    〃      〃        〃
R79gatugikaigiketukekka,2025,25,予算,令和７年度御杖村介護保険特別会計補正予算（第２号）の議定について    〃        〃        〃        〃       〃       〃        〃
R79gatugikaigiketukekka,2025,25,補正予算,令和７年度御杖村介護保険特別会計補正予算（第２号）の議定について    〃        〃        〃        〃       〃       〃        〃
R79gatugikaigiketukekka,2025,27,予算,議 案    令和７年度御杖村後期高齢者医療特別会計補正予算（第１号）の議定
R79gatugikaigiketukekka,2025,27,補正予算,議 案    令和７年度御杖村後期高齢者医療特別会計補正予算（第１号）の議定
R79gatugikaigiketukekka,2025,31,決算,令和６年度御杖村一般会計歳入歳出決算の認定について           〃        〃        〃        〃               〃
R79gatugikaigiketukekka,2025,33,決算,認 定    令和６年度御杖村国民健康保険特別会計歳入歳出決算の認定につい
R79gatugikaigiketukekka,2025,37,決算,令和６年度御杖村介護保険特別会計歳入歳出決算の認定について       〃         〃        〃       〃       〃       〃        〃
R79gatugikaigiketukekka,2025,39,決算,認 定    令和６年度御杖村後期高齢者医療特別会計歳入歳出決算の認定に
R79gatugikaigiketukekka,2025,43,決算,令和６年度御杖村簡易水道事業会計歳入歳出決算の認定について       〃         〃        〃       〃       〃       〃        〃
R79gatugikaigiketukekka,2025,48,予算,認 定    令和６年度奈良県住宅新築資金等貸付金回収管理組合市町村特別                       予算決算                             原 案
R79gatugikaigiketukekka,2025,48,決算,認 定    令和６年度奈良県住宅新築資金等貸付金回収管理組合市町村特別                       予算決算                             原 案
R79gatugikaigiketukekka,2025,50,決算,第 ６号   会計(御杖村)歳入歳出決算の認定について                                 委員会                             認 定
R7dai3kaiteireikaikaigiroku,2025,45,財産,◎議案第３６号財産の無償譲渡について
R7dai3kaiteireikaikaigiroku,2025,49,予算,◎議案第３８号令和７年度御杖村一般会計補正予算（第３号）の議定について
R7dai3kaiteireikaikaigiroku,2025,49,補正予算,◎議案第３８号令和７年度御杖村一般会計補正予算（第３号）の議定について
R7dai3kaiteireikaikaigiroku,2025,50,予算,[上程、説明、総括的質疑、予算決算委員会付託] ・・・・・・・・・・・・・・・・・・・・・・・・・・・ －13－
R7dai3kaiteireikaikaigiroku,2025,50,決算,[上程、説明、総括的質疑、予算決算委員会付託] ・・・・・・・・・・・・・・・・・・・・・・・・・・・ －13－
R7dai3kaiteireikaikaigiroku,2025,51,予算,◎議案第３９号令和７年度御杖村介護保険特別会計補正予算（第２号）の議定について
R7dai3kaiteireikaikaigiroku,2025,51,補正予算,◎議案第３９号令和７年度御杖村介護保険特別会計補正予算（第２号）の議定について
R7dai3kaiteireikaikaigiroku,2025,52,予算,[上程、説明、総括的質疑、予算決算委員会付託] ・・・・・・・・・・・・・・・・・・・・・・・・・・・ －13－
R7dai3kaiteireikaikaigiroku,2025,52,決算,[上程、説明、総括的質疑、予算決算委員会付託] ・・・・・・・・・・・・・・・・・・・・・・・・・・・ －13－
R7dai3kaiteireikaikaigiroku,2025,53,予算,◎議案第４０号令和７年度御杖村後期高齢者医療特別会計補正予算（第１号）の議定について
R7dai3kaiteireikaikaigiroku,2025,53,補正予算,◎議案第４０号令和７年度御杖村後期高齢者医療特別会計補正予算（第１号）の議定について
R7dai3kaiteireikaikaigiroku,2025,54,予算,[上程、説明、総括的質疑、予算決算委員会付託] ・・・・・・・・・・・・・・・・・・・・・・・・・・・ －14－
R7dai3kaiteireikaikaigiroku,2025,54,決算,[上程、説明、総括的質疑、予算決算委員会付託] ・・・・・・・・・・・・・・・・・・・・・・・・・・・ －14－
R7dai3kaiteireikaikaigiroku,2025,55,決算,◎認定第１号令和６年度御杖村一般会計歳入歳出決算の認定について、認定第２号令和６年
R7dai3kaiteireikaikaigiroku,2025,56,決算,度御杖村国民健康保険特別会計歳入歳出決算の認定について、認定第３号令和６年度御
R7dai3kaiteireikaikaigiroku,2025,57,決算,杖村介護保険特別会計歳入歳出決算の認定について、認定第４号令和６年度御杖村後期
R7dai3kaiteireikaikaigiroku,2025,58,決算,高齢者医療特別会計歳入歳出決算の認定について、認定第５号令和６年度御杖村簡易水
R7dai3kaiteireikaikaigiroku,2025,59,決算,道事業会計歳入歳出決算の認定について
R7dai3kaiteireikaikaigiroku,2025,60,予算,[一括上程、一括説明、一括総括的質疑、一括予算決算委員会付託] ・・・・・・・・・・・ －14－
R7dai3kaiteireikaikaigiroku,2025,60,決算,[一括上程、一括説明、一括総括的質疑、一括予算決算委員会付託] ・・・・・・・・・・・ －14－
R7dai3kaiteireikaikaigiroku,2025,62,決算,村)歳入歳出決算の認定について
R7dai3kaiteireikaikaigiroku,2025,63,予算,[上程、説明、総括的質疑、予算決算委員会付託] ・・・・・・・・・・・・・・・・・・・・・・・・・・・ －19－
R7dai3kaiteireikaikaigiroku,2025,63,決算,[上程、説明、総括的質疑、予算決算委員会付託] ・・・・・・・・・・・・・・・・・・・・・・・・・・・ －19－
R7dai3kaiteireikaikaigiroku,2025,93,財産,第３６号財産の無償譲渡について、議案第３７号御杖村過疎地域持続的発展計画の変更
R7dai3kaiteireikaikaigiroku,2025,98,財産,◎議案第３６号財産の無償譲渡について
R7dai3kaiteireikaikaigiroku,2025,102,予算,◎議案第３８号令和７年度御杖村一般会計補正予算(第３号)の議定について、議案第３９号
R7dai3kaiteireikaikaigiroku,2025,102,補正予算,◎議案第３８号令和７年度御杖村一般会計補正予算(第３号)の議定について、議案第３９号
R7dai3kaiteireikaikaigiroku,2025,103,予算,令和７年度御杖村介護保険特別会計補正予算（第２号）の議定について、議案第４０号令
R7dai3kaiteireikaikaigiroku,2025,103,補正予算,令和７年度御杖村介護保険特別会計補正予算（第２号）の議定について、議案第４０号令
R7dai3kaiteireikaikaigiroku,2025,104,予算,和７年度御杖村後期高齢者医療特別会計補正予算（第１号）の議定について
R7dai3kaiteireikaikaigiroku,2025,104,補正予算,和７年度御杖村後期高齢者医療特別会計補正予算（第１号）の議定について
R7dai3kaiteireikaikaigiroku,2025,106,予算,◎議案第３８号令和７年度御杖村一般会計補正予算(第３号)の議定について
R7dai3kaiteireikaikaigiroku,2025,106,補正予算,◎議案第３８号令和７年度御杖村一般会計補正予算(第３号)の議定について
R7dai3kaiteireikaikaigiroku,2025,108,予算,◎議案第３９号令和７年度御杖村介護保険特別会計補正予算（第２号）の議定について
R7dai3kaiteireikaikaigiroku,2025,108,補正予算,◎議案第３９号令和７年度御杖村介護保険特別会計補正予算（第２号）の議定について
R7dai3kaiteireikaikaigiroku,2025,110,予算,◎議案第４０号令和７年度御杖村後期高齢者医療特別会計補正予算（第１号）の議定について
R7dai3kaiteireikaikaigiroku,2025,110,補正予算,◎議案第４０号令和７年度御杖村後期高齢者医療特別会計補正予算（第１号）の議定について
R7dai3kaiteireikaikaigiroku,2025,112,決算,◎認定第１号令和６年度御杖村一般会計歳入歳出決算の認定について、認定第２号令和６
R7dai3kaiteireikaikaigiroku,2025,113,決算,年度御杖村国民健康保険特別会計歳入歳出決算の認定について、認定第３号令和６年
R7dai3kaiteireikaikaigiroku,2025,114,決算,度御杖村介護保険特別会計歳入歳出決算の認定について、認定第４号令和６年度御杖
R7dai3kaiteireikaikaigiroku,2025,115,決算,村後期高齢者医療特別会計歳入歳出決算の認定について、認定第５号令和６年度御杖
R7dai3kaiteireikaikaigiroku,2025,116,決算,村簡易水道事業会計歳入歳出決算の認定について、認定第６号令和６年度奈良県住宅
R7dai3kaiteireikaikaigiroku,2025,117,決算,新築資金等貸付金回収管理組合市町村特別会計(御杖村)歳入歳出決算の認定について
R7dai3kaiteireikaikaigiroku,2025,119,決算,◎認定第１号令和６年度御杖村一般会計歳入歳出決算の認定について
R7dai3kaiteireikaikaigiroku,2025,121,決算,◎認定第２号令和６年度御杖村国民健康保険特別会計歳入歳出決算の認定について
R7dai3kaiteireikaikaigiroku,2025,123,決算,◎認定第３号令和６年度御杖村介護保険特別会計歳入歳出決算の認定について
R7dai3kaiteireikaikaigiroku,2025,125,決算,◎認定第４号令和６年度御杖村後期高齢者医療特別会計歳入歳出決算の認定について
R7dai3kaiteireikaikaigiroku,2025,127,決算,◎認定第５号令和６年度御杖村簡易水道事業会計歳入歳出決算の認定について
R7dai3kaiteireikaikaigiroku,2025,130,決算,杖村)歳入歳出決算の認定について
R7dai3kaiteireikaikaigiroku,2025,165,財産,財産の無償譲渡について
R7dai3kaiteireikaikaigiroku,2025,168,予算,日程第１１ 議案第３８号 【予算決算委員会付託】
R7dai3kaiteireikaikaigiroku,2025,168,決算,日程第１１ 議案第３８号 【予算決算委員会付託】
R7dai3kaiteireikaikaigiroku,2025,169,予算,令和７年度御杖村一般会計補正予算（第３号）の議定について
R7dai3kaiteireikaikaigiroku,2025,169,補正予算,令和７年度御杖村一般会計補正予算（第３号）の議定について
R7dai3kaiteireikaikaigiroku,2025,170,予算,日程第１２ 議案第３９号 【予算決算委員会付託】
R7dai3kaiteireikaikaigiroku,2025,170,決算,日程第１２ 議案第３９号 【予算決算委員会付託】
R7dai3kaiteireikaikaigiroku,2025,171,予算,令和７年度御杖村介護保険特別会計補正予算（第２号）の議定について
R7dai3kaiteireikaikaigiroku,2025,171,補正予算,令和７年度御杖村介護保険特別会計補正予算（第２号）の議定について
R7dai3kaiteireikaikaigiroku,2025,172,予算,日程第１３ 議案第４０号 【予算決算委員会付託】
R7dai3kaiteireikaikaigiroku,2025,172,決算,日程第１３ 議案第４０号 【予算決算委員会付託】
R7dai3kaiteireikaikaigiroku,2025,173,予算,令和７年度御杖村後期高齢者医療特別会計補正予算（第１号）の議定について
R7dai3kaiteireikaikaigiroku,2025,173,補正予算,令和７年度御杖村後期高齢者医療特別会計補正予算（第１号）の議定について
R7dai3kaiteireikaikaigiroku,2025,174,予算,日程第１４ 認定第１号 【予算決算委員会付託】
R7dai3kaiteireikaikaigiroku,2025,174,決算,日程第１４ 認定第１号 【予算決算委員会付託】
R7dai3kaiteireikaikaigiroku,2025,175,決算,令和６年度御杖村一般会計歳入歳出決算の認定について
R7dai3kaiteireikaikaigiroku,2025,176,予算,日程第１５ 認定第２号 【予算決算委員会付託】
R7dai3kaiteireikaikaigiroku,2025,176,決算,日程第１５ 認定第２号 【予算決算委員会付託】
R7dai3kaiteireikaikaigiroku,2025,177,決算,令和６年度御杖村国民健康保険特別会計歳入歳出決算の認定について
R7dai3kaiteireikaikaigiroku,2025,178,予算,日程第１６ 認定第３号 【予算決算委員会付託】
R7dai3kaiteireikaikaigiroku,2025,178,決算,日程第１６ 認定第３号 【予算決算委員会付託】
R7dai3kaiteireikaikaigiroku,2025,179,決算,令和６年度御杖村介護保険特別会計歳入歳出決算の認定について
R7dai3kaiteireikaikaigiroku,2025,180,予算,日程第１７ 認定第４号 【予算決算委員会付託】
R7dai3kaiteireikaikaigiroku,2025,180,決算,日程第１７ 認定第４号 【予算決算委員会付託】
R7dai3kaiteireikaikaigiroku,2025,181,決算,令和６年度御杖村後期高齢者医療特別会計歳入歳出決算の認定について
R7dai3kaiteireikaikaigiroku,2025,182,予算,日程第１８ 認定第５号 【予算決算委員会付託】
R7dai3kaiteireikaikaigiroku,2025,182,決算,日程第１８ 認定第５号 【予算決算委員会付託】
R7dai3kaiteireikaikaigiroku,2025,183,決算,令和６年度御杖村簡易水道事業会計歳入歳出決算の認定について
R7dai3kaiteireikaikaigiroku,2025,184,予算,日程第１９ 認定第６号 【予算決算委員会付託】
R7dai3kaiteireikaikaigiroku,2025,184,決算,日程第１９ 認定第６号 【予算決算委員会付託】
R7dai3kaiteireikaikaigiroku,2025,186,決算,杖村)歳入歳出決算の認定について
R7dai3kaiteireikaikaigiroku,2025,263,予算,１０日水曜日、むらづくり委員会を９月１２日金曜日、予算決算委員会を９月１６日火曜日、いづれも
R7dai3kaiteireikaikaigiroku,2025,263,決算,１０日水曜日、むらづくり委員会を９月１２日金曜日、予算決算委員会を９月１６日火曜日、いづれも
R7dai3kaiteireikaikaigiroku,2025,268,財産,改正する条例の制定について、議案第３６号財産の無償譲渡について、議案第３７号御杖村過疎
R7dai3kaiteireikaikaigiroku,2025,270,予算,会計及び特別会計における補正予算３件と令和６年度一般会計及び特別会計並びに事業会計に
R7dai3kaiteireikaikaigiroku,2025,270,補正予算,会計及び特別会計における補正予算３件と令和６年度一般会計及び特別会計並びに事業会計に
R7dai3kaiteireikaikaigiroku,2025,272,予算,おける歳入歳出決算認定６件の計９案件については、予算決算委員会へ、それぞれ付託すること
R7dai3kaiteireikaikaigiroku,2025,272,決算,おける歳入歳出決算認定６件の計９案件については、予算決算委員会へ、それぞれ付託すること
R7dai3kaiteireikaikaigiroku,2025,365,契約,ました。付議された案件は、議案第４号公用車塵芥車売買契約の締結について、同意第１号東宇
R7dai3kaiteireikaikaigiroku,2025,367,契約,芥車売買契約の締結について、３４，５３６，３６０円、いすゞ自動車近畿株式会社奈良支店支店長
R7dai3kaiteireikaikaigiroku,2025,368,契約,岡本和美との売買契約の締結が可決されました。また、岡本久光議員より、購入後の公用車塵芥
R7dai3kaiteireikaikaigiroku,2025,385,予算,しては、令和８年度の国の予算確保に向け、簡易水道事業へのさらなる財政支援の拡充、強化を
R7dai3kaiteireikaikaigiroku,2025,399,予算,前と比べて２倍以上の予算を確保して現在事業を進めています。令和８年度予算の確保にも鋭意
R7dai3kaiteireikaikaigiroku,2025,401,予算,予算確保に向けて中央省庁などへの要望活動もお願いしますとの回答をいただきました。期成同
R7dai3kaiteireikaikaigiroku,2025,404,決算,提案させて頂きます令和６年度の決算につきましては、歳入の確保と経費削減や創意工夫などに
R7dai3kaiteireikaikaigiroku,2025,408,決算,無駄のない行財政運営に引き続き努めてまいりたいと思います。結びに、本定例会には、決算認
R7dai3kaiteireikaikaigiroku,2025,409,予算,定をはじめ、条例改正や補正予算、人事案件等、1８件を提案しております。慎重審議の上、可決
R7dai3kaiteireikaikaigiroku,2025,409,補正予算,定をはじめ、条例改正や補正予算、人事案件等、1８件を提案しております。慎重審議の上、可決
R7dai3kaiteireikaikaigiroku,2025,453,契約,契約に向け担当課で対応しております。また、空き家の活用促進として空き家改修補助金、家財
R7dai3kaiteireikaikaigiroku,2025,453,補助金,契約に向け担当課で対応しております。また、空き家の活用促進として空き家改修補助金、家財
R7dai3kaiteireikaikaigiroku,2025,454,補助金,道具等処分補助金も用意しております。就職についても村内事業所の紹介や、移住される方の中
R7dai3kaiteireikaikaigiroku,2025,471,補助金,関する各種補助金のリーフレットを作成し、イベントや担当課窓口で案内をさせていただいており
R7dai3kaiteireikaikaigiroku,2025,576,財産,◎議案第３６号財産の無償譲渡について
R7dai3kaiteireikaikaigiroku,2025,578,財産,○議長（寺前伊平君）：次に、日程第９、議案第３６号財産の無償譲渡についてを議題と致します。本
R7dai3kaiteireikaikaigiroku,2025,593,財産,○議長（寺前伊平君）：異議なしと認めます。したがって、日程第９、議案第３６号財産の無償譲渡に
R7dai3kaiteireikaikaigiroku,2025,602,予算,○村長（伊藤収宜君）：本案につきましては、本年度予算において実施しております脱炭素推進事
R7dai3kaiteireikaikaigiroku,2025,616,予算,◎議案第３８号令和７年度御杖村一般会計補正予算（第３号）
R7dai3kaiteireikaikaigiroku,2025,616,補正予算,◎議案第３８号令和７年度御杖村一般会計補正予算（第３号）
R7dai3kaiteireikaikaigiroku,2025,618,予算,［上程、説明、総括的質疑、予算決算委員会付託］
R7dai3kaiteireikaikaigiroku,2025,618,決算,［上程、説明、総括的質疑、予算決算委員会付託］
R7dai3kaiteireikaikaigiroku,2025,619,予算,○議長（寺前伊平君）：次に、日程第１１、議案第３８号令和７年度御杖村一般会計補正予算第３号の
R7dai3kaiteireikaikaigiroku,2025,619,補正予算,○議長（寺前伊平君）：次に、日程第１１、議案第３８号令和７年度御杖村一般会計補正予算第３号の
R7dai3kaiteireikaikaigiroku,2025,625,決算,の決算収支に合わせ繰越金の増額補正及び基金繰入金の減額を行い、歳出では、障害福祉費
R7dai3kaiteireikaikaigiroku,2025,625,基金,の決算収支に合わせ繰越金の増額補正及び基金繰入金の減額を行い、歳出では、障害福祉費
R7dai3kaiteireikaikaigiroku,2025,625,繰越,の決算収支に合わせ繰越金の増額補正及び基金繰入金の減額を行い、歳出では、障害福祉費
R7dai3kaiteireikaikaigiroku,2025,626,予算,の過年度交付の国庫及び県費補助金精算による返還金の計上と土木関係予算を組み替えする
R7dai3kaiteireikaikaigiroku,2025,626,補助金,の過年度交付の国庫及び県費補助金精算による返還金の計上と土木関係予算を組み替えする
R7dai3kaiteireikaikaigiroku,2025,632,予算,員会委員長の報告のとおり、全員協議会で詳細な説明を受け、予算決算委員会に付託すること
R7dai3kaiteireikaikaigiroku,2025,632,決算,員会委員長の報告のとおり、全員協議会で詳細な説明を受け、予算決算委員会に付託すること
R7dai3kaiteireikaikaigiroku,2025,636,予算,一般会計補正予算第３号の議定については、予算決算委員会に付託することに決定しました。
R7dai3kaiteireikaikaigiroku,2025,636,補正予算,一般会計補正予算第３号の議定については、予算決算委員会に付託することに決定しました。
R7dai3kaiteireikaikaigiroku,2025,636,決算,一般会計補正予算第３号の議定については、予算決算委員会に付託することに決定しました。
R7dai3kaiteireikaikaigiroku,2025,639,予算,予算（第２号）の議定について
R7dai3kaiteireikaikaigiroku,2025,640,予算,［上程、説明、総括的質疑、予算決算委員会付託］
R7dai3kaiteireikaikaigiroku,2025,640,決算,［上程、説明、総括的質疑、予算決算委員会付託］
R7dai3kaiteireikaikaigiroku,2025,648,決算,の決算収支に合わせ繰越金の増額補正を行い、歳出では、過年度交付の国庫補助金の精算に
R7dai3kaiteireikaikaigiroku,2025,648,補助金,の決算収支に合わせ繰越金の増額補正を行い、歳出では、過年度交付の国庫補助金の精算に
R7dai3kaiteireikaikaigiroku,2025,648,繰越,の決算収支に合わせ繰越金の増額補正を行い、歳出では、過年度交付の国庫補助金の精算に
R7dai3kaiteireikaikaigiroku,2025,649,基金,よる返還金及び基金積立金の増額を計上するものでございます。ご審議の程、よろしくお願いしま
R7dai3kaiteireikaikaigiroku,2025,656,予算,員会委員長の報告のとおり、全員協議会で詳細な説明を受け、予算決算委員会に付託すること
R7dai3kaiteireikaikaigiroku,2025,656,決算,員会委員長の報告のとおり、全員協議会で詳細な説明を受け、予算決算委員会に付託すること
R7dai3kaiteireikaikaigiroku,2025,660,予算,介護保険特別会計補正予算第２号の議定についても、予算決算委員会に付託することに決定し
R7dai3kaiteireikaikaigiroku,2025,660,補正予算,介護保険特別会計補正予算第２号の議定についても、予算決算委員会に付託することに決定し
R7dai3kaiteireikaikaigiroku,2025,660,決算,介護保険特別会計補正予算第２号の議定についても、予算決算委員会に付託することに決定し
R7dai3kaiteireikaikaigiroku,2025,664,予算,補正予算（第１号）の議定について
R7dai3kaiteireikaikaigiroku,2025,664,補正予算,補正予算（第１号）の議定について
R7dai3kaiteireikaikaigiroku,2025,665,予算,［上程、説明、総括的質疑、予算決算委員会付託］
R7dai3kaiteireikaikaigiroku,2025,665,決算,［上程、説明、総括的質疑、予算決算委員会付託］
R7dai3kaiteireikaikaigiroku,2025,667,予算,補正予算第１号の議定についてを議題と致します。本案について、提案理由の説明を求めます。
R7dai3kaiteireikaikaigiroku,2025,667,補正予算,補正予算第１号の議定についてを議題と致します。本案について、提案理由の説明を求めます。
R7dai3kaiteireikaikaigiroku,2025,678,予算,員会委員長の報告のとおり、全員協議会で詳細な説明を受け、予算決算委員会に付託すること
R7dai3kaiteireikaikaigiroku,2025,678,決算,員会委員長の報告のとおり、全員協議会で詳細な説明を受け、予算決算委員会に付託すること
R7dai3kaiteireikaikaigiroku,2025,682,予算,後期高齢者医療特別会計補正予算第１号の議定についても、予算決算委員会に付託することに
R7dai3kaiteireikaikaigiroku,2025,682,補正予算,後期高齢者医療特別会計補正予算第１号の議定についても、予算決算委員会に付託することに
R7dai3kaiteireikaikaigiroku,2025,682,決算,後期高齢者医療特別会計補正予算第１号の議定についても、予算決算委員会に付託することに
R7dai3kaiteireikaikaigiroku,2025,685,決算,◎認定第１号令和６年度御杖村一般会計歳入歳出決算の認定
R7dai3kaiteireikaikaigiroku,2025,687,決算,計歳入歳出決算の認定について、認定第３号令和６年度御杖
R7dai3kaiteireikaikaigiroku,2025,688,決算,村介護保険特別会計歳入歳出決算の認定について、認定第
R7dai3kaiteireikaikaigiroku,2025,691,決算,業会計歳入歳出決算の認定について
R7dai3kaiteireikaikaigiroku,2025,692,予算,［一括上程、一括説明、一括総括的質疑、一括予算決算委員会付託］
R7dai3kaiteireikaikaigiroku,2025,692,決算,［一括上程、一括説明、一括総括的質疑、一括予算決算委員会付託］
R7dai3kaiteireikaikaigiroku,2025,695,決算,○議長（寺前伊平君）：次に、日程第１４、認定第１号令和６年度御杖村一般会計歳入歳出決算の
R7dai3kaiteireikaikaigiroku,2025,696,決算,認定について、日程第１５、認定第２号令和６年度御杖村国民健康特別会計歳入歳出決算の認
R7dai3kaiteireikaikaigiroku,2025,697,決算,定について、日程第１６、認定第３号令和６年度御杖村介護保険特別会計歳入歳出決算の認定
R7dai3kaiteireikaikaigiroku,2025,698,決算,について、日程第１７、認定第４号令和６年度御杖村後期高齢者医療特別会計歳入歳出決算の
R7dai3kaiteireikaikaigiroku,2025,699,決算,認定について、日程第１８、認定第５号令和６年度御杖村簡易水道事業会計歳入歳出決算の認
R7dai3kaiteireikaikaigiroku,2025,700,決算,定について以上の５議案は、御杖村における令和６年度各会計歳入歳出決算の認定についてで
R7dai3kaiteireikaikaigiroku,2025,703,決算,○議長（寺前伊平君）：異議なしと認め、令和６年度各会計の歳入歳出決算の認定、５議案について
R7dai3kaiteireikaikaigiroku,2025,704,決算,は、一括議題と致します。まず最初に一般会計歳入歳出決算の認定について、説明を求めます。
R7dai3kaiteireikaikaigiroku,2025,709,決算,村一般会計歳入歳出決算について認定をお願いするものでございます。決算の額でございます
R7dai3kaiteireikaikaigiroku,2025,716,決算,○会計管理者（松本慶一君）：失礼します。令和６年度一般会計決算について、本日提案を致しまし
R7dai3kaiteireikaikaigiroku,2025,717,決算,た概要につきまして、令和６年度決算の内容に関する説明書をお配りさせて頂いておりますので、
R7dai3kaiteireikaikaigiroku,2025,719,予算,一般会計決算の概要、予算の執行にあたって、計上した歳入については財源の確保に努め、歳
R7dai3kaiteireikaikaigiroku,2025,719,決算,一般会計決算の概要、予算の執行にあたって、計上した歳入については財源の確保に努め、歳
R7dai3kaiteireikaikaigiroku,2025,720,決算,出については経費の節減と執行の効率化に努めた結果、令和６年度の一般会計歳入歳出決算
R7dai3kaiteireikaikaigiroku,2025,721,決算,額は、決算書の１２５ページの実質収支に関する調書のとおり歳入総額２６億６，２８３万５４９円、
R7dai3kaiteireikaikaigiroku,2025,723,繰越,繰越明許費によって翌年度へ繰り越すべき財源２７６万３千円を差し引いた、１億６，３２５万７，２９
R7dai3kaiteireikaikaigiroku,2025,724,決算,４円の黒字となりました。歳入決算の状況についてでございます。令和６年度の歳入総額は、２６
R7dai3kaiteireikaikaigiroku,2025,727,繰越,金３億３，２２９万９千円、同１２．５％、繰越金１億８，５３７万５千円、同７．０％、村税１億３７９万６千
R7dai3kaiteireikaikaigiroku,2025,729,決算,歳入決算の内訳のとおりでございますが、朗読は省略させていただきます。第１表の下でございま
R7dai3kaiteireikaikaigiroku,2025,730,決算,す。これを前年度決算額と比較しますと、村税は第２表のとおり、村税１億３７９万６千円、対前年
R7dai3kaiteireikaikaigiroku,2025,733,決算,りました。それぞれの税の状況は次のページ、３ページ、第２表、村税決算の状況のとおりでござ
R7dai3kaiteireikaikaigiroku,2025,752,財産,す。第５表の下でございます。財産収入は、２，００２万８千円で前年度と比べて、１，６１１万７千円、
R7dai3kaiteireikaikaigiroku,2025,753,繰越,４４．６％の減額となりました。プレミアム商品券売払収入が減額の主な要因です。繰越金は、１億
R7dai3kaiteireikaikaigiroku,2025,761,工事,ました。また、令和５年度からの繰越事業である災害復旧工事の財源として、１３０万円の災害復
R7dai3kaiteireikaikaigiroku,2025,761,繰越,ました。また、令和５年度からの繰越事業である災害復旧工事の財源として、１３０万円の災害復
R7dai3kaiteireikaikaigiroku,2025,764,決算,らせていただきます。歳出決算の状況についてでございます。令和６年度の歳出総額は、２４億９，
R7dai3kaiteireikaikaigiroku,2025,765,決算,６８１万円で、前年度と比較して、１億７，２６８万９千円、６．５％の減額となりました。目的別決算の
R7dai3kaiteireikaikaigiroku,2025,767,基金,備基金への積立や自治体情報システム標準化事業等の実施により、６億８，２３３万９千円、構成
R7dai3kaiteireikaikaigiroku,2025,773,繰越,の運営や繰越事業である神末中央集落センター改修事業等に係るもので、１億５，９２２万２千円、
R7dai3kaiteireikaikaigiroku,2025,781,工事,となりました。災害復旧費は、繰越事業である災害復旧工事の実施により、４１２万５千円、同０．
R7dai3kaiteireikaikaigiroku,2025,781,繰越,となりました。災害復旧費は、繰越事業である災害復旧工事の実施により、４１２万５千円、同０．
R7dai3kaiteireikaikaigiroku,2025,782,決算,２％となりました。性質別決算の主な内訳は第７表のとおり、人件費が４億７，５１０万８千円、構成
R7dai3kaiteireikaikaigiroku,2025,785,決算,積立金が２億３，０５８万８千円、同９．２％等となっています。前年度決算額と比較しますと、人件
R7dai3kaiteireikaikaigiroku,2025,797,基金,立金は、財政調整基金積立が減額しましたが、公共施設整備基金積立の増額により、５，０３７万９
R7dai3kaiteireikaikaigiroku,2025,801,決算,６％減額となりました。主な普通建設事業は、第９表のとおりです。以上で一般会計決算の概要説
R7dai3kaiteireikaikaigiroku,2025,802,決算,明を終わらせて頂きます。詳細につきましては、決算事項別明細書や主要施策の成果に関する
R7dai3kaiteireikaikaigiroku,2025,804,決算,○議長（寺前伊平君）：次に、特別会計歳入歳出決算及び事業会計歳入歳出決算の認定について、
R7dai3kaiteireikaikaigiroku,2025,810,決算,公営企業法第３０条の規定により、令和６年度歳入歳出決算ついて、認定をお願いするものでご
R7dai3kaiteireikaikaigiroku,2025,811,決算,ざいます。それぞれの決算概要については、会計管理者よりご説明を申し上げます。よろしくお願
R7dai3kaiteireikaikaigiroku,2025,816,決算,○会計管理者（松本慶一君）：失礼致します。令和６年度特別会計等の決算につきまして、先程と同
R7dai3kaiteireikaikaigiroku,2025,818,決算,じ決算の内容に関する説明書のほうを使ってご説明申し上げます。１０ページをお開き下さい。第
R7dai3kaiteireikaikaigiroku,2025,819,決算,１０表のとおり、特別会計等の決算状況でございます。つづきまして１１ページをお開き下さい。国
R7dai3kaiteireikaikaigiroku,2025,842,基金,の活用を行い、財政負担の軽減に努めています。最後に、基金の状況についてご説明いたしま
R7dai3kaiteireikaikaigiroku,2025,843,基金,す。１３ページをご覧ください。４．基金の状況でございます。令和６年度末における全会計の基金
R7dai3kaiteireikaikaigiroku,2025,844,基金,現在高は、４４億４，６９７万８千円で、各基金別の内訳は、第１２表のとおりです。令和６年度の主
R7dai3kaiteireikaikaigiroku,2025,845,基金,な積立は、公共施設整備基金で、１億８，５５０万円を積み立て、取り崩しでは、ふるさと納税寄附
R7dai3kaiteireikaikaigiroku,2025,846,基金,金を積み立てているふるさとづくり基金について、１，２８１万円を取り崩し、寄附目的に対応する事
R7dai3kaiteireikaikaigiroku,2025,847,基金,業に充当しました。ふるさとづくり基金の目的別充当事業内訳、自然に関する事業が中山間集落
R7dai3kaiteireikaikaigiroku,2025,851,決算,上で特別会計等決算の概要並びに村債の状況並びに基金の状況についての説明を終わらせて
R7dai3kaiteireikaikaigiroku,2025,851,基金,上で特別会計等決算の概要並びに村債の状況並びに基金の状況についての説明を終わらせて
R7dai3kaiteireikaikaigiroku,2025,852,決算,いただきますが、一般会計同様、詳細につきましては、決算事項別明細書等をご覧いただきまし
R7dai3kaiteireikaikaigiroku,2025,854,決算,○議長（寺前伊平君）：ここで、令和６年度一般会計及び特別会計並びに事業会計の決算について、
R7dai3kaiteireikaikaigiroku,2025,855,決算,議会選出監査委員の森議員に決算審査の意見を求めます。森監査委員。
R7dai3kaiteireikaikaigiroku,2025,859,決算,○３番（森源五君）：決算審査報告をいたします。お手元の令和６年度御杖村一般会計、特別会計
R7dai3kaiteireikaikaigiroku,2025,860,決算,の決算審査意見書をご覧いただきたいと思います。この決算審査につきましては、去る８月２２日
R7dai3kaiteireikaikaigiroku,2025,861,決算,に、片桐監査委員とともに審査を実施させて頂きました。決算審査意見書の各諸表の朗読は省略
R7dai3kaiteireikaikaigiroku,2025,862,決算,させて頂き、８ページの決算審査結論の朗読をもって報告に代えさせて頂きたいと思います。令和
R7dai3kaiteireikaikaigiroku,2025,863,決算,６年度決算審査結論、地方公共団体の財政の健全化に関する法律の施行に基づき、本村の令和
R7dai3kaiteireikaikaigiroku,2025,872,繰越,に対応するための支援給付金の給付が実施され、令和５年度からの繰越事業として、住民税均等
R7dai3kaiteireikaikaigiroku,2025,880,決算,し、令和６年度決算審査の結論といたします。
R7dai3kaiteireikaikaigiroku,2025,882,決算,より決算審査に係る意見をいただきました。これから令和６年度各会計決算認定５議案について
R7dai3kaiteireikaikaigiroku,2025,885,決算,○議長（寺前伊平君）：質疑なしと認めます。これで質疑を終わります。令和６年度各会計決算の認
R7dai3kaiteireikaikaigiroku,2025,886,予算,定についても、議会運営委員長の報告のとおり、全員協議会で詳細な説明を受け、一括して予算
R7dai3kaiteireikaikaigiroku,2025,887,決算,決算委員会に付託することにしたいと思います。ご異議ありませんか。
R7dai3kaiteireikaikaigiroku,2025,890,決算,定第５号までの令和６年度における一般会計歳入歳出決算及び各特別会計歳入歳出決算並び
R7dai3kaiteireikaikaigiroku,2025,891,予算,に事業会計歳入歳出決算の認定についても、予算決算委員会に付託することに決定しました。
R7dai3kaiteireikaikaigiroku,2025,891,決算,に事業会計歳入歳出決算の認定についても、予算決算委員会に付託することに決定しました。
R7dai3kaiteireikaikaigiroku,2025,894,決算,管理組合市町村特別会計(御杖村)歳入歳出決算の認定に
R7dai3kaiteireikaikaigiroku,2025,896,予算,［上程、説明、総括的質疑、予算決算委員会付託］
R7dai3kaiteireikaikaigiroku,2025,896,決算,［上程、説明、総括的質疑、予算決算委員会付託］
R7dai3kaiteireikaikaigiroku,2025,898,決算,収管理組合市町村特別会計括弧御杖村分歳入歳出決算の認定についてを議題と致します。本
R7dai3kaiteireikaikaigiroku,2025,905,決算,特別会計御杖村分歳入歳出決算の認定をお願いするものでございます。内容については、総務
R7dai3kaiteireikaikaigiroku,2025,910,決算,が解散したことから、事務を承継した五條市長が決算を行いました令和６年度の市町村特別会計
R7dai3kaiteireikaikaigiroku,2025,911,決算,御杖村分の歳入歳出決算につきまして、議案書１枚めくって決算書をご覧下さい。ページ上段の
R7dai3kaiteireikaikaigiroku,2025,915,決算,別会計括弧御杖村分歳入歳出決算について、議会選出監査委員の森議員に決算審査の意
R7dai3kaiteireikaikaigiroku,2025,920,決算,村分決算審査を、去る令和７年８月２２日に片桐監査委員と実施しましたので、２審査の意見の朗
R7dai3kaiteireikaikaigiroku,2025,928,決算,より決算審査に係る意見をいただきましたので、これから統括的質疑を行います。質疑はございま
R7dai3kaiteireikaikaigiroku,2025,932,予算,員長の報告のとおり、全員協議会で詳細な説明を受け、予算決算委員会に付託することにしたい
R7dai3kaiteireikaikaigiroku,2025,932,決算,員長の報告のとおり、全員協議会で詳細な説明を受け、予算決算委員会に付託することにしたい
R7dai3kaiteireikaikaigiroku,2025,936,決算,住宅新築資金等貸付金回収管理組合市町村特別会計括弧御杖村分歳入歳出決算の認定につ
R7dai3kaiteireikaikaigiroku,2025,937,予算,いても、予算決算委員会に付託することに決定しました。
R7dai3kaiteireikaikaigiroku,2025,937,決算,いても、予算決算委員会に付託することに決定しました。
R7dai3kaiteireikaikaigiroku,2025,1149,財産,財産の無償譲渡について
R7dai3kaiteireikaikaigiroku,2025,1153,予算,令和７年度御杖村一般会計補正予算（第３号）の議定について
R7dai3kaiteireikaikaigiroku,2025,1153,補正予算,令和７年度御杖村一般会計補正予算（第３号）の議定について
R7dai3kaiteireikaikaigiroku,2025,1155,予算,令和７年度御杖村介護保険特別会計補正予算（第２号）の議定について
R7dai3kaiteireikaikaigiroku,2025,1155,補正予算,令和７年度御杖村介護保険特別会計補正予算（第２号）の議定について
R7dai3kaiteireikaikaigiroku,2025,1157,予算,令和７年度御杖村後期高齢者医療特別会計補正予算（第１号）の議定について
R7dai3kaiteireikaikaigiroku,2025,1157,補正予算,令和７年度御杖村後期高齢者医療特別会計補正予算（第１号）の議定について
R7dai3kaiteireikaikaigiroku,2025,1159,決算,令和６年度御杖村一般会計歳入歳出決算の認定について
R7dai3kaiteireikaikaigiroku,2025,1161,決算,令和６年度御杖村国民健康保険特別会計歳入歳出決算の認定について
R7dai3kaiteireikaikaigiroku,2025,1163,決算,令和６年度御杖村介護保険特別会計歳入歳出決算の認定について
R7dai3kaiteireikaikaigiroku,2025,1165,決算,令和６年度御杖村後期高齢者医療特別会計歳入歳出決算の認定について
R7dai3kaiteireikaikaigiroku,2025,1167,決算,令和６年度御杖村簡易水道事業会計歳入歳出決算の認定について
R7dai3kaiteireikaikaigiroku,2025,1170,決算,(御杖村)歳入歳出決算の認定について
R7dai3kaiteireikaikaigiroku,2025,1221,財産,する条例の制定について、議案第３６号財産の無償譲渡に
R7dai3kaiteireikaikaigiroku,2025,1226,財産,条例の一部を改正する条例の制定について、日程第２､議案第３６号財産の 無償譲渡について、
R7dai3kaiteireikaikaigiroku,2025,1238,財産,設等使用条例の一部を改正する条例の制定について、議案第３６号財産の無償譲渡について、
R7dai3kaiteireikaikaigiroku,2025,1247,財産,定について、議案第３６号財産の無償譲渡について、議案第３７号御杖村過疎地域持続的発展
R7dai3kaiteireikaikaigiroku,2025,1273,財産,◎議案第３６号財産の無償譲渡について
R7dai3kaiteireikaikaigiroku,2025,1275,財産,○議長（寺前伊平君）：次に、日程第２､議案第３６号財産の無償譲渡についてを議題とし、討論を行
R7dai3kaiteireikaikaigiroku,2025,1282,財産,○議長（寺前伊平君）：ありがとうございます。全員の起立により、日程第２､議案第３６号財産の無償
R7dai3kaiteireikaikaigiroku,2025,1298,予算,◎議案第３８号令和７年度御杖村一般会計補正予算（第３号）
R7dai3kaiteireikaikaigiroku,2025,1298,補正予算,◎議案第３８号令和７年度御杖村一般会計補正予算（第３号）
R7dai3kaiteireikaikaigiroku,2025,1300,予算,特別会計補正予算（第２号）の議定について、議案第４０号
R7dai3kaiteireikaikaigiroku,2025,1300,補正予算,特別会計補正予算（第２号）の議定について、議案第４０号
R7dai3kaiteireikaikaigiroku,2025,1301,予算,令和７年度御杖村後期高齢者医療特別会計補正予算（第
R7dai3kaiteireikaikaigiroku,2025,1301,補正予算,令和７年度御杖村後期高齢者医療特別会計補正予算（第
R7dai3kaiteireikaikaigiroku,2025,1304,予算,○議長（寺前伊平君）：次に、日程第４､議案３８号令和７年度御杖村一般会計補正予算第３号の議
R7dai3kaiteireikaikaigiroku,2025,1304,補正予算,○議長（寺前伊平君）：次に、日程第４､議案３８号令和７年度御杖村一般会計補正予算第３号の議
R7dai3kaiteireikaikaigiroku,2025,1305,予算,定について、日程第５､議案第３９号令和７年度御杖村介護保険特別会計補正予算第２号の議定
R7dai3kaiteireikaikaigiroku,2025,1305,補正予算,定について、日程第５､議案第３９号令和７年度御杖村介護保険特別会計補正予算第２号の議定
R7dai3kaiteireikaikaigiroku,2025,1306,予算,について、日程第６､議案第４０号令和７年度御杖村後期高齢者医療特別会計補正予算第１号の
R7dai3kaiteireikaikaigiroku,2025,1306,補正予算,について、日程第６､議案第４０号令和７年度御杖村後期高齢者医療特別会計補正予算第１号の
R7dai3kaiteireikaikaigiroku,2025,1307,予算,議定について以上の３議案につきましては、予算決算委員会へ付託した案件でございますので、
R7dai3kaiteireikaikaigiroku,2025,1307,決算,議定について以上の３議案につきましては、予算決算委員会へ付託した案件でございますので、
R7dai3kaiteireikaikaigiroku,2025,1312,予算,き、予算決算委員会委員長より一括して審査経過及び結果の報告をお願いします。福田委員長。
R7dai3kaiteireikaikaigiroku,2025,1312,決算,き、予算決算委員会委員長より一括して審査経過及び結果の報告をお願いします。福田委員長。
R7dai3kaiteireikaikaigiroku,2025,1316,予算,○４番（福田麻衣子君）：それでは、予算決算委員会を代表しまして、当委員会に付託されました、
R7dai3kaiteireikaikaigiroku,2025,1316,決算,○４番（福田麻衣子君）：それでは、予算決算委員会を代表しまして、当委員会に付託されました、
R7dai3kaiteireikaikaigiroku,2025,1317,予算,議案第３８号から議案第４０号の補正予算３件につきまして、一括して、審査の経緯と経過及び結
R7dai3kaiteireikaikaigiroku,2025,1317,補正予算,議案第３８号から議案第４０号の補正予算３件につきまして、一括して、審査の経緯と経過及び結
R7dai3kaiteireikaikaigiroku,2025,1319,予算,におきまして、補正予算３件及び決算認定６件の合計９件の議案が付託されたことにより、９月１６
R7dai3kaiteireikaikaigiroku,2025,1319,補正予算,におきまして、補正予算３件及び決算認定６件の合計９件の議案が付託されたことにより、９月１６
R7dai3kaiteireikaikaigiroku,2025,1319,決算,におきまして、補正予算３件及び決算認定６件の合計９件の議案が付託されたことにより、９月１６
R7dai3kaiteireikaikaigiroku,2025,1320,予算,日火曜日、午前９時から予算決算委員会を開催いたしました。審査の経過でございますが、会計
R7dai3kaiteireikaikaigiroku,2025,1320,決算,日火曜日、午前９時から予算決算委員会を開催いたしました。審査の経過でございますが、会計
R7dai3kaiteireikaikaigiroku,2025,1324,予算,割愛をさせていただきます。採決の結果につきましては、補正予算３件ともに全員の賛成により、
R7dai3kaiteireikaikaigiroku,2025,1324,補正予算,割愛をさせていただきます。採決の結果につきましては、補正予算３件ともに全員の賛成により、
R7dai3kaiteireikaikaigiroku,2025,1325,予算,原案のとおり可決すべきものと決定いたしました。以上、簡単ではございますが、予算決算委員会
R7dai3kaiteireikaikaigiroku,2025,1325,決算,原案のとおり可決すべきものと決定いたしました。以上、簡単ではございますが、予算決算委員会
R7dai3kaiteireikaikaigiroku,2025,1327,予算,○議長（寺前伊平君）：福田委員長、ご苦労様でした。これから、福田予算決算委員会委員長報告
R7dai3kaiteireikaikaigiroku,2025,1327,決算,○議長（寺前伊平君）：福田委員長、ご苦労様でした。これから、福田予算決算委員会委員長報告
R7dai3kaiteireikaikaigiroku,2025,1332,予算,◎議案第３８号令和７度御杖村一般会計補正予算（第３号）の
R7dai3kaiteireikaikaigiroku,2025,1332,補正予算,◎議案第３８号令和７度御杖村一般会計補正予算（第３号）の
R7dai3kaiteireikaikaigiroku,2025,1336,予算,令和７年度御杖村一般会計補正予算第３号の議定についてを議題とし、討論を行います。討論
R7dai3kaiteireikaikaigiroku,2025,1336,補正予算,令和７年度御杖村一般会計補正予算第３号の議定についてを議題とし、討論を行います。討論
R7dai3kaiteireikaikaigiroku,2025,1341,予算,行います。本案に対する予算決算委員会委員長の報告は、可決です。日程第４、議案第３８号を、
R7dai3kaiteireikaikaigiroku,2025,1341,決算,行います。本案に対する予算決算委員会委員長の報告は、可決です。日程第４、議案第３８号を、
R7dai3kaiteireikaikaigiroku,2025,1342,予算,予算決算委員会委員長の報告のとおり決定することに賛成の方は、起立願います。
R7dai3kaiteireikaikaigiroku,2025,1342,決算,予算決算委員会委員長の報告のとおり決定することに賛成の方は、起立願います。
R7dai3kaiteireikaikaigiroku,2025,1345,予算,御杖村一般会計補正予算第３号の議定については、予算決算委員会委員長の報告のとおり可
R7dai3kaiteireikaikaigiroku,2025,1345,補正予算,御杖村一般会計補正予算第３号の議定については、予算決算委員会委員長の報告のとおり可
R7dai3kaiteireikaikaigiroku,2025,1345,決算,御杖村一般会計補正予算第３号の議定については、予算決算委員会委員長の報告のとおり可
R7dai3kaiteireikaikaigiroku,2025,1349,予算,◎議案第３９号令和７年度御杖村介護保険特別会計補正予算
R7dai3kaiteireikaikaigiroku,2025,1349,補正予算,◎議案第３９号令和７年度御杖村介護保険特別会計補正予算
R7dai3kaiteireikaikaigiroku,2025,1352,予算,○議長（寺前伊平君）：次に、日程第５､議案第３９号令和７年度御杖村介護保険特別会計補正予算
R7dai3kaiteireikaikaigiroku,2025,1352,補正予算,○議長（寺前伊平君）：次に、日程第５､議案第３９号令和７年度御杖村介護保険特別会計補正予算
R7dai3kaiteireikaikaigiroku,2025,1356,予算,行います。本案に対する予算決算委員会委員長の報告は、可決です。日程第５、議案第３９号も、
R7dai3kaiteireikaikaigiroku,2025,1356,決算,行います。本案に対する予算決算委員会委員長の報告は、可決です。日程第５、議案第３９号も、
R7dai3kaiteireikaikaigiroku,2025,1357,予算,予算決算委員会委員長の 報告のとおり決定することに賛成の方は、起立願います。
R7dai3kaiteireikaikaigiroku,2025,1357,決算,予算決算委員会委員長の 報告のとおり決定することに賛成の方は、起立願います。
R7dai3kaiteireikaikaigiroku,2025,1360,予算,御杖村介護保険特別会計補正予算第２号の議定についても、予算決算委員会委員長の報告の
R7dai3kaiteireikaikaigiroku,2025,1360,補正予算,御杖村介護保険特別会計補正予算第２号の議定についても、予算決算委員会委員長の報告の
R7dai3kaiteireikaikaigiroku,2025,1360,決算,御杖村介護保険特別会計補正予算第２号の議定についても、予算決算委員会委員長の報告の
R7dai3kaiteireikaikaigiroku,2025,1365,予算,補正予算（第１号）の議定について
R7dai3kaiteireikaikaigiroku,2025,1365,補正予算,補正予算（第１号）の議定について
R7dai3kaiteireikaikaigiroku,2025,1368,予算,正予算第１号の議定についてを議題とし、討論を行います。討論はありませんか。
R7dai3kaiteireikaikaigiroku,2025,1371,予算,行います。本案に対する予算決算委員会委員長の報告は、可決です。日程第６、議案第４０号も、
R7dai3kaiteireikaikaigiroku,2025,1371,決算,行います。本案に対する予算決算委員会委員長の報告は、可決です。日程第６、議案第４０号も、
R7dai3kaiteireikaikaigiroku,2025,1372,予算,予算決算委員会委員長の 報告のとおり決定することに賛成の方は、起立願います。
R7dai3kaiteireikaikaigiroku,2025,1372,決算,予算決算委員会委員長の 報告のとおり決定することに賛成の方は、起立願います。
R7dai3kaiteireikaikaigiroku,2025,1375,予算,御杖村後期高齢者医療特別会計補正予算第１号の議定についても、予算決算委員会委員長の
R7dai3kaiteireikaikaigiroku,2025,1375,補正予算,御杖村後期高齢者医療特別会計補正予算第１号の議定についても、予算決算委員会委員長の
R7dai3kaiteireikaikaigiroku,2025,1375,決算,御杖村後期高齢者医療特別会計補正予算第１号の議定についても、予算決算委員会委員長の
R7dai3kaiteireikaikaigiroku,2025,1382,決算,◎認定第１号令和６年度御杖村一般会計歳入歳出決算の
R7dai3kaiteireikaikaigiroku,2025,1384,決算,険特別会計歳入歳出決算の認定について、認定第３号
R7dai3kaiteireikaikaigiroku,2025,1385,決算,令和６年度御杖村介護保険特別会計歳入歳出決算の認
R7dai3kaiteireikaikaigiroku,2025,1387,決算,療特別会計歳入歳出決算の認定について、認定第５号令
R7dai3kaiteireikaikaigiroku,2025,1388,決算,和６年度御杖村簡易水道事業会計歳入歳出決算の認定
R7dai3kaiteireikaikaigiroku,2025,1393,決算,○議長（寺前伊平君）：次に、日程第７､認定第１号令和６年度御杖村一般会計歳入歳出決算の認
R7dai3kaiteireikaikaigiroku,2025,1394,決算,定について、日程第８､認定第２号令和６年度御杖村国民健康保険特別会計歳入歳出決算の認
R7dai3kaiteireikaikaigiroku,2025,1395,決算,定について、日程第９､認定第３号令和６年度御杖村介護保険特別会計歳入歳出決算の認定に
R7dai3kaiteireikaikaigiroku,2025,1396,決算,ついて、日程第１０､認定第４号令和６年度御杖村後期高齢者医療特別会計歳入歳出決算の認
R7dai3kaiteireikaikaigiroku,2025,1397,決算,定について、日程第１１､認定第５号令和６年度御杖村簡易水道事業会計歳入歳出決算の認定
R7dai3kaiteireikaikaigiroku,2025,1399,予算,村特別会計括弧御杖村分歳入歳出決算の認定について以上の６議案につきましても、予算決算
R7dai3kaiteireikaikaigiroku,2025,1399,決算,村特別会計括弧御杖村分歳入歳出決算の認定について以上の６議案につきましても、予算決算
R7dai3kaiteireikaikaigiroku,2025,1405,予算,第６号について、御杖村議会会議規則第４１条第１項の規定に基づき、予算決算委員会委員長よ
R7dai3kaiteireikaikaigiroku,2025,1405,決算,第６号について、御杖村議会会議規則第４１条第１項の規定に基づき、予算決算委員会委員長よ
R7dai3kaiteireikaikaigiroku,2025,1410,決算,○４番(福田麻衣子君)：それでは、認定第１号から認定第６号の各会計歳入歳出決算認定の６件に
R7dai3kaiteireikaikaigiroku,2025,1418,予算,はございますが、予算決算委員会の報告とさせていただきます。
R7dai3kaiteireikaikaigiroku,2025,1418,決算,はございますが、予算決算委員会の報告とさせていただきます。
R7dai3kaiteireikaikaigiroku,2025,1419,予算,○議長（寺前伊平君）：福田委員長、ご苦労様でした。これから、予算決算委員会委員長報告に対
R7dai3kaiteireikaikaigiroku,2025,1419,決算,○議長（寺前伊平君）：福田委員長、ご苦労様でした。これから、予算決算委員会委員長報告に対
R7dai3kaiteireikaikaigiroku,2025,1426,決算,◎認定第１号令和６年度御杖村一般会計歳入歳出決算の
R7dai3kaiteireikaikaigiroku,2025,1430,決算,和６年度御杖村一般会計歳入歳出決算の認定についてを議題とし、討論を行います。討論はあり
R7dai3kaiteireikaikaigiroku,2025,1434,予算,を行います。本案に対する予算決算委員会委員長の報告は、認定です。日程第７、認定第１号を、
R7dai3kaiteireikaikaigiroku,2025,1434,決算,を行います。本案に対する予算決算委員会委員長の報告は、認定です。日程第７、認定第１号を、
R7dai3kaiteireikaikaigiroku,2025,1435,予算,予算決算委員会委員長の報告のとおり決定することに賛成の方は、起立願います。
R7dai3kaiteireikaikaigiroku,2025,1435,決算,予算決算委員会委員長の報告のとおり決定することに賛成の方は、起立願います。
R7dai3kaiteireikaikaigiroku,2025,1438,予算,杖村一般会計歳入歳出決算の認定については、予算決算委員会委員長の 報告のとおり認定さ
R7dai3kaiteireikaikaigiroku,2025,1438,決算,杖村一般会計歳入歳出決算の認定については、予算決算委員会委員長の 報告のとおり認定さ
R7dai3kaiteireikaikaigiroku,2025,1443,決算,歳出決算の認定について
R7dai3kaiteireikaikaigiroku,2025,1446,決算,歳出決算の認定についてを議題とし、討論を行います。討論はありませんか。
R7dai3kaiteireikaikaigiroku,2025,1449,予算,を行います。本案に対する予算決算委員会委員長の報告は、認定です。日程第８、認定第２号も、
R7dai3kaiteireikaikaigiroku,2025,1449,決算,を行います。本案に対する予算決算委員会委員長の報告は、認定です。日程第８、認定第２号も、
R7dai3kaiteireikaikaigiroku,2025,1450,予算,予算決算委員会委員長の報告のとおり決定することに賛成の方は、起立願います。
R7dai3kaiteireikaikaigiroku,2025,1450,決算,予算決算委員会委員長の報告のとおり決定することに賛成の方は、起立願います。
R7dai3kaiteireikaikaigiroku,2025,1453,予算,杖村国民健康保険特別会計歳入歳出決算の認定についても、予算決算委員会委員長の報告の
R7dai3kaiteireikaikaigiroku,2025,1453,決算,杖村国民健康保険特別会計歳入歳出決算の認定についても、予算決算委員会委員長の報告の
R7dai3kaiteireikaikaigiroku,2025,1458,決算,決算の認定について
R7dai3kaiteireikaikaigiroku,2025,1461,決算,決算の認定についてを議題とし、討論を行います。討論はありませんか。
R7dai3kaiteireikaikaigiroku,2025,1464,予算,を行います。本案に対する予算決算委員会委員長の報告は、認定です。日程第９、認定第３号も、
R7dai3kaiteireikaikaigiroku,2025,1464,決算,を行います。本案に対する予算決算委員会委員長の報告は、認定です。日程第９、認定第３号も、
R7dai3kaiteireikaikaigiroku,2025,1465,予算,予算決算委員会委員長の報告のとおり決定することに賛成の方は、起立願います。
R7dai3kaiteireikaikaigiroku,2025,1465,決算,予算決算委員会委員長の報告のとおり決定することに賛成の方は、起立願います。
R7dai3kaiteireikaikaigiroku,2025,1469,予算,村介護保険特別会計歳入歳出決算の認定についても、予算決算委員会委員長の報告のとおり
R7dai3kaiteireikaikaigiroku,2025,1469,決算,村介護保険特別会計歳入歳出決算の認定についても、予算決算委員会委員長の報告のとおり
R7dai3kaiteireikaikaigiroku,2025,1474,決算,歳入歳出決算の認定について
R7dai3kaiteireikaikaigiroku,2025,1477,決算,入歳出決算の認定についてを議題とし、討論を行います。討論はありませんか。
R7dai3kaiteireikaikaigiroku,2025,1480,予算,を行います。本案に対する予算決算委員会委員長の報告は、認定です。日程第１０、認定第４号
R7dai3kaiteireikaikaigiroku,2025,1480,決算,を行います。本案に対する予算決算委員会委員長の報告は、認定です。日程第１０、認定第４号
R7dai3kaiteireikaikaigiroku,2025,1481,予算,も、予算決算委員会委員長の報告のとおり決定することに賛成の方は、起立願います。
R7dai3kaiteireikaikaigiroku,2025,1481,決算,も、予算決算委員会委員長の報告のとおり決定することに賛成の方は、起立願います。
R7dai3kaiteireikaikaigiroku,2025,1484,予算,杖村後期高齢者医療特別会計歳入歳出決算の認定についても、予算決算 委員会委員長の報
R7dai3kaiteireikaikaigiroku,2025,1484,決算,杖村後期高齢者医療特別会計歳入歳出決算の認定についても、予算決算 委員会委員長の報
R7dai3kaiteireikaikaigiroku,2025,1489,決算,決算の認定について
R7dai3kaiteireikaikaigiroku,2025,1492,決算,決算の認定についてを議題とし、討論を行います。討論はありませんか。
R7dai3kaiteireikaikaigiroku,2025,1495,予算,を行います。本案に対する予算決算委員会委員長の報告は、認定です。日程第１１、認定第５号
R7dai3kaiteireikaikaigiroku,2025,1495,決算,を行います。本案に対する予算決算委員会委員長の報告は、認定です。日程第１１、認定第５号
R7dai3kaiteireikaikaigiroku,2025,1496,予算,も、予算決算委員会委員長の報告のとおり決定することに賛成の方は、起立願います。
R7dai3kaiteireikaikaigiroku,2025,1496,決算,も、予算決算委員会委員長の報告のとおり決定することに賛成の方は、起立願います。
R7dai3kaiteireikaikaigiroku,2025,1499,予算,御杖村簡易水道事業会計歳入歳出決算の認定についても、予算決算委員会委員長の報告のと
R7dai3kaiteireikaikaigiroku,2025,1499,決算,御杖村簡易水道事業会計歳入歳出決算の認定についても、予算決算委員会委員長の報告のと
R7dai3kaiteireikaikaigiroku,2025,1504,決算,管理組合市町村特別会計(御杖村)歳入歳出決算の認定に
R7dai3kaiteireikaikaigiroku,2025,1508,決算,管理組合市町村特別会計括弧御杖村分歳入歳出決算の認定についてを議題 とし、討論を行
R7dai3kaiteireikaikaigiroku,2025,1513,予算,を行います。本案に対する予算決算委員会委員長の報告は、認定です。日程第１２、認定第６号
R7dai3kaiteireikaikaigiroku,2025,1513,決算,を行います。本案に対する予算決算委員会委員長の報告は、認定です。日程第１２、認定第６号
R7dai3kaiteireikaikaigiroku,2025,1514,予算,も、予算決算委員会委員長の報告のとおり決定することに賛成の方は、起立願います。
R7dai3kaiteireikaikaigiroku,2025,1514,決算,も、予算決算委員会委員長の報告のとおり決定することに賛成の方は、起立願います。
R7dai3kaiteireikaikaigiroku,2025,1517,決算,奈良県住宅新築資金等貸付金回収管理組合市町村特別会計括弧御杖村分歳入歳出決算の認
R7dai3kaiteireikaikaigiroku,2025,1518,予算,定についても、予算決算委員会委員長の報告のとおり認定されました。
R7dai3kaiteireikaikaigiroku,2025,1518,決算,定についても、予算決算委員会委員長の報告のとおり認定されました。
R7dai4kaiteireikaigiketukekka,2025,2,予算,●村長提出議案（条例６件、規約１件、予算４件、計１１件）
R7dai4kaiteireikaigiketukekka,2025,27,予算,議 案                                                        予算決算
R7dai4kaiteireikaigiketukekka,2025,27,決算,議 案                                                        予算決算
R7dai4kaiteireikaigiketukekka,2025,28,予算,令和７年度御杖村一般会計補正予算（第４号）の議定について        〃     R7.12.9          R7.12.15   可 決   R7.12.17    〃
R7dai4kaiteireikaigiketukekka,2025,28,補正予算,令和７年度御杖村一般会計補正予算（第４号）の議定について        〃     R7.12.9          R7.12.15   可 決   R7.12.17    〃
R7dai4kaiteireikaigiketukekka,2025,30,予算,議 案    令和７年度御杖村国民健康保険特別会計補正予算（第１号）の議定に
R7dai4kaiteireikaigiketukekka,2025,30,補正予算,議 案    令和７年度御杖村国民健康保険特別会計補正予算（第１号）の議定に
R7dai4kaiteireikaigiketukekka,2025,34,予算,令和７年度御杖村介護保険特別会計補正予算（第３号）の議定について    〃       〃        〃       〃        〃       〃         〃
R7dai4kaiteireikaigiketukekka,2025,34,補正予算,令和７年度御杖村介護保険特別会計補正予算（第３号）の議定について    〃       〃        〃       〃        〃       〃         〃
R7dai4kaiteireikaigiketukekka,2025,36,予算,議 案    令和７年度御杖村後期高齢者医療特別会計補正予算（第２号）の議定
R7dai4kaiteireikaigiketukekka,2025,36,補正予算,議 案    令和７年度御杖村後期高齢者医療特別会計補正予算（第２号）の議定
R7dai4kaiteireikaikaigiroku,2025,60,予算,◎議案第４８号令和７年度御杖村一般会計補正予算（第４号）の議定について
R7dai4kaiteireikaikaigiroku,2025,60,補正予算,◎議案第４８号令和７年度御杖村一般会計補正予算（第４号）の議定について
R7dai4kaiteireikaikaigiroku,2025,61,予算,[上程、説明、総括的質疑、予算決算委員会付託] ・・・・・・・・・・・・・・・・・・・・・・・・・・・ －23－
R7dai4kaiteireikaikaigiroku,2025,61,決算,[上程、説明、総括的質疑、予算決算委員会付託] ・・・・・・・・・・・・・・・・・・・・・・・・・・・ －23－
R7dai4kaiteireikaikaigiroku,2025,62,予算,◎議案第４９号令和７年度御杖村国民健康保険特別会計補正予算（第１号）の議定について
R7dai4kaiteireikaikaigiroku,2025,62,補正予算,◎議案第４９号令和７年度御杖村国民健康保険特別会計補正予算（第１号）の議定について
R7dai4kaiteireikaikaigiroku,2025,63,予算,[上程、説明、総括的質疑、予算決算委員会付託] ・・・・・・・・・・・・・・・・・・・・・・・・・・・ －23－
R7dai4kaiteireikaikaigiroku,2025,63,決算,[上程、説明、総括的質疑、予算決算委員会付託] ・・・・・・・・・・・・・・・・・・・・・・・・・・・ －23－
R7dai4kaiteireikaikaigiroku,2025,64,予算,◎議案第５０号令和７年度御杖村介護保険特別会計補正予算（第３号）の議定について
R7dai4kaiteireikaikaigiroku,2025,64,補正予算,◎議案第５０号令和７年度御杖村介護保険特別会計補正予算（第３号）の議定について
R7dai4kaiteireikaikaigiroku,2025,65,予算,[上程、説明、総括的質疑、予算決算委員会付託] ・・・・・・・・・・・・・・・・・・・・・・・・・・・ －24－
R7dai4kaiteireikaikaigiroku,2025,65,決算,[上程、説明、総括的質疑、予算決算委員会付託] ・・・・・・・・・・・・・・・・・・・・・・・・・・・ －24－
R7dai4kaiteireikaikaigiroku,2025,66,予算,◎議案第５１号令和７年度御杖村後期高齢者医療特別会計補正予算（第２号）の議定について
R7dai4kaiteireikaikaigiroku,2025,66,補正予算,◎議案第５１号令和７年度御杖村後期高齢者医療特別会計補正予算（第２号）の議定について
R7dai4kaiteireikaikaigiroku,2025,67,予算,[上程、説明、総括的質疑、予算決算委員会付託] ・・・・・・・・・・・・・・・・・・・・・・・・・・・ －25－
R7dai4kaiteireikaikaigiroku,2025,67,決算,[上程、説明、総括的質疑、予算決算委員会付託] ・・・・・・・・・・・・・・・・・・・・・・・・・・・ －25－
R7dai4kaiteireikaikaigiroku,2025,81,予算,◎議案第４８号令和７年度御杖村一般会計補正予算（第４号）の議定について、議案第４９号令和
R7dai4kaiteireikaikaigiroku,2025,81,補正予算,◎議案第４８号令和７年度御杖村一般会計補正予算（第４号）の議定について、議案第４９号令和
R7dai4kaiteireikaikaigiroku,2025,82,予算,７年度御杖村国民健康保険特別会計補正予算（第１号）の議定について、議案第５０号令和７
R7dai4kaiteireikaikaigiroku,2025,82,補正予算,７年度御杖村国民健康保険特別会計補正予算（第１号）の議定について、議案第５０号令和７
R7dai4kaiteireikaikaigiroku,2025,83,予算,年度御杖村介護保険特別会計補正予算（第３号）の議定について、議案第５１号令和７年度御杖
R7dai4kaiteireikaikaigiroku,2025,83,補正予算,年度御杖村介護保険特別会計補正予算（第３号）の議定について、議案第５１号令和７年度御杖
R7dai4kaiteireikaikaigiroku,2025,84,予算,村後期高齢者医療特別会計補正予算（第２号）の議定について
R7dai4kaiteireikaikaigiroku,2025,84,補正予算,村後期高齢者医療特別会計補正予算（第２号）の議定について
R7dai4kaiteireikaikaigiroku,2025,86,予算,◎議案第４８号令和７年度御杖村一般会計補正予算(第４号)の議定について
R7dai4kaiteireikaikaigiroku,2025,86,補正予算,◎議案第４８号令和７年度御杖村一般会計補正予算(第４号)の議定について
R7dai4kaiteireikaikaigiroku,2025,88,予算,◎議案第４９号令和７年度御杖村国民健康保険特別会計補正予算(第１号)の議定について
R7dai4kaiteireikaikaigiroku,2025,88,補正予算,◎議案第４９号令和７年度御杖村国民健康保険特別会計補正予算(第１号)の議定について
R7dai4kaiteireikaikaigiroku,2025,90,予算,◎議案第５０号令和６年度御杖村介護保険特別会計補正予算(第３号)の議定について
R7dai4kaiteireikaikaigiroku,2025,90,補正予算,◎議案第５０号令和６年度御杖村介護保険特別会計補正予算(第３号)の議定について
R7dai4kaiteireikaikaigiroku,2025,92,予算,◎議案第５１号令和７年度御杖村後期高齢者医療特別会計補正予算(第２号)の議定について
R7dai4kaiteireikaikaigiroku,2025,92,補正予算,◎議案第５１号令和７年度御杖村後期高齢者医療特別会計補正予算(第２号)の議定について
R7dai4kaiteireikaikaigiroku,2025,140,予算,第１３ 議案第４８号 [予算決算委員会付託]
R7dai4kaiteireikaikaigiroku,2025,140,決算,第１３ 議案第４８号 [予算決算委員会付託]
R7dai4kaiteireikaikaigiroku,2025,141,予算,令和７年度御杖村一般会計補正予算（第４号）の議定について
R7dai4kaiteireikaikaigiroku,2025,141,補正予算,令和７年度御杖村一般会計補正予算（第４号）の議定について
R7dai4kaiteireikaikaigiroku,2025,142,予算,第１４ 議案第４９号 [予算決算委員会付託]
R7dai4kaiteireikaikaigiroku,2025,142,決算,第１４ 議案第４９号 [予算決算委員会付託]
R7dai4kaiteireikaikaigiroku,2025,143,予算,令和７年度御杖村国民健康保険特別会計補正予算（第１号）の議定について
R7dai4kaiteireikaikaigiroku,2025,143,補正予算,令和７年度御杖村国民健康保険特別会計補正予算（第１号）の議定について
R7dai4kaiteireikaikaigiroku,2025,144,予算,第１５ 議案第５０号 [予算決算委員会付託]
R7dai4kaiteireikaikaigiroku,2025,144,決算,第１５ 議案第５０号 [予算決算委員会付託]
R7dai4kaiteireikaikaigiroku,2025,145,予算,令和７年度御杖村介護保険特別会計補正予算（第３号）の議定について
R7dai4kaiteireikaikaigiroku,2025,145,補正予算,令和７年度御杖村介護保険特別会計補正予算（第３号）の議定について
R7dai4kaiteireikaikaigiroku,2025,146,予算,第１６ 議案第５１号 [予算決算委員会付託]
R7dai4kaiteireikaikaigiroku,2025,146,決算,第１６ 議案第５１号 [予算決算委員会付託]
R7dai4kaiteireikaikaigiroku,2025,147,予算,令和６年度御杖村後期高齢者医者医療特別会計補正予算（第２号）の議定について
R7dai4kaiteireikaikaigiroku,2025,147,補正予算,令和６年度御杖村後期高齢者医者医療特別会計補正予算（第２号）の議定について
R7dai4kaiteireikaikaigiroku,2025,218,予算,員協議会を１２月１０日水曜日、予算決算委員会を１２月１５日月曜日、続会議を１２月１７日水曜
R7dai4kaiteireikaikaigiroku,2025,218,決算,員協議会を１２月１０日水曜日、予算決算委員会を１２月１５日月曜日、続会議を１２月１７日水曜
R7dai4kaiteireikaikaigiroku,2025,223,予算,ては、開会日即決とし、令和７年度一般会計及び特別会計における補正予算４件については、予
R7dai4kaiteireikaikaigiroku,2025,223,補正予算,ては、開会日即決とし、令和７年度一般会計及び特別会計における補正予算４件については、予
R7dai4kaiteireikaikaigiroku,2025,224,決算,算決算委員会へ付託することと致しました。最後に、次回令和８年第１回定例会の会期を検討す
R7dai4kaiteireikaikaigiroku,2025,251,予算,年度東宇陀環境衛生組合一般会計補正予算第 1 号について、認定第１号、令和６年度東宇陀環
R7dai4kaiteireikaikaigiroku,2025,251,補正予算,年度東宇陀環境衛生組合一般会計補正予算第 1 号について、認定第１号、令和６年度東宇陀環
R7dai4kaiteireikaikaigiroku,2025,252,決算,境衛生組合一般会計歳入歳出決算について、以上３件が提案されました。承認第１号、専決処
R7dai4kaiteireikaikaigiroku,2025,255,予算,令和７年度東宇陀環境衛生組合一般会計補正予算第 1 号について、歳入歳出それぞれ１，７１９
R7dai4kaiteireikaikaigiroku,2025,255,補正予算,令和７年度東宇陀環境衛生組合一般会計補正予算第 1 号について、歳入歳出それぞれ１，７１９
R7dai4kaiteireikaikaigiroku,2025,256,予算,万６千円の増額予算することで可決されました。認定第１号、令和６年度東宇陀環境衛生組合一
R7dai4kaiteireikaikaigiroku,2025,257,決算,般会計歳入歳出決算については、令和６年度一般会計歳入歳出決算について、歳入額２億７，４
R7dai4kaiteireikaikaigiroku,2025,258,繰越,９５万５，０３９円、歳出額２億５，６７５万８，４５０円で翌年度繰越額が１，８１９万６，５８９円となり、
R7dai4kaiteireikaikaigiroku,2025,283,決算,入歳出決算認定について、認第２号令和６年度桜井宇陀広域連合ふるさと市町村圏基金特別会
R7dai4kaiteireikaikaigiroku,2025,283,基金,入歳出決算認定について、認第２号令和６年度桜井宇陀広域連合ふるさと市町村圏基金特別会
R7dai4kaiteireikaikaigiroku,2025,284,決算,計歳入歳出決算認定について、認第３号令和６年度桜井宇陀広域連合介護保険特別会計歳入
R7dai4kaiteireikaikaigiroku,2025,285,決算,歳出決算認定についての３件で、監査委員の審査意見や関係資料をつけて認定に付され、いず
R7dai4kaiteireikaikaigiroku,2025,289,決算,いて簡略にご報告いたします。認第１号の一般会計歳入歳出決算認定についてでは、歳入総額
R7dai4kaiteireikaikaigiroku,2025,292,繰越,金が１，２６０万円、令和５年度からの繰越金が２５１万１，７７６円となっています。歳出では、議会
R7dai4kaiteireikaikaigiroku,2025,295,決算,るさと市町村圏基金特別会計歳入歳出決算認定についてでは、歳入総額１，０８１万５，３７３円、
R7dai4kaiteireikaikaigiroku,2025,295,基金,るさと市町村圏基金特別会計歳入歳出決算認定についてでは、歳入総額１，０８１万５，３７３円、
R7dai4kaiteireikaikaigiroku,2025,297,基金,令和７年度へ繰り越すことになりました。歳入では、構成４市村からの負担金が４００万円、基金運
R7dai4kaiteireikaikaigiroku,2025,298,繰越,用益及び預金利息が３３５万９，１１２円、令和５年度からの繰越金が１４９万８０１円及び諸収入とし
R7dai4kaiteireikaikaigiroku,2025,302,決算,計歳入歳出決算認定についてでは、歳入総額５，９７７万８，１３６円、歳出総額５，０９３万１１２円
R7dai4kaiteireikaikaigiroku,2025,326,決算,承認されました。認定第１号令和６年度宇陀衛生一部事務組合一般会計歳入歳出決算について
R7dai4kaiteireikaikaigiroku,2025,327,決算,は、歳入総額１億１，０７５万３，２９１円、歳出総額１億７５１万５，５７６円で、決算の結果、差引３２３
R7dai4kaiteireikaikaigiroku,2025,328,決算,万７，７１５円の黒字決算となりました。同意第１号宇陀衛生一部事務組合公平委員会委員の選任
R7dai4kaiteireikaikaigiroku,2025,351,予算,歳出決算の認定について、議第７号案令和７年度曽爾御杖行政一部事務組合一般会計予算補
R7dai4kaiteireikaikaigiroku,2025,351,決算,歳出決算の認定について、議第７号案令和７年度曽爾御杖行政一部事務組合一般会計予算補
R7dai4kaiteireikaikaigiroku,2025,358,決算,和６年度曽爾御杖行政一部事務組合一般会計歳入 歳出決算認定については、事務局長から
R7dai4kaiteireikaikaigiroku,2025,360,決算,度実質収支１５４万９，２２６円の黒字決算とする概要について説明のあと、福田監査委員より監査
R7dai4kaiteireikaikaigiroku,2025,361,予算,報告がなされました。議第８号案令和７年度曽爾御杖行政一部事務組合一般会計予算補正第１
R7dai4kaiteireikaikaigiroku,2025,362,予算,号については、歳入歳出予算の総額に歳入歳出それぞれ１１２万円を追加し、歳入歳出予算の
R7dai4kaiteireikaikaigiroku,2025,384,予算,業が着実に実施できるよう予算の確保に関する要望活動を行いました。続いて、奈良県の町村長
R7dai4kaiteireikaikaigiroku,2025,394,予算,議会と奈良県簡易水道協会の合同要望活動として、事業予算の確保に関する要望活動を行いま
R7dai4kaiteireikaikaigiroku,2025,403,予算,最後に、本定例会には、条例改正、規約廃止協議、補正予算等１１件提出しております。慎重審
R7dai4kaiteireikaikaigiroku,2025,403,補正予算,最後に、本定例会には、条例改正、規約廃止協議、補正予算等１１件提出しております。慎重審
R7dai4kaiteireikaikaigiroku,2025,530,予算,等への事業費補助として４百万程度予算化されていましたが、今年度はこの事業費補助がなくな
R7dai4kaiteireikaikaigiroku,2025,537,予算,たな農地の景観保全事業として、来年度予算化できないでしょうか。持続可能なむらつくりを実現
R7dai4kaiteireikaikaigiroku,2025,564,補助金,が１０割になるということで、、補助金の嵩上げがあるということですけれども、これは具体的にどう
R7dai4kaiteireikaikaigiroku,2025,695,取得,若者の定住人口の確保に努めて参りましたが、奨励金を取得した後、転出されるケースもあり、本
R7dai4kaiteireikaikaigiroku,2025,1006,予算,◎議案第４８号令和７年度御杖村一般会計補正予算（第４号）
R7dai4kaiteireikaikaigiroku,2025,1006,補正予算,◎議案第４８号令和７年度御杖村一般会計補正予算（第４号）
R7dai4kaiteireikaikaigiroku,2025,1008,予算,［上程、説明、総括的質疑、予算決算委員会付託］
R7dai4kaiteireikaikaigiroku,2025,1008,決算,［上程、説明、総括的質疑、予算決算委員会付託］
R7dai4kaiteireikaikaigiroku,2025,1009,予算,○議長（寺前伊平君）：次に、日程第１３、議案第４８号、令和７年度御杖村一般会計補正予算第４号
R7dai4kaiteireikaikaigiroku,2025,1009,補正予算,○議長（寺前伊平君）：次に、日程第１３、議案第４８号、令和７年度御杖村一般会計補正予算第４号
R7dai4kaiteireikaikaigiroku,2025,1020,予算,委員会副委員長の報告のとおり、全員協議会で詳細な説明を受け、予算決算委員会に付託する
R7dai4kaiteireikaikaigiroku,2025,1020,決算,委員会副委員長の報告のとおり、全員協議会で詳細な説明を受け、予算決算委員会に付託する
R7dai4kaiteireikaikaigiroku,2025,1024,予算,村一般会計補正予算第４号の議定については、予算決算委員会に付託することに決定しました。
R7dai4kaiteireikaikaigiroku,2025,1024,補正予算,村一般会計補正予算第４号の議定については、予算決算委員会に付託することに決定しました。
R7dai4kaiteireikaikaigiroku,2025,1024,決算,村一般会計補正予算第４号の議定については、予算決算委員会に付託することに決定しました。
R7dai4kaiteireikaikaigiroku,2025,1028,予算,補正予算（第１号）の議定について
R7dai4kaiteireikaikaigiroku,2025,1028,補正予算,補正予算（第１号）の議定について
R7dai4kaiteireikaikaigiroku,2025,1029,予算,［上程、説明、総括的質疑、予算決算委員会付託］
R7dai4kaiteireikaikaigiroku,2025,1029,決算,［上程、説明、総括的質疑、予算決算委員会付託］
R7dai4kaiteireikaikaigiroku,2025,1032,予算,補正予算第１号の議定についてを議題と致します。本案について、提案理由の説明を求めます。
R7dai4kaiteireikaikaigiroku,2025,1032,補正予算,補正予算第１号の議定についてを議題と致します。本案について、提案理由の説明を求めます。
R7dai4kaiteireikaikaigiroku,2025,1046,予算,員会副委員長の報告のとおり、全員協議会で詳細な説明を受け、予算決算委員会に付託するこ
R7dai4kaiteireikaikaigiroku,2025,1046,決算,員会副委員長の報告のとおり、全員協議会で詳細な説明を受け、予算決算委員会に付託するこ
R7dai4kaiteireikaikaigiroku,2025,1050,予算,村国民健康保険特別会計補正予算第１号の議定についても、予算決算委員会に付託することに
R7dai4kaiteireikaikaigiroku,2025,1050,補正予算,村国民健康保険特別会計補正予算第１号の議定についても、予算決算委員会に付託することに
R7dai4kaiteireikaikaigiroku,2025,1050,決算,村国民健康保険特別会計補正予算第１号の議定についても、予算決算委員会に付託することに
R7dai4kaiteireikaikaigiroku,2025,1054,予算,◎議案第５０号令和７年度御杖村介護保険特別会計補正予算
R7dai4kaiteireikaikaigiroku,2025,1054,補正予算,◎議案第５０号令和７年度御杖村介護保険特別会計補正予算
R7dai4kaiteireikaikaigiroku,2025,1056,予算,［上程、説明、総括的質疑、予算決算委員会付託］
R7dai4kaiteireikaikaigiroku,2025,1056,決算,［上程、説明、総括的質疑、予算決算委員会付託］
R7dai4kaiteireikaikaigiroku,2025,1058,予算,予算第３号の議定についてを議題と致します。本案について、提案理由の説明を求めます。伊藤
R7dai4kaiteireikaikaigiroku,2025,1069,予算,員会副委員長の報告のとおり、全員協議会で詳細な説明を受け、予算決算委員会に付託するこ
R7dai4kaiteireikaikaigiroku,2025,1069,決算,員会副委員長の報告のとおり、全員協議会で詳細な説明を受け、予算決算委員会に付託するこ
R7dai4kaiteireikaikaigiroku,2025,1074,予算,村介護保険特別会計補正予算第３号の議定についても、予算決算委員会に付託することに決定
R7dai4kaiteireikaikaigiroku,2025,1074,補正予算,村介護保険特別会計補正予算第３号の議定についても、予算決算委員会に付託することに決定
R7dai4kaiteireikaikaigiroku,2025,1074,決算,村介護保険特別会計補正予算第３号の議定についても、予算決算委員会に付託することに決定
R7dai4kaiteireikaikaigiroku,2025,1079,予算,補正予算（第２号）の議定について
R7dai4kaiteireikaikaigiroku,2025,1079,補正予算,補正予算（第２号）の議定について
R7dai4kaiteireikaikaigiroku,2025,1080,予算,［上程、説明、総括的質疑、予算決算委員会付託］
R7dai4kaiteireikaikaigiroku,2025,1080,決算,［上程、説明、総括的質疑、予算決算委員会付託］
R7dai4kaiteireikaikaigiroku,2025,1082,予算,計補正予算第２号の議定についてを議題と致します。本案について、提案理由の説明を求めま
R7dai4kaiteireikaikaigiroku,2025,1082,補正予算,計補正予算第２号の議定についてを議題と致します。本案について、提案理由の説明を求めま
R7dai4kaiteireikaikaigiroku,2025,1093,予算,員会副委員長の報告のとおり、全員協議会で詳細な説明を受け、予算決算委員会に付託するこ
R7dai4kaiteireikaikaigiroku,2025,1093,決算,員会副委員長の報告のとおり、全員協議会で詳細な説明を受け、予算決算委員会に付託するこ
R7dai4kaiteireikaikaigiroku,2025,1097,予算,村後期高齢者医療特別会計補正予算第２号の議定についても、予算決算委員会に付託すること
R7dai4kaiteireikaikaigiroku,2025,1097,補正予算,村後期高齢者医療特別会計補正予算第２号の議定についても、予算決算委員会に付託すること
R7dai4kaiteireikaikaigiroku,2025,1097,決算,村後期高齢者医療特別会計補正予算第２号の議定についても、予算決算委員会に付託すること
R7dai4kaiteireikaikaigiroku,2025,1123,予算,令和７年度御杖村一般会計補正予算（第４号）の議定について
R7dai4kaiteireikaikaigiroku,2025,1123,補正予算,令和７年度御杖村一般会計補正予算（第４号）の議定について
R7dai4kaiteireikaikaigiroku,2025,1125,予算,令和７年度御杖村国民健康保険特別会計補正予算(第１号)の議定について
R7dai4kaiteireikaikaigiroku,2025,1125,補正予算,令和７年度御杖村国民健康保険特別会計補正予算(第１号)の議定について
R7dai4kaiteireikaikaigiroku,2025,1127,予算,令和７年度御杖村介護保険特別会計補正予算（第３号）の議定について
R7dai4kaiteireikaikaigiroku,2025,1127,補正予算,令和７年度御杖村介護保険特別会計補正予算（第３号）の議定について
R7dai4kaiteireikaikaigiroku,2025,1129,予算,令和６年度御杖村後期高齢者医療特別会計補正予算（第２号）の議定について
R7dai4kaiteireikaikaigiroku,2025,1129,補正予算,令和６年度御杖村後期高齢者医療特別会計補正予算（第２号）の議定について
R7dai4kaiteireikaikaigiroku,2025,1171,予算,◎議案第４８号令和７年度御杖村一般会計補正予算(第４号)
R7dai4kaiteireikaikaigiroku,2025,1171,補正予算,◎議案第４８号令和７年度御杖村一般会計補正予算(第４号)
R7dai4kaiteireikaikaigiroku,2025,1173,予算,保険特別会計補正予算(第１号)の議定について、議案第５０
R7dai4kaiteireikaikaigiroku,2025,1173,補正予算,保険特別会計補正予算(第１号)の議定について、議案第５０
R7dai4kaiteireikaikaigiroku,2025,1174,予算,号令和７年度御杖村介護保険特別会計補正予算(第３号)の
R7dai4kaiteireikaikaigiroku,2025,1174,補正予算,号令和７年度御杖村介護保険特別会計補正予算(第３号)の
R7dai4kaiteireikaikaigiroku,2025,1176,予算,医療特別会計補正予算(第２号)の議定について
R7dai4kaiteireikaikaigiroku,2025,1176,補正予算,医療特別会計補正予算(第２号)の議定について
R7dai4kaiteireikaikaigiroku,2025,1179,予算,計補正予算第４号の議定について、日程第２､議案第４９号、令和７年度御杖村国民健康保険特
R7dai4kaiteireikaikaigiroku,2025,1179,補正予算,計補正予算第４号の議定について、日程第２､議案第４９号、令和７年度御杖村国民健康保険特
R7dai4kaiteireikaikaigiroku,2025,1180,予算,別会計補正予算第１号の議定について、日程第３､議案第５０号、令和７年度御杖村介護保険特
R7dai4kaiteireikaikaigiroku,2025,1180,補正予算,別会計補正予算第１号の議定について、日程第３､議案第５０号、令和７年度御杖村介護保険特
R7dai4kaiteireikaikaigiroku,2025,1181,予算,別会計補正予算第３号の議定について、日程第４､議案第５１号、令和７年度御杖村後期高齢者
R7dai4kaiteireikaikaigiroku,2025,1181,補正予算,別会計補正予算第３号の議定について、日程第４､議案第５１号、令和７年度御杖村後期高齢者
R7dai4kaiteireikaikaigiroku,2025,1182,予算,医療特別会計補正予算第２号の議定について、以上の４議案につきましては、予算決算委員会
R7dai4kaiteireikaikaigiroku,2025,1182,補正予算,医療特別会計補正予算第２号の議定について、以上の４議案につきましては、予算決算委員会
R7dai4kaiteireikaikaigiroku,2025,1182,決算,医療特別会計補正予算第２号の議定について、以上の４議案につきましては、予算決算委員会
R7dai4kaiteireikaikaigiroku,2025,1187,予算,４１条第１項の規定に基づき、予算決算委員会委員長より一括して審査経過及び結果の報告をお
R7dai4kaiteireikaikaigiroku,2025,1187,決算,４１条第１項の規定に基づき、予算決算委員会委員長より一括して審査経過及び結果の報告をお
R7dai4kaiteireikaikaigiroku,2025,1191,予算,○４番（福田麻衣子君）：それでは、予算決算委員会を代表しまして、当委員会に付託されました、
R7dai4kaiteireikaikaigiroku,2025,1191,決算,○４番（福田麻衣子君）：それでは、予算決算委員会を代表しまして、当委員会に付託されました、
R7dai4kaiteireikaikaigiroku,2025,1192,予算,議案第４８号から議案第５１号の補正予算に関する４議案につきまして、一括して、審査の経緯と
R7dai4kaiteireikaikaigiroku,2025,1192,補正予算,議案第４８号から議案第５１号の補正予算に関する４議案につきまして、一括して、審査の経緯と
R7dai4kaiteireikaikaigiroku,2025,1195,予算,おける補正予算４議案が付託されたことによりまして、１２月１５日、月曜日、午前１０時から予算
R7dai4kaiteireikaikaigiroku,2025,1195,補正予算,おける補正予算４議案が付託されたことによりまして、１２月１５日、月曜日、午前１０時から予算
R7dai4kaiteireikaikaigiroku,2025,1196,決算,決算委員会を開催いたしました。審査の経過でございますが、会計ごとに１２月１０日に開催されま
R7dai4kaiteireikaikaigiroku,2025,1200,予算,割愛をさせていただきます。採決の結果につきましては、付託された補正予算４議案ともに全員の
R7dai4kaiteireikaikaigiroku,2025,1200,補正予算,割愛をさせていただきます。採決の結果につきましては、付託された補正予算４議案ともに全員の
R7dai4kaiteireikaikaigiroku,2025,1202,予算,賛成により、原案のとおり可決すべきものと決定いたしました。以上、簡単ではございますが、予算
R7dai4kaiteireikaikaigiroku,2025,1203,決算,決算委員会の報告とさせていただきます。
R7dai4kaiteireikaikaigiroku,2025,1204,予算,○議長（寺前伊平君）：福田委員長、ご苦労様でした。これから、予算決算委員会委員長報告に対
R7dai4kaiteireikaikaigiroku,2025,1204,決算,○議長（寺前伊平君）：福田委員長、ご苦労様でした。これから、予算決算委員会委員長報告に対
R7dai4kaiteireikaikaigiroku,2025,1210,予算,◎議案第４８号令和７年度御杖村一般会計補正予算(第４号)
R7dai4kaiteireikaikaigiroku,2025,1210,補正予算,◎議案第４８号令和７年度御杖村一般会計補正予算(第４号)
R7dai4kaiteireikaikaigiroku,2025,1213,予算,○議長（寺前伊平君）：先ず、日程第１､議案第４８号、令和７年度御杖村一般会計補正予算第４号
R7dai4kaiteireikaikaigiroku,2025,1213,補正予算,○議長（寺前伊平君）：先ず、日程第１､議案第４８号、令和７年度御杖村一般会計補正予算第４号
R7dai4kaiteireikaikaigiroku,2025,1217,予算,を行います。本案に対する予算決算委員会委員長の報告は、可決です。日程第１、議案第４８号
R7dai4kaiteireikaikaigiroku,2025,1217,決算,を行います。本案に対する予算決算委員会委員長の報告は、可決です。日程第１、議案第４８号
R7dai4kaiteireikaikaigiroku,2025,1218,予算,を、予算決算委員会委員長の報告のとおり決定することに賛成の方は、起立願います。
R7dai4kaiteireikaikaigiroku,2025,1218,決算,を、予算決算委員会委員長の報告のとおり決定することに賛成の方は、起立願います。
R7dai4kaiteireikaikaigiroku,2025,1221,予算,御杖村一般会計補正予算第４号の議定については、予算決算委員会委員長の報告のとおり可
R7dai4kaiteireikaikaigiroku,2025,1221,補正予算,御杖村一般会計補正予算第４号の議定については、予算決算委員会委員長の報告のとおり可
R7dai4kaiteireikaikaigiroku,2025,1221,決算,御杖村一般会計補正予算第４号の議定については、予算決算委員会委員長の報告のとおり可
R7dai4kaiteireikaikaigiroku,2025,1226,予算,会計補正予算(第１号)の議定について
R7dai4kaiteireikaikaigiroku,2025,1226,補正予算,会計補正予算(第１号)の議定について
R7dai4kaiteireikaikaigiroku,2025,1229,予算,正予算第１号の議定についてを議題とし、討論を行います。討論はありませんか。
R7dai4kaiteireikaikaigiroku,2025,1232,予算,を行います。本案に対する予算決算委員会委員長の報告は、可決です。日程第２、議案第４９号
R7dai4kaiteireikaikaigiroku,2025,1232,決算,を行います。本案に対する予算決算委員会委員長の報告は、可決です。日程第２、議案第４９号
R7dai4kaiteireikaikaigiroku,2025,1233,予算,も、予算決算委員会委員長の報告のとおり決定することに賛成の方は、起立願います。
R7dai4kaiteireikaikaigiroku,2025,1233,決算,も、予算決算委員会委員長の報告のとおり決定することに賛成の方は、起立願います。
R7dai4kaiteireikaikaigiroku,2025,1236,予算,御杖村国民健康保険特別会計補正予算第１号の議定についても、予算決算委員会委員長の報
R7dai4kaiteireikaikaigiroku,2025,1236,補正予算,御杖村国民健康保険特別会計補正予算第１号の議定についても、予算決算委員会委員長の報
R7dai4kaiteireikaikaigiroku,2025,1236,決算,御杖村国民健康保険特別会計補正予算第１号の議定についても、予算決算委員会委員長の報
R7dai4kaiteireikaikaigiroku,2025,1241,予算,補正予算(第３号)の議定について
R7dai4kaiteireikaikaigiroku,2025,1241,補正予算,補正予算(第３号)の議定について
R7dai4kaiteireikaikaigiroku,2025,1248,予算,を行います。本案に対する予算決算委員会委員長の報告は、可決です。日程第３、議案第５０号
R7dai4kaiteireikaikaigiroku,2025,1248,決算,を行います。本案に対する予算決算委員会委員長の報告は、可決です。日程第３、議案第５０号
R7dai4kaiteireikaikaigiroku,2025,1249,予算,も、予算決算委員会委員長の報告のとおり決定することに賛成の方は、起立願います。
R7dai4kaiteireikaikaigiroku,2025,1249,決算,も、予算決算委員会委員長の報告のとおり決定することに賛成の方は、起立願います。
R7dai4kaiteireikaikaigiroku,2025,1252,予算,御杖村介護保険特別会計補正予算第３号の議定についても、予算決算委員会委員長の報告の
R7dai4kaiteireikaikaigiroku,2025,1252,補正予算,御杖村介護保険特別会計補正予算第３号の議定についても、予算決算委員会委員長の報告の
R7dai4kaiteireikaikaigiroku,2025,1252,決算,御杖村介護保険特別会計補正予算第３号の議定についても、予算決算委員会委員長の報告の
R7dai4kaiteireikaikaigiroku,2025,1257,予算,会計補正予算(第２号)の議定について
R7dai4kaiteireikaikaigiroku,2025,1257,補正予算,会計補正予算(第２号)の議定について
R7dai4kaiteireikaikaigiroku,2025,1260,予算,補正予算第２号の議定についてを議題とし、討論を行います。討論はありませんか。
R7dai4kaiteireikaikaigiroku,2025,1260,補正予算,補正予算第２号の議定についてを議題とし、討論を行います。討論はありませんか。
R7dai4kaiteireikaikaigiroku,2025,1263,予算,を行います。本案に対する予算決算委員会委員長の報告は、可決です。日程第４、議案第５１号
R7dai4kaiteireikaikaigiroku,2025,1263,決算,を行います。本案に対する予算決算委員会委員長の報告は、可決です。日程第４、議案第５１号
R7dai4kaiteireikaikaigiroku,2025,1264,予算,も、予算決算委員会委員長の報告のとおり決定することに賛成の方は、起立願います。
R7dai4kaiteireikaikaigiroku,2025,1264,決算,も、予算決算委員会委員長の報告のとおり決定することに賛成の方は、起立願います。
R7dai4kaiteireikaikaigiroku,2025,1267,予算,御杖村後期高齢者医療特別会計補正予算第２号の議定についても、予算決算委員会委員長の
R7dai4kaiteireikaikaigiroku,2025,1267,補正予算,御杖村後期高齢者医療特別会計補正予算第２号の議定についても、予算決算委員会委員長の
R7dai4kaiteireikaikaigiroku,2025,1267,決算,御杖村後期高齢者医療特別会計補正予算第２号の議定についても、予算決算委員会委員長の
R86teireigikaigijiroku,2026,42,財産,◎議案第２６号 財産の取得について
R86teireigikaigijiroku,2026,42,取得,◎議案第２６号 財産の取得について
R86teireigikaigijiroku,2026,44,契約,◎議案第２７号 みつえ青少年旅行村新規サイト敷地整備工事請負契約の締結について
R86teireigikaigijiroku,2026,44,工事,◎議案第２７号 みつえ青少年旅行村新規サイト敷地整備工事請負契約の締結について
R86teireigikaigijiroku,2026,46,予算,◎議案第２８号 令和８年度御杖村一般会計補正予算(第１号)の議定について
R86teireigikaigijiroku,2026,46,補正予算,◎議案第２８号 令和８年度御杖村一般会計補正予算(第１号)の議定について
R86teireigikaigijiroku,2026,47,予算,[上程、説明、総括的質疑、予算決算委員会付託] ・・・・・・・・・・・・・・・ －15－
R86teireigikaigijiroku,2026,47,決算,[上程、説明、総括的質疑、予算決算委員会付託] ・・・・・・・・・・・・・・・ －15－
R86teireigikaigijiroku,2026,48,予算,◎議案第２９号 令和８年度御杖村国民健康保険特別会計補正予算(第１号）の議定について
R86teireigikaigijiroku,2026,48,補正予算,◎議案第２９号 令和８年度御杖村国民健康保険特別会計補正予算(第１号）の議定について
R86teireigikaigijiroku,2026,49,予算,[上程、説明、総括的質疑、予算決算委員会付託] ・・・・・・・・・・・・・・・ －15－
R86teireigikaigijiroku,2026,49,決算,[上程、説明、総括的質疑、予算決算委員会付託] ・・・・・・・・・・・・・・・ －15－
R86teireigikaigijiroku,2026,50,予算,◎議案第３０号 令和８年度御杖村介護保険特別会計補正予算（第１号）の議定について
R86teireigikaigijiroku,2026,50,補正予算,◎議案第３０号 令和８年度御杖村介護保険特別会計補正予算（第１号）の議定について
R86teireigikaigijiroku,2026,51,予算,[上程、説明、総括的質疑、予算決算委員会付託] ・・・・・・・・・・・・・・・ －16－
R86teireigikaigijiroku,2026,51,決算,[上程、説明、総括的質疑、予算決算委員会付託] ・・・・・・・・・・・・・・・ －16－
R86teireigikaigijiroku,2026,76,繰越,◎報告第 ２号 令和７年度御杖村一般会計繰越明許費繰越計算書の報告について
R86teireigikaigijiroku,2026,92,財産,◎議案第２６号 財産の取得について
R86teireigikaigijiroku,2026,92,取得,◎議案第２６号 財産の取得について
R86teireigikaigijiroku,2026,93,契約,◎議案第２７号 みつえ青少年旅行村新規サイト敷地整備工事請負契約の締結について
R86teireigikaigijiroku,2026,93,工事,◎議案第２７号 みつえ青少年旅行村新規サイト敷地整備工事請負契約の締結について
R86teireigikaigijiroku,2026,95,財産,◎議案第２６号 財産の取得について
R86teireigikaigijiroku,2026,95,取得,◎議案第２６号 財産の取得について
R86teireigikaigijiroku,2026,97,契約,◎議案第２７号 みつえ青少年旅行村新規サイト敷地整備工事請負契約の締結について
R86teireigikaigijiroku,2026,97,工事,◎議案第２７号 みつえ青少年旅行村新規サイト敷地整備工事請負契約の締結について
R86teireigikaigijiroku,2026,99,予算,◎議案第２８号 令和８年度御杖村一般会計補正予算（第１号）の議定について
R86teireigikaigijiroku,2026,99,補正予算,◎議案第２８号 令和８年度御杖村一般会計補正予算（第１号）の議定について
R86teireigikaigijiroku,2026,100,予算,◎議案第２９号 令和８年度御杖村国民健康保険特別会計補正予算(第１号）の議定に
R86teireigikaigijiroku,2026,100,補正予算,◎議案第２９号 令和８年度御杖村国民健康保険特別会計補正予算(第１号）の議定に
R86teireigikaigijiroku,2026,102,予算,◎議案第３０号 令和８年度御杖村介護保険特別会計補正予算（第１号）の議定について
R86teireigikaigijiroku,2026,102,補正予算,◎議案第３０号 令和８年度御杖村介護保険特別会計補正予算（第１号）の議定について
R86teireigikaigijiroku,2026,103,予算,[一括上程、一括予算決算委員長報告、一括委員長質疑] ・・・・・・・・ －27－
R86teireigikaigijiroku,2026,103,決算,[一括上程、一括予算決算委員長報告、一括委員長質疑] ・・・・・・・・ －27－
R86teireigikaigijiroku,2026,104,予算,◎議案第２８号 令和８年度御杖村一般会計補正予算（第１号）の議定について
R86teireigikaigijiroku,2026,104,補正予算,◎議案第２８号 令和８年度御杖村一般会計補正予算（第１号）の議定について
R86teireigikaigijiroku,2026,106,予算,◎議案第２９号 令和８年度御杖村国民健康保険特別会計補正予算(第１号）の議定に
R86teireigikaigijiroku,2026,106,補正予算,◎議案第２９号 令和８年度御杖村国民健康保険特別会計補正予算(第１号）の議定に
R86teireigikaigijiroku,2026,109,予算,◎議案第３０号 令和８年度御杖村介護保険特別会計補正予算（第１号）の議定について
R86teireigikaigijiroku,2026,109,補正予算,◎議案第３０号 令和８年度御杖村介護保険特別会計補正予算（第１号）の議定について
R86teireigikaigijiroku,2026,142,財産,財産の取得について
R86teireigikaigijiroku,2026,142,取得,財産の取得について
R86teireigikaigijiroku,2026,144,契約,みつえ青少年旅行村新規サイト敷地整備工事請負契約の締結について
R86teireigikaigijiroku,2026,144,工事,みつえ青少年旅行村新規サイト敷地整備工事請負契約の締結について
R86teireigikaigijiroku,2026,145,予算,日程第１０ 議案第２８号 【予算決算委員会付託】
R86teireigikaigijiroku,2026,145,決算,日程第１０ 議案第２８号 【予算決算委員会付託】
R86teireigikaigijiroku,2026,146,予算,令和８年度御杖村一般会計補正予算(第１号)の議定について
R86teireigikaigijiroku,2026,146,補正予算,令和８年度御杖村一般会計補正予算(第１号)の議定について
R86teireigikaigijiroku,2026,147,予算,日程第１１ 議案第２９号 【予算決算委員会付託】
R86teireigikaigijiroku,2026,147,決算,日程第１１ 議案第２９号 【予算決算委員会付託】
R86teireigikaigijiroku,2026,148,予算,令和８年度御杖村国民健康保険特別会計補正予算(第１号）の議定について
R86teireigikaigijiroku,2026,148,補正予算,令和８年度御杖村国民健康保険特別会計補正予算(第１号）の議定について
R86teireigikaigijiroku,2026,149,予算,日程第１２ 議案第３０号 【予算決算委員会付託】
R86teireigikaigijiroku,2026,149,決算,日程第１２ 議案第３０号 【予算決算委員会付託】
R86teireigikaigijiroku,2026,150,予算,令和８年度御杖村介護保険特別会計補正予算（第１号）の議定について
R86teireigikaigijiroku,2026,150,補正予算,令和８年度御杖村介護保険特別会計補正予算（第１号）の議定について
R86teireigikaigijiroku,2026,174,繰越,令和７年度御杖村一般会計繰越明許費繰越計算書の報告について
R86teireigikaigijiroku,2026,261,予算,開会、むらづくり委員会を６月１５日月曜日午前９時開会、予算決算委員会も同じく１５
R86teireigikaigijiroku,2026,261,決算,開会、むらづくり委員会を６月１５日月曜日午前９時開会、予算決算委員会も同じく１５
R86teireigikaigijiroku,2026,271,契約,契約案件であります ・財産の取得について ・みつえ青少年旅行村新規サイト敷地整備
R86teireigikaigijiroku,2026,271,財産,契約案件であります ・財産の取得について ・みつえ青少年旅行村新規サイト敷地整備
R86teireigikaigijiroku,2026,271,取得,契約案件であります ・財産の取得について ・みつえ青少年旅行村新規サイト敷地整備
R86teireigikaigijiroku,2026,272,予算,工事請負契約の締結については、むらづくり委員会へ、補正予算案件の ・令和８年度一
R86teireigikaigijiroku,2026,272,補正予算,工事請負契約の締結については、むらづくり委員会へ、補正予算案件の ・令和８年度一
R86teireigikaigijiroku,2026,272,契約,工事請負契約の締結については、むらづくり委員会へ、補正予算案件の ・令和８年度一
R86teireigikaigijiroku,2026,272,工事,工事請負契約の締結については、むらづくり委員会へ、補正予算案件の ・令和８年度一
R86teireigikaigijiroku,2026,273,予算,般会計、国民健康保険特別会計並びに介護保険特別会計の各補正予算については、予算決
R86teireigikaigijiroku,2026,273,補正予算,般会計、国民健康保険特別会計並びに介護保険特別会計の各補正予算については、予算決
R86teireigikaigijiroku,2026,278,繰越,・令和７年度御杖村一般会計繰越明許費繰越計算書の報告 については、
R86teireigikaigijiroku,2026,320,財産,ることから、引き続き警戒体制の強化を図り、住民の生命と財産を守るため、災害への
R86teireigikaigijiroku,2026,338,基金,続いて、基金運用益を財源とした住民生活支援についてご報告いたします。
R86teireigikaigijiroku,2026,339,基金,本村では令和 7 年度から基金の効率的な運用を図るため、債券による資金運用にも積
R86teireigikaigijiroku,2026,350,予算,最後になりますが、本定例会には専決処分を含む条例改正 2 件、契約 2 件、補正予算 3
R86teireigikaigijiroku,2026,350,補正予算,最後になりますが、本定例会には専決処分を含む条例改正 2 件、契約 2 件、補正予算 3
R86teireigikaigijiroku,2026,350,契約,最後になりますが、本定例会には専決処分を含む条例改正 2 件、契約 2 件、補正予算 3
R86teireigikaigijiroku,2026,673,財産,◎議案第２６号    財産の取得について
R86teireigikaigijiroku,2026,673,取得,◎議案第２６号    財産の取得について
R86teireigikaigijiroku,2026,676,財産,： 次に、日程第８  議案第２６号 財産の取得について を議題と
R86teireigikaigijiroku,2026,676,取得,： 次に、日程第８  議案第２６号 財産の取得について を議題と
R86teireigikaigijiroku,2026,679,取得,○村長（伊藤収宜君）： 本案につきましては、本年度更新する職員用パソコンを取得す
R86teireigikaigijiroku,2026,680,契約,ることについて「地方自治法第 96 条第 1 項第 8 号」及び「議会の議決に付すべき契約
R86teireigikaigijiroku,2026,681,財産,及び財産の取得又は処分に関する条例第 3 条」の規定により、議会の議決を必要とする
R86teireigikaigijiroku,2026,681,取得,及び財産の取得又は処分に関する条例第 3 条」の規定により、議会の議決を必要とする
R86teireigikaigijiroku,2026,682,財産,財産の取得であることから、提案するものでございます。
R86teireigikaigijiroku,2026,682,取得,財産の取得であることから、提案するものでございます。
R86teireigikaigijiroku,2026,700,財産,したがって、日程第８  議案第２６号 財産の取得については、むらづくり委員会に付
R86teireigikaigijiroku,2026,700,取得,したがって、日程第８  議案第２６号 財産の取得については、むらづくり委員会に付
R86teireigikaigijiroku,2026,706,契約,みつえ青少年旅行村新規サイト敷地整備工事請負契約の締結に
R86teireigikaigijiroku,2026,706,工事,みつえ青少年旅行村新規サイト敷地整備工事請負契約の締結に
R86teireigikaigijiroku,2026,711,契約,敷地整備工事請負契約の締結について を議題と致します。
R86teireigikaigijiroku,2026,711,工事,敷地整備工事請負契約の締結について を議題と致します。
R86teireigikaigijiroku,2026,716,契約,「議会の議決に付すべき契約及び財産の取得又は処分に関する条例第 2 条」の規定によ
R86teireigikaigijiroku,2026,716,財産,「議会の議決に付すべき契約及び財産の取得又は処分に関する条例第 2 条」の規定によ
R86teireigikaigijiroku,2026,716,取得,「議会の議決に付すべき契約及び財産の取得又は処分に関する条例第 2 条」の規定によ
R86teireigikaigijiroku,2026,717,契約,り、議会の議決を必要とする契約であることから、提案するものでございます。
R86teireigikaigijiroku,2026,736,契約,みつえ青少年旅行村新規サイト敷地整備工事請負契約の締結についても、むらづくり委員
R86teireigikaigijiroku,2026,736,工事,みつえ青少年旅行村新規サイト敷地整備工事請負契約の締結についても、むらづくり委員
R86teireigikaigijiroku,2026,742,予算,令和８年度御杖村一般会計補正予算(第１号)の議定について
R86teireigikaigijiroku,2026,742,補正予算,令和８年度御杖村一般会計補正予算(第１号)の議定について
R86teireigikaigijiroku,2026,743,予算,［上程、説明、総括的質疑、予算決算委員会付託］
R86teireigikaigijiroku,2026,743,決算,［上程、説明、総括的質疑、予算決算委員会付託］
R86teireigikaigijiroku,2026,745,予算,予算(第１号)の議定について を議題と致します。
R86teireigikaigijiroku,2026,748,予算,○村長（伊藤収宜君） ： 本案につきましては、一般会計予算の歳入歳出それぞれに
R86teireigikaigijiroku,2026,750,補助金,います。主な内容は、物価高騰対策指定管理者事業継続補助金及び村道部分改良事業の
R86teireigikaigijiroku,2026,762,予算,会で詳細な説明を受け、予算決算委員会に付託することにしたいと思います。ご異議あり
R86teireigikaigijiroku,2026,762,決算,会で詳細な説明を受け、予算決算委員会に付託することにしたいと思います。ご異議あり
R86teireigikaigijiroku,2026,769,予算,令和８年度御杖村一般会計補正予算(第１号)の議定については、予算決算委員会に付託す
R86teireigikaigijiroku,2026,769,補正予算,令和８年度御杖村一般会計補正予算(第１号)の議定については、予算決算委員会に付託す
R86teireigikaigijiroku,2026,769,決算,令和８年度御杖村一般会計補正予算(第１号)の議定については、予算決算委員会に付託す
R86teireigikaigijiroku,2026,775,予算,令和８年度御杖村国民健康保険特別会計補正予算(第１号）
R86teireigikaigijiroku,2026,775,補正予算,令和８年度御杖村国民健康保険特別会計補正予算(第１号）
R86teireigikaigijiroku,2026,777,予算,［上程、説明、総括的質疑、予算決算委員会付託］
R86teireigikaigijiroku,2026,777,決算,［上程、説明、総括的質疑、予算決算委員会付託］
R86teireigikaigijiroku,2026,779,予算,特別会計補正予算(第１号）の議定について を議題と致します。
R86teireigikaigijiroku,2026,779,補正予算,特別会計補正予算(第１号）の議定について を議題と致します。
R86teireigikaigijiroku,2026,798,予算,会で詳細な説明を受け、予算決算委員会に付託することにしたいと思います。ご異議あり
R86teireigikaigijiroku,2026,798,決算,会で詳細な説明を受け、予算決算委員会に付託することにしたいと思います。ご異議あり
R86teireigikaigijiroku,2026,805,予算,令和８年度御杖村国民健康保険特別会計補正予算(第１号)の議定について、予算決算委員
R86teireigikaigijiroku,2026,805,補正予算,令和８年度御杖村国民健康保険特別会計補正予算(第１号)の議定について、予算決算委員
R86teireigikaigijiroku,2026,805,決算,令和８年度御杖村国民健康保険特別会計補正予算(第１号)の議定について、予算決算委員
R86teireigikaigijiroku,2026,811,予算,令和８年度御杖村介護保険特別会計補正予算（第１号）
R86teireigikaigijiroku,2026,811,補正予算,令和８年度御杖村介護保険特別会計補正予算（第１号）
R86teireigikaigijiroku,2026,813,予算,［上程、説明、総括的質疑、予算決算委員会付託］
R86teireigikaigijiroku,2026,813,決算,［上程、説明、総括的質疑、予算決算委員会付託］
R86teireigikaigijiroku,2026,816,予算,別会計補正予算（第１号）の議定について を議題と致します。
R86teireigikaigijiroku,2026,816,補正予算,別会計補正予算（第１号）の議定について を議題と致します。
R86teireigikaigijiroku,2026,832,予算,会で詳細な説明を受け、予算決算委員会に付託することにしたいと思います。ご異議あり
R86teireigikaigijiroku,2026,832,決算,会で詳細な説明を受け、予算決算委員会に付託することにしたいと思います。ご異議あり
R86teireigikaigijiroku,2026,839,予算,令和８年度御杖村介護保険特別会計補正予算（第１号）の議定について、予算決算委員
R86teireigikaigijiroku,2026,839,補正予算,令和８年度御杖村介護保険特別会計補正予算（第１号）の議定について、予算決算委員
R86teireigikaigijiroku,2026,839,決算,令和８年度御杖村介護保険特別会計補正予算（第１号）の議定について、予算決算委員
R86teireigikaigijiroku,2026,1098,繰越,令和７年度御杖村一般会計繰越明許費繰越計算書の報告について
R86teireigikaigijiroku,2026,1101,繰越,： 次に、日程第２４ 報告第２号 令和７年度御杖村一般会計繰越明
R86teireigikaigijiroku,2026,1102,繰越,許費繰越計算書の報告について を議題と致します。本案については、議会運営委員会委
R86teireigikaigijiroku,2026,1107,繰越,た 7 件の事業について、地方自治法施行令第 146 条第 2 項の規定により繰越計算書の調
R86teireigikaigijiroku,2026,1115,予算,正予算第 8 号で可決いただきました繰越明許費 7 事業につきまして、繰越額が確定しまし
R86teireigikaigijiroku,2026,1115,繰越,正予算第 8 号で可決いただきました繰越明許費 7 事業につきまして、繰越額が確定しまし
R86teireigikaigijiroku,2026,1116,繰越,たので報告いたします。議案書の最後、繰越計算書をご覧ください。
R86teireigikaigijiroku,2026,1117,予算,まず、各事業の金額は、補正予算にて許可いただいた金額で、その右、翌年度繰越額が確
R86teireigikaigijiroku,2026,1117,補正予算,まず、各事業の金額は、補正予算にて許可いただいた金額で、その右、翌年度繰越額が確
R86teireigikaigijiroku,2026,1117,繰越,まず、各事業の金額は、補正予算にて許可いただいた金額で、その右、翌年度繰越額が確
R86teireigikaigijiroku,2026,1119,繰越,"地域振興券交付事業、翌年度繰越額 64,869 千円は、物価高騰対応重点支援地方創生臨時"
R86teireigikaigijiroku,2026,1122,予算,の計画分が、令和 7 年度国の補正予算において確保できたことから、予算を繰り越して現
R86teireigikaigijiroku,2026,1122,補正予算,の計画分が、令和 7 年度国の補正予算において確保できたことから、予算を繰り越して現
R86teireigikaigijiroku,2026,1126,契約,するための改修となります。どちらも事業全体の契約工期は来年の 3 月末ですが、住基シ
R86teireigikaigijiroku,2026,1130,補助金,"装補修）3,100 千円は、国の補助金を有効活用するために繰り越しを行ったもので、令和"
R86teireigikaigijiroku,2026,1131,繰越,8 年度の事業に繰越額を合わせて舗装事業を実施いたします。次に、道路メンテナンス事
R86teireigikaigijiroku,2026,1132,補助金,"業（橋梁長寿命化計画の策定）27,100 千円は、舗装補修と同様に、国の補助金を有効活"
R86teireigikaigijiroku,2026,1133,繰越,用するために繰り越しを行い、令和 8 年度事業に繰越額を合わせて橋梁点検等を実施いた
R86teireigikaigijiroku,2026,1135,工事,原の小口橋、大字神末の上園座橋と梅の木橋に係る補修工事及び施工監理で、工事は 3 橋
R86teireigikaigijiroku,2026,1137,繰越,以上、令和 7 年度、一般会計繰越明許費繰越計算書の報告とさせていただきます。
R86teireigikaigijiroku,2026,1146,繰越,年度御杖村一般会計繰越明許費繰越計算書の報告について を終わります。
R86teireigikaigijiroku,2026,1175,財産,財産の取得について
R86teireigikaigijiroku,2026,1175,取得,財産の取得について
R86teireigikaigijiroku,2026,1177,契約,みつえ青少年旅行村新規サイト敷地整備工事請負契約の締結について
R86teireigikaigijiroku,2026,1177,工事,みつえ青少年旅行村新規サイト敷地整備工事請負契約の締結について
R86teireigikaigijiroku,2026,1179,予算,令和８年度御杖村一般会計補正予算（第１号）の議定について
R86teireigikaigijiroku,2026,1179,補正予算,令和８年度御杖村一般会計補正予算（第１号）の議定について
R86teireigikaigijiroku,2026,1181,予算,令和８年度御杖村国民健康保険特別会計補正予算(第１号）の議定について
R86teireigikaigijiroku,2026,1181,補正予算,令和８年度御杖村国民健康保険特別会計補正予算(第１号）の議定について
R86teireigikaigijiroku,2026,1183,予算,令和８年度御杖村介護保険特別会計補正予算（第１号）の議定について
R86teireigikaigijiroku,2026,1183,補正予算,令和８年度御杖村介護保険特別会計補正予算（第１号）の議定について
R86teireigikaigijiroku,2026,1232,財産,財産の取得について
R86teireigikaigijiroku,2026,1232,取得,財産の取得について
R86teireigikaigijiroku,2026,1234,契約,みつえ青少年旅行村新規サイト敷地整備工事請負契約の締結について
R86teireigikaigijiroku,2026,1234,工事,みつえ青少年旅行村新規サイト敷地整備工事請負契約の締結について
R86teireigikaigijiroku,2026,1237,財産,： ただちに議題に入ります。日程第１・議案第２６号 ・財産の取得
R86teireigikaigijiroku,2026,1237,取得,： ただちに議題に入ります。日程第１・議案第２６号 ・財産の取得
R86teireigikaigijiroku,2026,1238,工事,について 日程第２・議案第２７号 ・みつえ青少年旅行村新規サイト敷地整備工事請負
R86teireigikaigijiroku,2026,1239,契約,契約の締結について の２議案につきましては、むらづくり委員会へ付託した案件でござ
R86teireigikaigijiroku,2026,1245,財産,日程第１・議案第２６号 ・財産の取得について 日程第２・議案第２７号 ・みつえ青少
R86teireigikaigijiroku,2026,1245,取得,日程第１・議案第２６号 ・財産の取得について 日程第２・議案第２７号 ・みつえ青少
R86teireigikaigijiroku,2026,1246,契約,年旅行村新規サイト敷地整備工事請負契約の締結について 御杖村議会会議規則第４１条第
R86teireigikaigijiroku,2026,1246,工事,年旅行村新規サイト敷地整備工事請負契約の締結について 御杖村議会会議規則第４１条第
R86teireigikaigijiroku,2026,1258,財産,議案第２６号 財産の取得について
R86teireigikaigijiroku,2026,1258,取得,議案第２６号 財産の取得について
R86teireigikaigijiroku,2026,1259,契約,議案第２７号 みつえ青少年旅行村新規サイト敷地整備工事請負契約の締結について
R86teireigikaigijiroku,2026,1259,工事,議案第２７号 みつえ青少年旅行村新規サイト敷地整備工事請負契約の締結について
R86teireigikaigijiroku,2026,1266,財産,議案第２６号 財産の取得について
R86teireigikaigijiroku,2026,1266,取得,議案第２６号 財産の取得について
R86teireigikaigijiroku,2026,1267,契約,議案第２７号 みつえ青少年旅行村新規サイト敷地整備工事請負契約の締結について
R86teireigikaigijiroku,2026,1267,工事,議案第２７号 みつえ青少年旅行村新規サイト敷地整備工事請負契約の締結について
R86teireigikaigijiroku,2026,1285,財産,財産の取得について
R86teireigikaigijiroku,2026,1285,取得,財産の取得について
R86teireigikaigijiroku,2026,1288,財産,○議長（寺前伊平君）： 先ず、日程第１・議案第２６号 ・財産の取得について を議題と
R86teireigikaigijiroku,2026,1288,取得,○議長（寺前伊平君）： 先ず、日程第１・議案第２６号 ・財産の取得について を議題と
R86teireigikaigijiroku,2026,1302,財産,号 ・財産の取得について は、盛岡むらづくり委員会委員長の報告のとおり可決されま
R86teireigikaigijiroku,2026,1302,取得,号 ・財産の取得について は、盛岡むらづくり委員会委員長の報告のとおり可決されま
R86teireigikaigijiroku,2026,1308,契約,みつえ青少年旅行村新規サイト敷地整備工事請負契約の締結について
R86teireigikaigijiroku,2026,1308,工事,みつえ青少年旅行村新規サイト敷地整備工事請負契約の締結について
R86teireigikaigijiroku,2026,1311,契約,敷地整備工事請負契約の締結について を議題とし、討論を行います。
R86teireigikaigijiroku,2026,1311,工事,敷地整備工事請負契約の締結について を議題とし、討論を行います。
R86teireigikaigijiroku,2026,1325,契約,号 ・みつえ青少年旅行村新規サイト敷地整備工事請負契約の締結について は、盛岡む
R86teireigikaigijiroku,2026,1325,工事,号 ・みつえ青少年旅行村新規サイト敷地整備工事請負契約の締結について は、盛岡む
R86teireigikaigijiroku,2026,1330,予算,令和８年度御杖村一般会計補正予算（第１号）の議定について、
R86teireigikaigijiroku,2026,1330,補正予算,令和８年度御杖村一般会計補正予算（第１号）の議定について、
R86teireigikaigijiroku,2026,1332,予算,令和８年度御杖村国民健康保険特別会計補正予算（第１号）の
R86teireigikaigijiroku,2026,1332,補正予算,令和８年度御杖村国民健康保険特別会計補正予算（第１号）の
R86teireigikaigijiroku,2026,1335,予算,令和８年度御杖村介護保険特別会計補正予算（第１号）の議定に
R86teireigikaigijiroku,2026,1335,補正予算,令和８年度御杖村介護保険特別会計補正予算（第１号）の議定に
R86teireigikaigijiroku,2026,1337,予算,［一括上程、一括予算決算委員長報告、一括委員長質疑］
R86teireigikaigijiroku,2026,1337,決算,［一括上程、一括予算決算委員長報告、一括委員長質疑］
R86teireigikaigijiroku,2026,1340,予算,･令和８年度御杖村一般会計補正予算第１号の議定について、
R86teireigikaigijiroku,2026,1340,補正予算,･令和８年度御杖村一般会計補正予算第１号の議定について、
R86teireigikaigijiroku,2026,1342,予算,・令和８年度御杖村国民健康保険特別会計補正予算第１号の議定について
R86teireigikaigijiroku,2026,1342,補正予算,・令和８年度御杖村国民健康保険特別会計補正予算第１号の議定について
R86teireigikaigijiroku,2026,1344,予算,･令和８年度御杖村介護保険特別会計補正予算第１号の議定について
R86teireigikaigijiroku,2026,1344,補正予算,･令和８年度御杖村介護保険特別会計補正予算第１号の議定について
R86teireigikaigijiroku,2026,1345,予算,の３議案につきましては、予算決算委員会へ付託した案件でございますので、これを一括議
R86teireigikaigijiroku,2026,1345,決算,の３議案につきましては、予算決算委員会へ付託した案件でございますので、これを一括議
R86teireigikaigijiroku,2026,1352,予算,･令和８年度御杖村一般会計補正予算第１号の議定について、
R86teireigikaigijiroku,2026,1352,補正予算,･令和８年度御杖村一般会計補正予算第１号の議定について、
R86teireigikaigijiroku,2026,1354,予算,･令和８年度御杖村国民健康保険特別会計補正予算第１号の議定について
R86teireigikaigijiroku,2026,1354,補正予算,･令和８年度御杖村国民健康保険特別会計補正予算第１号の議定について
R86teireigikaigijiroku,2026,1356,予算,･令和８年度御杖村介護保険特別会計補正予算第１号の議定について
R86teireigikaigijiroku,2026,1356,補正予算,･令和８年度御杖村介護保険特別会計補正予算第１号の議定について
R86teireigikaigijiroku,2026,1357,予算,御杖村議会会議規則第４１条第１項の規定に基づき、予算決算委員会委員長より一括して
R86teireigikaigijiroku,2026,1357,決算,御杖村議会会議規則第４１条第１項の規定に基づき、予算決算委員会委員長より一括して
R86teireigikaigijiroku,2026,1364,予算,○４番（福田麻衣子君）  ： それでは、予算決算委員会を代表しまして、当委員会に付託さ
R86teireigikaigijiroku,2026,1364,決算,○４番（福田麻衣子君）  ： それでは、予算決算委員会を代表しまして、当委員会に付託さ
R86teireigikaigijiroku,2026,1365,予算,れました、補正予算３議案につきまして、その審査の経緯並びに経過と結果についてご
R86teireigikaigijiroku,2026,1365,補正予算,れました、補正予算３議案につきまして、その審査の経緯並びに経過と結果についてご
R86teireigikaigijiroku,2026,1368,予算,議案第 28 号 令和８年度御杖村一般会計補正予算第１号の議定について
R86teireigikaigijiroku,2026,1368,補正予算,議案第 28 号 令和８年度御杖村一般会計補正予算第１号の議定について
R86teireigikaigijiroku,2026,1369,予算,議案第 29 号 令和８年度御杖村国民健康保険特別会計補正予算第１号の議定について
R86teireigikaigijiroku,2026,1369,補正予算,議案第 29 号 令和８年度御杖村国民健康保険特別会計補正予算第１号の議定について
R86teireigikaigijiroku,2026,1370,予算,議案第 30 号 令和８年度御杖村介護保険特別会計補正予算第１号の議定について
R86teireigikaigijiroku,2026,1370,補正予算,議案第 30 号 令和８年度御杖村介護保険特別会計補正予算第１号の議定について
R86teireigikaigijiroku,2026,1371,予算,の３議案が付託されたことにより、６月１５日に予算決算委員会を開催いたしまし
R86teireigikaigijiroku,2026,1371,決算,の３議案が付託されたことにより、６月１５日に予算決算委員会を開催いたしまし
R86teireigikaigijiroku,2026,1373,予算,審査の経過でございますが、補正予算３議案ごとに６月１０日の全員協議会において
R86teireigikaigijiroku,2026,1373,補正予算,審査の経過でございますが、補正予算３議案ごとに６月１０日の全員協議会において
R86teireigikaigijiroku,2026,1380,予算,議案第 28 号 令和８年度御杖村一般会計補正予算第１号の議定について
R86teireigikaigijiroku,2026,1380,補正予算,議案第 28 号 令和８年度御杖村一般会計補正予算第１号の議定について
R86teireigikaigijiroku,2026,1381,予算,議案第 29 号 令和８年度御杖村国民健康保険特別会計補正予算第１号の議定について
R86teireigikaigijiroku,2026,1381,補正予算,議案第 29 号 令和８年度御杖村国民健康保険特別会計補正予算第１号の議定について
R86teireigikaigijiroku,2026,1382,予算,議案第 30 号 令和８年度御杖村介護保険特別会計補正予算第１号の議定について
R86teireigikaigijiroku,2026,1382,補正予算,議案第 30 号 令和８年度御杖村介護保険特別会計補正予算第１号の議定について
R86teireigikaigijiroku,2026,1384,予算,以上、簡単ではございますが、予算決算委員会の報告とさせていただきます。
R86teireigikaigijiroku,2026,1384,決算,以上、簡単ではございますが、予算決算委員会の報告とさせていただきます。
R86teireigikaigijiroku,2026,1387,予算,： 福田委員長、ご苦労様でした。これから、福田予算決算委員会委員
R86teireigikaigijiroku,2026,1387,決算,： 福田委員長、ご苦労様でした。これから、福田予算決算委員会委員
R86teireigikaigijiroku,2026,1398,予算,令和８度御杖村一般会計補正予算（第１号）の議定について
R86teireigikaigijiroku,2026,1398,補正予算,令和８度御杖村一般会計補正予算（第１号）の議定について
R86teireigikaigijiroku,2026,1406,予算,これより、本案について採決を行います。本案に対する福田予算決算委員会委員長の報
R86teireigikaigijiroku,2026,1406,決算,これより、本案について採決を行います。本案に対する福田予算決算委員会委員長の報
R86teireigikaigijiroku,2026,1407,予算,告は、可決です。日程第３･議案第２８号について、予算決算委員会委員長の報告のとおり
R86teireigikaigijiroku,2026,1407,決算,告は、可決です。日程第３･議案第２８号について、予算決算委員会委員長の報告のとおり
R86teireigikaigijiroku,2026,1413,予算,号･令和８年度御杖村一般会計補正予算第１号の議定について は、福田予算決算委員会委
R86teireigikaigijiroku,2026,1413,補正予算,号･令和８年度御杖村一般会計補正予算第１号の議定について は、福田予算決算委員会委
R86teireigikaigijiroku,2026,1413,決算,号･令和８年度御杖村一般会計補正予算第１号の議定について は、福田予算決算委員会委
R86teireigikaigijiroku,2026,1419,予算,令和８年度御杖村国民健康保険特別会計補正予算（第１号）の
R86teireigikaigijiroku,2026,1419,補正予算,令和８年度御杖村国民健康保険特別会計補正予算（第１号）の
R86teireigikaigijiroku,2026,1423,予算,会計補正予算第１号の議定について を議題とし、討論を行います。討論はありませんか。
R86teireigikaigijiroku,2026,1423,補正予算,会計補正予算第１号の議定について を議題とし、討論を行います。討論はありませんか。
R86teireigikaigijiroku,2026,1428,予算,これより、本案について採決を行います。本案に対する福田予算決算委員会委員長の報
R86teireigikaigijiroku,2026,1428,決算,これより、本案について採決を行います。本案に対する福田予算決算委員会委員長の報
R86teireigikaigijiroku,2026,1429,予算,告は、可決です。日程第４･議案第２９号について、予算決算委員会委員長の報告のとおり
R86teireigikaigijiroku,2026,1429,決算,告は、可決です。日程第４･議案第２９号について、予算決算委員会委員長の報告のとおり
R86teireigikaigijiroku,2026,1437,予算,号･令和８年度御杖村国民健康保険特別会計補正予算第１号の議定については、福田予算決
R86teireigikaigijiroku,2026,1437,補正予算,号･令和８年度御杖村国民健康保険特別会計補正予算第１号の議定については、福田予算決
R86teireigikaigijiroku,2026,1443,予算,令和８年度御杖村介護保険特別会計補正予算（第１号）の議定に
R86teireigikaigijiroku,2026,1443,補正予算,令和８年度御杖村介護保険特別会計補正予算（第１号）の議定に
R86teireigikaigijiroku,2026,1447,予算,補正予算第１号の議定について を議題とし、討論を行います。討論はありませんか。
R86teireigikaigijiroku,2026,1447,補正予算,補正予算第１号の議定について を議題とし、討論を行います。討論はありませんか。
R86teireigikaigijiroku,2026,1452,予算,これより、本案について採決を行います。本案に対する福田予算決算委員会委員長の報
R86teireigikaigijiroku,2026,1452,決算,これより、本案について採決を行います。本案に対する福田予算決算委員会委員長の報
R86teireigikaigijiroku,2026,1453,予算,告は、可決です。日程第５･議案第３０号について、予算決算委員会委員長の報告のとおり
R86teireigikaigijiroku,2026,1453,決算,告は、可決です。日程第５･議案第３０号について、予算決算委員会委員長の報告のとおり
R86teireigikaigijiroku,2026,1459,予算,号･令和８年度御杖村介護保険特別会計補正予算第１号の議定についても、福田予算決算委
R86teireigikaigijiroku,2026,1459,補正予算,号･令和８年度御杖村介護保険特別会計補正予算第１号の議定についても、福田予算決算委
R86teireigikaigijiroku,2026,1459,決算,号･令和８年度御杖村介護保険特別会計補正予算第１号の議定についても、福田予算決算委
R86teireigikaigiketsukekka,2026,2,予算,●村長提出議案（承認１件、条例１件、契約２件、予算３件、同意１０件、報告２件、計１９件）
R86teireigikaigiketsukekka,2026,2,契約,●村長提出議案（承認１件、条例１件、契約２件、予算３件、同意１０件、報告２件、計１９件）
R86teireigikaigiketsukekka,2026,14,財産,議 案    財産の取得について                                           むらづくり                             原 案
R86teireigikaigiketsukekka,2026,14,取得,議 案    財産の取得について                                           むらづくり                             原 案
R86teireigikaigiketsukekka,2026,18,契約,議 案    みつえ青少年旅行村新規サイト敷地整備工事請負契約の締結につ                       むらづくり                             原 案
R86teireigikaigiketsukekka,2026,18,工事,議 案    みつえ青少年旅行村新規サイト敷地整備工事請負契約の締結につ                       むらづくり                             原 案
R86teireigikaigiketsukekka,2026,22,予算,議 案    令和８年度御杖村一般会計補正予算(第１号)の議定について                        予算決算                              原 案
R86teireigikaigiketsukekka,2026,22,補正予算,議 案    令和８年度御杖村一般会計補正予算(第１号)の議定について                        予算決算                              原 案
R86teireigikaigiketsukekka,2026,22,決算,議 案    令和８年度御杖村一般会計補正予算(第１号)の議定について                        予算決算                              原 案
R86teireigikaigiketsukekka,2026,26,予算,議 案    令和８年度御杖村国民健康保険特別会計補正予算(第１号）の議定                      予算決算                              原 案
R86teireigikaigiketsukekka,2026,26,補正予算,議 案    令和８年度御杖村国民健康保険特別会計補正予算(第１号）の議定                      予算決算                              原 案
R86teireigikaigiketsukekka,2026,26,決算,議 案    令和８年度御杖村国民健康保険特別会計補正予算(第１号）の議定                      予算決算                              原 案
R86teireigikaigiketsukekka,2026,30,予算,議 案    令和８年度御杖村介護保険特別会計補正予算（第１号）の議定                        予算決算                              原 案
R86teireigikaigiketsukekka,2026,30,補正予算,議 案    令和８年度御杖村介護保険特別会計補正予算（第１号）の議定                        予算決算                              原 案
R86teireigikaigiketsukekka,2026,30,決算,議 案    令和８年度御杖村介護保険特別会計補正予算（第１号）の議定                        予算決算                              原 案
R86teireigikaigiketsukekka,2026,72,繰越,令和７年度御杖村一般会計繰越明許費繰越計算書の報告について     〃        －     －     －     －    R8.6. 9   報告済
giketukekka,2024,2,予算,●村長提出議案（条例３件、契約１件、規約１件、解散１件、処分１件、予算４件、報告１件、計１２件）
giketukekka,2024,2,契約,●村長提出議案（条例３件、契約１件、規約１件、解散１件、処分１件、予算４件、報告１件、計１２件）
giketukekka,2024,14,工事,議 案      御杖村保健福祉医療総合センター長寿命化改修工事に伴う工事請負
giketukekka,2024,15,契約,契約の締結について                           〃         〃        〃       〃       〃       〃        〃
giketukekka,2024,22,財産,議 案      奈良県住宅新築資金等貸付金回収管理組合の解散に伴う財産の処分
giketukekka,2024,25,予算,議 案                                                            予算決算
giketukekka,2024,25,決算,議 案                                                            予算決算
giketukekka,2024,26,予算,令和６年度御杖村一般会計補正予算（第１号）の議定について        〃       R6.6.10          R6.6.14   可 決   R6.6.20    〃
giketukekka,2024,26,補正予算,令和６年度御杖村一般会計補正予算（第１号）の議定について        〃       R6.6.10          R6.6.14   可 決   R6.6.20    〃
giketukekka,2024,28,予算,議 案      令和６年度御杖村国民健康保険特別会計補正予算（第１号）の議定に
giketukekka,2024,28,補正予算,議 案      令和６年度御杖村国民健康保険特別会計補正予算（第１号）の議定に
giketukekka,2024,32,予算,議 案      令和６年度御杖村後期高齢者医療特別会計補正予算（第１号）の議定
giketukekka,2024,32,補正予算,議 案      令和６年度御杖村後期高齢者医療特別会計補正予算（第１号）の議定
giketukekka,2024,36,予算,議 案      令和６年度御杖村簡易水道事業会計補正予算（第１号）の議定につい
giketukekka,2024,36,補正予算,議 案      令和６年度御杖村簡易水道事業会計補正予算（第１号）の議定につい
giketukekka,2024,39,繰越,報 告      令和５年度御杖村一般会計繰越明許費繰越計算書の報告について       〃          －       －        －      －     R6.6.10   報告済
giketukekkaR2-6,2020,2,予算,●村長提出議案（条例 4、予算６、人事９、計１９件）
giketukekkaR2-6,2020,10,予算,補正予算(第２号)）                          〃       R2.６．１１   予算決算   R2.6.17   承認    R2.6.23   承認
giketukekkaR2-6,2020,10,補正予算,補正予算(第２号)）                          〃       R2.６．１１   予算決算   R2.6.17   承認    R2.6.23   承認
giketukekkaR2-6,2020,10,決算,補正予算(第２号)）                          〃       R2.６．１１   予算決算   R2.6.17   承認    R2.6.23   承認
giketukekkaR2-6,2020,13,予算,補正予算(第３号)）                          〃         〃        〃       〃        〃      〃        〃
giketukekkaR2-6,2020,13,補正予算,補正予算(第３号)）                          〃         〃        〃       〃        〃      〃        〃
giketukekkaR2-6,2020,24,予算,議案      令和２年度御杖村一般会計補正予算（第4号）の議定について
giketukekkaR2-6,2020,24,補正予算,議案      令和２年度御杖村一般会計補正予算（第4号）の議定について
giketukekkaR2-6,2020,25,予算,〃       R2.6.11   予算決算   R2.6.17   可決    R2.6.23    〃
giketukekkaR2-6,2020,25,決算,〃       R2.6.11   予算決算   R2.6.17   可決    R2.6.23    〃
giketukekkaR2-6,2020,27,予算,議案      令和2年度御杖村国民健康保険特別会計補正予算(第２号)の議定に
giketukekkaR2-6,2020,27,補正予算,議案      令和2年度御杖村国民健康保険特別会計補正予算(第２号)の議定に
giketukekkaR2-6,2020,30,予算,議案      令和２年度御杖村介護保険特別会計補正予算(第１号)の議定につい
giketukekkaR2-6,2020,30,補正予算,議案      令和２年度御杖村介護保険特別会計補正予算(第１号)の議定につい
giketukekkaR2-6,2020,33,繰越,報告      令和元年度御杖村一般会計繰越明許費繰越計算書の報告につい
giketukekkaR6-12,2024,2,予算,●議員提出議案（条例３件）●村長提出議案（専決処分１件、条例１件、規約１件、予算３件、同意１件、計７件）
giketukekkaR6-12,2024,14,予算,承 認    専決処分の承認を求めることについて                                      予算決算                               原 案
giketukekkaR6-12,2024,14,決算,承 認    専決処分の承認を求めることについて                                      予算決算                               原 案
giketukekkaR6-12,2024,15,予算,（令和6年度御杖村一般会計補正予算(第3号）)              〃       R6.12.2          R6.12.10   承 認   R6.12.13
giketukekkaR6-12,2024,15,補正予算,（令和6年度御杖村一般会計補正予算(第3号）)              〃       R6.12.2          R6.12.10   承 認   R6.12.13
giketukekkaR6-12,2024,25,予算,議 案    令和6年度御杖村一般会計補正予算（第4号）の議定について                           予算決算
giketukekkaR6-12,2024,25,補正予算,議 案    令和6年度御杖村一般会計補正予算（第4号）の議定について                           予算決算
giketukekkaR6-12,2024,25,決算,議 案    令和6年度御杖村一般会計補正予算（第4号）の議定について                           予算決算
giketukekkaR6-12,2024,28,予算,議 案    令和6年度御杖村国民健康保険特別会計補正予算（第2号）の議定につ
giketukekkaR6-12,2024,28,補正予算,議 案    令和6年度御杖村国民健康保険特別会計補正予算（第2号）の議定につ
giketukekkaR6-12,2024,31,予算,議 案    令和6年度御杖村介護保険特別会計補正予算（第2号）の議定について     〃         〃        〃       〃        〃       〃             〃
giketukekkaR6-12,2024,31,補正予算,議 案    令和6年度御杖村介護保険特別会計補正予算（第2号）の議定について     〃         〃        〃       〃        〃       〃             〃
giketukekkaR6-9,2024,2,予算,●村長提出議案（条例２件、契約１件、規約２件、解散１件、処分１件、計画１件、予算３件、決算５件、同意１件、報告２件、計１９件）
giketukekkaR6-9,2024,2,決算,●村長提出議案（条例２件、契約１件、規約２件、解散１件、処分１件、計画１件、予算３件、決算５件、同意１件、報告２件、計１９件）
giketukekkaR6-9,2024,2,契約,●村長提出議案（条例２件、契約１件、規約２件、解散１件、処分１件、計画１件、予算３件、決算５件、同意１件、報告２件、計１９件）
giketukekkaR6-9,2024,12,契約,議 案    一般Ｘ線撮影装置物品売買契約の締結について               〃        〃        〃       〃        〃      〃        〃
giketukekkaR6-9,2024,23,財産,奈良広域水質検査センター組合の解散に伴う財産処分について        〃        〃        〃       〃       〃       〃        〃
giketukekkaR6-9,2024,28,予算,議 案    令和６年度御杖村一般会計補正予算(第２号)の議定について                         予算決算
giketukekkaR6-9,2024,28,補正予算,議 案    令和６年度御杖村一般会計補正予算(第２号)の議定について                         予算決算
giketukekkaR6-9,2024,28,決算,議 案    令和６年度御杖村一般会計補正予算(第２号)の議定について                         予算決算
giketukekkaR6-9,2024,31,予算,議 案    令和６年度御杖村介護保険特別会計補正予算(第１号)の議定について    〃         〃       〃       〃       〃       〃        〃
giketukekkaR6-9,2024,31,補正予算,議 案    令和６年度御杖村介護保険特別会計補正予算(第１号)の議定について    〃         〃       〃       〃       〃       〃        〃
giketukekkaR6-9,2024,33,予算,議 案    令和６年度御杖村簡易水道事業会計補正予算(第２号)の議定について    〃         〃       〃       〃       〃       〃        〃
giketukekkaR6-9,2024,33,補正予算,議 案    令和６年度御杖村簡易水道事業会計補正予算(第２号)の議定について    〃         〃       〃       〃       〃       〃        〃
giketukekkaR6-9,2024,35,決算,認 定    令和５年度御杖村一般会計歳入歳出決算の認定について           〃         〃       〃       〃       〃       〃        〃
giketukekkaR6-9,2024,37,決算,認 定    令和５年度御杖村簡易水道事業特別会計歳入歳出決算の認定について     〃         〃       〃       〃       〃       〃        〃
giketukekkaR6-9,2024,42,予算,認 定    令和５年度御杖村国民健康保険特別会計歳入歳出決算の認定について                       予算決算
giketukekkaR6-9,2024,42,決算,認 定    令和５年度御杖村国民健康保険特別会計歳入歳出決算の認定について                       予算決算
giketukekkaR6-9,2024,45,決算,認 定    令和５年度御杖村介護保険特別会計歳入歳出決算の認定について        〃          〃         〃       〃      〃        〃        〃
giketukekkaR6-9,2024,47,決算,認 定    令和５年度御杖村後期高齢者医療特別会計歳入歳出決算の認定について     〃          〃         〃       〃      〃        〃        〃
giketukekkaR7-03,2025,2,予算,●村長提出議案（承認１件、条例１７件、計画１件、道路１件、予算１０件、諮問１件、同意４件、計３５件）
giketukekkaR7-03,2025,6,予算,承 認    専決処分の承認を求めることについて                                   予算決算
giketukekkaR7-03,2025,6,決算,承 認    専決処分の承認を求めることについて                                   予算決算
giketukekkaR7-03,2025,7,予算,（令和６年度御杖村一般会計補正予算(第５号）)           R7.3.6   R７.3.６           R７.3.18   承 認   R７.3.21   承 認
giketukekkaR7-03,2025,7,補正予算,（令和６年度御杖村一般会計補正予算(第５号）)           R7.3.6   R７.3.６           R７.3.18   承 認   R７.3.21   承 認
giketukekkaR7-03,2025,53,基金,議 案    御杖村国民健康保険財政調整基金の設置、管理及び処分に関する条                       むらづくり
giketukekkaR7-03,2025,76,予算,議 案                                                         予算決算
giketukekkaR7-03,2025,76,決算,議 案                                                         予算決算
giketukekkaR7-03,2025,77,予算,令和６年度御杖村一般会計補正予算（第６号）の議定について        〃        〃               R7.3.18    〃    R7.3.21   〃
giketukekkaR7-03,2025,77,補正予算,令和６年度御杖村一般会計補正予算（第６号）の議定について        〃        〃               R7.3.18    〃    R7.3.21   〃
giketukekkaR7-03,2025,79,予算,議 案    令和６年度御杖村国民健康保険特別会計補正予算（第３号）の議定に
giketukekkaR7-03,2025,79,補正予算,議 案    令和６年度御杖村国民健康保険特別会計補正予算（第３号）の議定に
giketukekkaR7-03,2025,83,予算,令和６年度御杖村介護保険特別会計補正予算（第３号）の議定について    〃        〃        〃        〃        〃      〃       〃
giketukekkaR7-03,2025,83,補正予算,令和６年度御杖村介護保険特別会計補正予算（第３号）の議定について    〃        〃        〃        〃        〃      〃       〃
giketukekkaR7-03,2025,85,予算,議 案    令和６年度御杖村後期高齢者医療特別会計補正予算（第２号）の議定
giketukekkaR7-03,2025,85,補正予算,議 案    令和６年度御杖村後期高齢者医療特別会計補正予算（第２号）の議定
giketukekkaR7-03,2025,91,予算,議 案    令和６年度御杖村簡易水道事業会計補正予算（第３号）の議定につい                     予算決算
giketukekkaR7-03,2025,91,補正予算,議 案    令和６年度御杖村簡易水道事業会計補正予算（第３号）の議定につい                     予算決算
giketukekkaR7-03,2025,91,決算,議 案    令和６年度御杖村簡易水道事業会計補正予算（第３号）の議定につい                     予算決算
giketukekkaR7-03,2025,94,予算,議 案    令和７年度御杖村一般会計予算の議定について             〃         〃        〃       〃        〃      〃        〃
giketukekkaR7-03,2025,96,予算,議 案    令和７年度御杖村国民健康保険特別会計予算の議定について       〃         〃        〃       〃        〃      〃        〃
giketukekkaR7-03,2025,98,予算,議 案    令和７年度御杖村介護保険特別会計予算の議定について         〃         〃        〃       〃        〃      〃        〃
giketukekkaR7-03,2025,100,予算,議 案    令和７年度御杖村後期高齢者医療特別会計予算の議定について      〃         〃        〃       〃        〃      〃        〃
giketukekkaR7-03,2025,102,予算,議 案    令和７年度御杖村簡易水道事業会計予算の議定について         〃         〃        〃       〃        〃      〃        〃
giketukekkar0209,2020,2,予算,●村長提出議案（予算６、計画１、契約１、決算５、人事１、報告１、計１５件）
giketukekkar0209,2020,2,決算,●村長提出議案（予算６、計画１、契約１、決算５、人事１、報告１、計１５件）
giketukekkar0209,2020,2,契約,●村長提出議案（予算６、計画１、契約１、決算５、人事１、報告１、計１５件）
giketukekkar0209,2020,7,予算,正予算(第５号)）                            R1.9.3   R2.9.3   予算決算    R2.9.10   可 決   R2.9.15   可 決
giketukekkar0209,2020,7,決算,正予算(第５号)）                            R1.9.3   R2.9.3   予算決算    R2.9.10   可 決   R2.9.15   可 決
giketukekkar0209,2020,12,契約,議案    御杖村小中学校統合施設整備工事に伴う工事請負契約の締結について
giketukekkar0209,2020,12,工事,議案    御杖村小中学校統合施設整備工事に伴う工事請負契約の締結について
giketukekkar0209,2020,15,予算,議案    令和２年度御杖村一般会計補正予算(第６号)の議定について
giketukekkar0209,2020,15,補正予算,議案    令和２年度御杖村一般会計補正予算(第６号)の議定について
giketukekkar0209,2020,16,予算,〃       R2.9.3   予算決算    R2.9.10   可 決   R2.9.15    〃
giketukekkar0209,2020,16,決算,〃       R2.9.3   予算決算    R2.9.10   可 決   R2.9.15    〃
giketukekkar0209,2020,18,予算,議案    令和２年度御杖村簡易水道事業特別会計補正予算(第１号)の議定について
giketukekkar0209,2020,18,補正予算,議案    令和２年度御杖村簡易水道事業特別会計補正予算(第１号)の議定について
giketukekkar0209,2020,21,予算,議案    令和２年度御杖村国民健康保険特別会計補正予算（第３号）の議定について
giketukekkar0209,2020,21,補正予算,議案    令和２年度御杖村国民健康保険特別会計補正予算（第３号）の議定について
giketukekkar0209,2020,24,予算,議案    令和２年度御杖村介護保険特別会計補正予算（第２号）の議定について
giketukekkar0209,2020,24,補正予算,議案    令和２年度御杖村介護保険特別会計補正予算（第２号）の議定について
giketukekkar0209,2020,27,予算,議案    令和２年度御杖村後期高齢者医療特別会計補正予算(第１号)の議定につい
giketukekkar0209,2020,27,補正予算,議案    令和２年度御杖村後期高齢者医療特別会計補正予算(第１号)の議定につい
giketukekkar0209,2020,30,決算,認定     令和元年度御杖村一般会計歳入歳出決算の認定について
giketukekkar0209,2020,33,決算,認定     令和元年度御杖村簡易水道事業特別会計歳入歳出決算の認定について
giketukekkar0209,2020,36,決算,認定     令和元年度御杖村国民健康保険特別会計歳入歳出決算の認定について
giketukekkar0209,2020,39,決算,認定     令和元年度御杖村介護保険特別会計歳入歳出決算の認定について
giketukekkar0209,2020,45,決算,認定     令和元年度御杖村後期高齢者医療特別会計歳入歳出決算の認定について
giketukekkar0209,2020,46,予算,R2.9.3   R2.9.3   予算決算   R2.9.10   可 決   R2.9.15   認 定
giketukekkar0209,2020,46,決算,R2.9.3   R2.9.3   予算決算   R2.9.10   可 決   R2.9.15   認 定
kaigiroku,2024,43,契約,◎議案第２９号御杖村保健福祉医療総合センター長寿命化改修工事に伴う工事請負契約の
kaigiroku,2024,43,工事,◎議案第２９号御杖村保健福祉医療総合センター長寿命化改修工事に伴う工事請負契約の
kaigiroku,2024,50,財産,◎議案第３２号奈良県住宅新築資金等貸付金回収管理組合の解散に伴う財産の処分について
kaigiroku,2024,52,予算,◎議案第３３号令和６年度御杖村一般会計補正予算（第１号）の議定について
kaigiroku,2024,52,補正予算,◎議案第３３号令和６年度御杖村一般会計補正予算（第１号）の議定について
kaigiroku,2024,53,予算,[上程、説明、総括的質疑、予算決算委員会付託] ・・・・・・・・・・・・・・・・・・・・・・・・・・・ －16－
kaigiroku,2024,53,決算,[上程、説明、総括的質疑、予算決算委員会付託] ・・・・・・・・・・・・・・・・・・・・・・・・・・・ －16－
kaigiroku,2024,54,予算,◎議案第３４号令和６年度御杖村国民健康保険特別会計補正予算（第１号）の議定について
kaigiroku,2024,54,補正予算,◎議案第３４号令和６年度御杖村国民健康保険特別会計補正予算（第１号）の議定について
kaigiroku,2024,55,予算,[上程、説明、総括的質疑、予算決算委員会付託] ・・・・・・・・・・・・・・・・・・・・・・・・・・・ －17－
kaigiroku,2024,55,決算,[上程、説明、総括的質疑、予算決算委員会付託] ・・・・・・・・・・・・・・・・・・・・・・・・・・・ －17－
kaigiroku,2024,56,予算,◎議案第３５号令和６年度御杖村後期高齢者医療特別会計補正予算（第１号）の議定について
kaigiroku,2024,56,補正予算,◎議案第３５号令和６年度御杖村後期高齢者医療特別会計補正予算（第１号）の議定について
kaigiroku,2024,57,予算,[上程、説明、総括的質疑、予算決算委員会付託] ・・・・・・・・・・・・・・・・・・・・・・・・・・・ －17－
kaigiroku,2024,57,決算,[上程、説明、総括的質疑、予算決算委員会付託] ・・・・・・・・・・・・・・・・・・・・・・・・・・・ －17－
kaigiroku,2024,58,予算,◎議案第３６号令和６年度御杖村簡易水道事業会計補正予算（第１号）の議定について
kaigiroku,2024,58,補正予算,◎議案第３６号令和６年度御杖村簡易水道事業会計補正予算（第１号）の議定について
kaigiroku,2024,59,予算,[上程、説明、総括的質疑、予算決算委員会付託] ・・・・・・・・・・・・・・・・・・・・・・・・・・・ －18－
kaigiroku,2024,59,決算,[上程、説明、総括的質疑、予算決算委員会付託] ・・・・・・・・・・・・・・・・・・・・・・・・・・・ －18－
kaigiroku,2024,60,繰越,◎報告第１号令和５年度御杖村一般会計繰越明許費繰越計算書の報告について
kaigiroku,2024,74,予算,◎議案第３３号令和６年度御杖村一般会計補正予算（第１号）の議定について、議案第３４号令和６
kaigiroku,2024,74,補正予算,◎議案第３３号令和６年度御杖村一般会計補正予算（第１号）の議定について、議案第３４号令和６
kaigiroku,2024,75,予算,年度御杖村国民健康保険特別会計補正予算（第１号）の議定について、議案第３５号令和６年度
kaigiroku,2024,75,補正予算,年度御杖村国民健康保険特別会計補正予算（第１号）の議定について、議案第３５号令和６年度
kaigiroku,2024,76,予算,御杖村後期高齢者医療特別会計補正予算（第１号）の議定について、議案第３６号令和６年度御
kaigiroku,2024,76,補正予算,御杖村後期高齢者医療特別会計補正予算（第１号）の議定について、議案第３６号令和６年度御
kaigiroku,2024,77,予算,杖村簡易水道事業会計補正予算（第１号）の議定について
kaigiroku,2024,77,補正予算,杖村簡易水道事業会計補正予算（第１号）の議定について
kaigiroku,2024,79,予算,◎議案第３３号令和６年度御杖村一般会計補正予算（第１号）の議定について
kaigiroku,2024,79,補正予算,◎議案第３３号令和６年度御杖村一般会計補正予算（第１号）の議定について
kaigiroku,2024,81,予算,◎議案第３４号令和６年度御杖村国民健康保険特別会計補正予算（第１号）の議定について
kaigiroku,2024,81,補正予算,◎議案第３４号令和６年度御杖村国民健康保険特別会計補正予算（第１号）の議定について
kaigiroku,2024,83,予算,◎議案第３５号令和６年度御杖村後期高齢者医療特別会計補正予算（第１号）の議定について
kaigiroku,2024,83,補正予算,◎議案第３５号令和６年度御杖村後期高齢者医療特別会計補正予算（第１号）の議定について
kaigiroku,2024,85,予算,◎議案第３６号令和６年度御杖村簡易水道事業会計補正予算（第１号）の議定について
kaigiroku,2024,85,補正予算,◎議案第３６号令和６年度御杖村簡易水道事業会計補正予算（第１号）の議定について
kaigiroku,2024,115,契約,御杖村保健福祉医療総合センター長寿命化改修工事に伴う工事請負契約の締結について
kaigiroku,2024,115,工事,御杖村保健福祉医療総合センター長寿命化改修工事に伴う工事請負契約の締結について
kaigiroku,2024,121,財産,奈良県住宅新築資金等貸付金回収管理組合の解散に伴う財産の処分について
kaigiroku,2024,122,予算,第１３ 議案第３３号    【予算決算委員会付託】
kaigiroku,2024,122,決算,第１３ 議案第３３号    【予算決算委員会付託】
kaigiroku,2024,123,予算,令和６年度御杖村一般会計補正予算（第１号）の議定について
kaigiroku,2024,123,補正予算,令和６年度御杖村一般会計補正予算（第１号）の議定について
kaigiroku,2024,124,予算,第１４ 議案第３４号    【予算決算委員会付託】
kaigiroku,2024,124,決算,第１４ 議案第３４号    【予算決算委員会付託】
kaigiroku,2024,125,予算,令和６年度御杖村国民健康保険特別会計補正予算（第１号）の議定について
kaigiroku,2024,125,補正予算,令和６年度御杖村国民健康保険特別会計補正予算（第１号）の議定について
kaigiroku,2024,126,予算,第１５ 議案第３５号    【予算決算委員会付託】
kaigiroku,2024,126,決算,第１５ 議案第３５号    【予算決算委員会付託】
kaigiroku,2024,127,予算,令和６年度御杖村後期高齢者医療特別会計補正予算（第１号）の議定について
kaigiroku,2024,127,補正予算,令和６年度御杖村後期高齢者医療特別会計補正予算（第１号）の議定について
kaigiroku,2024,128,予算,第１６ 議案第３６号    【予算決算委員会付託】
kaigiroku,2024,128,決算,第１６ 議案第３６号    【予算決算委員会付託】
kaigiroku,2024,129,予算,令和６年度御杖村簡易水道事業会計補正予算（第１号）の議定について
kaigiroku,2024,129,補正予算,令和６年度御杖村簡易水道事業会計補正予算（第１号）の議定について
kaigiroku,2024,131,繰越,令和５年度御杖村一般会計繰越明許費繰越計算書の報告について
kaigiroku,2024,211,予算,午前１０時開会、予算決算委員会を１４日午前１０時開会、 続会議を２０日午前１０時開会と決定
kaigiroku,2024,211,決算,午前１０時開会、予算決算委員会を１４日午前１０時開会、 続会議を２０日午前１０時開会と決定
kaigiroku,2024,214,予算,扱いについて協議を行い、一般会計を含む補正予算４件は予算決算委員会へ付託することとし、
kaigiroku,2024,214,補正予算,扱いについて協議を行い、一般会計を含む補正予算４件は予算決算委員会へ付託することとし、
kaigiroku,2024,214,決算,扱いについて協議を行い、一般会計を含む補正予算４件は予算決算委員会へ付託することとし、
kaigiroku,2024,236,予算,をさせていただきたいと思います。先の３月議会で予算の議決をいただいた後、令和６年度も早２
kaigiroku,2024,245,予算,の一般会計補正予算におきまして、６５歳以上高齢者の方や６０歳から６４歳までの基礎疾患を有
kaigiroku,2024,245,補正予算,の一般会計補正予算におきまして、６５歳以上高齢者の方や６０歳から６４歳までの基礎疾患を有
kaigiroku,2024,250,予算,きを再認識したところでございます。水源林造林事業予算の確保に向けて、引き続き関係団体と
kaigiroku,2024,251,契約,要望活動を実施していくことが決議されました。最後に、本定例会には、条例制定３件、契約１件、
kaigiroku,2024,252,予算,規約１件、解散１件、財産処分１件、補正予算４件、報告 1 件を提出しております。慎重審議の上、
kaigiroku,2024,252,補正予算,規約１件、解散１件、財産処分１件、補正予算４件、報告 1 件を提出しております。慎重審議の上、
kaigiroku,2024,252,財産,規約１件、解散１件、財産処分１件、補正予算４件、報告 1 件を提出しております。慎重審議の上、
kaigiroku,2024,365,契約,などの問い合わせがありましたが、契約には至っていない状況です。旧御杖小学校の利活用につ
kaigiroku,2024,381,予算,にパンフレットを活用したく、今回の補正予算にその作成経費を計上させていただいております。
kaigiroku,2024,381,補正予算,にパンフレットを活用したく、今回の補正予算にその作成経費を計上させていただいております。
kaigiroku,2024,397,工事,からはヘリポート設置工事のための設計に着手をしております。今後は、設計が完了次第、工事
kaigiroku,2024,544,契約,工事に伴う工事請負契約の締結について
kaigiroku,2024,544,工事,工事に伴う工事請負契約の締結について
kaigiroku,2024,548,契約,改修工事に伴う工事請負契約の締結についてを議題と致します。本案についても、議会運営委
kaigiroku,2024,548,工事,改修工事に伴う工事請負契約の締結についてを議題と致します。本案についても、議会運営委
kaigiroku,2024,554,契約,すべき契約及び財産の取得又は処分に関する条例第２条の規定により、議会の議決を必要とす
kaigiroku,2024,554,財産,すべき契約及び財産の取得又は処分に関する条例第２条の規定により、議会の議決を必要とす
kaigiroku,2024,554,取得,すべき契約及び財産の取得又は処分に関する条例第２条の規定により、議会の議決を必要とす
kaigiroku,2024,555,契約,る契約であることから、提案するものでございます。詳細につきましては、保健福祉課長より説明申
kaigiroku,2024,562,工事,す、御杖村保健福祉医療総合センター長寿命化改修工事につきまして、この工事は、保健センタ
kaigiroku,2024,563,工事,ー及び老人福祉センターの長寿命化改修工事で、工事場所は、奈良県宇陀郡御杖村菅野１５８
kaigiroku,2024,564,契約,１番地でございます。契約の締結方法は、一般競争入札による公告を行い、令和６年５月１７日に
kaigiroku,2024,564,入札,１番地でございます。契約の締結方法は、一般競争入札による公告を行い、令和６年５月１７日に
kaigiroku,2024,565,契約,開札を行いました。結果についてですが、契約の相手方は、奈良県桜井市大字桜井５５３番地の
kaigiroku,2024,566,入札,１、株式会社中尾組、代表取締役中尾隆成、となっております。入札額は、１億２３２１万８千円で、
kaigiroku,2024,568,契約,した契約金額は、１億３５５３万９８００円となっています。工事期間は、去る令和６年５月２０日に工
kaigiroku,2024,568,工事,した契約金額は、１億３５５３万９８００円となっています。工事期間は、去る令和６年５月２０日に工
kaigiroku,2024,569,契約,事請負仮契約を締結したところでございますが、本契約上の工事期間は、議会の議決日から令和
kaigiroku,2024,569,工事,事請負仮契約を締結したところでございますが、本契約上の工事期間は、議会の議決日から令和
kaigiroku,2024,570,契約,７年３月２１日までとしております。本件は、議会の議決に付すべき契約及び財産の取得及び処分
kaigiroku,2024,570,財産,７年３月２１日までとしております。本件は、議会の議決に付すべき契約及び財産の取得及び処分
kaigiroku,2024,570,取得,７年３月２１日までとしております。本件は、議会の議決に付すべき契約及び財産の取得及び処分
kaigiroku,2024,571,契約,に関する条例第２条の、議会の議決に付すべき契約予定価格５千万円以上の工事の請負に該当
kaigiroku,2024,571,工事,に関する条例第２条の、議会の議決に付すべき契約予定価格５千万円以上の工事の請負に該当
kaigiroku,2024,572,契約,するため、契約締結に際して、議会の議決を求めるものでございます。以上、ご審議、よろしくお
kaigiroku,2024,584,契約,福祉医療総合センター長寿命化改修工事に伴う工事請負契約の締結については、原案のとおり
kaigiroku,2024,584,工事,福祉医療総合センター長寿命化改修工事に伴う工事請負契約の締結については、原案のとおり
kaigiroku,2024,643,決算,いて、五條市が継承する。なお、組合が解散した場合の決算は旧組合の管理者である五條市長
kaigiroku,2024,650,決算,打ち切り、組合管理者である五條市長が決算する。第５項では、前項の規定による決算は、五條
kaigiroku,2024,653,決算,である五條市長が決算し、当該市町村の長に送付をいたします。第７項では、前項の規定により
kaigiroku,2024,673,財産,解散に伴う財産の処分について
kaigiroku,2024,677,財産,合の解散に伴う財産の処分についてを議題と致します。本案についても、議会運営委員会委員
kaigiroku,2024,682,財産,散に伴う財産処分について、関係地方公共団体と協議するため、地方自治法第２９０条の規定
kaigiroku,2024,690,財産,財産処分ついて、ご説明申し上げます。別紙の組合の解散に伴う財産の処分に関する協議書を
kaigiroku,2024,691,基金,ご覧下さい。財政調整基金については、令和６年度末基金残高を、構成市長村が組合に負担し
kaigiroku,2024,709,財産,宅新築資金等貸付金回収管理組合の解散に伴う財産の処分については、 原案のとおり可決され
kaigiroku,2024,713,予算,◎議案第３３号令和６年度御杖村一般会計補正予算（第１号）
kaigiroku,2024,713,補正予算,◎議案第３３号令和６年度御杖村一般会計補正予算（第１号）
kaigiroku,2024,715,予算,［上程、説明、総括的質疑、予算決算委員会付託］
kaigiroku,2024,715,決算,［上程、説明、総括的質疑、予算決算委員会付託］
kaigiroku,2024,717,予算,○議長（山岡隆良君）：次に、日程第１３議案第３３号、令和６年度御杖村一般会計補正予算第１号の
kaigiroku,2024,717,補正予算,○議長（山岡隆良君）：次に、日程第１３議案第３３号、令和６年度御杖村一般会計補正予算第１号の
kaigiroku,2024,721,予算,○村長（伊藤収宜君）：本案につきましては、一般会計予算の歳入歳出それぞれに２，４１９万１千円
kaigiroku,2024,730,予算,委員会委員長の報告のとおり、全員協議会で詳細な説明を受け、予算決算委員会に付託するこ
kaigiroku,2024,730,決算,委員会委員長の報告のとおり、全員協議会で詳細な説明を受け、予算決算委員会に付託するこ
kaigiroku,2024,734,予算,一般会計補正予算第１号の議定については、予算決算委員会に付託することに決定しました。
kaigiroku,2024,734,補正予算,一般会計補正予算第１号の議定については、予算決算委員会に付託することに決定しました。
kaigiroku,2024,734,決算,一般会計補正予算第１号の議定については、予算決算委員会に付託することに決定しました。
kaigiroku,2024,737,予算,◎議案第３４号令和６年度御杖村国民健康保険特別会計補正予算
kaigiroku,2024,737,補正予算,◎議案第３４号令和６年度御杖村国民健康保険特別会計補正予算
kaigiroku,2024,739,予算,［上程、説明、総括的質疑、予算決算委員会付託］
kaigiroku,2024,739,決算,［上程、説明、総括的質疑、予算決算委員会付託］
kaigiroku,2024,742,予算,正予算第１号の議定についてを議題と致します。本案について、提案理由の説明を求めます。伊
kaigiroku,2024,753,予算,員会委員長の報告のとおり、全員協議会で詳細な説明を受け、予算決算委員会に付託すること
kaigiroku,2024,753,決算,員会委員長の報告のとおり、全員協議会で詳細な説明を受け、予算決算委員会に付託すること
kaigiroku,2024,757,予算,国民健康保険特別会計補正予算第１号の議定についても、予算決算委員会に付託することに決
kaigiroku,2024,757,補正予算,国民健康保険特別会計補正予算第１号の議定についても、予算決算委員会に付託することに決
kaigiroku,2024,757,決算,国民健康保険特別会計補正予算第１号の議定についても、予算決算委員会に付託することに決
kaigiroku,2024,762,予算,予算（第１号）の議定について
kaigiroku,2024,763,予算,［上程、説明、総括的質疑、予算決算委員会付託］
kaigiroku,2024,763,決算,［上程、説明、総括的質疑、予算決算委員会付託］
kaigiroku,2024,766,予算,補正予算第１号の議定についてを議題と致します。本案について、提案理由の説明を求めます。
kaigiroku,2024,766,補正予算,補正予算第１号の議定についてを議題と致します。本案について、提案理由の説明を求めます。
kaigiroku,2024,778,予算,員会委員長の報告のとおり、全員協議会で詳細な説明を受け、予算決算委員会に付託すること
kaigiroku,2024,778,決算,員会委員長の報告のとおり、全員協議会で詳細な説明を受け、予算決算委員会に付託すること
kaigiroku,2024,782,予算,後期高齢者医療特別会計補正予算第１号の議定についても、予算決算 委員会に付託すること
kaigiroku,2024,782,補正予算,後期高齢者医療特別会計補正予算第１号の議定についても、予算決算 委員会に付託すること
kaigiroku,2024,782,決算,後期高齢者医療特別会計補正予算第１号の議定についても、予算決算 委員会に付託すること
kaigiroku,2024,787,予算,予算（第１号）の議定について
kaigiroku,2024,788,予算,［上程、説明、総括的質疑、予算決算委員会付託］
kaigiroku,2024,788,決算,［上程、説明、総括的質疑、予算決算委員会付託］
kaigiroku,2024,790,予算,○議長（山岡隆良君）：次に、日程第１６議案第３６号、令和６年度御杖村簡易水道事業会計補正予算
kaigiroku,2024,790,補正予算,○議長（山岡隆良君）：次に、日程第１６議案第３６号、令和６年度御杖村簡易水道事業会計補正予算
kaigiroku,2024,801,予算,員会委員長の報告のとおり、全員協議会で詳細な説明を受け、予算決算委員会に付託すること
kaigiroku,2024,801,決算,員会委員長の報告のとおり、全員協議会で詳細な説明を受け、予算決算委員会に付託すること
kaigiroku,2024,805,予算,簡易水道事業会計補正予算第１号の議定についても、予算決算委員会に付託することに決定し
kaigiroku,2024,805,補正予算,簡易水道事業会計補正予算第１号の議定についても、予算決算委員会に付託することに決定し
kaigiroku,2024,805,決算,簡易水道事業会計補正予算第１号の議定についても、予算決算委員会に付託することに決定し
kaigiroku,2024,809,繰越,◎報告第１号令和５年度御杖村一般会計繰越明許費繰越
kaigiroku,2024,813,繰越,○議長（山岡隆良君）：次に、日程第１７報告第１号、令和５年度御杖村一般会計繰越明許費繰越
kaigiroku,2024,819,繰越,業について、地方自治法施行令第１４６条第２項の規定により繰越計算書の調整を行いましたの
kaigiroku,2024,825,繰越,算第９号で可決いただきました９つの事業について、その繰越額が確定しましたので、繰越金額と
kaigiroku,2024,826,繰越,進捗状況も併せてご説明申し上げます。議案書の最後、繰越計算書をご覧ください。まず、住民
kaigiroku,2024,827,繰越,基本台帳事務、繰越額３９６万円は、住民票の振り仮名対応に係るシステム改修委託で、国から
kaigiroku,2024,834,繰越,います。続いて、住民税均等割のみ課税世帯給付金、繰越額３０万円は、申請期限は去る４月３０
kaigiroku,2024,839,補助金,て、美しい森林づくり基盤整備事業は、１３３万１千円の補助金、その下、基盤整備の推進２４万１
kaigiroku,2024,845,工事,万５千円でございますが、神末中央集落センター改修工事につきまして工期を延長していました
kaigiroku,2024,847,工事,神末新道線の工事が霧氷祭り開催に伴い通行規制の開始が遅れたために繰り越しておりました
kaigiroku,2024,848,繰越,が、５月中に竣工しております。以上、繰越明許費繰越計算書の報告とさせていただきます。よろ
kaigiroku,2024,856,繰越,会計繰越明許費繰越計算書の報告についてを終わります。
kaigiroku,2024,884,予算,令和６年度御杖村一般会計補正予算（第１号）の議定について
kaigiroku,2024,884,補正予算,令和６年度御杖村一般会計補正予算（第１号）の議定について
kaigiroku,2024,886,予算,令和６年度御杖村国民健康保険特別会計補正予算（第１号）の議定について
kaigiroku,2024,886,補正予算,令和６年度御杖村国民健康保険特別会計補正予算（第１号）の議定について
kaigiroku,2024,888,予算,令和６年度御杖村後期高齢者医療特別会計補正予算（第１号）の議定について
kaigiroku,2024,888,補正予算,令和６年度御杖村後期高齢者医療特別会計補正予算（第１号）の議定について
kaigiroku,2024,890,予算,令和６年度御杖村簡易水道事業会計補正予算（第１号）の議定について
kaigiroku,2024,890,補正予算,令和６年度御杖村簡易水道事業会計補正予算（第１号）の議定について
kaigiroku,2024,991,予算,◎議案第３３号令和６年度御杖村一般会計補正予算第１号
kaigiroku,2024,991,補正予算,◎議案第３３号令和６年度御杖村一般会計補正予算第１号
kaigiroku,2024,993,予算,康保険特別会計補正予算第１号の議定について、議案
kaigiroku,2024,993,補正予算,康保険特別会計補正予算第１号の議定について、議案
kaigiroku,2024,995,予算,予算第３号の議定について、議案第３６号令和６年度御杖
kaigiroku,2024,996,予算,村簡易水道事業会計補正予算第１号の議定について
kaigiroku,2024,996,補正予算,村簡易水道事業会計補正予算第１号の議定について
kaigiroku,2024,999,予算,○議長（山岡隆良君）：次に、日程第２議案第３３号、令和６年度御杖村一般会計補正予算第１号の
kaigiroku,2024,999,補正予算,○議長（山岡隆良君）：次に、日程第２議案第３３号、令和６年度御杖村一般会計補正予算第１号の
kaigiroku,2024,1000,予算,議定について、日程第３議案第３４号、令和６年度御杖村国民健康保険特別会計補正予算第１
kaigiroku,2024,1000,補正予算,議定について、日程第３議案第３４号、令和６年度御杖村国民健康保険特別会計補正予算第１
kaigiroku,2024,1002,予算,算第３号の議定について、日程第５議案第３６号、令和６年度御杖村簡易水道事業会計補正予算
kaigiroku,2024,1002,補正予算,算第３号の議定について、日程第５議案第３６号、令和６年度御杖村簡易水道事業会計補正予算
kaigiroku,2024,1003,予算,第１号の議定についての４議案につきましては、予算決算委員会へ付託した案件でございますの
kaigiroku,2024,1003,決算,第１号の議定についての４議案につきましては、予算決算委員会へ付託した案件でございますの
kaigiroku,2024,1008,決算,算決算委員会委員長より一括して審査経過及び結果の報告をお願いします。寺前委員長。
kaigiroku,2024,1011,予算,○２番（寺前伊平君）：予算決算委員会を代表しまして、当委員会に付託されました、日程第２議案
kaigiroku,2024,1011,決算,○２番（寺前伊平君）：予算決算委員会を代表しまして、当委員会に付託されました、日程第２議案
kaigiroku,2024,1012,予算,第３３号から日程第５議案第３６号の各会計における補正予算につきまして、一括して、その審査
kaigiroku,2024,1012,補正予算,第３３号から日程第５議案第３６号の各会計における補正予算につきまして、一括して、その審査
kaigiroku,2024,1014,予算,が、去る６月１０日の本会議におきまして、令和６年度各会計における補正予算４件の案件が付託
kaigiroku,2024,1014,補正予算,が、去る６月１０日の本会議におきまして、令和６年度各会計における補正予算４件の案件が付託
kaigiroku,2024,1018,予算,ける補正予算４件について、各案件ごとに当局へ提案理由及び内容における追加説明の有無を
kaigiroku,2024,1018,補正予算,ける補正予算４件について、各案件ごとに当局へ提案理由及び内容における追加説明の有無を
kaigiroku,2024,1022,予算,における補正予算４件ともに、全員の賛成により、可決すべきものと決定いたしました。以上で、予
kaigiroku,2024,1022,補正予算,における補正予算４件ともに、全員の賛成により、可決すべきものと決定いたしました。以上で、予
kaigiroku,2024,1023,決算,算決算委員会の報告とさせていただきます。
kaigiroku,2024,1024,予算,○議長（山岡隆良君）：寺前委員長、ご苦労様でした。これから、予算決算委員会委員長報告に対
kaigiroku,2024,1024,決算,○議長（山岡隆良君）：寺前委員長、ご苦労様でした。これから、予算決算委員会委員長報告に対
kaigiroku,2024,1031,予算,◎議案第３３号令和６度御杖村一般会計補正予算第１号の
kaigiroku,2024,1031,補正予算,◎議案第３３号令和６度御杖村一般会計補正予算第１号の
kaigiroku,2024,1035,予算,○議長（山岡隆良君）：先ず、日程第２議案第３３号、令和６年度御杖村一般会計補正予算第１号の
kaigiroku,2024,1035,補正予算,○議長（山岡隆良君）：先ず、日程第２議案第３３号、令和６年度御杖村一般会計補正予算第１号の
kaigiroku,2024,1039,予算,を行います。本案に対する予算決算委員会委員長の報告は、可決です。日程第２議案第３３号に
kaigiroku,2024,1039,決算,を行います。本案に対する予算決算委員会委員長の報告は、可決です。日程第２議案第３３号に
kaigiroku,2024,1040,予算,ついて、予算決算委員会委員長の報告のとおり決定することに賛成の方は、起立願います。
kaigiroku,2024,1040,決算,ついて、予算決算委員会委員長の報告のとおり決定することに賛成の方は、起立願います。
kaigiroku,2024,1043,予算,御杖村一般会計補正予算第１号の議定については、予算決算委員会委員長の報告のとおり可
kaigiroku,2024,1043,補正予算,御杖村一般会計補正予算第１号の議定については、予算決算委員会委員長の報告のとおり可
kaigiroku,2024,1043,決算,御杖村一般会計補正予算第１号の議定については、予算決算委員会委員長の報告のとおり可
kaigiroku,2024,1048,予算,正予算第１号の議定について
kaigiroku,2024,1052,予算,正予算第１号の議定についてを議題とし、討論を行います。討論はありませんか。
kaigiroku,2024,1055,予算,を行います。本案に対する予算決算委員会委員長の報告は、可決です。日程第３議案第３４号に
kaigiroku,2024,1055,決算,を行います。本案に対する予算決算委員会委員長の報告は、可決です。日程第３議案第３４号に
kaigiroku,2024,1056,予算,ついて、予算決算委員会委員長の報告のとおり決定することに賛成の方は、起立願います。
kaigiroku,2024,1056,決算,ついて、予算決算委員会委員長の報告のとおり決定することに賛成の方は、起立願います。
kaigiroku,2024,1059,予算,御杖村国民健康保険特別会計補正予算第１号の議定についても、予算決算委員会委員長の報
kaigiroku,2024,1059,補正予算,御杖村国民健康保険特別会計補正予算第１号の議定についても、予算決算委員会委員長の報
kaigiroku,2024,1059,決算,御杖村国民健康保険特別会計補正予算第１号の議定についても、予算決算委員会委員長の報
kaigiroku,2024,1065,予算,補正予算第１号の議定について
kaigiroku,2024,1065,補正予算,補正予算第１号の議定について
kaigiroku,2024,1069,予算,補正予算第３号の議定についてを議題とし、討論を行います。討論はありませんか。
kaigiroku,2024,1069,補正予算,補正予算第３号の議定についてを議題とし、討論を行います。討論はありませんか。
kaigiroku,2024,1072,予算,を行います。本案に対する予算決算委員会委員長の報告は、可決です。日程第４議案第３５号に
kaigiroku,2024,1072,決算,を行います。本案に対する予算決算委員会委員長の報告は、可決です。日程第４議案第３５号に
kaigiroku,2024,1073,予算,ついて、予算決算委員会委員長の報告のとおり決定することに賛成の方は、起立願います。
kaigiroku,2024,1073,決算,ついて、予算決算委員会委員長の報告のとおり決定することに賛成の方は、起立願います。
kaigiroku,2024,1076,予算,御杖村後期高齢者医療特別会計補正予算第３号の議定についても、予算決算委員会委員長の
kaigiroku,2024,1076,補正予算,御杖村後期高齢者医療特別会計補正予算第３号の議定についても、予算決算委員会委員長の
kaigiroku,2024,1076,決算,御杖村後期高齢者医療特別会計補正予算第３号の議定についても、予算決算委員会委員長の
kaigiroku,2024,1081,予算,予算第１号の議定について
kaigiroku,2024,1088,予算,を行います。本案に対する予算決算委員会委員長の報告は、可決です。日程第５議案第３６号に
kaigiroku,2024,1088,決算,を行います。本案に対する予算決算委員会委員長の報告は、可決です。日程第５議案第３６号に
kaigiroku,2024,1089,予算,ついて、予算決算委員会委員長の報告のとおり決定することに賛成の方は、起立願います。
kaigiroku,2024,1089,決算,ついて、予算決算委員会委員長の報告のとおり決定することに賛成の方は、起立願います。
kaigiroku,2024,1092,予算,度御杖村簡易水道事業会計補正予算第１号の議定についても、予算決算委員会委員長の報
kaigiroku,2024,1092,補正予算,度御杖村簡易水道事業会計補正予算第１号の議定についても、予算決算委員会委員長の報
kaigiroku,2024,1092,決算,度御杖村簡易水道事業会計補正予算第１号の議定についても、予算決算委員会委員長の報
kaigirokuR6-12,2024,45,予算,◎承認第７号専決処分の承認を求めることについて（令和６年度御杖村一般会計補正予算(第３号）)
kaigirokuR6-12,2024,45,補正予算,◎承認第７号専決処分の承認を求めることについて（令和６年度御杖村一般会計補正予算(第３号）)
kaigirokuR6-12,2024,52,予算,◎議案第５０号令和 6 年度御杖村一般会計補正予算（第４号）の議定について
kaigirokuR6-12,2024,52,補正予算,◎議案第５０号令和 6 年度御杖村一般会計補正予算（第４号）の議定について
kaigirokuR6-12,2024,54,予算,◎議案第５１号令和６年度御杖村国民健康保険特別会計補正予算（第２号）の議定について
kaigirokuR6-12,2024,54,補正予算,◎議案第５１号令和６年度御杖村国民健康保険特別会計補正予算（第２号）の議定について
kaigirokuR6-12,2024,56,予算,◎議案第５２号令和６年度御杖村介護保険特別会計補正予算（第２号）の議定について
kaigirokuR6-12,2024,56,補正予算,◎議案第５２号令和６年度御杖村介護保険特別会計補正予算（第２号）の議定について
kaigirokuR6-12,2024,78,予算,◎承認第７号専決処分の承認を求めることについて（令和６年度御杖村一般会計補正予算(第３
kaigirokuR6-12,2024,78,補正予算,◎承認第７号専決処分の承認を求めることについて（令和６年度御杖村一般会計補正予算(第３
kaigirokuR6-12,2024,79,予算,号）)、議案第５０号令和６年度御杖村一般会計補正予算（第４号）の議定について、議案第５１
kaigirokuR6-12,2024,79,補正予算,号）)、議案第５０号令和６年度御杖村一般会計補正予算（第４号）の議定について、議案第５１
kaigirokuR6-12,2024,80,予算,号令和６年度御杖村国民健康保険特別会計補正予算（第２号）の議定について、議案第５２
kaigirokuR6-12,2024,80,補正予算,号令和６年度御杖村国民健康保険特別会計補正予算（第２号）の議定について、議案第５２
kaigirokuR6-12,2024,81,予算,号令和６年度御杖村介護保険特別会計補正予算（第２号）の議定について
kaigirokuR6-12,2024,81,補正予算,号令和６年度御杖村介護保険特別会計補正予算（第２号）の議定について
kaigirokuR6-12,2024,83,予算,◎承認第７号専決処分の承認を求めることについて（令和６年度御杖村一般会計補正予算(第３号）)
kaigirokuR6-12,2024,83,補正予算,◎承認第７号専決処分の承認を求めることについて（令和６年度御杖村一般会計補正予算(第３号）)
kaigirokuR6-12,2024,85,予算,◎議案第５０号令和６年度御杖村一般会計補正予算(第４号)の議定について
kaigirokuR6-12,2024,85,補正予算,◎議案第５０号令和６年度御杖村一般会計補正予算(第４号)の議定について
kaigirokuR6-12,2024,87,予算,◎議案第５１号令和６年度御杖村国民健康保険特別会計補正予算(第２号)の議定について
kaigirokuR6-12,2024,87,補正予算,◎議案第５１号令和６年度御杖村国民健康保険特別会計補正予算(第２号)の議定について
kaigirokuR6-12,2024,89,予算,◎議案第５２号令和６年度御杖村介護保険特別会計補正予算(第２号)の議定について
kaigirokuR6-12,2024,89,補正予算,◎議案第５２号令和６年度御杖村介護保険特別会計補正予算(第２号)の議定について
kaigirokuR6-12,2024,123,予算,第９   承認第７号    ［予算決算委員会付託］
kaigirokuR6-12,2024,123,決算,第９   承認第７号    ［予算決算委員会付託］
kaigirokuR6-12,2024,130,予算,第１２ 議案第５０号 [予算決算委員会付託]
kaigirokuR6-12,2024,130,決算,第１２ 議案第５０号 [予算決算委員会付託]
kaigirokuR6-12,2024,131,予算,令和６年度御杖村一般会計補正予算（第４号）の議定について
kaigirokuR6-12,2024,131,補正予算,令和６年度御杖村一般会計補正予算（第４号）の議定について
kaigirokuR6-12,2024,132,予算,第１３ 議案第５１号 [予算決算委員会付託]
kaigirokuR6-12,2024,132,決算,第１３ 議案第５１号 [予算決算委員会付託]
kaigirokuR6-12,2024,133,予算,令和６年度御杖村国民健康保険特別会計補正予算（第２号）の議定について
kaigirokuR6-12,2024,133,補正予算,令和６年度御杖村国民健康保険特別会計補正予算（第２号）の議定について
kaigirokuR6-12,2024,134,予算,第１４ 議案第５２号 [予算決算委員会付託]
kaigirokuR6-12,2024,134,決算,第１４ 議案第５２号 [予算決算委員会付託]
kaigirokuR6-12,2024,135,予算,令和６年度御杖村介護保険特別会計補正予算（第２号）の議定について
kaigirokuR6-12,2024,135,補正予算,令和６年度御杖村介護保険特別会計補正予算（第２号）の議定について
kaigirokuR6-12,2024,207,予算,前１０時開会、全員協議会を１２月３日火曜日午前１０時開会、予算決算委員会を１２月１０日火曜
kaigirokuR6-12,2024,207,決算,前１０時開会、全員協議会を１２月３日火曜日午前１０時開会、予算決算委員会を１２月１０日火曜
kaigirokuR6-12,2024,212,予算,件の計６案件については、開会日に即決することとし、専決処分を含む補正予算４件については、
kaigirokuR6-12,2024,212,補正予算,件の計６案件については、開会日に即決することとし、専決処分を含む補正予算４件については、
kaigirokuR6-12,2024,213,予算,予算決算委員会へ付託することと致しました。なお、本定例会において、むらづくり委員会の開催
kaigirokuR6-12,2024,213,決算,予算決算委員会へ付託することと致しました。なお、本定例会において、むらづくり委員会の開催
kaigirokuR6-12,2024,239,予算,簡易水道協会として、国土交通省上下水道審議官へ簡易水道関係予算の確保等に関する要望
kaigirokuR6-12,2024,241,予算,安全安心の確保のため、治山事業が着実に実施できるよう予算の確保に関する要望活動を行いま
kaigirokuR6-12,2024,257,予算,本定例会には、専決処分の承認、条例改正、規約改正、補正予算、人事案件等７件を提出してお
kaigirokuR6-12,2024,257,補正予算,本定例会には、専決処分の承認、条例改正、規約改正、補正予算、人事案件等７件を提出してお
kaigirokuR6-12,2024,275,予算,できる生活基盤が重要であり、令和７年度当初予算策定を前にして、これらのことを踏まえた制度
kaigirokuR6-12,2024,295,補助金,りましたが、ここ数年に村内で複数の森林経営計画が樹立されたことにより、補助金を活用した搬
kaigirokuR6-12,2024,297,補助金,て森林経営計画を作成し、補助金を活用することを考えていかなくてはなりません。しかしながら、
kaigirokuR6-12,2024,322,予算,で具体的に進めって行っていただきたいと思いますし、来年度の予算に反映できるような施策を
kaigirokuR6-12,2024,326,工事,全国のいろんなニュースを見ていますと、やはり後で復旧工事もなされてますし、それまでに大事
kaigirokuR6-12,2024,440,予算,（令和６年度御杖村一般会計補正予算（第３号））
kaigirokuR6-12,2024,440,補正予算,（令和６年度御杖村一般会計補正予算（第３号））
kaigirokuR6-12,2024,441,予算,［上程、説明、総括的質疑、予算決算委員会付託］
kaigirokuR6-12,2024,441,決算,［上程、説明、総括的質疑、予算決算委員会付託］
kaigirokuR6-12,2024,443,予算,度御杖村一般会計補正予算第３号を議題と致します。本案について、提案理由の説明を求めま
kaigirokuR6-12,2024,443,補正予算,度御杖村一般会計補正予算第３号を議題と致します。本案について、提案理由の説明を求めま
kaigirokuR6-12,2024,447,予算,○村長（伊藤収宜君）：本案につきましては、衆議院解散に伴う総選挙を執行する予算の補正が必
kaigirokuR6-12,2024,449,予算,千円とするものでございます。去る１０月９日に補正予算の専決処分をさせていただきましたので、
kaigirokuR6-12,2024,449,補正予算,千円とするものでございます。去る１０月９日に補正予算の専決処分をさせていただきましたので、
kaigirokuR6-12,2024,455,予算,委員会委員長の報告のとおり、全員協議会で詳細な説明を受け、予算決算委員会に付託するこ
kaigirokuR6-12,2024,455,決算,委員会委員長の報告のとおり、全員協議会で詳細な説明を受け、予算決算委員会に付託するこ
kaigirokuR6-12,2024,459,予算,めることについて、令和６年度御杖村一般会計補正予算第３号は、予算決算委員会に付託するこ
kaigirokuR6-12,2024,459,補正予算,めることについて、令和６年度御杖村一般会計補正予算第３号は、予算決算委員会に付託するこ
kaigirokuR6-12,2024,459,決算,めることについて、令和６年度御杖村一般会計補正予算第３号は、予算決算委員会に付託するこ
kaigirokuR6-12,2024,540,予算,◎議案第５０号令和６年度御杖村一般会計補正予算（第４号）
kaigirokuR6-12,2024,540,補正予算,◎議案第５０号令和６年度御杖村一般会計補正予算（第４号）
kaigirokuR6-12,2024,542,予算,［上程、説明、総括的質疑、予算決算委員会付託］
kaigirokuR6-12,2024,542,決算,［上程、説明、総括的質疑、予算決算委員会付託］
kaigirokuR6-12,2024,543,予算,○議長（山岡隆良君）：次に、日程第１２議案第５０号、令和６年度御杖村一般会計補正予算第３号
kaigirokuR6-12,2024,543,補正予算,○議長（山岡隆良君）：次に、日程第１２議案第５０号、令和６年度御杖村一般会計補正予算第３号
kaigirokuR6-12,2024,556,予算,委員会副委員長の報告のとおり、全員協議会で詳細な説明を受け、予算決算委員会に付託する
kaigirokuR6-12,2024,556,決算,委員会副委員長の報告のとおり、全員協議会で詳細な説明を受け、予算決算委員会に付託する
kaigirokuR6-12,2024,560,予算,村一般会計補正予算第３号の議定については、予算決算委員会に付託することに決定しました。
kaigirokuR6-12,2024,560,補正予算,村一般会計補正予算第３号の議定については、予算決算委員会に付託することに決定しました。
kaigirokuR6-12,2024,560,決算,村一般会計補正予算第３号の議定については、予算決算委員会に付託することに決定しました。
kaigirokuR6-12,2024,564,予算,補正予算（第１号）の議定について
kaigirokuR6-12,2024,564,補正予算,補正予算（第１号）の議定について
kaigirokuR6-12,2024,565,予算,［上程、説明、総括的質疑、予算決算委員会付託］
kaigirokuR6-12,2024,565,決算,［上程、説明、総括的質疑、予算決算委員会付託］
kaigirokuR6-12,2024,567,予算,補正予算第２号の議定についてを議題と致します。本案について、提案理由の説明を求めます。
kaigirokuR6-12,2024,567,補正予算,補正予算第２号の議定についてを議題と致します。本案について、提案理由の説明を求めます。
kaigirokuR6-12,2024,573,基金,保険基盤安定繰入金、財政調整基金繰入金の増額を行い、歳出では、国民健康保険事業費納
kaigirokuR6-12,2024,579,予算,員会副委員長の報告のとおり、全員協議会で詳細な説明を受け、予算決算委員会に付託するこ
kaigirokuR6-12,2024,579,決算,員会副委員長の報告のとおり、全員協議会で詳細な説明を受け、予算決算委員会に付託するこ
kaigirokuR6-12,2024,583,予算,村国民健康保険特別会計補正予算第２号の議定についても、予算決算委員会に付託することに
kaigirokuR6-12,2024,583,補正予算,村国民健康保険特別会計補正予算第２号の議定についても、予算決算委員会に付託することに
kaigirokuR6-12,2024,583,決算,村国民健康保険特別会計補正予算第２号の議定についても、予算決算委員会に付託することに
kaigirokuR6-12,2024,587,予算,◎議案第５２号令和６年度御杖村介護保険特別会計補正予算
kaigirokuR6-12,2024,587,補正予算,◎議案第５２号令和６年度御杖村介護保険特別会計補正予算
kaigirokuR6-12,2024,589,予算,［上程、説明、総括的質疑、予算決算委員会付託］
kaigirokuR6-12,2024,589,決算,［上程、説明、総括的質疑、予算決算委員会付託］
kaigirokuR6-12,2024,591,予算,予算第２号の議定についてを議題と致します。本案について、提案理由の説明を求めます。伊藤
kaigirokuR6-12,2024,603,予算,員会副委員長の報告のとおり、全員協議会で詳細な説明を受け、予算決算委員会に付託するこ
kaigirokuR6-12,2024,603,決算,員会副委員長の報告のとおり、全員協議会で詳細な説明を受け、予算決算委員会に付託するこ
kaigirokuR6-12,2024,607,予算,村介護保険特別会計補正予算第２号の議定についても、予算決算委員会に付託することに決定
kaigirokuR6-12,2024,607,補正予算,村介護保険特別会計補正予算第２号の議定についても、予算決算委員会に付託することに決定
kaigirokuR6-12,2024,607,決算,村介護保険特別会計補正予算第２号の議定についても、予算決算委員会に付託することに決定
kaigirokuR6-12,2024,661,予算,（令和６年度御杖村一般会計補正予算(第３号）)
kaigirokuR6-12,2024,661,補正予算,（令和６年度御杖村一般会計補正予算(第３号）)
kaigirokuR6-12,2024,663,予算,令和６年度御杖村一般会計補正予算（第４号）の議定について
kaigirokuR6-12,2024,663,補正予算,令和６年度御杖村一般会計補正予算（第４号）の議定について
kaigirokuR6-12,2024,665,予算,令和６年度御杖村国民健康保険特別会計補正予算(第２号)の議定について
kaigirokuR6-12,2024,665,補正予算,令和６年度御杖村国民健康保険特別会計補正予算(第２号)の議定について
kaigirokuR6-12,2024,667,予算,令和６年度御杖村介護保険特別会計補正予算（第２号）の議定について
kaigirokuR6-12,2024,667,補正予算,令和６年度御杖村介護保険特別会計補正予算（第２号）の議定について
kaigirokuR6-12,2024,759,予算,入りました。付議された案件は、議案第１号令和６年度東宇陀環境衛生組合一般会計補正予算
kaigirokuR6-12,2024,759,補正予算,入りました。付議された案件は、議案第１号令和６年度東宇陀環境衛生組合一般会計補正予算
kaigirokuR6-12,2024,760,決算,第１号について、認定第１号令和５年度東宇陀環境衛生組合一般会計歳入歳出決算について以
kaigirokuR6-12,2024,761,予算,上２件が提案されました。議案第１号令和６年度一般会計補正予算について、歳入歳出それぞれ
kaigirokuR6-12,2024,761,補正予算,上２件が提案されました。議案第１号令和６年度一般会計補正予算について、歳入歳出それぞれ
kaigirokuR6-12,2024,762,予算,２，０８３万の増額予算となっています。山岡議員より、歳出の総務費、２節給料について、予算に
kaigirokuR6-12,2024,763,工事,対して１００万円以上の差額が発生しているのはなぜか。また衛生費、工事請負費も新たに補正
kaigirokuR6-12,2024,764,予算,予算計上されておりますが、予算分について順調に施工完了していますか。以上２点の質疑に対
kaigirokuR6-12,2024,765,予算,し、局長より、給料については４月の人事異動による前局長が再任用であったことや、予算に対し
kaigirokuR6-12,2024,766,予算,職員の職級の差が大きく開いたことによる差額である。工事についてはスケジュール通り予算分は
kaigirokuR6-12,2024,766,工事,職員の職級の差が大きく開いたことによる差額である。工事についてはスケジュール通り予算分は
kaigirokuR6-12,2024,767,決算,順調に施工済みであると回答されました。認定第１号令和５年度一般会計歳入歳出決算について、
kaigirokuR6-12,2024,768,予算,歳入合計２億２，２１６万４，２８９円で予算額２億２，３７９万３，０００円に対し、１６２万８，７１１円の減
kaigirokuR6-12,2024,769,予算,額。歳出合計２億１，４３４万９，０６９円で予算額２億２，３７９万３，０００円に対し、９４４万３，９０４円
kaigirokuR6-12,2024,785,決算,入歳出決算認定、ふるさと市町村圏基金特別会計歳入歳出決算認定、介護保険特別会計歳入歳
kaigirokuR6-12,2024,785,基金,入歳出決算認定、ふるさと市町村圏基金特別会計歳入歳出決算認定、介護保険特別会計歳入歳
kaigirokuR6-12,2024,786,決算,出決算認定の３件で、監査委員の審査意見や関係資料をつけて認定に付され、いずれも原案どお
kaigirokuR6-12,2024,791,決算,議案の概要について簡略にご報告させていただきます。認第１号の一般会計歳入歳出決算認定
kaigirokuR6-12,2024,794,繰越,構成４市村からの負担金が１，２６０万円、令和４年度からの繰越金が２８８万１，１４６円となっていま
kaigirokuR6-12,2024,797,決算,に、認第２号のふるさと市町村圏基金特別会計歳入歳出決算認定についてでは、歳入総額９８８万
kaigirokuR6-12,2024,797,基金,に、認第２号のふるさと市町村圏基金特別会計歳入歳出決算認定についてでは、歳入総額９８８万
kaigirokuR6-12,2024,800,繰越,金運用益及び預金利息が３３５万９，１１４円、令和４年度からの繰越金が１２２万５，６５１円及び諸
kaigirokuR6-12,2024,804,決算,会計歳入歳出決算認定についてでは、歳入総額６，１４７万２，１３４円、歳出総額５，０７５万８，１９２
kaigirokuR6-12,2024,807,繰越,繰越金が１，２４３万７，１３４円、及び、諸収入が３万５，０００円であり、歳出につきましては、介護保
kaigirokuR6-12,2024,826,決算,計歳入歳出決算については、歳入総額８２０，９８１，３３２円、歳出総額８１５，７７０，６３９円で、決
kaigirokuR6-12,2024,827,決算,算の結果、差引５，２１０，６９３円の黒字決算となりました。 提案されました議案 1 件は、全会一致
kaigirokuR6-12,2024,846,財産,費１億４，１９０万円、同消費税込みです、の財産の取得について原案通り可決しました。また、令
kaigirokuR6-12,2024,846,取得,費１億４，１９０万円、同消費税込みです、の財産の取得について原案通り可決しました。また、令
kaigirokuR6-12,2024,851,決算,度の一般会計歳入歳出決算を認定しました。以上で報告を終わります。
kaigirokuR6-12,2024,868,決算,政一部事務組合一般会計歳入歳出決算の認定について、議第７号案令和６年度曽爾御杖行政
kaigirokuR6-12,2024,869,予算,一部事務組合一般会計予算補正第１号についての以上、３案件が提出されました。議第６号案奈
kaigirokuR6-12,2024,873,決算,計歳入歳出決算認定については、事務局長から歳入総額３，９０５万６，８５２円、歳出総額３，７８
kaigirokuR6-12,2024,875,決算,８万１，７０５円、差引額１１７万５，１４７円で、単年度実質収支５万４７７円の黒字決算とする概要に
kaigirokuR6-12,2024,877,予算,政一部事務組合一般会計予算補正第１号については、歳入歳出予算の総額に歳入歳出それぞ
kaigirokuR6-12,2024,878,予算,れ４３万３千円を追加する、歳入歳出予算の総額を歳入歳出それぞれ４，０９１万４千円とするもの
kaigirokuR6-12,2024,887,予算,６年度御杖村一般会計補正予算（第３号））、議案第
kaigirokuR6-12,2024,887,補正予算,６年度御杖村一般会計補正予算（第３号））、議案第
kaigirokuR6-12,2024,888,予算,５０号令和６年度御杖村一般会計補正予算(第４号)の
kaigirokuR6-12,2024,888,補正予算,５０号令和６年度御杖村一般会計補正予算(第４号)の
kaigirokuR6-12,2024,890,予算,康保険特別会計補正予算(第２号)の議定について、
kaigirokuR6-12,2024,890,補正予算,康保険特別会計補正予算(第２号)の議定について、
kaigirokuR6-12,2024,892,予算,予算(第２号)の議定について
kaigirokuR6-12,2024,895,予算,ことについて、令和６年度御杖村一般会計補正予算第３号、日程第３、議案第５０号令和６年度御
kaigirokuR6-12,2024,895,補正予算,ことについて、令和６年度御杖村一般会計補正予算第３号、日程第３、議案第５０号令和６年度御
kaigirokuR6-12,2024,896,予算,杖村一般会計補正予算第４号の議定について、日程第４、議案第５１号令和６年度御杖村国民健
kaigirokuR6-12,2024,896,補正予算,杖村一般会計補正予算第４号の議定について、日程第４、議案第５１号令和６年度御杖村国民健
kaigirokuR6-12,2024,897,予算,康保険特別会計補正予算第２号の議定について、日程第５、議案第５２号令和６年度御杖村介護
kaigirokuR6-12,2024,897,補正予算,康保険特別会計補正予算第２号の議定について、日程第５、議案第５２号令和６年度御杖村介護
kaigirokuR6-12,2024,898,予算,保険特別会計補正予算第２号の議定について以上の４議案につきましては、予算決算委員会へ
kaigirokuR6-12,2024,898,補正予算,保険特別会計補正予算第２号の議定について以上の４議案につきましては、予算決算委員会へ
kaigirokuR6-12,2024,898,決算,保険特別会計補正予算第２号の議定について以上の４議案につきましては、予算決算委員会へ
kaigirokuR6-12,2024,903,予算,第４１条第１項の規定に基づき、予算決算委員会委員長より一括して審査経過及び結果の報告を
kaigirokuR6-12,2024,903,決算,第４１条第１項の規定に基づき、予算決算委員会委員長より一括して審査経過及び結果の報告を
kaigirokuR6-12,2024,907,予算,○２番（寺前伊平君）：それでは、予算決算委員会を代表しまして、当委員会に付託されました、承
kaigirokuR6-12,2024,907,決算,○２番（寺前伊平君）：それでは、予算決算委員会を代表しまして、当委員会に付託されました、承
kaigirokuR6-12,2024,908,予算,認第７号及び議案第５０号から議案第５２号の専決を含む補正予算４件につきまして、一括して、
kaigirokuR6-12,2024,908,補正予算,認第７号及び議案第５０号から議案第５２号の専決を含む補正予算４件につきまして、一括して、
kaigirokuR6-12,2024,910,予算,が、去る１２月２日の本会議におきまして、専決を含む補正予算４件が付託されたことにより、１２月
kaigirokuR6-12,2024,910,補正予算,が、去る１２月２日の本会議におきまして、専決を含む補正予算４件が付託されたことにより、１２月
kaigirokuR6-12,2024,911,予算,１０日に予算決算委員会を開催いたしました。審査の経過でございますが、各会計ごとに質疑及
kaigirokuR6-12,2024,911,決算,１０日に予算決算委員会を開催いたしました。審査の経過でございますが、各会計ごとに質疑及
kaigirokuR6-12,2024,914,予算,果につきましては、専決を含む補正予算４件ともに全員の賛成により、原案のとおり承認又は可決
kaigirokuR6-12,2024,914,補正予算,果につきましては、専決を含む補正予算４件ともに全員の賛成により、原案のとおり承認又は可決
kaigirokuR6-12,2024,917,予算,すべきものと決定いたしました。以上で、予算決算委員会の報告とさせていただきます。
kaigirokuR6-12,2024,917,決算,すべきものと決定いたしました。以上で、予算決算委員会の報告とさせていただきます。
kaigirokuR6-12,2024,918,予算,○議長（山岡隆良君）：寺前委員長、ご苦労様でした。これから、予算決算委員会委員長報告に対
kaigirokuR6-12,2024,918,決算,○議長（山岡隆良君）：寺前委員長、ご苦労様でした。これから、予算決算委員会委員長報告に対
kaigirokuR6-12,2024,925,予算,（令和６年度御杖村一般会計補正予算（第３号））
kaigirokuR6-12,2024,925,補正予算,（令和６年度御杖村一般会計補正予算（第３号））
kaigirokuR6-12,2024,928,予算,決処分の承認を求めることについて、令和６年度御杖村一般会計補正予算第３号を議題とし、討
kaigirokuR6-12,2024,928,補正予算,決処分の承認を求めることについて、令和６年度御杖村一般会計補正予算第３号を議題とし、討
kaigirokuR6-12,2024,932,予算,を行います。本案に対する予算決算委員会委員長の報告は、承認です。日程第２、承認第７号
kaigirokuR6-12,2024,932,決算,を行います。本案に対する予算決算委員会委員長の報告は、承認です。日程第２、承認第７号
kaigirokuR6-12,2024,933,予算,を、予算決算委員会委員長の報告のとおり決定することに賛成の方は、起立願います。
kaigirokuR6-12,2024,933,決算,を、予算決算委員会委員長の報告のとおり決定することに賛成の方は、起立願います。
kaigirokuR6-12,2024,936,予算,認を求めることについて、令和６年度御杖村一般会計補正予算第３号は、予算決算委員会委員
kaigirokuR6-12,2024,936,補正予算,認を求めることについて、令和６年度御杖村一般会計補正予算第３号は、予算決算委員会委員
kaigirokuR6-12,2024,936,決算,認を求めることについて、令和６年度御杖村一般会計補正予算第３号は、予算決算委員会委員
kaigirokuR6-12,2024,940,予算,◎議案第５０号令和６年度御杖村一般会計補正予算(第４号)
kaigirokuR6-12,2024,940,補正予算,◎議案第５０号令和６年度御杖村一般会計補正予算(第４号)
kaigirokuR6-12,2024,943,予算,○議長（山岡隆良君）：次に、日程第３､議案第５０号令和６年度御杖村一般会計補正予算(第４号)
kaigirokuR6-12,2024,943,補正予算,○議長（山岡隆良君）：次に、日程第３､議案第５０号令和６年度御杖村一般会計補正予算(第４号)
kaigirokuR6-12,2024,947,予算,を行います。本案に対する予算決算委員会委員長の報告は、可決です。日程第３、議案第５０号
kaigirokuR6-12,2024,947,決算,を行います。本案に対する予算決算委員会委員長の報告は、可決です。日程第３、議案第５０号
kaigirokuR6-12,2024,948,予算,ついて、予算決算委員会委員長の報告のとおり決定することに賛成の方は、起立願います。
kaigirokuR6-12,2024,948,決算,ついて、予算決算委員会委員長の報告のとおり決定することに賛成の方は、起立願います。
kaigirokuR6-12,2024,951,予算,御杖村一般会計補正予算第４号の議定については、予算決算委員会委員長の報告のとおり可
kaigirokuR6-12,2024,951,補正予算,御杖村一般会計補正予算第４号の議定については、予算決算委員会委員長の報告のとおり可
kaigirokuR6-12,2024,951,決算,御杖村一般会計補正予算第４号の議定については、予算決算委員会委員長の報告のとおり可
kaigirokuR6-12,2024,956,予算,会計補正予算(第２号)の議定について
kaigirokuR6-12,2024,956,補正予算,会計補正予算(第２号)の議定について
kaigirokuR6-12,2024,960,予算,予算第２号の議定についてを議題とし、討論を行います。討論はありませんか。
kaigirokuR6-12,2024,963,予算,を行います。本案に対する予算決算委員会委員長の報告は、可決です。日程第４、議案第５１号
kaigirokuR6-12,2024,963,決算,を行います。本案に対する予算決算委員会委員長の報告は、可決です。日程第４、議案第５１号
kaigirokuR6-12,2024,964,予算,ついても、予算決算委員会委員長の報告のとおり決定することに賛成の方は、起立願います。
kaigirokuR6-12,2024,964,決算,ついても、予算決算委員会委員長の報告のとおり決定することに賛成の方は、起立願います。
kaigirokuR6-12,2024,967,予算,御杖村国民健康保険特別会計補正予算第２号の議定についても、予算決算委員会委員長の報
kaigirokuR6-12,2024,967,補正予算,御杖村国民健康保険特別会計補正予算第２号の議定についても、予算決算委員会委員長の報
kaigirokuR6-12,2024,967,決算,御杖村国民健康保険特別会計補正予算第２号の議定についても、予算決算委員会委員長の報
kaigirokuR6-12,2024,972,予算,補正予算(第２号)の議定について
kaigirokuR6-12,2024,972,補正予算,補正予算(第２号)の議定について
kaigirokuR6-12,2024,974,予算,○議長（山岡隆良君）：次に、日程第５､議案第５２号令和６年度御杖村介護保険特別会計補正予算
kaigirokuR6-12,2024,974,補正予算,○議長（山岡隆良君）：次に、日程第５､議案第５２号令和６年度御杖村介護保険特別会計補正予算
kaigirokuR6-12,2024,978,予算,を行います。本案に対する予算決算委員会委員長の報告は、可決です。日程第５、議案第５２号
kaigirokuR6-12,2024,978,決算,を行います。本案に対する予算決算委員会委員長の報告は、可決です。日程第５、議案第５２号
kaigirokuR6-12,2024,979,予算,ついても、予算決算委員会委員長の報告のとおり決定することに賛成の方は、起立願います。
kaigirokuR6-12,2024,979,決算,ついても、予算決算委員会委員長の報告のとおり決定することに賛成の方は、起立願います。
kaigirokuR6-12,2024,982,予算,御杖村介護保険特別会計補正予算第２号の議定についても、予算決算委員会委員長の報告の
kaigirokuR6-12,2024,982,補正予算,御杖村介護保険特別会計補正予算第２号の議定についても、予算決算委員会委員長の報告の
kaigirokuR6-12,2024,982,決算,御杖村介護保険特別会計補正予算第２号の議定についても、予算決算委員会委員長の報告の
kaigirokuR6-9,2024,44,契約,◎議案第３９号一般Ｘ線撮影装置物品売買契約の締結について
kaigirokuR6-9,2024,50,財産,う財産処分について
kaigirokuR6-9,2024,56,財産,◎議案第４３号奈良広域水質検査センター組合の解散に伴う財産処分について
kaigirokuR6-9,2024,60,予算,◎議案第４５号令和 6 年度御杖村一般会計補正予算（第２号）の議定について
kaigirokuR6-9,2024,60,補正予算,◎議案第４５号令和 6 年度御杖村一般会計補正予算（第２号）の議定について
kaigirokuR6-9,2024,62,予算,◎議案第４６号令和６年度御杖村介護保険特別会計補正予算（第１号）の議定について
kaigirokuR6-9,2024,62,補正予算,◎議案第４６号令和６年度御杖村介護保険特別会計補正予算（第１号）の議定について
kaigirokuR6-9,2024,64,予算,◎議案第４７号令和６年度御杖村簡易水道事業会計補正予算（第２号）の議定について
kaigirokuR6-9,2024,64,補正予算,◎議案第４７号令和６年度御杖村簡易水道事業会計補正予算（第２号）の議定について
kaigirokuR6-9,2024,68,決算,◎認定第１号令和５年度御杖村一般会計歳入歳出決算の認定について、認定第２号令和５
kaigirokuR6-9,2024,69,決算,年度御杖村簡易水道事業特別会計歳入歳出決算の認定について、認定第３号令和５年度
kaigirokuR6-9,2024,70,決算,御杖村国民健康保険特別会計歳入歳出決算の認定について、認定第４号令和５年度御杖
kaigirokuR6-9,2024,71,決算,村介護特別会計歳入歳出決算の認定について、認定第５号令和５年度御杖村後期高齢者
kaigirokuR6-9,2024,72,決算,医療特別会計歳入歳出決算の認定について
kaigirokuR6-9,2024,94,予算,◎議案第４５号令和６年度御杖村一般会計補正予算(第２号)の議定について、議案第４６号令和６
kaigirokuR6-9,2024,94,補正予算,◎議案第４５号令和６年度御杖村一般会計補正予算(第２号)の議定について、議案第４６号令和６
kaigirokuR6-9,2024,95,予算,年度御杖村介護保険特別会計補正予算（第１号）の議定について、議案第４７号令和６年度御
kaigirokuR6-9,2024,95,補正予算,年度御杖村介護保険特別会計補正予算（第１号）の議定について、議案第４７号令和６年度御
kaigirokuR6-9,2024,96,予算,杖村簡易水道事業会計補正予算（第２号）の議定について
kaigirokuR6-9,2024,96,補正予算,杖村簡易水道事業会計補正予算（第２号）の議定について
kaigirokuR6-9,2024,98,予算,◎議案第４５号令和６年度御杖村一般会計補正予算(第２号)の議定について
kaigirokuR6-9,2024,98,補正予算,◎議案第４５号令和６年度御杖村一般会計補正予算(第２号)の議定について
kaigirokuR6-9,2024,100,予算,◎議案第４６号令和６年度御杖村介護保険特別会計補正予算(第３号)の議定について
kaigirokuR6-9,2024,100,補正予算,◎議案第４６号令和６年度御杖村介護保険特別会計補正予算(第３号)の議定について
kaigirokuR6-9,2024,102,予算,◎議案第４７号令和６年度御杖村簡易水道事業会計補正予算(第２号)の議定について
kaigirokuR6-9,2024,102,補正予算,◎議案第４７号令和６年度御杖村簡易水道事業会計補正予算(第２号)の議定について
kaigirokuR6-9,2024,104,決算,◎認定第１号令和５年度御杖村一般会計歳入歳出決算の認定について、認定第２号令和５
kaigirokuR6-9,2024,105,決算,年度御杖村簡易水道事業特別会計歳入歳出決算の認定について、認定第３号令和５年
kaigirokuR6-9,2024,106,決算,度御杖村国民健康保険特別会計歳入歳出決算の認定について、認定第４号令和５年度
kaigirokuR6-9,2024,107,決算,御杖村介護特別会計歳入歳出決算の認定について、認定第５号令和５年度御杖村後期
kaigirokuR6-9,2024,108,決算,高齢者医療特別会計歳入歳出決算の認定について
kaigirokuR6-9,2024,110,決算,◎認定第１号令和５年度御杖村一般会計歳入歳出決算の認定について
kaigirokuR6-9,2024,112,決算,◎認定第２号令和５年度御杖村簡易水道事業特別会計歳入歳出決算の認定について
kaigirokuR6-9,2024,114,決算,◎認定第３号令和５年度御杖村国民健康保険特別会計歳入歳出決算の認定について
kaigirokuR6-9,2024,116,決算,◎認定第４号令和５年度御杖村介護特別会計歳入歳出決算の認定について
kaigirokuR6-9,2024,118,決算,◎認定第５号令和５年度御杖村後期高齢者医療特別会計歳入歳出決算の認定について
kaigirokuR6-9,2024,151,契約,一般Ｘ線撮影装置物品売買契約の締結について
kaigirokuR6-9,2024,159,財産,奈良広域水質検査センター組合の解散に伴う財産処分について
kaigirokuR6-9,2024,162,予算,第１４ 議案第４５号 [予算決算委員会付託]
kaigirokuR6-9,2024,162,決算,第１４ 議案第４５号 [予算決算委員会付託]
kaigirokuR6-9,2024,163,予算,令和６年度御杖村一般会計補正予算(第２号)の議定について
kaigirokuR6-9,2024,163,補正予算,令和６年度御杖村一般会計補正予算(第２号)の議定について
kaigirokuR6-9,2024,164,予算,第１５ 議案第４６号 [予算決算委員会付託]
kaigirokuR6-9,2024,164,決算,第１５ 議案第４６号 [予算決算委員会付託]
kaigirokuR6-9,2024,165,予算,令和６年度御杖村介護保険特別会計補正予算(第１号)の議定について
kaigirokuR6-9,2024,165,補正予算,令和６年度御杖村介護保険特別会計補正予算(第１号)の議定について
kaigirokuR6-9,2024,166,予算,第１６ 議案第４７号 [予算決算委員会付託]
kaigirokuR6-9,2024,166,決算,第１６ 議案第４７号 [予算決算委員会付託]
kaigirokuR6-9,2024,167,予算,令和６年度御杖村簡易水道事業会計補正予算(第２号)の議定について
kaigirokuR6-9,2024,167,補正予算,令和６年度御杖村簡易水道事業会計補正予算(第２号)の議定について
kaigirokuR6-9,2024,168,予算,第１７ 認定第１号 ［予算決算委員会付託］
kaigirokuR6-9,2024,168,決算,第１７ 認定第１号 ［予算決算委員会付託］
kaigirokuR6-9,2024,169,決算,令和５年度御杖村一般会計歳入歳出決算の認定について
kaigirokuR6-9,2024,170,予算,第１８ 認定第２号 ［予算決算委員会付託］
kaigirokuR6-9,2024,170,決算,第１８ 認定第２号 ［予算決算委員会付託］
kaigirokuR6-9,2024,171,決算,令和５年度御杖簡易水道事業特別会計歳入歳出決算の認定について
kaigirokuR6-9,2024,172,予算,第１９ 認定第３号 [予算決算委員会付託]
kaigirokuR6-9,2024,172,決算,第１９ 認定第３号 [予算決算委員会付託]
kaigirokuR6-9,2024,173,決算,令和５年度御杖村国民健康保険特別会計歳入歳出決算の認定について
kaigirokuR6-9,2024,175,予算,第２０ 認定第４号 ［予算決算委員会付託］
kaigirokuR6-9,2024,175,決算,第２０ 認定第４号 ［予算決算委員会付託］
kaigirokuR6-9,2024,176,決算,令和５年度御杖村介護特別会計歳入歳出決算の認定について
kaigirokuR6-9,2024,177,予算,第２１ 認定第５号 ［予算決算委員会付託］
kaigirokuR6-9,2024,177,決算,第２１ 認定第５号 ［予算決算委員会付託］
kaigirokuR6-9,2024,178,決算,令和５年度御杖村後期高齢者医療特別会計歳入歳出決算の認定について
kaigirokuR6-9,2024,260,予算,を９月６日午前 ９時半開会、予算決算委員会を９月１２日午前９時半開会、続会議を９月１７日午
kaigirokuR6-9,2024,260,決算,を９月６日午前 ９時半開会、予算決算委員会を９月１２日午前９時半開会、続会議を９月１７日午
kaigirokuR6-9,2024,265,予算,いについて協議を行いました。協議の結果でありますが、村長提出の補正予算３件及び決算認定
kaigirokuR6-9,2024,265,補正予算,いについて協議を行いました。協議の結果でありますが、村長提出の補正予算３件及び決算認定
kaigirokuR6-9,2024,265,決算,いについて協議を行いました。協議の結果でありますが、村長提出の補正予算３件及び決算認定
kaigirokuR6-9,2024,266,予算,５件の計８案件については、予算決算委員会へそれぞれ付託することとし、条例２件、契約１件、規
kaigirokuR6-9,2024,266,決算,５件の計８案件については、予算決算委員会へそれぞれ付託することとし、条例２件、契約１件、規
kaigirokuR6-9,2024,266,契約,５件の計８案件については、予算決算委員会へそれぞれ付託することとし、条例２件、契約１件、規
kaigirokuR6-9,2024,267,財産,約２件、解散１件、財産処分１件、計画１件、同意１件の計９案件については、開会日に即決するこ
kaigirokuR6-9,2024,297,予算,分の承認案件３件、補正予算案件１件及び同意案件１件であります。専決処分の承認案件３件で
kaigirokuR6-9,2024,297,補正予算,分の承認案件３件、補正予算案件１件及び同意案件１件であります。専決処分の承認案件３件で
kaigirokuR6-9,2024,307,予算,一般会計補正予算第１号では、規定の歳入歳出予算の総額に歳入歳出それぞれ２，３９５千円が
kaigirokuR6-9,2024,307,補正予算,一般会計補正予算第１号では、規定の歳入歳出予算の総額に歳入歳出それぞれ２，３９５千円が
kaigirokuR6-9,2024,333,工事,報告、そして、広陵消防署の大規模改修工事に伴う設計業務についての当組合令和５年度一般
kaigirokuR6-9,2024,334,予算,会計繰越明許費繰越計算書の報告、消防職員の防火服等令和５年度に予算計上し、令和６年度
kaigirokuR6-9,2024,334,繰越,会計繰越明許費繰越計算書の報告、消防職員の防火服等令和５年度に予算計上し、令和６年度
kaigirokuR6-9,2024,335,繰越,に繰り越した当組合令和５年度一般会計事故繰越し繰越計算書の報告、以上４つの報告案件が
kaigirokuR6-9,2024,336,工事,承認されました。このあと、大淀消防署建設工事期間の変更に伴い、令和６年度の工事 費用を３
kaigirokuR6-9,2024,337,予算,億５，０７２万４千円減額し、総額で１５２億１，７３６万８千円とする今年度一般会計補正予算案１件、
kaigirokuR6-9,2024,337,補正予算,億５，０７２万４千円減額し、総額で１５２億１，７３６万８千円とする今年度一般会計補正予算案１件、
kaigirokuR6-9,2024,338,工事,令和８年３月下旬からの運用 開始を目指す磯城消防署（田原本町宮古）新築工事（工事費１５億
kaigirokuR6-9,2024,339,契約,１，８４７万５，６４０円＝消費税込み）の請負契約の１件、人員搬送車４台（購入費１，７８７万４，７８０
kaigirokuR6-9,2024,341,財産,（同３，２７９万４，２５０円＝同）それぞれ財産の取得３件について、原案どおり可決されました。また、
kaigirokuR6-9,2024,341,取得,（同３，２７９万４，２５０円＝同）それぞれ財産の取得３件について、原案どおり可決されました。また、
kaigirokuR6-9,2024,380,工事,しました。現在も応急工事により土嚢を積み上げた仮復旧の状態でありますので、災害が再発しな
kaigirokuR6-9,2024,381,工事,いよう早期の対策工事を県の関係部署に曽爾村と共に要望しております。このような災害が生じま
kaigirokuR6-9,2024,391,予算,には今後も継続的な予算確保が必要となります。期成同盟会におきまして国への要望活動を積極
kaigirokuR6-9,2024,400,決算,て行きたいと考えております。続きまして、令和５年度の決算につきまして、歳入の確保と経費削減
kaigirokuR6-9,2024,404,予算,例会には、決算認定をはじめ、条例改正や補正予算、人事案件等、１９件をご提案しております。
kaigirokuR6-9,2024,404,補正予算,例会には、決算認定をはじめ、条例改正や補正予算、人事案件等、１９件をご提案しております。
kaigirokuR6-9,2024,404,決算,例会には、決算認定をはじめ、条例改正や補正予算、人事案件等、１９件をご提案しております。
kaigirokuR6-9,2024,450,予算,○村長（伊藤収宜君）：これから次年度予算のいろいろ検討、査定もはってくるわけでございます。そ
kaigirokuR6-9,2024,471,予算,初予算の農業振興費において、スマート農業支援事業として５１０万円、大型ドローン３機分の購
kaigirokuR6-9,2024,472,予算,入費用を予算化し推進していただいております。しかし、大型ドローン導入となると、各メーカーこ
kaigirokuR6-9,2024,484,予算,の予算編成を前にそのお考えを示していただきたく、今回質問させていただきました。ご答弁のほ
kaigirokuR6-9,2024,490,補助金,まして昨年度に農業用ドローンの講習会を行い、今年度は補助率２分の１、補助金額上限１５０万
kaigirokuR6-9,2024,491,予算,円とする補助金交付要綱を設けまして、３機分の購入補助金の予算を計上しております。補助率
kaigirokuR6-9,2024,491,補助金,円とする補助金交付要綱を設けまして、３機分の購入補助金の予算を計上しております。補助率
kaigirokuR6-9,2024,493,補助金,も見込まれますので、購入費の補助率は２分の１といたしました。現時点におきまして購入補助金
kaigirokuR6-9,2024,494,補助金,の申請はございませんが、１件個人の農業者の方から今年度での購入を考えており、補助金の交
kaigirokuR6-9,2024,508,予算,非来年度予算の中で、そういう私が言いました考え方も含めて、予算化していただきたいという思
kaigirokuR6-9,2024,514,予算,ながら、どういう農業がいいのかということも含めて、新年度予算でも考えていければと思います。
kaigirokuR6-9,2024,618,契約,◎議案第３９号一般Ｘ線撮影装置物品売買契約の締結について
kaigirokuR6-9,2024,621,契約,○議長（山岡隆良君）：次に、日程第８議案第３９号、一般Ｘ線撮影装置物品売買契約の締結につ
kaigirokuR6-9,2024,627,契約,すべき契約及び財産の取得又は処分に関する条例第３条の規定により、議会の議決を必要とす
kaigirokuR6-9,2024,627,財産,すべき契約及び財産の取得又は処分に関する条例第３条の規定により、議会の議決を必要とす
kaigirokuR6-9,2024,627,取得,すべき契約及び財産の取得又は処分に関する条例第３条の規定により、議会の議決を必要とす
kaigirokuR6-9,2024,628,契約,る契約であることから、提案するものでございます。詳細につきましては、保健福祉課長より説明を
kaigirokuR6-9,2024,633,財産,す、一般Ｘ線撮影装置の財産取得につきまして、この財産取得は、御杖村国民健康保険診療所
kaigirokuR6-9,2024,633,取得,す、一般Ｘ線撮影装置の財産取得につきまして、この財産取得は、御杖村国民健康保険診療所
kaigirokuR6-9,2024,636,入札,財産取得の方法は、一般競争入札による公告を行い、令和６年８月１日に開札を行いました。結
kaigirokuR6-9,2024,636,財産,財産取得の方法は、一般競争入札による公告を行い、令和６年８月１日に開札を行いました。結
kaigirokuR6-9,2024,636,取得,財産取得の方法は、一般競争入札による公告を行い、令和６年８月１日に開札を行いました。結
kaigirokuR6-9,2024,637,契約,果についてですが、契約の相手方は、奈良県橿原市醍醐町２７２の１、株式会社メディセオ奈良
kaigirokuR6-9,2024,638,入札,南支店支店長竹村惠史となっております。入札額は、６５０万円で、予定価格、７００万円に対する
kaigirokuR6-9,2024,639,契約,落札額の比率は、９２．８５％となりました。消費税額を加算した契約金額は、７１５万円となってい
kaigirokuR6-9,2024,640,契約,ます。期間は、去る令和６年８月８日に仮契約を締結したところでございますが、本契約上の期間
kaigirokuR6-9,2024,643,財産,約及び財産の取得又は処分に関する条例第３条の、議会の議決に付すべき財産の取得予定価
kaigirokuR6-9,2024,643,取得,約及び財産の取得又は処分に関する条例第３条の、議会の議決に付すべき財産の取得予定価
kaigirokuR6-9,2024,644,財産,格７００万円以上に該当するため、財産取得に際して、議案を上程するものでございます。以上、
kaigirokuR6-9,2024,644,取得,格７００万円以上に該当するため、財産取得に際して、議案を上程するものでございます。以上、
kaigirokuR6-9,2024,658,契約,影装置物品売買契約の締結については、原案のとおり可決されました。
kaigirokuR6-9,2024,701,財産,解散に伴う財産処分について
kaigirokuR6-9,2024,706,財産,議案第４３号、奈良広域水質検査センター組合の解散に伴う財産処分については、関連する議
kaigirokuR6-9,2024,720,財産,ましては、奈良広域水質検査センター組合の解散に伴う財産処分について構成団体と協議のうえ
kaigirokuR6-9,2024,729,財産,センター組合の解散に伴う財産処分について、関連がございますので一括してご説明申し上げま
kaigirokuR6-9,2024,746,財産,合で構成団体に配分されることとなります。最後に財産処分についてですが、解散時の財政調整
kaigirokuR6-9,2024,747,基金,基金に関しては、平成７年度から令和５年度までに奈良広域水質検査センター組合へ支出した負
kaigirokuR6-9,2024,784,財産,財産処分について
kaigirokuR6-9,2024,788,財産,伴う財産処分について討論を行います。討論はありませんか。
kaigirokuR6-9,2024,794,財産,水質検査センター組合の解散に伴う財産処分については、原案のとおり可決されました。
kaigirokuR6-9,2024,832,予算,◎議案第４５号令和６年度御杖村一般会計補正予算（第２号）
kaigirokuR6-9,2024,832,補正予算,◎議案第４５号令和６年度御杖村一般会計補正予算（第２号）
kaigirokuR6-9,2024,834,予算,［上程、説明、総括的質疑、予算決算委員会付託］
kaigirokuR6-9,2024,834,決算,［上程、説明、総括的質疑、予算決算委員会付託］
kaigirokuR6-9,2024,836,予算,○議長（山岡隆良君）：次に、日程第１４議案第４５号、令和６年度御杖村一般会計補正予算第２号
kaigirokuR6-9,2024,836,補正予算,○議長（山岡隆良君）：次に、日程第１４議案第４５号、令和６年度御杖村一般会計補正予算第２号
kaigirokuR6-9,2024,842,決算,の決算収支に合わせ繰越金の増額補正及び基金繰入金の減額を行い、歳出においては、基金
kaigirokuR6-9,2024,842,基金,の決算収支に合わせ繰越金の増額補正及び基金繰入金の減額を行い、歳出においては、基金
kaigirokuR6-9,2024,842,繰越,の決算収支に合わせ繰越金の増額補正及び基金繰入金の減額を行い、歳出においては、基金
kaigirokuR6-9,2024,843,補助金,積立金の増額と、障害者福祉等の過年度交付の国庫補助金の精算による返還の必要が生じたた
kaigirokuR6-9,2024,849,予算,委員会副委員長の報告のとおり、全員協議会で詳細な説明を受け、予算決算委員会に付託する
kaigirokuR6-9,2024,849,決算,委員会副委員長の報告のとおり、全員協議会で詳細な説明を受け、予算決算委員会に付託する
kaigirokuR6-9,2024,853,予算,一般会計補正予算第２号の議定については、予算決算委員会に付託することに決定しました。
kaigirokuR6-9,2024,853,補正予算,一般会計補正予算第２号の議定については、予算決算委員会に付託することに決定しました。
kaigirokuR6-9,2024,853,決算,一般会計補正予算第２号の議定については、予算決算委員会に付託することに決定しました。
kaigirokuR6-9,2024,855,予算,◎議案第４６号令和６年度御杖村介護保険特別会計補正予算
kaigirokuR6-9,2024,855,補正予算,◎議案第４６号令和６年度御杖村介護保険特別会計補正予算
kaigirokuR6-9,2024,857,予算,［上程、説明、総括的質疑、予算決算委員会付託］
kaigirokuR6-9,2024,857,決算,［上程、説明、総括的質疑、予算決算委員会付託］
kaigirokuR6-9,2024,866,決算,決算収支に合わせ繰越金の増額補正を行い、歳出においては、過年度交付の国庫補助金の精
kaigirokuR6-9,2024,866,補助金,決算収支に合わせ繰越金の増額補正を行い、歳出においては、過年度交付の国庫補助金の精
kaigirokuR6-9,2024,866,繰越,決算収支に合わせ繰越金の増額補正を行い、歳出においては、過年度交付の国庫補助金の精
kaigirokuR6-9,2024,867,基金,算による返還金及び基金積立金の増額を計上するものでございます。ご審議の程、よろしくお願
kaigirokuR6-9,2024,873,予算,員会副委員長の報告のとおり、全員協議会で詳細な説明を受け、予算決算委員会に付託するこ
kaigirokuR6-9,2024,873,決算,員会副委員長の報告のとおり、全員協議会で詳細な説明を受け、予算決算委員会に付託するこ
kaigirokuR6-9,2024,877,予算,介護保険特別会計補正予算第１号の議定についても、予算決算委員会に付託することに決定し
kaigirokuR6-9,2024,877,補正予算,介護保険特別会計補正予算第１号の議定についても、予算決算委員会に付託することに決定し
kaigirokuR6-9,2024,877,決算,介護保険特別会計補正予算第１号の議定についても、予算決算委員会に付託することに決定し
kaigirokuR6-9,2024,881,予算,◎議案第４７号令和６年度御杖村簡易水道事業会計補正予算
kaigirokuR6-9,2024,881,補正予算,◎議案第４７号令和６年度御杖村簡易水道事業会計補正予算
kaigirokuR6-9,2024,883,予算,［上程、説明、総括的質疑、予算決算委員会付託］
kaigirokuR6-9,2024,883,決算,［上程、説明、総括的質疑、予算決算委員会付託］
kaigirokuR6-9,2024,899,予算,員会副委員長の報告のとおり、全員協議会で詳細な説明を受け、予算決算委員会に付託するこ
kaigirokuR6-9,2024,899,決算,員会副委員長の報告のとおり、全員協議会で詳細な説明を受け、予算決算委員会に付託するこ
kaigirokuR6-9,2024,903,予算,簡易水道事業会計補正予算第２号の議定についても、予算決算委員会に付託することに決定し
kaigirokuR6-9,2024,903,補正予算,簡易水道事業会計補正予算第２号の議定についても、予算決算委員会に付託することに決定し
kaigirokuR6-9,2024,903,決算,簡易水道事業会計補正予算第２号の議定についても、予算決算委員会に付託することに決定し
kaigirokuR6-9,2024,909,決算,○議長（山岡隆良君）：次に、日程第１７認定第１号から決算認定に入って行くわけでございますが、
kaigirokuR6-9,2024,919,決算,◎認定第１号令和５年度御杖村一般会計歳入歳出決算の認定
kaigirokuR6-9,2024,921,決算,計歳入歳出決算の認定について、認定第３号令和５年度御杖
kaigirokuR6-9,2024,922,決算,村国民健康保険特別会計歳入歳出決算の認定について、認
kaigirokuR6-9,2024,923,決算,定第４号令和５年度御杖村介護保険特別会計歳入歳出決算
kaigirokuR6-9,2024,925,決算,療特別会計歳入歳出決算の認定について
kaigirokuR6-9,2024,928,決算,○議長（山岡隆良君）：次に、日程第１７認定第１号、令和５年度御杖村一般会計歳入歳出決算の
kaigirokuR6-9,2024,929,決算,認定について、日程第１８認定第２号、令和５年度御杖村簡易水道事業特別会計歳入歳出決算
kaigirokuR6-9,2024,931,決算,算の認定について、日程第２０認定第４号、令和５年度御杖村介護保険特別会計歳入歳出決算
kaigirokuR6-9,2024,933,決算,決算の認定について、以上５議案は、令和５年度各会計決算の案件ですので、一括議題としま
kaigirokuR6-9,2024,934,決算,す。まず、一般会計決算について、説明を求めます。伊藤村長。
kaigirokuR6-9,2024,938,決算,村一般会計歳入歳出決算について認定をお願いするものでございます。決算の額でございます
kaigirokuR6-9,2024,946,決算,○会計管理者（松本慶一君）：失礼致します。令和５年度一般会計決算について、本日提案を致し
kaigirokuR6-9,2024,947,決算,ました概要につきまして、決算の内容に関する説明書をお配りさせて頂いておりますので、こちら
kaigirokuR6-9,2024,949,予算,決算の概要、予算の執行にあたって、計上した歳入については財源の確保に努め、歳出につい
kaigirokuR6-9,2024,949,決算,決算の概要、予算の執行にあたって、計上した歳入については財源の確保に努め、歳出につい
kaigirokuR6-9,2024,950,決算,ては経費の節減と執行の効率化に努めた結果、令和５年度の一般会計歳入歳出決算額は、決算
kaigirokuR6-9,2024,953,繰越,繰越明許費によって翌年度へ繰り越すべき財源６５３万８千円を差し引いた、１億７，８８３万
kaigirokuR6-9,2024,954,決算,６，９２９円の黒字となりました。歳入決算の状況について、令和５年度の歳入総額は、２８億
kaigirokuR6-9,2024,957,繰越,出金４億１６０万１千円、同１４．１％、繰越金１億７，７０８万２千円、同６．２％、村税１億９５４万４千
kaigirokuR6-9,2024,959,決算,歳入決算の内訳のとおりでございますが、朗読は省略させて頂きます。その下でございます。これ
kaigirokuR6-9,2024,960,決算,を前年度決算額と比較しますと、村税は第２表のとおり、総額で１億９５４万４千円、対前年度１９４
kaigirokuR6-9,2024,964,決算,村税決算の状況のとおりでございます。地方譲与税は、５，９９０万１千円で、前年度に比べて２６
kaigirokuR6-9,2024,979,財産,支出金のうち主なものは、第５表に列記したとおりです。財産収入は、３，６１４万５千円で、前年度
kaigirokuR6-9,2024,983,基金,売り払いが増額の主な要因です。令和５年度末における基金の現金保有残高は４０億９，７６４万９
kaigirokuR6-9,2024,984,基金,千円で、各基金別の内訳は６ページの第６表のとおりです。繰越金は、１億７，７０８万２千円で、対
kaigirokuR6-9,2024,984,繰越,千円で、各基金別の内訳は６ページの第６表のとおりです。繰越金は、１億７，７０８万２千円で、対
kaigirokuR6-9,2024,989,工事,者用集合住宅整備事業や神末体育館耐震改修工事をはじめとする普通建設事業等の財源とし
kaigirokuR6-9,2024,992,工事,源として、５００万円の緊急防災減災事業債及び災害復旧工事の財源として２９０万円の災害復旧
kaigirokuR6-9,2024,995,決算,万円、７ページをご覧下さい。歳出決算の状況について、令和５年度の歳出総額は２６億６，９４９
kaigirokuR6-9,2024,996,決算,万９千円で、前年度と比較して１億２，８６９万２千円、５．１％の増となりました。目的別決算の主な
kaigirokuR6-9,2024,999,決算,なりました。前年度決算と比較して増額となった項目では、土木費が単身者用集合住宅整備事業、
kaigirokuR6-9,2024,1000,工事,道路改良事業等により、１億３，７７３万１千円、５７．６％の増、民生費が保育所改修工事、臨時特
kaigirokuR6-9,2024,1002,工事,ﾝ体育館耐震改修工事等により、５，０３９万５千円、２１．８％の増、衛生費が宇陀衛生一部事務組
kaigirokuR6-9,2024,1004,工事,業、プレミアム商品券発行事業により１，３４７万７千円、６．７％の増、災害復旧費が災害復旧工事
kaigirokuR6-9,2024,1006,基金,整基金積立金の減により、１億３，９９０万８千円、１９．７％の減、農林水産業費が農業経営基盤の
kaigirokuR6-9,2024,1010,決算,７％の減となりました。性質別決算の主な内訳は、第８表のとおり、普通建設事業費７億１，２３２万
kaigirokuR6-9,2024,1013,決算,繰出金１億９，２８０万９千円、同７．２％等となっています。９ページをご覧下さい。前年度決算額と
kaigirokuR6-9,2024,1027,基金,り、１，０３８万３千円、４．９％の増額となりました。積立金は、財政調整基金積立の減により、   ９，
kaigirokuR6-9,2024,1031,決算,通建設事業の主な事業は、第１０表のとおりです。以上で一般会計決算の概要説明を終わらせて
kaigirokuR6-9,2024,1032,決算,頂きます。詳細につきましては、決算事項別明細書や主要施策の成果に関する報告書をご覧頂
kaigirokuR6-9,2024,1034,決算,○議長（山岡隆良君）：次に、特別会計決算を一括して、説明を求めます。伊藤村長。
kaigirokuR6-9,2024,1039,決算,の令和５年度歳入歳出決算ついて、認定をお願いするものでございます。それぞれの決算概要
kaigirokuR6-9,2024,1042,決算,○会計管理者（松本慶一君）：失礼します。令和５年度特別会計決算につきまして、決算の内容に
kaigirokuR6-9,2024,1043,決算,関する説明書１１ページをご覧いただきたいと思います。第１１表のとおり、特別会計決算の状況
kaigirokuR6-9,2024,1047,決算,ち切り決算により、１，８０８万４千円の減額となりました。１枚めくって頂きまして、１２ページをご覧
kaigirokuR6-9,2024,1069,決算,政負担の軽減に努めています。以上で特別会計の決算の概要並びに村債の状況についての説
kaigirokuR6-9,2024,1070,決算,明を終わらせていただきますが、一般会計同様、詳細につきましては、決算事項別明細書等をご
kaigirokuR6-9,2024,1072,決算,○議長（山岡隆良君）：ここで、令和５年度一般会計及び特別会計の決算について、監査委員に決
kaigirokuR6-9,2024,1076,決算,○４番（廣口芳弘君）：お手元の令和５年度御杖村一般会計、特別会計の決算審査意見書をご覧い
kaigirokuR6-9,2024,1077,決算,ただきたいと思います。この決算審査につきましては、去る８月２３日に、片桐監査委員とともに審
kaigirokuR6-9,2024,1078,決算,査を実施させていただきました。決算審査意見書の各諸表の朗読は省略させていただき、７ペー
kaigirokuR6-9,2024,1079,決算,ジの決算審査結論の朗読をもって報告に代えさせていただきたいと思います。令和５年度決算審
kaigirokuR6-9,2024,1097,決算,て取り組みを実行されることをお願いし、令和５年度決算審査の結論とする。
kaigirokuR6-9,2024,1099,決算,より決算審査に係る意見をいただきました。これから決算５議案について一括して、統括的質疑を
kaigirokuR6-9,2024,1102,決算,○議長（山岡隆良君）：質疑なしと認めます。これで質疑を終わります。各会計決算の認定議案につ
kaigirokuR6-9,2024,1104,決算,算決算委員会に付託することにしたいと思います。ご異議ありませんか。
kaigirokuR6-9,2024,1109,決算,第５号までの令和５年度における一般会計歳入歳出決算及び各特別会計歳入歳出決算の認定
kaigirokuR6-9,2024,1110,予算,についても、予算決算委員会に付託することに決定しました。
kaigirokuR6-9,2024,1110,決算,についても、予算決算委員会に付託することに決定しました。
kaigirokuR6-9,2024,1157,契約,れに関しては、奈良県の共同発注方式により事業を進めたわけですが、奈良県の契約締結が２月
kaigirokuR6-9,2024,1283,予算,令和６年度御杖村一般会計補正予算(第２号)の議定について
kaigirokuR6-9,2024,1283,補正予算,令和６年度御杖村一般会計補正予算(第２号)の議定について
kaigirokuR6-9,2024,1285,予算,令和６年度御杖村介護保険特別会計補正予算（第１号）の議定について
kaigirokuR6-9,2024,1285,補正予算,令和６年度御杖村介護保険特別会計補正予算（第１号）の議定について
kaigirokuR6-9,2024,1287,予算,令和６年度御杖村簡易水道事業会計補正予算(第２号)の議定について
kaigirokuR6-9,2024,1287,補正予算,令和６年度御杖村簡易水道事業会計補正予算(第２号)の議定について
kaigirokuR6-9,2024,1289,決算,令和５年度御杖村一般会計歳入歳出決算の認定について
kaigirokuR6-9,2024,1291,決算,令和５年度御杖村簡易水道事業特別会計歳入歳出決算の認定について
kaigirokuR6-9,2024,1293,決算,令和５年度御杖村国民健康保険特別会計歳入歳出決算の認定について
kaigirokuR6-9,2024,1295,決算,令和５年度御杖村介護保険特別会計歳入歳出決算の認定について
kaigirokuR6-9,2024,1297,決算,令和５年度御杖村後期高齢者医療特別会計歳入歳出決算の認定について
kaigirokuR6-9,2024,1349,予算,◎議案第４５号令和６年度御杖村一般会計補正予算(第２号)の議
kaigirokuR6-9,2024,1349,補正予算,◎議案第４５号令和６年度御杖村一般会計補正予算(第２号)の議
kaigirokuR6-9,2024,1351,予算,補正予算(第１号)の議定について、議案第４７号令和６年度御杖
kaigirokuR6-9,2024,1351,補正予算,補正予算(第１号)の議定について、議案第４７号令和６年度御杖
kaigirokuR6-9,2024,1352,予算,村簡易水道事業会計補正予算(第２号)の議定について
kaigirokuR6-9,2024,1352,補正予算,村簡易水道事業会計補正予算(第２号)の議定について
kaigirokuR6-9,2024,1356,予算,会計補正予算第２号の議定について、日程第２議案第４６号、令和６年度御杖村介護保険特別会
kaigirokuR6-9,2024,1356,補正予算,会計補正予算第２号の議定について、日程第２議案第４６号、令和６年度御杖村介護保険特別会
kaigirokuR6-9,2024,1357,予算,計補正予算第１号の議定について、日程第３議案第４７号、令和６年度御杖村簡易水道事業会計
kaigirokuR6-9,2024,1357,補正予算,計補正予算第１号の議定について、日程第３議案第４７号、令和６年度御杖村簡易水道事業会計
kaigirokuR6-9,2024,1358,予算,補正予算第２号の議定について以上の３議案につきましては、予算決算委員会へ付託した案件
kaigirokuR6-9,2024,1358,補正予算,補正予算第２号の議定について以上の３議案につきましては、予算決算委員会へ付託した案件
kaigirokuR6-9,2024,1358,決算,補正予算第２号の議定について以上の３議案につきましては、予算決算委員会へ付託した案件
kaigirokuR6-9,2024,1363,予算,基づき、予算決算委員会委員長より一括して審査経過及び結果の報告をお願いします。寺前委
kaigirokuR6-9,2024,1363,決算,基づき、予算決算委員会委員長より一括して審査経過及び結果の報告をお願いします。寺前委
kaigirokuR6-9,2024,1367,予算,○２番（寺前伊平君）：それでは、予算決算委員会を代表しまして、当委員会に付託されました、議
kaigirokuR6-9,2024,1367,決算,○２番（寺前伊平君）：それでは、予算決算委員会を代表しまして、当委員会に付託されました、議
kaigirokuR6-9,2024,1368,予算,案第４５号から議案第４７号の補正予算３件につきまして、一括して、審査の経緯と経過及び結果
kaigirokuR6-9,2024,1368,補正予算,案第４５号から議案第４７号の補正予算３件につきまして、一括して、審査の経緯と経過及び結果
kaigirokuR6-9,2024,1370,予算,おきまして、補正予算３件及び決算認定５件の合計８件の案件が付託されたことにより、９月１２日
kaigirokuR6-9,2024,1370,補正予算,おきまして、補正予算３件及び決算認定５件の合計８件の案件が付託されたことにより、９月１２日
kaigirokuR6-9,2024,1370,決算,おきまして、補正予算３件及び決算認定５件の合計８件の案件が付託されたことにより、９月１２日
kaigirokuR6-9,2024,1371,予算,に予算決算委員会を開催いたしました。審査の経過でございますが、各会計ごとに質疑及び討論
kaigirokuR6-9,2024,1371,決算,に予算決算委員会を開催いたしました。審査の経過でございますが、各会計ごとに質疑及び討論
kaigirokuR6-9,2024,1374,予算,つきましては、補正予算３件ともに全員の賛成により、原案のとおり可決すべきものと決定いたしま
kaigirokuR6-9,2024,1374,補正予算,つきましては、補正予算３件ともに全員の賛成により、原案のとおり可決すべきものと決定いたしま
kaigirokuR6-9,2024,1375,予算,した。以上で、予算決算委員会の報告とさせていただきます。
kaigirokuR6-9,2024,1375,決算,した。以上で、予算決算委員会の報告とさせていただきます。
kaigirokuR6-9,2024,1376,予算,○議長（山岡隆良君）：寺前委員長、ご苦労様でした。これから、予算決算委員会委員長報告に対
kaigirokuR6-9,2024,1376,決算,○議長（山岡隆良君）：寺前委員長、ご苦労様でした。これから、予算決算委員会委員長報告に対
kaigirokuR6-9,2024,1383,予算,◎議案第４５号令和６年度御杖村一般会計補正予算(第２号)の議
kaigirokuR6-9,2024,1383,補正予算,◎議案第４５号令和６年度御杖村一般会計補正予算(第２号)の議
kaigirokuR6-9,2024,1388,予算,令和６年度御杖村一般会計補正予算第２号の議定についてを議題とし、討論を行います。討論は
kaigirokuR6-9,2024,1388,補正予算,令和６年度御杖村一般会計補正予算第２号の議定についてを議題とし、討論を行います。討論は
kaigirokuR6-9,2024,1392,予算,を行います。本案に対する予算決算委員会委員長の報告は、可決です。日程第１議案第４５号
kaigirokuR6-9,2024,1392,決算,を行います。本案に対する予算決算委員会委員長の報告は、可決です。日程第１議案第４５号
kaigirokuR6-9,2024,1393,予算,を、予算決算委員会委員長の報告のとおり決定することに賛成の方は、起立願います。
kaigirokuR6-9,2024,1393,決算,を、予算決算委員会委員長の報告のとおり決定することに賛成の方は、起立願います。
kaigirokuR6-9,2024,1396,予算,御杖村一般会計補正予算第２号の議定については、予算決算委員会委員長の報告のとおり可
kaigirokuR6-9,2024,1396,補正予算,御杖村一般会計補正予算第２号の議定については、予算決算委員会委員長の報告のとおり可
kaigirokuR6-9,2024,1396,決算,御杖村一般会計補正予算第２号の議定については、予算決算委員会委員長の報告のとおり可
kaigirokuR6-9,2024,1400,予算,◎議案第４６号令和６年度御杖村介護保険特別会計補正予算
kaigirokuR6-9,2024,1400,補正予算,◎議案第４６号令和６年度御杖村介護保険特別会計補正予算
kaigirokuR6-9,2024,1408,予算,を行います。本案に対する予算決算委員会委員長の報告は、可決です。日程第２議案第４６号
kaigirokuR6-9,2024,1408,決算,を行います。本案に対する予算決算委員会委員長の報告は、可決です。日程第２議案第４６号
kaigirokuR6-9,2024,1409,予算,も、予算決算委員会委員長の報告のとおり決定することに賛成の方は、起立願います。
kaigirokuR6-9,2024,1409,決算,も、予算決算委員会委員長の報告のとおり決定することに賛成の方は、起立願います。
kaigirokuR6-9,2024,1412,予算,御杖村介護保険特別会計補正予算第１号の議定についても、予算決算委員会委員長の報告の
kaigirokuR6-9,2024,1412,補正予算,御杖村介護保険特別会計補正予算第１号の議定についても、予算決算委員会委員長の報告の
kaigirokuR6-9,2024,1412,決算,御杖村介護保険特別会計補正予算第１号の議定についても、予算決算委員会委員長の報告の
kaigirokuR6-9,2024,1416,予算,◎議案第４７号令和６年度御杖村簡易水道事業会計補正予算
kaigirokuR6-9,2024,1416,補正予算,◎議案第４７号令和６年度御杖村簡易水道事業会計補正予算
kaigirokuR6-9,2024,1425,予算,を行います。本案に対する予算決算委員会委員長の報告は、可決です。日程第３議案第４７号
kaigirokuR6-9,2024,1425,決算,を行います。本案に対する予算決算委員会委員長の報告は、可決です。日程第３議案第４７号
kaigirokuR6-9,2024,1426,予算,も、予算決算委員会委員長の報告のとおり決定することに賛成の方は、起立願います。
kaigirokuR6-9,2024,1426,決算,も、予算決算委員会委員長の報告のとおり決定することに賛成の方は、起立願います。
kaigirokuR6-9,2024,1429,予算,御杖村簡易水道事業会計補正予算第２号の議定についても、予算決算委員会委員長の報告の
kaigirokuR6-9,2024,1429,補正予算,御杖村簡易水道事業会計補正予算第２号の議定についても、予算決算委員会委員長の報告の
kaigirokuR6-9,2024,1429,決算,御杖村簡易水道事業会計補正予算第２号の議定についても、予算決算委員会委員長の報告の
kaigirokuR6-9,2024,1433,決算,◎認定第１号令和５年度御杖村一般会計歳入歳出決算の
kaigirokuR6-9,2024,1435,決算,事業特別会計歳入歳出決算の認定について、認定第３号
kaigirokuR6-9,2024,1436,決算,令和５年度御杖村国民健康保険特別会計歳入歳出決算
kaigirokuR6-9,2024,1438,決算,特別会計歳入歳出決算の認定について、認定第５号令和
kaigirokuR6-9,2024,1439,決算,５年度御杖村後期高齢者医療特別会計歳入歳出決算の
kaigirokuR6-9,2024,1443,決算,○議長（山岡隆良君）：次に、日程第４認定第１号、令和５年度御杖村一般会計歳入歳出決算の認
kaigirokuR6-9,2024,1444,決算,定について、日程第５認定第２号、令和５年度御杖村簡易水道事業特別会計歳入歳出決算の認
kaigirokuR6-9,2024,1445,決算,定について、日程第６認定第３号、令和５年度御杖村国民健康保険特別会計歳入歳出決算の認
kaigirokuR6-9,2024,1446,決算,定について、日程第７認定第４号、令和５年度御杖村介護保険特別会計歳入歳出決算の認定に
kaigirokuR6-9,2024,1447,決算,ついて、日程第８認定第５号、令和５年度御杖村後期高齢者医療特別会計歳入歳出決算の認定
kaigirokuR6-9,2024,1448,決算,について、以上の５件は、各会計決算認定の案件ですので、一括議題とします。本件につきまし
kaigirokuR6-9,2024,1449,予算,ても、予算決算委員会へ付託した案件でございます。御杖村会議規則第４１条第１項の規定に基
kaigirokuR6-9,2024,1449,決算,ても、予算決算委員会へ付託した案件でございます。御杖村会議規則第４１条第１項の規定に基
kaigirokuR6-9,2024,1450,予算,づき、予算決算委員会委員長から審査経過及び結果の報告をお願いします。寺前委員長。
kaigirokuR6-9,2024,1450,決算,づき、予算決算委員会委員長から審査経過及び結果の報告をお願いします。寺前委員長。
kaigirokuR6-9,2024,1453,決算,○２番(寺前伊平君)：それでは、認定第１号から認定第５号の各会計歳入歳出決算認定の５件につ
kaigirokuR6-9,2024,1459,予算,きものと決定いたしました。以上で、予算決算委員会の報告とさせていただきます。
kaigirokuR6-9,2024,1459,決算,きものと決定いたしました。以上で、予算決算委員会の報告とさせていただきます。
kaigirokuR6-9,2024,1460,予算,○議長（山岡隆良君）：寺前委員長、ご苦労様でした。これから、予算決算委員会委員長報告に対
kaigirokuR6-9,2024,1460,決算,○議長（山岡隆良君）：寺前委員長、ご苦労様でした。これから、予算決算委員会委員長報告に対
kaigirokuR6-9,2024,1467,決算,◎認定第１号令和５年度御杖村一般会計歳入歳出決算の
kaigirokuR6-9,2024,1472,決算,令和５年度御杖村一般会計歳入歳出決算の認定についてを議題とし、討論を行います。討論は
kaigirokuR6-9,2024,1476,予算,を行います。本案に対する予算決算委員会委員長の報告は、認定です。日程第４認定第１号も、
kaigirokuR6-9,2024,1476,決算,を行います。本案に対する予算決算委員会委員長の報告は、認定です。日程第４認定第１号も、
kaigirokuR6-9,2024,1477,予算,予算決算委員会委員長の報告のとおり決定することに賛成の方は、起立願います。
kaigirokuR6-9,2024,1477,決算,予算決算委員会委員長の報告のとおり決定することに賛成の方は、起立願います。
kaigirokuR6-9,2024,1480,予算,杖村一般会計歳入歳出決算の認定についても、予算決算委員会委員長の報告のとおり認定され
kaigirokuR6-9,2024,1480,決算,杖村一般会計歳入歳出決算の認定についても、予算決算委員会委員長の報告のとおり認定され
kaigirokuR6-9,2024,1485,決算,歳入歳出決算の認定について
kaigirokuR6-9,2024,1489,決算,歳出決算の認定についてを議題とし、討論を行います。討論はありませんか。
kaigirokuR6-9,2024,1492,予算,を行います。本案に対する予算決算委員会委員長の報告は、認定です。日程第５認定第２号も、
kaigirokuR6-9,2024,1492,決算,を行います。本案に対する予算決算委員会委員長の報告は、認定です。日程第５認定第２号も、
kaigirokuR6-9,2024,1493,予算,予算決算委員会委員長の報告のとおり決定することに賛成の方は、起立願います。
kaigirokuR6-9,2024,1493,決算,予算決算委員会委員長の報告のとおり決定することに賛成の方は、起立願います。
kaigirokuR6-9,2024,1496,予算,杖村簡易水道事業特別会計歳入歳出決算の認定についても、予算決算委員会委員長の報告の
kaigirokuR6-9,2024,1496,決算,杖村簡易水道事業特別会計歳入歳出決算の認定についても、予算決算委員会委員長の報告の
kaigirokuR6-9,2024,1501,決算,歳入歳出決算の認定について
kaigirokuR6-9,2024,1506,決算,歳出決算の認定についてを議題とし、討論を行います。討論はありませんか。
kaigirokuR6-9,2024,1509,予算,を行います。本案に対する予算決算委員会委員長の報告は、認定です。日程第６認定第３号も、
kaigirokuR6-9,2024,1509,決算,を行います。本案に対する予算決算委員会委員長の報告は、認定です。日程第６認定第３号も、
kaigirokuR6-9,2024,1510,予算,予算決算委員会委員長の報告のとおり決定することに賛成の方は、起立願います。
kaigirokuR6-9,2024,1510,決算,予算決算委員会委員長の報告のとおり決定することに賛成の方は、起立願います。
kaigirokuR6-9,2024,1513,予算,村国民健康保険特別会計歳入歳出決算の認定についても、予算決算委員会委員長の報告のと
kaigirokuR6-9,2024,1513,決算,村国民健康保険特別会計歳入歳出決算の認定についても、予算決算委員会委員長の報告のと
kaigirokuR6-9,2024,1518,決算,歳出決算の認定について
kaigirokuR6-9,2024,1522,決算,決算の認定についてを議題とし、討論を行います。討論はありませんか。
kaigirokuR6-9,2024,1525,予算,を行います。本案に対する予算決算委員会委員長の報告は、認定です。日程第７認定第４号も、
kaigirokuR6-9,2024,1525,決算,を行います。本案に対する予算決算委員会委員長の報告は、認定です。日程第７認定第４号も、
kaigirokuR6-9,2024,1526,予算,予算決算委員会委員長の報告のとおり決定することに賛成の方は、起立願います。
kaigirokuR6-9,2024,1526,決算,予算決算委員会委員長の報告のとおり決定することに賛成の方は、起立願います。
kaigirokuR6-9,2024,1529,予算,村介護保険特別会計歳入歳出決算の認定についても、予算決算委員会委員長の報告のとおり
kaigirokuR6-9,2024,1529,決算,村介護保険特別会計歳入歳出決算の認定についても、予算決算委員会委員長の報告のとおり
kaigirokuR6-9,2024,1534,決算,歳入歳出決算の認定について
kaigirokuR6-9,2024,1538,決算,入歳出決算の認定についてを議題とし、討論を行います。討論はありませんか。
kaigirokuR6-9,2024,1541,予算,を行います。本案に対する予算決算委員会委員長の報告は、認定です。日程第８認定第５号も、
kaigirokuR6-9,2024,1541,決算,を行います。本案に対する予算決算委員会委員長の報告は、認定です。日程第８認定第５号も、
kaigirokuR6-9,2024,1542,予算,予算決算委員会委員長の報告のとおり決定することに賛成の方は、起立願います。
kaigirokuR6-9,2024,1542,決算,予算決算委員会委員長の報告のとおり決定することに賛成の方は、起立願います。
kaigirokuR6-9,2024,1545,予算,杖村後期高齢者医療特別会計歳入歳出決算の認定についても、予算決算委員会委員長の報告
kaigirokuR6-9,2024,1545,決算,杖村後期高齢者医療特別会計歳入歳出決算の認定についても、予算決算委員会委員長の報告
kaigirokuR7,2025,41,予算,（令和６年度御杖村一般会計補正予算(第５号）)
kaigirokuR7,2025,41,補正予算,（令和６年度御杖村一般会計補正予算(第５号）)
kaigirokuR7,2025,42,予算,[上程、説明、総括的質疑、予算決算委員会付託] ・・・・・・・・・・・・・・・・・・・・・・・・・・・ －11－
kaigirokuR7,2025,42,決算,[上程、説明、総括的質疑、予算決算委員会付託] ・・・・・・・・・・・・・・・・・・・・・・・・・・・ －11－
kaigirokuR7,2025,76,基金,◎議案第１３号御杖村国民健康保険財政調整基金の設置、管理及び処分に関する条例の
kaigirokuR7,2025,95,予算,◎議案第２０号令和６年度御杖村一般会計補正予算（第６号）の議定について
kaigirokuR7,2025,95,補正予算,◎議案第２０号令和６年度御杖村一般会計補正予算（第６号）の議定について
kaigirokuR7,2025,96,予算,[上程、説明、総括的質疑、予算決算委員会付託] ・・・・・・・・・・・・・・・・・・・・・・・・・・・ －28－
kaigirokuR7,2025,96,決算,[上程、説明、総括的質疑、予算決算委員会付託] ・・・・・・・・・・・・・・・・・・・・・・・・・・・ －28－
kaigirokuR7,2025,97,予算,◎議案第２１号令和６年度御杖村国民健康保険特別会計補正予算（第３号）の議定について
kaigirokuR7,2025,97,補正予算,◎議案第２１号令和６年度御杖村国民健康保険特別会計補正予算（第３号）の議定について
kaigirokuR7,2025,98,予算,[上程、説明、総括的質疑、予算決算委員会付託] ・・・・・・・・・・・・・・・・・・・・・・・・・・・ －28－
kaigirokuR7,2025,98,決算,[上程、説明、総括的質疑、予算決算委員会付託] ・・・・・・・・・・・・・・・・・・・・・・・・・・・ －28－
kaigirokuR7,2025,99,予算,◎議案第２２号令和６年度御杖村介護保険特別会計補正予算（第３号）の議定について
kaigirokuR7,2025,99,補正予算,◎議案第２２号令和６年度御杖村介護保険特別会計補正予算（第３号）の議定について
kaigirokuR7,2025,100,予算,[上程、説明、総括的質疑、予算決算委員会付託] ・・・・・・・・・・・・・・・・・・・・・・・・・・・ －29－
kaigirokuR7,2025,100,決算,[上程、説明、総括的質疑、予算決算委員会付託] ・・・・・・・・・・・・・・・・・・・・・・・・・・・ －29－
kaigirokuR7,2025,101,予算,◎議案第２３号令和６年度御杖村後期高齢者医療特別会計補正予算（第２号）の議定について
kaigirokuR7,2025,101,補正予算,◎議案第２３号令和６年度御杖村後期高齢者医療特別会計補正予算（第２号）の議定について
kaigirokuR7,2025,102,予算,[上程、説明、総括的質疑、予算決算委員会付託] ・・・・・・・・・・・・・・・・・・・・・・・・・・・ －30－
kaigirokuR7,2025,102,決算,[上程、説明、総括的質疑、予算決算委員会付託] ・・・・・・・・・・・・・・・・・・・・・・・・・・・ －30－
kaigirokuR7,2025,103,予算,◎議案第２４号令和６年度御杖村簡易水道事業会計補正予算（第３号）の議定について
kaigirokuR7,2025,103,補正予算,◎議案第２４号令和６年度御杖村簡易水道事業会計補正予算（第３号）の議定について
kaigirokuR7,2025,104,予算,[上程、説明、総括的質疑、予算決算委員会付託] ・・・・・・・・・・・・・・・・・・・・・・・・・・・ －30－
kaigirokuR7,2025,104,決算,[上程、説明、総括的質疑、予算決算委員会付託] ・・・・・・・・・・・・・・・・・・・・・・・・・・・ －30－
kaigirokuR7,2025,106,予算,◎議案第２５号令和６年度御杖村一般会計予算の議定について
kaigirokuR7,2025,107,予算,[上程、説明、総括的質疑、予算決算委員会付託] ・・・・・・・・・・・・・・・・・・・・・・・・・・・ －33－
kaigirokuR7,2025,107,決算,[上程、説明、総括的質疑、予算決算委員会付託] ・・・・・・・・・・・・・・・・・・・・・・・・・・・ －33－
kaigirokuR7,2025,108,予算,◎議案第２６号令和７年度御杖村国民健康保険特別会計予算の議定について
kaigirokuR7,2025,109,予算,[上程、説明、総括的質疑、予算決算委員会付託] ・・・・・・・・・・・・・・・・・・・・・・・・・・・ －37－
kaigirokuR7,2025,109,決算,[上程、説明、総括的質疑、予算決算委員会付託] ・・・・・・・・・・・・・・・・・・・・・・・・・・・ －37－
kaigirokuR7,2025,110,予算,◎議案第２７号令和７年度御杖村介護保険特別会計予算の議定について
kaigirokuR7,2025,111,予算,[上程、説明、総括的質疑、予算決算委員会付託] ・・・・・・・・・・・・・・・・・・・・・・・・・・・ －38－
kaigirokuR7,2025,111,決算,[上程、説明、総括的質疑、予算決算委員会付託] ・・・・・・・・・・・・・・・・・・・・・・・・・・・ －38－
kaigirokuR7,2025,112,予算,◎議案第２８号令和７年度御杖村後期高齢者医療特別会計補正予算(第５号)の議定について
kaigirokuR7,2025,112,補正予算,◎議案第２８号令和７年度御杖村後期高齢者医療特別会計補正予算(第５号)の議定について
kaigirokuR7,2025,113,予算,[上程、説明、総括的質疑、予算決算委員会付託] ・・・・・・・・・・・・・・・・・・・・・・・・・・・ －38－
kaigirokuR7,2025,113,決算,[上程、説明、総括的質疑、予算決算委員会付託] ・・・・・・・・・・・・・・・・・・・・・・・・・・・ －38－
kaigirokuR7,2025,114,予算,◎議案第２９号令和７年度御杖村簡易水道事業会計予算の議定について
kaigirokuR7,2025,115,予算,[上程、説明、総括的質疑、予算決算委員会付託] ・・・・・・・・・・・・・・・・・・・・・・・・・・・ －39－
kaigirokuR7,2025,115,決算,[上程、説明、総括的質疑、予算決算委員会付託] ・・・・・・・・・・・・・・・・・・・・・・・・・・・ －39－
kaigirokuR7,2025,147,予算,（令和６年度御杖村一般会計補正予算(第５号）)
kaigirokuR7,2025,147,補正予算,（令和６年度御杖村一般会計補正予算(第５号）)
kaigirokuR7,2025,152,基金,する条例の制定について、議案第１３号御杖村国民健康保険財政調整基金の設置、管理
kaigirokuR7,2025,159,基金,◎議案第１３号御杖村国民健康保険財政調整基金の設置、管理及び処分に関する条例の
kaigirokuR7,2025,166,予算,◎議案第２０号令和６年度御杖村一般会計補正予算(第６号)の議定について、議案第２１号
kaigirokuR7,2025,166,補正予算,◎議案第２０号令和６年度御杖村一般会計補正予算(第６号)の議定について、議案第２１号
kaigirokuR7,2025,167,予算,令和６年度御杖村国民健康保険特別会計補正予算（第３号）の議定について、議案第２２
kaigirokuR7,2025,167,補正予算,令和６年度御杖村国民健康保険特別会計補正予算（第３号）の議定について、議案第２２
kaigirokuR7,2025,168,予算,号令和６年度御杖村介護保険特別会計補正予算（第３号）の議定について、議案第２３号
kaigirokuR7,2025,168,補正予算,号令和６年度御杖村介護保険特別会計補正予算（第３号）の議定について、議案第２３号
kaigirokuR7,2025,169,予算,令和６年度御杖村後期高齢者医療特別会計補正予算（第２号）の議定について、議案第
kaigirokuR7,2025,169,補正予算,令和６年度御杖村後期高齢者医療特別会計補正予算（第２号）の議定について、議案第
kaigirokuR7,2025,170,予算,２４号令和６年度御杖村簡易水道事業会計補正予算（第３号）の議定について
kaigirokuR7,2025,170,補正予算,２４号令和６年度御杖村簡易水道事業会計補正予算（第３号）の議定について
kaigirokuR7,2025,172,予算,◎議案第２０号令和６年度御杖村一般会計補正予算(第６号)の議定について
kaigirokuR7,2025,172,補正予算,◎議案第２０号令和６年度御杖村一般会計補正予算(第６号)の議定について
kaigirokuR7,2025,174,予算,◎議案第２１号令和６年度御杖村国民健康保険特別会計補正予算（第３号）の議定について
kaigirokuR7,2025,174,補正予算,◎議案第２１号令和６年度御杖村国民健康保険特別会計補正予算（第３号）の議定について
kaigirokuR7,2025,176,予算,◎議案第２２号令和６年度御杖村介護保険特別会計補正予算（第３号）の議定について
kaigirokuR7,2025,176,補正予算,◎議案第２２号令和６年度御杖村介護保険特別会計補正予算（第３号）の議定について
kaigirokuR7,2025,178,予算,◎議案第２３号令和６年度御杖村後期高齢者医療特別会計補正予算（第２号）の議定について
kaigirokuR7,2025,178,補正予算,◎議案第２３号令和６年度御杖村後期高齢者医療特別会計補正予算（第２号）の議定について
kaigirokuR7,2025,180,予算,◎議案第２４号令和６年度御杖村簡易水道事業会計補正予算（第３号）の議定について
kaigirokuR7,2025,180,補正予算,◎議案第２４号令和６年度御杖村簡易水道事業会計補正予算（第３号）の議定について
kaigirokuR7,2025,182,予算,◎議案第２５号令和７年度御杖村一般会計予算の議定について、議案第２６号令和７年度御
kaigirokuR7,2025,183,予算,杖村国民健康保険特別会計予算の議定について、議案第２７号令和７年度御杖村介護保
kaigirokuR7,2025,184,予算,険特別会計予算の議定について、議案第２８号令和７年度御杖村後期高齢者医療特別会
kaigirokuR7,2025,185,予算,計予算の議定について、議案第２９号令和７年度御杖村簡易水道事業会計予算の議定に
kaigirokuR7,2025,188,予算,◎議案第２５号令和７年度御杖村一般会計予算の議定について
kaigirokuR7,2025,192,予算,◎議案第２６号令和７年度御杖村国民健康保険特別会計予算の議定について
kaigirokuR7,2025,194,予算,◎議案第２７号令和７年度御杖村介護保険特別会計予算の議定について
kaigirokuR7,2025,196,予算,◎議案第２８号令和７年度御杖村後期高齢者医療特別会計予算の議定について
kaigirokuR7,2025,198,予算,◎議案第２９号令和７年度御杖村簡易水道事業特別会計予算の議定について
kaigirokuR7,2025,227,予算,（令和６年度御杖村一般会計補正予算(第５号）)
kaigirokuR7,2025,227,補正予算,（令和６年度御杖村一般会計補正予算(第５号）)
kaigirokuR7,2025,262,基金,御杖村国民健康保険財政調整基金の設置、管理及び処分に関する条例の一部
kaigirokuR7,2025,278,予算,第２５ 議案第２０号 【予算決算委員会付託】
kaigirokuR7,2025,278,決算,第２５ 議案第２０号 【予算決算委員会付託】
kaigirokuR7,2025,279,予算,令和６年度御杖村一般会計補正予算（第６号）の議定について
kaigirokuR7,2025,279,補正予算,令和６年度御杖村一般会計補正予算（第６号）の議定について
kaigirokuR7,2025,280,予算,第２６ 議案第２１号 【予算決算委員会付託】
kaigirokuR7,2025,280,決算,第２６ 議案第２１号 【予算決算委員会付託】
kaigirokuR7,2025,281,予算,令和６年度御杖村国民健康保険特別会計補正予算（第３号）の議定について
kaigirokuR7,2025,281,補正予算,令和６年度御杖村国民健康保険特別会計補正予算（第３号）の議定について
kaigirokuR7,2025,282,予算,第２７ 議案第２２号 【予算決算委員会付託】
kaigirokuR7,2025,282,決算,第２７ 議案第２２号 【予算決算委員会付託】
kaigirokuR7,2025,283,予算,令和６年度御杖村介護保険特別会計補正予算（第３号）の議定について
kaigirokuR7,2025,283,補正予算,令和６年度御杖村介護保険特別会計補正予算（第３号）の議定について
kaigirokuR7,2025,284,予算,第２８ 議案第２３号 【予算決算委員会付託】
kaigirokuR7,2025,284,決算,第２８ 議案第２３号 【予算決算委員会付託】
kaigirokuR7,2025,285,予算,令和６年度御杖村後期高齢者医療特別会計補正予算（第２号）の議定について
kaigirokuR7,2025,285,補正予算,令和６年度御杖村後期高齢者医療特別会計補正予算（第２号）の議定について
kaigirokuR7,2025,286,予算,第２９ 議案第２４号 【予算決算委員会付託】
kaigirokuR7,2025,286,決算,第２９ 議案第２４号 【予算決算委員会付託】
kaigirokuR7,2025,287,予算,令和６年度御杖村簡易水道事業会計補正予算（第３号）の議定について
kaigirokuR7,2025,287,補正予算,令和６年度御杖村簡易水道事業会計補正予算（第３号）の議定について
kaigirokuR7,2025,288,予算,第３０ 議案第２５号 【予算決算委員会付託】
kaigirokuR7,2025,288,決算,第３０ 議案第２５号 【予算決算委員会付託】
kaigirokuR7,2025,289,予算,令和７年度御杖村一般会計予算の議定について
kaigirokuR7,2025,290,予算,第３１ 議案第２６号 【予算決算委員会付託】
kaigirokuR7,2025,290,決算,第３１ 議案第２６号 【予算決算委員会付託】
kaigirokuR7,2025,291,予算,令和７年度御杖村国民健康保険特別会計予算の議定について
kaigirokuR7,2025,292,予算,第３２ 議案第２７号 【予算決算委員会付託】
kaigirokuR7,2025,292,決算,第３２ 議案第２７号 【予算決算委員会付託】
kaigirokuR7,2025,293,予算,令和７年度御杖村介護保険特別会計予算の議定について
kaigirokuR7,2025,294,予算,第３３ 議案第２８号 【予算決算委員会付託】
kaigirokuR7,2025,294,決算,第３３ 議案第２８号 【予算決算委員会付託】
kaigirokuR7,2025,295,予算,令和７年度御杖村後期高齢者医療特別会計予算の議定について
kaigirokuR7,2025,296,予算,第３４ 議案第２９号 【予算決算委員会付託】
kaigirokuR7,2025,296,決算,第３４ 議案第２９号 【予算決算委員会付託】
kaigirokuR7,2025,297,予算,令和７年度御杖村簡易水道事業会計予算の議定について
kaigirokuR7,2025,386,予算,時開会、むらづくり委員会を１１日午前９時開会、予算決算委員会を１８日午前９時開会、続会議を
kaigirokuR7,2025,386,決算,時開会、むらづくり委員会を１１日午前９時開会、予算決算委員会を１８日午前９時開会、続会議を
kaigirokuR7,2025,391,基金,の設置及び管理に関する条例及び御杖村国民健康保険財政調整基金の設置、管理及び処分に
kaigirokuR7,2025,393,予算,びに村道路線の変更については、むらづくり委員会へ、専決処分を含む補正予算６件と令和７年
kaigirokuR7,2025,393,補正予算,びに村道路線の変更については、むらづくり委員会へ、専決処分を含む補正予算６件と令和７年
kaigirokuR7,2025,394,予算,度の当初予算５件は、予算決算委員会へそれぞれ付託することと決定しました。また、上部法等の
kaigirokuR7,2025,394,決算,度の当初予算５件は、予算決算委員会へそれぞれ付託することと決定しました。また、上部法等の
kaigirokuR7,2025,423,予算,を行うものです。議案第２号、令和６年度宇陀衛生一部事務組合一般会計歳入歳出補正予算第
kaigirokuR7,2025,423,補正予算,を行うものです。議案第２号、令和６年度宇陀衛生一部事務組合一般会計歳入歳出補正予算第
kaigirokuR7,2025,424,予算,２号についてでは、既定の歳入歳出予算の総額から、歳入歳出それぞれ９３万４千円を減額し、
kaigirokuR7,2025,425,予算,歳入歳出予算の総額をそれぞれ１億１千９０万 ５千円とするものです。主なものは、職員の休職
kaigirokuR7,2025,427,予算,るものです。議案第３号、令和７年度宇陀衛生一部事務組合一般会計歳入歳出予算については、
kaigirokuR7,2025,428,予算,歳入歳出それぞれ１億１４万４千円で、対前年度９２９万円の 減額予算となっています。議案第４
kaigirokuR7,2025,453,予算,衛生組合一般会計予算について、議案第３号、奈良県市町村総合事務組合を組織する地方公
kaigirokuR7,2025,457,予算,です。議案第２号は、令和７年度一般会計予算について、歳入歳出それぞれ３億８５１万４千円で
kaigirokuR7,2025,458,予算,前年度対比５，２１７万８千円の増額予算となっています。質疑では、山岡議員より、衛生費におけ
kaigirokuR7,2025,459,工事,る工事請負費の前年度比率及び今後の方針について質問され、提案者より詳細な説明が行われ
kaigirokuR7,2025,476,予算,例会は、総額１６０億９，４６７万２千円の令和７年度一般会計当初予算案、前年度比５億２，６５８万
kaigirokuR7,2025,477,予算,円増、３．３８％増や令和６年度一般会計補正予算案など議案９件、専決処分の報告１件、公平委
kaigirokuR7,2025,477,補正予算,円増、３．３８％増や令和６年度一般会計補正予算案など議案９件、専決処分の報告１件、公平委
kaigirokuR7,2025,479,予算,会議案 1 件を原案通り全会一致で採択されました。当初予算の歳入の主なものとして、消防費分
kaigirokuR7,2025,481,基金,ち御杖村の分担金は７，９０８万７千円。基金繰入金１億８，９７５万８千円、組合債は庁舎建設事
kaigirokuR7,2025,521,予算,政一部事務組合一般会計歳入歳出予算補正第２号については、歳入歳出予算の総額にそれぞ
kaigirokuR7,2025,522,予算,れ４１万８千円を増額し、歳入歳出予算の総額を４千１３３万３千円とするものです。内容は、学校
kaigirokuR7,2025,524,予算,行政一部事務組合一般会計歳入歳出予算については、歳入歳出総額が５千９０万９千円で、前
kaigirokuR7,2025,525,予算,年度当初予算と比較して、１千４２万８千円の増額予算となっています。増額の主な内容につきま
kaigirokuR7,2025,565,予算,ました。また全村民に対しましても広報誌による予算額や決算額のお知らせ、工事の竣工に併せ
kaigirokuR7,2025,565,決算,ました。また全村民に対しましても広報誌による予算額や決算額のお知らせ、工事の竣工に併せ
kaigirokuR7,2025,565,工事,ました。また全村民に対しましても広報誌による予算額や決算額のお知らせ、工事の竣工に併せ
kaigirokuR7,2025,566,工事,ては工事内容も記載したチラシの配布も行い、事業の周知に努めてまいりました。昨年１１月には、
kaigirokuR7,2025,612,予算,えております。 また、移住定住に繋がるよう、次年度予算に新たな子育て支援策も計上しており
kaigirokuR7,2025,621,予算,これについては新年度予算の中で、どの程度そしてどういうふうに盛り込まれているのかをじっくり
kaigirokuR7,2025,641,予算,（令和６年度御杖村一般会計補正予算（第５号））
kaigirokuR7,2025,641,補正予算,（令和６年度御杖村一般会計補正予算（第５号））
kaigirokuR7,2025,642,予算,［上程、説明、総括的質疑、予算決算委員会付託］
kaigirokuR7,2025,642,決算,［上程、説明、総括的質疑、予算決算委員会付託］
kaigirokuR7,2025,645,予算,度御杖村一般会計補正予算第５号を議題と致します。本案について、提案理由の説明を求めま
kaigirokuR7,2025,645,補正予算,度御杖村一般会計補正予算第５号を議題と致します。本案について、提案理由の説明を求めま
kaigirokuR7,2025,652,予算,にかかる費用及び地域振興券発行事業を追加するものでございます。早急に予算措置が必要と
kaigirokuR7,2025,659,予算,運営委員長の報告のとおり、全員協議会で詳細な説明を受け、予算決算委員会に付託すること
kaigirokuR7,2025,659,決算,運営委員長の報告のとおり、全員協議会で詳細な説明を受け、予算決算委員会に付託すること
kaigirokuR7,2025,663,予算,めることについて、令和６年度御杖村一般会計補正予算第５号は、予算決算委員会に付託するこ
kaigirokuR7,2025,663,補正予算,めることについて、令和６年度御杖村一般会計補正予算第５号は、予算決算委員会に付託するこ
kaigirokuR7,2025,663,決算,めることについて、令和６年度御杖村一般会計補正予算第５号は、予算決算委員会に付託するこ
kaigirokuR7,2025,1124,基金,◎議案第１３号御杖村国民健康保険財政調整基金の設置、
kaigirokuR7,2025,1128,基金,○議長(山岡隆良君)：次に、日程第１８、議案第１３号御杖村国民健康保険財政調整基金の設置、管
kaigirokuR7,2025,1133,基金,○村長(伊藤収宜君)：本案につきましては、国民健康保険の県単位化に伴い、従来の基金の設置
kaigirokuR7,2025,1134,基金,目的や活用について変更が生じており、より適切な運営のために基金が活用できるように改正を
kaigirokuR7,2025,1144,基金,険財政調整基金の設置、管理及び処分に関する条例の一部を改正する 条例の制定について
kaigirokuR7,2025,1167,取得,においては、管理栄養士養成施設卒業者については栄養士免許の取得が不要となったことによ
kaigirokuR7,2025,1168,取得,り、栄養士免許を取得せずとも管理栄養士となることが可能となりました。改正は、１点ございます。
kaigirokuR7,2025,1329,予算,昼時間も差し迫ってまいりました。補正予算また新年度予算等々の詳細説明をいただきながら議
kaigirokuR7,2025,1329,補正予算,昼時間も差し迫ってまいりました。補正予算また新年度予算等々の詳細説明をいただきながら議
kaigirokuR7,2025,1339,予算,◎議案第２０号令和６年度御杖村一般会計補正予算（第６号）
kaigirokuR7,2025,1339,補正予算,◎議案第２０号令和６年度御杖村一般会計補正予算（第６号）
kaigirokuR7,2025,1341,予算,［上程、説明、総括的質疑、予算決算委員会付託］
kaigirokuR7,2025,1341,決算,［上程、説明、総括的質疑、予算決算委員会付託］
kaigirokuR7,2025,1342,予算,○議長(山岡隆良君)：次に、日程第２５、議案第２０号令和６年度御杖村一般会計補正予算第６号の
kaigirokuR7,2025,1342,補正予算,○議長(山岡隆良君)：次に、日程第２５、議案第２０号令和６年度御杖村一般会計補正予算第６号の
kaigirokuR7,2025,1349,基金,び収支見込みによる余剰金を基金積立するものでございます。よろしくお願いします。
kaigirokuR7,2025,1354,予算,運営委員長の報告のとおり、全員協議会で詳細な説明を受け、予算決算委員会に付託すること
kaigirokuR7,2025,1354,決算,運営委員長の報告のとおり、全員協議会で詳細な説明を受け、予算決算委員会に付託すること
kaigirokuR7,2025,1358,予算,一般会計補正予算第６号の議定については、予算決算委員会に付託することに決定しました。
kaigirokuR7,2025,1358,補正予算,一般会計補正予算第６号の議定については、予算決算委員会に付託することに決定しました。
kaigirokuR7,2025,1358,決算,一般会計補正予算第６号の議定については、予算決算委員会に付託することに決定しました。
kaigirokuR7,2025,1362,予算,補正予算（第３号）の議定について
kaigirokuR7,2025,1362,補正予算,補正予算（第３号）の議定について
kaigirokuR7,2025,1363,予算,［上程、説明、総括的質疑、予算決算委員会付託］
kaigirokuR7,2025,1363,決算,［上程、説明、総括的質疑、予算決算委員会付託］
kaigirokuR7,2025,1365,予算,予算第３号の議定についてを議題と致します。本案について、提案理由の説明を求めます。伊藤
kaigirokuR7,2025,1380,予算,運営委員長の報告のとおり、全員協議会で詳細な説明を受け、予算決算委員会に付託すること
kaigirokuR7,2025,1380,決算,運営委員長の報告のとおり、全員協議会で詳細な説明を受け、予算決算委員会に付託すること
kaigirokuR7,2025,1384,予算,国民健康保険特別会計補正予算第３号の議定についても、予算決算委員会に付託することに決
kaigirokuR7,2025,1384,補正予算,国民健康保険特別会計補正予算第３号の議定についても、予算決算委員会に付託することに決
kaigirokuR7,2025,1384,決算,国民健康保険特別会計補正予算第３号の議定についても、予算決算委員会に付託することに決
kaigirokuR7,2025,1389,予算,補正予算（第３号）の議定について
kaigirokuR7,2025,1389,補正予算,補正予算（第３号）の議定について
kaigirokuR7,2025,1390,予算,［上程、説明、総括的質疑、予算決算委員会付託］
kaigirokuR7,2025,1390,決算,［上程、説明、総括的質疑、予算決算委員会付託］
kaigirokuR7,2025,1391,予算,○議長(山岡隆良君)：次に、日程第２７、議案第２２号令和６年度御杖村介護保険特別会計補正予算
kaigirokuR7,2025,1391,補正予算,○議長(山岡隆良君)：次に、日程第２７、議案第２２号令和６年度御杖村介護保険特別会計補正予算
kaigirokuR7,2025,1397,基金,わせた減額及び介護給付費準備基金の積立を行うもののでございます。よろしくお願いします。
kaigirokuR7,2025,1402,予算,運営委員長の報告のとおり、全員協議会で詳細な説明を受け、予算決算委員会に付託すること
kaigirokuR7,2025,1402,決算,運営委員長の報告のとおり、全員協議会で詳細な説明を受け、予算決算委員会に付託すること
kaigirokuR7,2025,1406,予算,介護保険特別会計補正予算第３号の議定についても、予算決算委員会に付託することに決定し
kaigirokuR7,2025,1406,補正予算,介護保険特別会計補正予算第３号の議定についても、予算決算委員会に付託することに決定し
kaigirokuR7,2025,1406,決算,介護保険特別会計補正予算第３号の議定についても、予算決算委員会に付託することに決定し
kaigirokuR7,2025,1411,予算,補正予算（第２号）の議定について
kaigirokuR7,2025,1411,補正予算,補正予算（第２号）の議定について
kaigirokuR7,2025,1412,予算,［上程、説明、総括的質疑、予算決算委員会付託］
kaigirokuR7,2025,1412,決算,［上程、説明、総括的質疑、予算決算委員会付託］
kaigirokuR7,2025,1414,予算,正予算第２号の議定についてを議題と致します。本案について、提案理由の説明を求めます。伊
kaigirokuR7,2025,1425,予算,運営委員長の報告のとおり、全員協議会で詳細な説明を受け、予算決算委員会に付託すること
kaigirokuR7,2025,1425,決算,運営委員長の報告のとおり、全員協議会で詳細な説明を受け、予算決算委員会に付託すること
kaigirokuR7,2025,1429,予算,後期高齢者医療特別会計補正予算第２号の議定についても、予算決算委員会に付託することに
kaigirokuR7,2025,1429,補正予算,後期高齢者医療特別会計補正予算第２号の議定についても、予算決算委員会に付託することに
kaigirokuR7,2025,1429,決算,後期高齢者医療特別会計補正予算第２号の議定についても、予算決算委員会に付託することに
kaigirokuR7,2025,1434,予算,会計補正予算（第３号）の議定について
kaigirokuR7,2025,1434,補正予算,会計補正予算（第３号）の議定について
kaigirokuR7,2025,1435,予算,［上程、説明、総括的質疑、予算決算委員会付託］
kaigirokuR7,2025,1435,決算,［上程、説明、総括的質疑、予算決算委員会付託］
kaigirokuR7,2025,1436,予算,○議長(山岡隆良君)：次に、日程第２９、議案第２４号令和６年度御杖村簡易水道事業会計補正予算
kaigirokuR7,2025,1436,補正予算,○議長(山岡隆良君)：次に、日程第２９、議案第２４号令和６年度御杖村簡易水道事業会計補正予算
kaigirokuR7,2025,1444,工事,告に沿った人件費を増額及び配水管布設替工事における請負差等により発生する不用額の減
kaigirokuR7,2025,1451,予算,運営委員長の報告のとおり、全員協議会で詳細な説明を受け、予算決算委員会に付託すること
kaigirokuR7,2025,1451,決算,運営委員長の報告のとおり、全員協議会で詳細な説明を受け、予算決算委員会に付託すること
kaigirokuR7,2025,1455,予算,簡易水道事業会計補正予算第３号の議定についても、予算決算委員会に付託することに決定し
kaigirokuR7,2025,1455,補正予算,簡易水道事業会計補正予算第３号の議定についても、予算決算委員会に付託することに決定し
kaigirokuR7,2025,1455,決算,簡易水道事業会計補正予算第３号の議定についても、予算決算委員会に付託することに決定し
kaigirokuR7,2025,1460,予算,の一般会計予算及び特別会計予算並びに事業会計予算の議案となります。審議に入ります前に、
kaigirokuR7,2025,1465,予算,○村長(伊藤収宜君)：令和７年３月定例会において、新年度の各会計予算案をはじめ、重要な諸議
kaigirokuR7,2025,1471,予算,ついては、令和７年度予算案におきまして取り組み方針を反映させることが出来たと考えておりま
kaigirokuR7,2025,1480,予算,問題や物価高騰など国民の生活や経済活動への影響を長期化させています。令和７年度の予算
kaigirokuR7,2025,1487,予算,ができるよう、安心、快適な村づくりに挑戦していくこととし、施策の展開については、単年度予算
kaigirokuR7,2025,1488,予算,のみならず、必要となる総額予算とその効果を確実に見極めることにより、必要な部分にはしっか
kaigirokuR7,2025,1489,予算,りと投資し、効果の低いものは勇気を持って廃止する等の取捨選択と創意工夫を凝らした予算編
kaigirokuR7,2025,1490,予算,成に取り組むことが求められます。それでは、令和７年度の予算概要についてご説明申し上げま
kaigirokuR7,2025,1492,予算,す。令和７年度一般会計の予算規模は、２６億９，１００万円、令和６年度当初予算に対して４．６％、
kaigirokuR7,2025,1494,予算,する金額を除いた純計予算総額は､３４億３，１２７万７千円で、令和６年度当初予算と比較して２．
kaigirokuR7,2025,1495,予算,０％、６，７１８万２千円の増額となりました。以下、新年度予算案の概要につきまして、長期総合計
kaigirokuR7,2025,1537,予算,よる利活用事業者の募集を行います。以上、令和７年度に向けた私の施政方針と、予算案の概要
kaigirokuR7,2025,1543,予算,◎議案第２５号令和７年度御杖村一般会計予算の議定について
kaigirokuR7,2025,1544,予算,［上程、説明、総括的質疑、予算決算委員会付託］
kaigirokuR7,2025,1544,決算,［上程、説明、総括的質疑、予算決算委員会付託］
kaigirokuR7,2025,1546,予算,○議長(山岡隆良君)：それでは、日程第３０、議案第２５号令和７年度御杖村一般会計予算の議定に
kaigirokuR7,2025,1556,予算,○副村長（中嶋英樹君）：令和７年度御杖村一般会計予算の概要につきまして、ご説明申し上げま
kaigirokuR7,2025,1557,予算,す。村長の施政方針に続きまして、令和７年度予算案説明要旨及び説明資料の６ページをご覧く
kaigirokuR7,2025,1558,予算,ださい。まず６ページこちらの表は、本村の令和７年度全会計の予算案総括表となっています。区
kaigirokuR7,2025,1559,予算,分、一般会計の欄をご覧ください。予算総額２６億９，１００万円で、前年度に比べ１億１，８００万円、
kaigirokuR7,2025,1562,予算,が高い順に、区分、令和７年度予算額、構成比、それと比較増減額、増減率について申し上げま
kaigirokuR7,2025,1568,補助金,質に応じまして負担金、補助金、委託金の３種類に分けられます。次に、２１の村債、２億９，１１０
kaigirokuR7,2025,1573,予算,めや特定の目的に充当するために基金を取り崩して歳入予算に組み込むものでございます。次
kaigirokuR7,2025,1573,基金,めや特定の目的に充当するために基金を取り崩して歳入予算に組み込むものでございます。次
kaigirokuR7,2025,1576,補助金,ます。国庫支出金と同様に、県から特定の事業に対して交付されるもので、負担金、補助金、委託
kaigirokuR7,2025,1584,予算,載しております。それでは８ページをご覧ください。一般会計歳入予算の対前年度増減要因につ
kaigirokuR7,2025,1586,予算,７年度予算額となっております。主な増減について、ご説明申し上げます。説明番号１，村税、村
kaigirokuR7,2025,1588,取得,因となっております。固定資産税２０２万２千円の減につきましては、償却資産の新規取得がなく、
kaigirokuR7,2025,1593,決算,万円の減は、前年度決算見込額に国の伸び率を反映させた結果でございます。なお、森林環境
kaigirokuR7,2025,1607,工事,内訳の方の村単土地改良事業１５万円の増は、農業用水路維持修繕工事に係る受益者分担金１
kaigirokuR7,2025,1613,補助金,ます。増額の主なものは、デジタル基盤改革支援補助金８，７８４万８千円、その下橋梁長寿命化
kaigirokuR7,2025,1618,補助金,助金７４９万１千円、林業振興費補助金である美しい森林基盤整備事業４４３万６千円、障害者自
kaigirokuR7,2025,1622,補助金,文化資源活用補助金の１８１万２千円、公共交通基本計画推進事業支援補助金の１７８万円など
kaigirokuR7,2025,1623,補助金,があげられます。一方、減額要因は、一番下の方から、農業振興費補助金３１０万６千円、地籍調
kaigirokuR7,2025,1625,財産,ージをご覧ください。番１１、財産収入、１，３４６万円の減額は、主にプレミアム商品券売払収入１，
kaigirokuR7,2025,1627,基金,券発行事業を見送ったためでございます。一方増額の方でございますが、財政調整基金の債権
kaigirokuR7,2025,1632,基金,備等の財源とするための公共施設整備基金繰入が１，７４０万円の増額となっております。番号１４，
kaigirokuR7,2025,1636,工事,外壁等改修工事の終了などによるものでございます。歳入の概要は以上でございます。次に、歳
kaigirokuR7,2025,1637,予算,出について説明させていただきます。１１ページ令和７年度一般会計予算案歳出の性質別内訳を
kaigirokuR7,2025,1638,予算,ご覧ください。この表につきましては、議会費や総務費等、行政の目的別となっている歳出予算を、
kaigirokuR7,2025,1651,補助金,助費等は、３億８，１７９万７千円、構成比１４．２％です。これは、各種団体への補助金や一部事務
kaigirokuR7,2025,1657,予算,とで、性質としては補助費等に含まれることとなります。歳出性質別の予算額で主なものは以上で
kaigirokuR7,2025,1666,工事,庁舎改良工事の４，２１５万８千円、村道部分改良事業の３，６７９万７千円等が主な増額でござい
kaigirokuR7,2025,1668,工事,ター外壁等改修、みつえ体験交流館塗装空調工事、ケアハウス施設機器更新等が減額の主なも
kaigirokuR7,2025,1676,補助金,ージの方でございます。プレミアム商品券発行事業２，２５０万円、株式会社みつえ補助金９５０万
kaigirokuR7,2025,1681,予算,的別区分として、予算書の区分である款の区分によりご説明を申し上げます。主な区分の７年度
kaigirokuR7,2025,1682,予算,予算額、構成比、比較増減額、増減率について読み上げをさせていただきます。先ずの.総務費
kaigirokuR7,2025,1685,工事,しております。増額の要因と致しましては、庁舎改良工事及び国が進めるシステム標準化関連事
kaigirokuR7,2025,1689,工事,ております。減額の主な理由につきましては、保健センター外壁等改修工事の終了によるもので
kaigirokuR7,2025,1716,予算,方より、ご説明を申し上げさせていただきたいと思います。以上、令和７年度一般会計予算案の概
kaigirokuR7,2025,1722,予算,運営委員長の報告のとおり、全員協議会で詳細な説明を受け、予算決算委員会に付託すること
kaigirokuR7,2025,1722,決算,運営委員長の報告のとおり、全員協議会で詳細な説明を受け、予算決算委員会に付託すること
kaigirokuR7,2025,1726,予算,一般会計予算の議定についても、予算決算委員会に付託することに決定しました。
kaigirokuR7,2025,1726,決算,一般会計予算の議定についても、予算決算委員会に付託することに決定しました。
kaigirokuR7,2025,1729,予算,◎議案第２６号令和７年度御杖村国民健康保険特別会計予算
kaigirokuR7,2025,1731,予算,［上程、説明、総括的質疑、予算決算委員会付託］
kaigirokuR7,2025,1731,決算,［上程、説明、総括的質疑、予算決算委員会付託］
kaigirokuR7,2025,1732,予算,○議長(山岡隆良君)：次に、日程第３１、議案第２６号令和７年度御杖村国民健康保険特別会計予算
kaigirokuR7,2025,1745,予算,運営委員長の報告のとおり、全員協議会で詳細な説明を受け、予算決算委員会に付託すること
kaigirokuR7,2025,1745,決算,運営委員長の報告のとおり、全員協議会で詳細な説明を受け、予算決算委員会に付託すること
kaigirokuR7,2025,1749,予算,国民健康保険特別会計予算の議定についても、予算決算委員会に付託することに決定しました。
kaigirokuR7,2025,1749,決算,国民健康保険特別会計予算の議定についても、予算決算委員会に付託することに決定しました。
kaigirokuR7,2025,1752,予算,◎議案第２７号令和７年度御杖村介護保険特別会計予算の
kaigirokuR7,2025,1754,予算,［上程、説明、総括的質疑、予算決算委員会付託］
kaigirokuR7,2025,1754,決算,［上程、説明、総括的質疑、予算決算委員会付託］
kaigirokuR7,2025,1755,予算,○議長(山岡隆良君)：次に、日程第３２、議案第２７号令和７年度御杖村介護保険特別会計予算の議
kaigirokuR7,2025,1765,予算,運営委員長の報告のとおり、全員協議会で詳細な説明を受け、予算決算委員会に付託すること
kaigirokuR7,2025,1765,決算,運営委員長の報告のとおり、全員協議会で詳細な説明を受け、予算決算委員会に付託すること
kaigirokuR7,2025,1769,予算,介護保険特別会計予算の議定についても、予算決算委員会に付託することに決定しました。
kaigirokuR7,2025,1769,決算,介護保険特別会計予算の議定についても、予算決算委員会に付託することに決定しました。
kaigirokuR7,2025,1773,予算,予算の議定について
kaigirokuR7,2025,1774,予算,［上程、説明、総括的質疑、予算決算委員会付託］
kaigirokuR7,2025,1774,決算,［上程、説明、総括的質疑、予算決算委員会付託］
kaigirokuR7,2025,1787,予算,運営委員長の報告のとおり、全員協議会で詳細な説明を受け、予算決算委員会に付託すること
kaigirokuR7,2025,1787,決算,運営委員長の報告のとおり、全員協議会で詳細な説明を受け、予算決算委員会に付託すること
kaigirokuR7,2025,1791,予算,後期高齢者医療特別会計予算の議定についても、予算決算委員会に付託することに決定しまし
kaigirokuR7,2025,1791,決算,後期高齢者医療特別会計予算の議定についても、予算決算委員会に付託することに決定しまし
kaigirokuR7,2025,1796,予算,予算の議定について
kaigirokuR7,2025,1797,予算,［上程、説明、総括的質疑、予算決算委員会付託］
kaigirokuR7,2025,1797,決算,［上程、説明、総括的質疑、予算決算委員会付託］
kaigirokuR7,2025,1799,予算,○議長(山岡隆良君)：次に、日程第３４、議案第２９号令和７年度御杖村簡易水道事業会計予算の議
kaigirokuR7,2025,1810,予算,運営委員長の報告のとおり、全員協議会で詳細な説明を受け、予算決算委員会に付託すること
kaigirokuR7,2025,1810,決算,運営委員長の報告のとおり、全員協議会で詳細な説明を受け、予算決算委員会に付託すること
kaigirokuR7,2025,1814,予算,簡易水道事業会計予算の議定についても、予算決算委員会に付託することに決定しました。
kaigirokuR7,2025,1814,決算,簡易水道事業会計予算の議定についても、予算決算委員会に付託することに決定しました。
kaigirokuR7,2025,1970,予算,（令和６年度御杖村一般会計補正予算(第５号）)
kaigirokuR7,2025,1970,補正予算,（令和６年度御杖村一般会計補正予算(第５号）)
kaigirokuR7,2025,1975,基金,御杖村国民健康保険財政調整基金の設置、管理及び処分に関する条例の一部を改正
kaigirokuR7,2025,1982,予算,令和６年度御杖村一般会計補正予算（第６号）の議定について
kaigirokuR7,2025,1982,補正予算,令和６年度御杖村一般会計補正予算（第６号）の議定について
kaigirokuR7,2025,1984,予算,令和６年度御杖村国民健康保険特別会計補正予算（第３号）の議定について
kaigirokuR7,2025,1984,補正予算,令和６年度御杖村国民健康保険特別会計補正予算（第３号）の議定について
kaigirokuR7,2025,1986,予算,令和６年度御杖村介護保険特別会計補正予算（第３号）の議定について
kaigirokuR7,2025,1986,補正予算,令和６年度御杖村介護保険特別会計補正予算（第３号）の議定について
kaigirokuR7,2025,1988,予算,令和６年度御杖村後期高齢者医療特別会計補正予算（第２号）の議定について
kaigirokuR7,2025,1988,補正予算,令和６年度御杖村後期高齢者医療特別会計補正予算（第２号）の議定について
kaigirokuR7,2025,1990,予算,令和６年度御杖村簡易水道事業会計補正予算（第３号）の議定について
kaigirokuR7,2025,1990,補正予算,令和６年度御杖村簡易水道事業会計補正予算（第３号）の議定について
kaigirokuR7,2025,1992,予算,令和７年度御杖村一般会計予算の議定について
kaigirokuR7,2025,1994,予算,令和７年度御杖村国民健康保険特別会計予算の議定について
kaigirokuR7,2025,1996,予算,令和７年度御杖村介護保険特別会計予算の議定について
kaigirokuR7,2025,1998,予算,令和７年度御杖村後期高齢者医療特別会計予算の議定について
kaigirokuR7,2025,2000,予算,令和７年度御杖村簡易水道事業会計予算の議定について
kaigirokuR7,2025,2053,予算,（令和６年度御杖村一般会計補正予算（第５号））
kaigirokuR7,2025,2053,補正予算,（令和６年度御杖村一般会計補正予算（第５号））
kaigirokuR7,2025,2056,予算,とについて、令和６年度御杖村一般会計補正予算第５号を議題といたします。本案については、
kaigirokuR7,2025,2056,補正予算,とについて、令和６年度御杖村一般会計補正予算第５号を議題といたします。本案については、
kaigirokuR7,2025,2057,予算,予算決算委員会に付託した案件でございます。御杖村会議規則第４１条第１項の規定に基づき、
kaigirokuR7,2025,2057,決算,予算決算委員会に付託した案件でございます。御杖村会議規則第４１条第１項の規定に基づき、
kaigirokuR7,2025,2058,予算,予算決算委員会委員長より審査の経過 及び結果の報告をお願いします。予算決算委員会委員
kaigirokuR7,2025,2058,決算,予算決算委員会委員長より審査の経過 及び結果の報告をお願いします。予算決算委員会委員
kaigirokuR7,2025,2062,予算,○２番（寺前伊平君）：議長の許可を得ましたので、予算決算委員会を代表しまして、当委員会に付
kaigirokuR7,2025,2062,決算,○２番（寺前伊平君）：議長の許可を得ましたので、予算決算委員会を代表しまして、当委員会に付
kaigirokuR7,2025,2064,予算,正予算第５号につきまして、その審査の経緯並びに経過と結果についてご報告させていただきま
kaigirokuR7,2025,2066,予算,及び各特別会計における専決処分を含む補正予算６件、令和７年度一般会計及び各特別会計
kaigirokuR7,2025,2066,補正予算,及び各特別会計における専決処分を含む補正予算６件、令和７年度一般会計及び各特別会計
kaigirokuR7,2025,2067,予算,における当初予算５件の合計１１件の案件が付託されたことにより、３月１８日に委員会を開催いた
kaigirokuR7,2025,2069,予算,の経過でございますが、承認第１号の専決処分された令和６年度御杖村一般会計補正予算第５
kaigirokuR7,2025,2069,補正予算,の経過でございますが、承認第１号の専決処分された令和６年度御杖村一般会計補正予算第５
kaigirokuR7,2025,2074,予算,村一般会計補正予算第５号につきまして、全員の賛成により承認すべきものと決定いたしました。
kaigirokuR7,2025,2074,補正予算,村一般会計補正予算第５号につきまして、全員の賛成により承認すべきものと決定いたしました。
kaigirokuR7,2025,2075,予算,以上、予算決算委員会の報告とさせていただきます。
kaigirokuR7,2025,2075,決算,以上、予算決算委員会の報告とさせていただきます。
kaigirokuR7,2025,2076,予算,○議長（山岡隆良君）：寺前委員長、ありがとうございました。これから、予算決算委員会委員長報告
kaigirokuR7,2025,2076,決算,○議長（山岡隆良君）：寺前委員長、ありがとうございました。これから、予算決算委員会委員長報告
kaigirokuR7,2025,2084,予算,を行います。本案に対する予算決算委員会委員長の報告は、承認です。日程第１、承認第１号に
kaigirokuR7,2025,2084,決算,を行います。本案に対する予算決算委員会委員長の報告は、承認です。日程第１、承認第１号に
kaigirokuR7,2025,2085,予算,ついて、予算決算委員会委員長の報告のとおり決定することに賛成の方は、ご起立願います。
kaigirokuR7,2025,2085,決算,ついて、予算決算委員会委員長の報告のとおり決定することに賛成の方は、ご起立願います。
kaigirokuR7,2025,2088,予算,認を求めることについて、令和６年度御杖村一般会計補正予算第５号は、予算決算委員会委員
kaigirokuR7,2025,2088,補正予算,認を求めることについて、令和６年度御杖村一般会計補正予算第５号は、予算決算委員会委員
kaigirokuR7,2025,2088,決算,認を求めることについて、令和６年度御杖村一般会計補正予算第５号は、予算決算委員会委員
kaigirokuR7,2025,2095,基金,て、議案第１３号御杖村国民健康保険財政調整基金の設
kaigirokuR7,2025,2103,基金,康保険財政調整基金の設置、管理及び処分に関する条例の一部を改正する条例の制定につい
kaigirokuR7,2025,2121,基金,号御杖村国民健康保険財政調整基金の設置、管理及び処分に関する条例の一部を改正する条
kaigirokuR7,2025,2157,基金,◎議案第１３号御杖村国民健康保険財政調整基金の設置、
kaigirokuR7,2025,2161,基金,○議長（山岡隆良君）：次に、日程第３、議案第１３号御杖村国民健康保険財政調整基金の設置、
kaigirokuR7,2025,2172,基金,健康保険財政調整基金の設置、管理及び処分に関する条例の一部を改正する条例の制定につ
kaigirokuR7,2025,2206,予算,◎議案第２０号令和６年度御杖村一般会計補正予算（第６号）
kaigirokuR7,2025,2206,補正予算,◎議案第２０号令和６年度御杖村一般会計補正予算（第６号）
kaigirokuR7,2025,2208,予算,康保険特別会計補正予算（第３号）の議定について、議
kaigirokuR7,2025,2208,補正予算,康保険特別会計補正予算（第３号）の議定について、議
kaigirokuR7,2025,2209,予算,案第２２号令和６年度御杖村介護保険特別会計補正予算
kaigirokuR7,2025,2209,補正予算,案第２２号令和６年度御杖村介護保険特別会計補正予算
kaigirokuR7,2025,2211,予算,後期高齢者医療特別会計補正予算（第２号）の議定につ
kaigirokuR7,2025,2211,補正予算,後期高齢者医療特別会計補正予算（第２号）の議定につ
kaigirokuR7,2025,2213,予算,補正予算（第３号）の議定について
kaigirokuR7,2025,2213,補正予算,補正予算（第３号）の議定について
kaigirokuR7,2025,2216,予算,○議長（山岡隆良君）：次に、日程第６、議案第２０号令和６年度御杖村一般会計補正予算第６号の
kaigirokuR7,2025,2216,補正予算,○議長（山岡隆良君）：次に、日程第６、議案第２０号令和６年度御杖村一般会計補正予算第６号の
kaigirokuR7,2025,2217,予算,議定について、日程第７、議案第２１号令和６年度御杖村国民健康保険特別会計補正予算第３
kaigirokuR7,2025,2217,補正予算,議定について、日程第７、議案第２１号令和６年度御杖村国民健康保険特別会計補正予算第３
kaigirokuR7,2025,2218,予算,号の議定について、日程第８、議案第２２号令和６年度御杖村介護保険特別会計補正予算第３号
kaigirokuR7,2025,2218,補正予算,号の議定について、日程第８、議案第２２号令和６年度御杖村介護保険特別会計補正予算第３号
kaigirokuR7,2025,2219,予算,の議定について、日程第９、議案第２３号令和６年度御杖村後期高齢者医療特別会計補正予算
kaigirokuR7,2025,2219,補正予算,の議定について、日程第９、議案第２３号令和６年度御杖村後期高齢者医療特別会計補正予算
kaigirokuR7,2025,2221,予算,算第３号の議定についての５議案につきましては、予算決算委員会へ付託した案件でございます
kaigirokuR7,2025,2221,決算,算第３号の議定についての５議案につきましては、予算決算委員会へ付託した案件でございます
kaigirokuR7,2025,2226,予算,議案について、御杖村会議規則第４１条第 １項の規定に基づき、予算決算委員会委員長より一
kaigirokuR7,2025,2226,決算,議案について、御杖村会議規則第４１条第 １項の規定に基づき、予算決算委員会委員長より一
kaigirokuR7,2025,2227,予算,括して審査経過及び結果の 報告をお願いします。予算決算委員会委員長、寺前伊平君。
kaigirokuR7,2025,2227,決算,括して審査経過及び結果の 報告をお願いします。予算決算委員会委員長、寺前伊平君。
kaigirokuR7,2025,2230,予算,○２番（寺前伊平君）：それでは、予算決算委員会を代表しまして、当委員会に付託されました、議
kaigirokuR7,2025,2230,決算,○２番（寺前伊平君）：それでは、予算決算委員会を代表しまして、当委員会に付託されました、議
kaigirokuR7,2025,2231,予算,案第２０号の一般会計及び議案第２１号から議案第２４号までの各特別会計における補正予算に
kaigirokuR7,2025,2231,補正予算,案第２０号の一般会計及び議案第２１号から議案第２４号までの各特別会計における補正予算に
kaigirokuR7,2025,2235,予算,予算５件について、議案ごとに３月７日の全員協議会において説明いただいた以外に、提案理由
kaigirokuR7,2025,2239,予算,補正予算及び議案第２１号から議案第２４号の各特別会計における補正予算の議定については、
kaigirokuR7,2025,2239,補正予算,補正予算及び議案第２１号から議案第２４号の各特別会計における補正予算の議定については、
kaigirokuR7,2025,2240,予算,全員の賛成により、可決すべきものと決定いたしました。以上で、予算決算委員会の報告とさせて
kaigirokuR7,2025,2240,決算,全員の賛成により、可決すべきものと決定いたしました。以上で、予算決算委員会の報告とさせて
kaigirokuR7,2025,2242,予算,○議長（山岡隆良君）：寺前委員長、ありがとうございました。これから、予算決算委員会委員長報告
kaigirokuR7,2025,2242,決算,○議長（山岡隆良君）：寺前委員長、ありがとうございました。これから、予算決算委員会委員長報告
kaigirokuR7,2025,2248,予算,◎議案第２０号令和６度御杖村一般会計補正予算（第６号）の
kaigirokuR7,2025,2248,補正予算,◎議案第２０号令和６度御杖村一般会計補正予算（第６号）の
kaigirokuR7,2025,2251,予算,○議長（山岡隆良君）：まず、日程第６、議案第２０号令和６度御杖村一般会計補正予算第６号の
kaigirokuR7,2025,2251,補正予算,○議長（山岡隆良君）：まず、日程第６、議案第２０号令和６度御杖村一般会計補正予算第６号の
kaigirokuR7,2025,2255,予算,行います。本案に対する予算決算委員会委員長の報告は、可決です。日程第６、議案第２０号に
kaigirokuR7,2025,2255,決算,行います。本案に対する予算決算委員会委員長の報告は、可決です。日程第６、議案第２０号に
kaigirokuR7,2025,2256,予算,ついては、予算決算委員会委員長の報告のとおり決定することに賛成の方は、ご起立願います。
kaigirokuR7,2025,2256,決算,ついては、予算決算委員会委員長の報告のとおり決定することに賛成の方は、ご起立願います。
kaigirokuR7,2025,2260,予算,杖村一般会計補正予算第６号の議定については、予算決算委員会委員長の報告のとおり可決さ
kaigirokuR7,2025,2260,補正予算,杖村一般会計補正予算第６号の議定については、予算決算委員会委員長の報告のとおり可決さ
kaigirokuR7,2025,2260,決算,杖村一般会計補正予算第６号の議定については、予算決算委員会委員長の報告のとおり可決さ
kaigirokuR7,2025,2265,予算,予算（第３号）の議定について
kaigirokuR7,2025,2268,予算,正予算第３号の議定についてを議題とし、討論を行います。討論はありませんか。
kaigirokuR7,2025,2271,予算,行います。本案に対する予算決算委員会委員長の報告は、可決です。日程第７、議案第２１号に
kaigirokuR7,2025,2271,決算,行います。本案に対する予算決算委員会委員長の報告は、可決です。日程第７、議案第２１号に
kaigirokuR7,2025,2272,予算,ついても、予算決算委員会委員長の報告のとおり決定することに賛成の方は、ご起立願います。
kaigirokuR7,2025,2272,決算,ついても、予算決算委員会委員長の報告のとおり決定することに賛成の方は、ご起立願います。
kaigirokuR7,2025,2275,予算,御杖村国民健康保険特別会計補正予算第３号の議定についても、予算決算委員会委員長の報
kaigirokuR7,2025,2275,補正予算,御杖村国民健康保険特別会計補正予算第３号の議定についても、予算決算委員会委員長の報
kaigirokuR7,2025,2275,決算,御杖村国民健康保険特別会計補正予算第３号の議定についても、予算決算委員会委員長の報
kaigirokuR7,2025,2279,予算,◎議案第２２号令和６年度御杖村介護保険特別会計補正予算
kaigirokuR7,2025,2279,補正予算,◎議案第２２号令和６年度御杖村介護保険特別会計補正予算
kaigirokuR7,2025,2286,予算,行います。本案に対する予算決算委員会委員長の報告は、可決です。日程第８、議案第２２号に
kaigirokuR7,2025,2286,決算,行います。本案に対する予算決算委員会委員長の報告は、可決です。日程第８、議案第２２号に
kaigirokuR7,2025,2287,予算,ついても、予算決算委員会委員長の報告のとおり決定することに賛成の方は、ご起立願います。
kaigirokuR7,2025,2287,決算,ついても、予算決算委員会委員長の報告のとおり決定することに賛成の方は、ご起立願います。
kaigirokuR7,2025,2290,予算,御杖村介護保険特別会計補正予算第３号の議定についても、予算決算委員会委員長の報告の
kaigirokuR7,2025,2290,補正予算,御杖村介護保険特別会計補正予算第３号の議定についても、予算決算委員会委員長の報告の
kaigirokuR7,2025,2290,決算,御杖村介護保険特別会計補正予算第３号の議定についても、予算決算委員会委員長の報告の
kaigirokuR7,2025,2295,予算,予算（第２号）の議定について
kaigirokuR7,2025,2298,予算,補正予算第２号の議定についてを議題とし、討論を行います。討論はありませんか。
kaigirokuR7,2025,2298,補正予算,補正予算第２号の議定についてを議題とし、討論を行います。討論はありませんか。
kaigirokuR7,2025,2302,予算,行います。本案に対する予算決算委員会委員長の報告は、可決です。日程第９、議案第２３号に
kaigirokuR7,2025,2302,決算,行います。本案に対する予算決算委員会委員長の報告は、可決です。日程第９、議案第２３号に
kaigirokuR7,2025,2303,予算,ついても、予算決算委員会委員長の報告のとおり決定することに賛成の方は、ご起立願います。
kaigirokuR7,2025,2303,決算,ついても、予算決算委員会委員長の報告のとおり決定することに賛成の方は、ご起立願います。
kaigirokuR7,2025,2306,予算,御杖村後期高齢者医療特別会計補正予算第３号の議定についても、予算決算委員会委員長の
kaigirokuR7,2025,2306,補正予算,御杖村後期高齢者医療特別会計補正予算第３号の議定についても、予算決算委員会委員長の
kaigirokuR7,2025,2306,決算,御杖村後期高齢者医療特別会計補正予算第３号の議定についても、予算決算委員会委員長の
kaigirokuR7,2025,2310,予算,◎議案第２４号令和６年度御杖村簡易水道事業会計補正予算
kaigirokuR7,2025,2310,補正予算,◎議案第２４号令和６年度御杖村簡易水道事業会計補正予算
kaigirokuR7,2025,2314,予算,予算第３号の議定についてを議題とし、討論を行います。討論はありませんか。
kaigirokuR7,2025,2317,予算,行います。本案に対する予算決算委員会委員長の報告は、可決です。日程第１０、議案第２４号に
kaigirokuR7,2025,2317,決算,行います。本案に対する予算決算委員会委員長の報告は、可決です。日程第１０、議案第２４号に
kaigirokuR7,2025,2318,予算,ついても、予算決算委員会委員長の報告のとおり決定することに賛成の方は、ご起立願います。
kaigirokuR7,2025,2318,決算,ついても、予算決算委員会委員長の報告のとおり決定することに賛成の方は、ご起立願います。
kaigirokuR7,2025,2321,予算,度御杖村簡易水道事業会計補正予算第３号の議定についても、予算決算委員会委員長の報告
kaigirokuR7,2025,2321,補正予算,度御杖村簡易水道事業会計補正予算第３号の議定についても、予算決算委員会委員長の報告
kaigirokuR7,2025,2321,決算,度御杖村簡易水道事業会計補正予算第３号の議定についても、予算決算委員会委員長の報告
kaigirokuR7,2025,2325,予算,◎議案第２５号令和７年度御杖村一般会計予算の議定につい
kaigirokuR7,2025,2327,予算,予算の議定について、議案第２７号令和７年度御杖村介護
kaigirokuR7,2025,2328,予算,保険特別会計予算の議定について、議案第２８号令和７年
kaigirokuR7,2025,2329,予算,度御杖村後期高齢者医療特別会計予算の議定について、
kaigirokuR7,2025,2330,予算,議案第２９号令和７年度御杖村簡易水道事業会計予算の議
kaigirokuR7,2025,2333,予算,○議長（山岡隆良君）：次に、日程第１１、議案第２５号令和７年度御杖村一般会計予算の議定につ
kaigirokuR7,2025,2334,予算,いて、日程第１２、議案第２６号令和７年度御杖村国民健康保険特別会計予算の議定について、
kaigirokuR7,2025,2335,予算,日程第１３、議案第２７号令和７年度御杖村介護保険特別会計予算の議定について、日程第１４、
kaigirokuR7,2025,2336,予算,議案第２８号令和７年度御杖村後期高齢者医療特別会計予算の議定について、日程第１５、議案
kaigirokuR7,2025,2337,予算,第２９号令和７年度御杖村簡易水道事業会計予算の議定についての５議案につきましても、予算
kaigirokuR7,2025,2338,決算,決算委員会へ付託した案件でございますので、これを一括議題としたいと思いますが、異議ありま
kaigirokuR7,2025,2344,予算,の５議案について、御杖村会議規則第４１条第１項の規定に基づき、予算決算委員会委員長より
kaigirokuR7,2025,2344,決算,の５議案について、御杖村会議規則第４１条第１項の規定に基づき、予算決算委員会委員長より
kaigirokuR7,2025,2345,予算,一括して審査経過 及び結果の報告をお願いします。予算決算委員会委員長、寺前伊平君。
kaigirokuR7,2025,2345,決算,一括して審査経過 及び結果の報告をお願いします。予算決算委員会委員長、寺前伊平君。
kaigirokuR7,2025,2349,予算,令和７年度当初予算の議定につきまして、一括して、その審査の経過と結果について報告をさせて
kaigirokuR7,2025,2351,予算,割愛させていただきます。審査の経過でございますが、補正予算同様、議案ごとに３月７日開催の
kaigirokuR7,2025,2351,補正予算,割愛させていただきます。審査の経過でございますが、補正予算同様、議案ごとに３月７日開催の
kaigirokuR7,2025,2355,予算,だきます。採決の結果につきましては、議案第２５号の令和７年度一般会計予算及び議案第２６号
kaigirokuR7,2025,2356,予算,から議案第２９号の各特別会計における令和７年度予算の議定については、全員の賛成により、可
kaigirokuR7,2025,2357,予算,決すべきものと決定いたしましたが、一般会計予算に計上されている、青少年旅行村リニューアル
kaigirokuR7,2025,2358,入札,事業については、入札手続き前に事業規模の根拠や事業概要、株式会社みつえへの物価高騰対
kaigirokuR7,2025,2359,補助金,策指定管理者事業継続支援補助金については、四半期ごとに株主でもある村の方から、営業努力
kaigirokuR7,2025,2361,予算,以上で、予算決算委員会の報告とさせていただきます。
kaigirokuR7,2025,2361,決算,以上で、予算決算委員会の報告とさせていただきます。
kaigirokuR7,2025,2362,予算,○議長（山岡隆良君）：寺前委員長、ありがとうございました。これから、予算決算委員会委員長報告
kaigirokuR7,2025,2362,決算,○議長（山岡隆良君）：寺前委員長、ありがとうございました。これから、予算決算委員会委員長報告
kaigirokuR7,2025,2369,予算,◎議案第２５号令和７年度御杖村一般会計予算の議定について
kaigirokuR7,2025,2371,予算,○議長（山岡隆良君）：まず、日程第１１、議案２５号令和７年度御杖村一般会計予算の議定につい
kaigirokuR7,2025,2375,予算,を行います。本案に対する予算決算委員会委員長の報告は、可決です。日程第１１、議案第２５
kaigirokuR7,2025,2375,決算,を行います。本案に対する予算決算委員会委員長の報告は、可決です。日程第１１、議案第２５
kaigirokuR7,2025,2376,予算,号について、予算決算委員会委員長の報告のとおり決定することに賛成の方は、ご起立願います。
kaigirokuR7,2025,2376,決算,号について、予算決算委員会委員長の報告のとおり決定することに賛成の方は、ご起立願います。
kaigirokuR7,2025,2379,予算,御杖村一般会計予算の議定については、予算決算委員会委員長の報告のとおり可決されました。
kaigirokuR7,2025,2379,決算,御杖村一般会計予算の議定については、予算決算委員会委員長の報告のとおり可決されました。
kaigirokuR7,2025,2382,予算,◎議案第２６号令和７年度御杖村国民健康保険特別会計予算
kaigirokuR7,2025,2390,予算,を行います。本案に対する予算決算委員会委員長の報告は、可決です。日程第１２、議案第２６
kaigirokuR7,2025,2390,決算,を行います。本案に対する予算決算委員会委員長の報告は、可決です。日程第１２、議案第２６
kaigirokuR7,2025,2391,予算,号についても、予算決算委員会委員長の報告のとおり決定することに賛成の方は、ご起立願いま
kaigirokuR7,2025,2391,決算,号についても、予算決算委員会委員長の報告のとおり決定することに賛成の方は、ご起立願いま
kaigirokuR7,2025,2395,予算,度御杖村国民健康保険特別会計予算の議定についても、予算決算委員会 委員長の報告のと
kaigirokuR7,2025,2395,決算,度御杖村国民健康保険特別会計予算の議定についても、予算決算委員会 委員長の報告のと
kaigirokuR7,2025,2399,予算,◎議案第２７号令和７年度御杖村介護保険特別会計予算
kaigirokuR7,2025,2402,予算,○議長（山岡隆良君）：次に、日程第１３、議案第２７号令和７年度御杖村介護保険特別会計予算の
kaigirokuR7,2025,2406,予算,行います。本案に対する予算決算委員会委員長の報告は、可決です。日程第１３、議案第２７号に
kaigirokuR7,2025,2406,決算,行います。本案に対する予算決算委員会委員長の報告は、可決です。日程第１３、議案第２７号に
kaigirokuR7,2025,2407,予算,ついても、予算決算委員会委員長の報告のとおり決定することに賛成の方は、ご起立願います。
kaigirokuR7,2025,2407,決算,ついても、予算決算委員会委員長の報告のとおり決定することに賛成の方は、ご起立願います。
kaigirokuR7,2025,2410,予算,度御杖村介護保険特別会計予算の議定についても、予算決算委員会委員長の報告のとおり可
kaigirokuR7,2025,2410,決算,度御杖村介護保険特別会計予算の議定についても、予算決算委員会委員長の報告のとおり可
kaigirokuR7,2025,2415,予算,予算の議定について
kaigirokuR7,2025,2418,予算,予算の議定についてを議題とし、討論を行います。討論はありませんか。
kaigirokuR7,2025,2421,予算,を行います。本案に対する予算決算委員会委員長の報告は、可決です。日程第１４、議案第２８
kaigirokuR7,2025,2421,決算,を行います。本案に対する予算決算委員会委員長の報告は、可決です。日程第１４、議案第２８
kaigirokuR7,2025,2422,予算,号についても、予算決算委員会委員長の報告のとおり決定することに賛成の方は、ご起立願いま
kaigirokuR7,2025,2422,決算,号についても、予算決算委員会委員長の報告のとおり決定することに賛成の方は、ご起立願いま
kaigirokuR7,2025,2426,予算,度御杖村後期高齢者医療特別会計予算の議定についても、予算決算委員会委員長の報告のと
kaigirokuR7,2025,2426,決算,度御杖村後期高齢者医療特別会計予算の議定についても、予算決算委員会委員長の報告のと
kaigirokuR7,2025,2431,予算,◎議案第２９号令和７年度御杖村簡易水道事業会計予算の
kaigirokuR7,2025,2434,予算,○議長（山岡隆良君）：次に、日程第１５、議案第２９号令和７年度御杖村簡易水道事業会計予算の
kaigirokuR7,2025,2438,予算,行います。本案に対する予算決算委員会委員長の報告は、可決です。日程第１５、議案第２９号に
kaigirokuR7,2025,2438,決算,行います。本案に対する予算決算委員会委員長の報告は、可決です。日程第１５、議案第２９号に
kaigirokuR7,2025,2439,予算,ついても、予算決算委員会委員長の報告のとおり決定することに賛成の方は、ご起立願います。
kaigirokuR7,2025,2439,決算,ついても、予算決算委員会委員長の報告のとおり決定することに賛成の方は、ご起立願います。
kaigirokuR7,2025,2442,予算,度御杖村簡易水道事業会計予算の議定についても、予算決算委員会委員長の報告のとおり可
kaigirokuR7,2025,2442,決算,度御杖村簡易水道事業会計予算の議定についても、予算決算委員会委員長の報告のとおり可
kekka2905,2017,2,予算,●村長提出議案（予算１、条例２、人事２ 計５件）
kekka2905,2017,14,予算,第5号     （平成 29 年度御杖村一般会計補正予算（第 1 号））
kekka2905,2017,14,補正予算,第5号     （平成 29 年度御杖村一般会計補正予算（第 1 号））
kekka2906,2017,2,予算,●村長提出議案（予算２、条例２、人事１０、その他２ 計１６件）
kekka2906,2017,12,予算,議案      平成２９年度御杖村一般会計補正予算（第２号）の議定について
kekka2906,2017,12,補正予算,議案      平成２９年度御杖村一般会計補正予算（第２号）の議定について
kekka2906,2017,18,繰越,報告      平成２８年度御杖村一般会計繰越明許費繰越計算書の報告につい
kekka2906,2017,23,予算,第6号     （平成２８年度御杖村介護保険特別会計補正予算（第 4 号））
kekka2906,2017,23,補正予算,第6号     （平成２８年度御杖村介護保険特別会計補正予算（第 4 号））
kekka2906,2017,27,繰越,報告      平成２８年度御杖村介護保険特別会計繰越明許費繰越計算書の報
kekka2909,2017,2,予算,●村長提出議案（予算８、条例１、その他２ 計１１件）
kekka2909,2017,12,予算,議案      平成２９年度御杖村一般会計補正予算（第３号）の議定について
kekka2909,2017,12,補正予算,議案      平成２９年度御杖村一般会計補正予算（第３号）の議定について
kekka2909,2017,13,予算,〃       H29.9.5   予算決算   H29.9.12   可 決   H29.9.15    〃
kekka2909,2017,13,決算,〃       H29.9.5   予算決算   H29.9.12   可 決   H29.9.15    〃
kekka2909,2017,15,予算,議案      平成２９年度御杖村国民健康保険特別会計補正予算（第１号）の議
kekka2909,2017,15,補正予算,議案      平成２９年度御杖村国民健康保険特別会計補正予算（第１号）の議
kekka2909,2017,18,予算,議案      平成２９年度御杖村介護保険特別会計補正予算（第１号）の議定に
kekka2909,2017,18,補正予算,議案      平成２９年度御杖村介護保険特別会計補正予算（第１号）の議定に
kekka2909,2017,21,決算,認定      平成 28 年度御杖村一般会計歳入歳出決算の認定について
kekka2909,2017,24,決算,認定      平成 28 年度御杖村簡易水道事業特別会計歳入歳出決算の認定に
kekka2909,2017,27,決算,認定      平成 28 年度御杖村国民健康保険特別会計歳入歳出決算の認定に
kekka2909,2017,30,決算,認定      平成 28 年度御杖村介護保険特別会計歳入歳出決算の認定につい
kekka2909,2017,33,決算,認定      平成 28 年度御杖村後期高齢者医療特別会計歳入歳出決算の認定
kekka2912,2017,2,予算,●村長提出議案（予算６、条例９、人事３、その他１ 計１９件）
kekka2912,2017,7,予算,H29.12.7   H29.12.7   予算決算   H29.12.11   可 決   H29.12.15   承 認
kekka2912,2017,7,決算,H29.12.7   H29.12.7   予算決算   H29.12.11   可 決   H29.12.15   承 認
kekka2912,2017,8,予算,第７号     （平成 29 年度御杖村一般会計補正予算（第 4 号））
kekka2912,2017,8,補正予算,第７号     （平成 29 年度御杖村一般会計補正予算（第 4 号））
kekka2912,2017,11,予算,第8号     （平成 29 年度御杖村一般会計補正予算（第 5 号））
kekka2912,2017,11,補正予算,第8号     （平成 29 年度御杖村一般会計補正予算（第 5 号））
kekka2912,2017,12,基金,議案      御杖村簡易水道事業財政調整基金の設置、管理及び処分に関
kekka2912,2017,45,予算,議案      平成 29 年度御杖村一般会計補正予算（第 6 号）の議定について
kekka2912,2017,45,補正予算,議案      平成 29 年度御杖村一般会計補正予算（第 6 号）の議定について
kekka2912,2017,46,予算,H29.12.7    H29.12.7   予算決算 H29.12.11   可 決   H29.12.15   可 決
kekka2912,2017,46,決算,H29.12.7    H29.12.7   予算決算 H29.12.11   可 決   H29.12.15   可 決
kekka2912,2017,48,予算,議案      平成 29 年度御杖村簡易水道事業特別会計補正予算（第 1 号）の
kekka2912,2017,48,補正予算,議案      平成 29 年度御杖村簡易水道事業特別会計補正予算（第 1 号）の
kekka2912,2017,51,予算,議案      平成 29 年度御杖村国民健康保険特別会計補正予算（第 2 号）の
kekka2912,2017,51,補正予算,議案      平成 29 年度御杖村国民健康保険特別会計補正予算（第 2 号）の
kekka2912,2017,54,予算,議案      平成 29 年度御杖村介護保険特別会計補正予算（第 2 号）の議定
kekka2912,2017,54,補正予算,議案      平成 29 年度御杖村介護保険特別会計補正予算（第 2 号）の議定
kekka3001,2018,7,契約,議案     御杖村定住促進住宅新築工事に伴う工事請負契約の締結について
kekka3001,2018,7,工事,議案     御杖村定住促進住宅新築工事に伴う工事請負契約の締結について
kekka3003,2018,2,予算,●村長提出議案（予算１０、条例１１、人事１、計２２件）
kekka3003,2018,7,予算,H30.3．6   H30.3.6   予算決算   H30.3.13   可 決   H30.3．19   承 認
kekka3003,2018,7,決算,H30.3．6   H30.3.6   予算決算   H30.3.13   可 決   H30.3．19   承 認
kekka3003,2018,8,予算,第1号     （平成 29 年度御杖村一般会計補正予算（第 7 号））
kekka3003,2018,8,補正予算,第1号     （平成 29 年度御杖村一般会計補正予算（第 7 号））
kekka3003,2018,45,予算,議案      平成 29 年度御杖村一般会計補正予算（第 8 号）の議定について
kekka3003,2018,45,補正予算,議案      平成 29 年度御杖村一般会計補正予算（第 8 号）の議定について
kekka3003,2018,46,予算,H30.3.6    H30.3.6   予算決算   H30.3.13   可 決   H30.3．19   可 決
kekka3003,2018,46,決算,H30.3.6    H30.3.6   予算決算   H30.3.13   可 決   H30.3．19   可 決
kekka3003,2018,48,予算,議案      平成 29 年度御杖村簡易水道事業特別会計補正予算（第 2 号）の
kekka3003,2018,48,補正予算,議案      平成 29 年度御杖村簡易水道事業特別会計補正予算（第 2 号）の
kekka3003,2018,51,予算,議案      平成 29 年度御杖村国民健康保険特別会計補正予算（第 3 号）の
kekka3003,2018,51,補正予算,議案      平成 29 年度御杖村国民健康保険特別会計補正予算（第 3 号）の
kekka3003,2018,54,予算,議案      平成 29 年度御杖村介護保険特別会計補正予算（第 3 号）の議定
kekka3003,2018,54,補正予算,議案      平成 29 年度御杖村介護保険特別会計補正予算（第 3 号）の議定
kekka3003,2018,57,予算,議案      平成 30 年度御杖村一般会計予算の議定について
kekka3003,2018,60,予算,議案      平成 30 年度御杖村簡易水道事業特別会計予算の議定について
kekka3003,2018,63,予算,議案      平成 30 年度御杖村国民健康保険特別会計予算の議定について
kekka3003,2018,66,予算,議案      平成 30 年度御杖村介護保険特別会計予算の議定について
kekka3003,2018,69,予算,議案      平成 30 年度御杖村後期高齢者医療特別会計予算の議定につい
kekka3004,2018,2,予算,●村長提出議案（予算１、条例２ 計３件）
kekka3004,2018,14,予算,第４号   （平成 30 年度御杖村一般会計補正予算（第 1 号））
kekka3004,2018,14,補正予算,第４号   （平成 30 年度御杖村一般会計補正予算（第 1 号））
kekka3006,2018,2,予算,●村長提出議案（予算３、条例１ 計４件）
kekka3006,2018,6,繰越,報告      平成 29 年度御杖村一般会計繰越明許費繰越計算書の報告につ
kekka3006,2018,12,予算,議案      平成 30 年度御杖村一般会計補正予算（第 2 号）の議定について
kekka3006,2018,12,補正予算,議案      平成 30 年度御杖村一般会計補正予算（第 2 号）の議定について
kekka3006,2018,13,予算,〃        H30.6.6   予算決算   H30.6.11   可 決      〃        〃
kekka3006,2018,13,決算,〃        H30.6.6   予算決算   H30.6.11   可 決      〃        〃
kekka3006,2018,17,予算,第5号     （平成 30 年度御杖村介護保険特別会計補正予算（第 1 号））
kekka3006,2018,17,補正予算,第5号     （平成 30 年度御杖村介護保険特別会計補正予算（第 1 号））
kekka3008,2018,6,契約,議案       消防ポンプ自動車購入契約の締結について
kekka3009,2018,2,予算,●村長提出議案（予算１０、条例４、人事１、その他５ 計２０件）
kekka3009,2018,8,予算,第6号      （平成 30 年度御杖村一般会計補正予算（第 3 号））
kekka3009,2018,8,補正予算,第6号      （平成 30 年度御杖村一般会計補正予算（第 3 号））
kekka3009,2018,23,契約,議案       御杖村定住促進新築工事に伴う工事請負契約の締結について
kekka3009,2018,23,工事,議案       御杖村定住促進新築工事に伴う工事請負契約の締結について
kekka3009,2018,32,予算,議案       平成 30 年度御杖村一般会計補正予算（第 4 号）の議定について
kekka3009,2018,32,補正予算,議案       平成 30 年度御杖村一般会計補正予算（第 4 号）の議定について
kekka3009,2018,33,予算,〃        H30.9.6   予算決算   H30.9.11   可 決      〃        〃
kekka3009,2018,33,決算,〃        H30.9.6   予算決算   H30.9.11   可 決      〃        〃
kekka3009,2018,35,予算,議案       平成 30 年度御杖村簡易水道事業特別会計補正予算（第 1 号）の議
kekka3009,2018,35,補正予算,議案       平成 30 年度御杖村簡易水道事業特別会計補正予算（第 1 号）の議
kekka3009,2018,38,予算,議案       平成 30 年度御杖村国民健康保険特別会計補正予算（第１号）の議
kekka3009,2018,38,補正予算,議案       平成 30 年度御杖村国民健康保険特別会計補正予算（第１号）の議
kekka3009,2018,41,予算,議案       平成 30 年度御杖村介護保険特別会計補正予算（第 2 号）の議定に
kekka3009,2018,41,補正予算,議案       平成 30 年度御杖村介護保険特別会計補正予算（第 2 号）の議定に
kekka3009,2018,44,決算,認定      平成 29 年度御杖村一般会計歳入歳出決算の認定について
kekka3009,2018,45,予算,H30.9.6    H30.9.6   予算決算   H30.9.11   可 決   H30.9.14   認 定
kekka3009,2018,45,決算,H30.9.6    H30.9.6   予算決算   H30.9.11   可 決   H30.9.14   認 定
kekka3009,2018,47,決算,認定      平成 29 年度御杖村簡易水道事業特別会計歳入歳出決算の認定に
kekka3009,2018,50,決算,認定      平成 29 年度御杖村国民健康保険特別会計歳入歳出決算の認定に
kekka3009,2018,53,決算,認定      平成 29 年度御杖村介護保険特別会計歳入歳出決算の認定につい
kekka3009,2018,56,決算,認定      平成 29 年度御杖村後期高齢者医療特別会計歳入歳出決算の認定
r7dai2kaigiketukekka,2025,2,予算,●村長提出議案（承認１件、条例１件、予算２件、同意１件、報告１件、計６件）
r7dai2kaigiketukekka,2025,14,予算,議 案                                                          予算決算
r7dai2kaigiketukekka,2025,14,決算,議 案                                                          予算決算
r7dai2kaigiketukekka,2025,15,予算,令和７年度御杖村一般会計補正予算（第２号）の議定について         〃        〃                〃        〃      〃        〃
r7dai2kaigiketukekka,2025,15,補正予算,令和７年度御杖村一般会計補正予算（第２号）の議定について         〃        〃                〃        〃      〃        〃
r7dai2kaigiketukekka,2025,18,予算,令和７年度御杖村介護保険特別会計補正予算（第１号）の議定について     〃        〃        〃       〃        〃      〃        〃
r7dai2kaigiketukekka,2025,18,補正予算,令和７年度御杖村介護保険特別会計補正予算（第１号）の議定について     〃        〃        〃       〃        〃      〃        〃
r7dai2kaigiketukekka,2025,24,繰越,令和６年度御杖村一般会計繰越明許費繰越計算書の報告について        〃        〃        〃       〃        〃      〃       報告済
r7dai2kaiteireikaikaigiroku,2025,42,予算,◎議案第３１号令和７年度御杖村一般会計補正予算（第２号）の議定について
r7dai2kaiteireikaikaigiroku,2025,42,補正予算,◎議案第３１号令和７年度御杖村一般会計補正予算（第２号）の議定について
r7dai2kaiteireikaikaigiroku,2025,43,予算,[上程、説明、総括的質疑、予算決算委員会付託] ・・・・・・・・・・・・・・・・・・・・・・・・・・・ －10－
r7dai2kaiteireikaikaigiroku,2025,43,決算,[上程、説明、総括的質疑、予算決算委員会付託] ・・・・・・・・・・・・・・・・・・・・・・・・・・・ －10－
r7dai2kaiteireikaikaigiroku,2025,44,予算,◎議案第３２号令和７年度御杖村介護保険特別会計補正予算（第１号）の議定について
r7dai2kaiteireikaikaigiroku,2025,44,補正予算,◎議案第３２号令和７年度御杖村介護保険特別会計補正予算（第１号）の議定について
r7dai2kaiteireikaikaigiroku,2025,45,予算,[上程、説明、総括的質疑、予算決算委員会付託] ・・・・・・・・・・・・・・・・・・・・・・・・・・・ －11－
r7dai2kaiteireikaikaigiroku,2025,45,決算,[上程、説明、総括的質疑、予算決算委員会付託] ・・・・・・・・・・・・・・・・・・・・・・・・・・・ －11－
r7dai2kaiteireikaikaigiroku,2025,48,繰越,◎報告第１号令和６年度御杖村一般会計繰越明許費繰越計算書の報告について
r7dai2kaiteireikaikaigiroku,2025,63,予算,◎議案第３１号令和７年度御杖村一般会計補正予算(第２号)の議定について、議案第３２号
r7dai2kaiteireikaikaigiroku,2025,63,補正予算,◎議案第３１号令和７年度御杖村一般会計補正予算(第２号)の議定について、議案第３２号
r7dai2kaiteireikaikaigiroku,2025,64,予算,令和７年度御杖村介護保険特別会計補正予算（第１号）の議定について
r7dai2kaiteireikaikaigiroku,2025,64,補正予算,令和７年度御杖村介護保険特別会計補正予算（第１号）の議定について
r7dai2kaiteireikaikaigiroku,2025,66,予算,◎議案第３１号令和７年度御杖村一般会計補正予算(第２号)の議定について
r7dai2kaiteireikaikaigiroku,2025,66,補正予算,◎議案第３１号令和７年度御杖村一般会計補正予算(第２号)の議定について
r7dai2kaiteireikaikaigiroku,2025,68,予算,◎議案第３２号令和７年度御杖村介護保険特別会計補正予算（第１号）の議定について
r7dai2kaiteireikaikaigiroku,2025,68,補正予算,◎議案第３２号令和７年度御杖村介護保険特別会計補正予算（第１号）の議定について
r7dai2kaiteireikaikaigiroku,2025,97,予算,日程第８ 議案第３１号 【予算決算委員会付託】
r7dai2kaiteireikaikaigiroku,2025,97,決算,日程第８ 議案第３１号 【予算決算委員会付託】
r7dai2kaiteireikaikaigiroku,2025,98,予算,令和７年度御杖村一般会計補正予算（第２号）の議定について
r7dai2kaiteireikaikaigiroku,2025,98,補正予算,令和７年度御杖村一般会計補正予算（第２号）の議定について
r7dai2kaiteireikaikaigiroku,2025,99,予算,日程第９ 議案第３２号 【予算決算委員会付託】
r7dai2kaiteireikaikaigiroku,2025,99,決算,日程第９ 議案第３２号 【予算決算委員会付託】
r7dai2kaiteireikaikaigiroku,2025,100,予算,令和７年度御杖村介護保険特別会計補正予算（第１号）の議定について
r7dai2kaiteireikaikaigiroku,2025,100,補正予算,令和７年度御杖村介護保険特別会計補正予算（第１号）の議定について
r7dai2kaiteireikaikaigiroku,2025,104,繰越,令和６年度御杖村一般会計繰越明許費繰越計算書の報告について
r7dai2kaiteireikaikaigiroku,2025,166,予算,全員協議会を６月６日金曜日午前１０時開会、予算決算委員会を６月９日月曜日午前１０時開会、
r7dai2kaiteireikaikaigiroku,2025,166,決算,全員協議会を６月６日金曜日午前１０時開会、予算決算委員会を６月９日月曜日午前１０時開会、
r7dai2kaiteireikaikaigiroku,2025,171,予算,り委員会へ、令和７年度御杖村における一般会計及び介護保険特別会計の補正予算については、
r7dai2kaiteireikaikaigiroku,2025,171,補正予算,り委員会へ、令和７年度御杖村における一般会計及び介護保険特別会計の補正予算については、
r7dai2kaiteireikaikaigiroku,2025,172,予算,予算決算委員会へ、それぞれ付託することと決定しました。また、専決処分がなされた一般職の職
r7dai2kaiteireikaikaigiroku,2025,172,決算,予算決算委員会へ、それぞれ付託することと決定しました。また、専決処分がなされた一般職の職
r7dai2kaiteireikaikaigiroku,2025,175,繰越,ることとし、令和６年度御杖村一般会計繰越明許費繰越計算書の報告についても、開会日に報告
r7dai2kaiteireikaikaigiroku,2025,201,予算,林造林事業予算の確保に向けて、引き続き関係団体と要望活動を実施していくことが決議されま
r7dai2kaiteireikaikaigiroku,2025,212,予算,件のほか専決処分１件、補正予算２件、人事案件１件、報告１件を提出しております。慎重審議の
r7dai2kaiteireikaikaigiroku,2025,212,補正予算,件のほか専決処分１件、補正予算２件、人事案件１件、報告１件を提出しております。慎重審議の
r7dai2kaiteireikaikaigiroku,2025,321,取得,であります。事業費に関しては、令和４年度に用地取得費７２３万６千円、実施設計費７１５万円、
r7dai2kaiteireikaikaigiroku,2025,322,工事,年度合計１，４３８万６千円。令和５年度に工事費７，７１３万２千円、工事監理費２６９万５千円、年
r7dai2kaiteireikaikaigiroku,2025,331,決算,すと株式会社みつえの決算では、道の駅の厨房の売上は令和６年度は令和５年度に比べ３，１０
r7dai2kaiteireikaikaigiroku,2025,458,予算,◎議案第３１号令和７年度御杖村一般会計補正予算（第２号）
r7dai2kaiteireikaikaigiroku,2025,458,補正予算,◎議案第３１号令和７年度御杖村一般会計補正予算（第２号）
r7dai2kaiteireikaikaigiroku,2025,460,予算,［上程、説明、総括的質疑、予算決算委員会付託］
r7dai2kaiteireikaikaigiroku,2025,460,決算,［上程、説明、総括的質疑、予算決算委員会付託］
r7dai2kaiteireikaikaigiroku,2025,461,予算,○議長（寺前伊平君）：次に、日程第８、議案第３１号令和７年度御杖村一般会計補正予算第２号の
r7dai2kaiteireikaikaigiroku,2025,461,補正予算,○議長（寺前伊平君）：次に、日程第８、議案第３１号令和７年度御杖村一般会計補正予算第２号の
r7dai2kaiteireikaikaigiroku,2025,465,予算,○村長（伊藤収宜君）：本案につきましては、一般会計予算の歳入歳出それぞれに２，３６６万７千円
r7dai2kaiteireikaikaigiroku,2025,474,予算,委員会委員長の報告のとおり、全員協議会で詳細な説明を受け、予算決算委員会に付託するこ
r7dai2kaiteireikaikaigiroku,2025,474,決算,委員会委員長の報告のとおり、全員協議会で詳細な説明を受け、予算決算委員会に付託するこ
r7dai2kaiteireikaikaigiroku,2025,478,予算,一般会計補正予算第２号の議定については、予算決算委員会に付託することに決定しました。
r7dai2kaiteireikaikaigiroku,2025,478,補正予算,一般会計補正予算第２号の議定については、予算決算委員会に付託することに決定しました。
r7dai2kaiteireikaikaigiroku,2025,478,決算,一般会計補正予算第２号の議定については、予算決算委員会に付託することに決定しました。
r7dai2kaiteireikaikaigiroku,2025,482,予算,予算（第１号）の議定について
r7dai2kaiteireikaikaigiroku,2025,483,予算,［上程、説明、総括的質疑、予算決算委員会付託］
r7dai2kaiteireikaikaigiroku,2025,483,決算,［上程、説明、総括的質疑、予算決算委員会付託］
r7dai2kaiteireikaikaigiroku,2025,484,予算,○議長（寺前伊平君）：次に、日程第９、議案第３２号令和７年度御杖村介護保険特別会計補正予算
r7dai2kaiteireikaikaigiroku,2025,484,補正予算,○議長（寺前伊平君）：次に、日程第９、議案第３２号令和７年度御杖村介護保険特別会計補正予算
r7dai2kaiteireikaikaigiroku,2025,495,予算,員会委員長の報告のとおり、全員協議会で詳細な説明を受け、予算決算委員会に付託すること
r7dai2kaiteireikaikaigiroku,2025,495,決算,員会委員長の報告のとおり、全員協議会で詳細な説明を受け、予算決算委員会に付託すること
r7dai2kaiteireikaikaigiroku,2025,499,予算,介護保険特別会計補正予算第１号の議定についても、予算決算委員会に付託することに決定し
r7dai2kaiteireikaikaigiroku,2025,499,補正予算,介護保険特別会計補正予算第１号の議定についても、予算決算委員会に付託することに決定し
r7dai2kaiteireikaikaigiroku,2025,499,決算,介護保険特別会計補正予算第１号の議定についても、予算決算委員会に付託することに決定し
r7dai2kaiteireikaikaigiroku,2025,533,繰越,◎報告第１号令和６年度御杖村一般会計繰越明許費繰越
r7dai2kaiteireikaikaigiroku,2025,536,繰越,○議長（寺前伊平君）：次に、日程第１１、報告第１号令和６年度御杖村一般会計繰越明許費繰越
r7dai2kaiteireikaikaigiroku,2025,542,繰越,業について、地方自治法施行令第１４６条第２項の規定により繰越計算書の調整を行いましたの
r7dai2kaiteireikaikaigiroku,2025,547,予算,○副村長（中嶋英樹君）：ご説明申し上げます。去る、３月定例会におきまして、一般会計補正予算
r7dai2kaiteireikaikaigiroku,2025,547,補正予算,○副村長（中嶋英樹君）：ご説明申し上げます。去る、３月定例会におきまして、一般会計補正予算
r7dai2kaiteireikaikaigiroku,2025,548,繰越,第６号で可決いただきました繰越明許費１１事業につきまして、繰越額が確定しましたので報告を
r7dai2kaiteireikaikaigiroku,2025,549,繰越,いたします。議案書の最後、繰越計算書をご覧ください。まず、庁舎エレベーター修繕、翌年度繰
r7dai2kaiteireikaikaigiroku,2025,558,繰越,見込みです。続いて、非課税世帯臨時給付金事業は、繰越明許費より減額して１４１万４千円とな
r7dai2kaiteireikaikaigiroku,2025,560,繰越,日までとしていたことから繰越しておりましたが、給付事態については４月中に全て完了しておるも
r7dai2kaiteireikaikaigiroku,2025,563,補助金,ございます。続きまして、美しい森林づくり基盤整備事業１４３万１千円の補助金及び、その下、基
r7dai2kaiteireikaikaigiroku,2025,566,補助金,防災、安全交付金事業、災害防除２４５万円は、令和６年度の国の補助金を有効活用するために
r7dai2kaiteireikaikaigiroku,2025,567,繰越,繰り越しを行い、令和７年度の計画事業に繰越額を合わせて法面改良事業を実施したいと思って
r7dai2kaiteireikaikaigiroku,2025,570,工事,たように、現在、工事内容及び事業費の見直しを行っておるものでございます。なお、繰り越した
r7dai2kaiteireikaikaigiroku,2025,571,補助金,事業費に伴う国の補助金につきましては、他の道路整備事業と調整のうえ、活用したいと思って
r7dai2kaiteireikaikaigiroku,2025,573,工事,川橋に係る補修工事でございます。工事は５月末に完了しておるものでございます。最後に、防
r7dai2kaiteireikaikaigiroku,2025,574,工事,火水槽の整備３５９万５千円は、神末中央集落センター裏の防火水槽の有蓋化工事を行うもので
r7dai2kaiteireikaikaigiroku,2025,575,繰越,ございます。早期発注に努めてまいりたいと思います。以上、令和６年度繰越明許費繰越計算書
r7dai2kaiteireikaikaigiroku,2025,581,繰越,会計繰越明許費繰越計算書の報告についてを終わります。
r7dai2kaiteireikaikaigiroku,2025,609,予算,令和７年度御杖村一般会計補正予算（第２号）の議定について
r7dai2kaiteireikaikaigiroku,2025,609,補正予算,令和７年度御杖村一般会計補正予算（第２号）の議定について
r7dai2kaiteireikaikaigiroku,2025,611,予算,令和７年度御杖村介護保険特別会計補正予算（第１号）の議定について
r7dai2kaiteireikaikaigiroku,2025,611,補正予算,令和７年度御杖村介護保険特別会計補正予算（第１号）の議定について
r7dai2kaiteireikaikaigiroku,2025,695,予算,◎議案第３１号令和７年度御杖村一般会計補正予算（第２号）
r7dai2kaiteireikaikaigiroku,2025,695,補正予算,◎議案第３１号令和７年度御杖村一般会計補正予算（第２号）
r7dai2kaiteireikaikaigiroku,2025,697,予算,特別会計補正予算（第１号）の議定について
r7dai2kaiteireikaikaigiroku,2025,697,補正予算,特別会計補正予算（第１号）の議定について
r7dai2kaiteireikaikaigiroku,2025,699,予算,○議長（寺前伊平君）：次に、日程第２、議案第３１号令和７年度御杖村一般会計補正予算第２号の
r7dai2kaiteireikaikaigiroku,2025,699,補正予算,○議長（寺前伊平君）：次に、日程第２、議案第３１号令和７年度御杖村一般会計補正予算第２号の
r7dai2kaiteireikaikaigiroku,2025,700,予算,議定について、日程第３、議案第３２号令和７年度御杖村介護保険特別会計補正予算第１号の議
r7dai2kaiteireikaikaigiroku,2025,700,補正予算,議定について、日程第３、議案第３２号令和７年度御杖村介護保険特別会計補正予算第１号の議
r7dai2kaiteireikaikaigiroku,2025,701,予算,定についての２議案につきましては、予算決算委員会へ付託した案件でございますので、これを
r7dai2kaiteireikaikaigiroku,2025,701,決算,定についての２議案につきましては、予算決算委員会へ付託した案件でございますので、これを
r7dai2kaiteireikaikaigiroku,2025,705,予算,令和７年度御杖村一般会計補正予算第２号の議定について、日程第３、議案第３２号令和７年度
r7dai2kaiteireikaikaigiroku,2025,705,補正予算,令和７年度御杖村一般会計補正予算第２号の議定について、日程第３、議案第３２号令和７年度
r7dai2kaiteireikaikaigiroku,2025,706,予算,御杖村介護保険特別会計補正予算第１号の議定について、御杖村議会会議規則第４１条第１項
r7dai2kaiteireikaikaigiroku,2025,706,補正予算,御杖村介護保険特別会計補正予算第１号の議定について、御杖村議会会議規則第４１条第１項
r7dai2kaiteireikaikaigiroku,2025,707,予算,の規定に基づき、予算決算委員会委員長より一括して審査の経過及び結果の報告をお願いしま
r7dai2kaiteireikaikaigiroku,2025,707,決算,の規定に基づき、予算決算委員会委員長より一括して審査の経過及び結果の報告をお願いしま
r7dai2kaiteireikaikaigiroku,2025,711,予算,○４番（福田麻衣子君）：それでは、予算決算委員会を代表しまして、当委員会に付託されました、
r7dai2kaiteireikaikaigiroku,2025,711,決算,○４番（福田麻衣子君）：それでは、予算決算委員会を代表しまして、当委員会に付託されました、
r7dai2kaiteireikaikaigiroku,2025,712,予算,議案第３１号令和７年度御杖村一般会計補正予算第２号の議定について及び議案第３２号令和７
r7dai2kaiteireikaikaigiroku,2025,712,補正予算,議案第３１号令和７年度御杖村一般会計補正予算第２号の議定について及び議案第３２号令和７
r7dai2kaiteireikaikaigiroku,2025,713,予算,年度御杖村介護保険特別会計補正予算第１号の議定につきまして、その審査の経緯並びに経
r7dai2kaiteireikaikaigiroku,2025,713,補正予算,年度御杖村介護保険特別会計補正予算第１号の議定につきまして、その審査の経緯並びに経
r7dai2kaiteireikaikaigiroku,2025,715,予算,本会議におきまして、議案第３１号令和７年度御杖村一般会計補正予算第２号の議定について及
r7dai2kaiteireikaikaigiroku,2025,715,補正予算,本会議におきまして、議案第３１号令和７年度御杖村一般会計補正予算第２号の議定について及
r7dai2kaiteireikaikaigiroku,2025,716,予算,び議案第３２号令和７年度御杖村介護保険特別会計補正予算第１号の議定についての２件の案
r7dai2kaiteireikaikaigiroku,2025,716,補正予算,び議案第３２号令和７年度御杖村介護保険特別会計補正予算第１号の議定についての２件の案
r7dai2kaiteireikaikaigiroku,2025,719,予算,令和７年度御杖村一般会計補正予算第２号の議定について及び議案第３２号令和７年度御杖村
r7dai2kaiteireikaikaigiroku,2025,719,補正予算,令和７年度御杖村一般会計補正予算第２号の議定について及び議案第３２号令和７年度御杖村
r7dai2kaiteireikaikaigiroku,2025,720,予算,介護保険特別会計補正予算第１号の議定について、議案ごとに６月６日の全員協議会において
r7dai2kaiteireikaikaigiroku,2025,720,補正予算,介護保険特別会計補正予算第１号の議定について、議案ごとに６月６日の全員協議会において
r7dai2kaiteireikaikaigiroku,2025,724,予算,きましては、議案第３１号令和７年度御杖村一般会計補正予算第２号の議定について及び議案第
r7dai2kaiteireikaikaigiroku,2025,724,補正予算,きましては、議案第３１号令和７年度御杖村一般会計補正予算第２号の議定について及び議案第
r7dai2kaiteireikaikaigiroku,2025,725,予算,３２号令和７年度御杖村介護保険特別会計補正予算第１号の議定について、ともに全員の賛成に
r7dai2kaiteireikaikaigiroku,2025,725,補正予算,３２号令和７年度御杖村介護保険特別会計補正予算第１号の議定について、ともに全員の賛成に
r7dai2kaiteireikaikaigiroku,2025,726,予算,より、可決すべきものと決定いたしました。以上、簡単ではございますが、予算決算委員会の報告
r7dai2kaiteireikaikaigiroku,2025,726,決算,より、可決すべきものと決定いたしました。以上、簡単ではございますが、予算決算委員会の報告
r7dai2kaiteireikaikaigiroku,2025,728,予算,○議長（寺前伊平君）：福田委員長、ご苦労様でした。これから、福田予算決算委員会委員長報告
r7dai2kaiteireikaikaigiroku,2025,728,決算,○議長（寺前伊平君）：福田委員長、ご苦労様でした。これから、福田予算決算委員会委員長報告
r7dai2kaiteireikaikaigiroku,2025,737,予算,◎議案第３１号令和７度御杖村一般会計補正予算（第１号）の
r7dai2kaiteireikaikaigiroku,2025,737,補正予算,◎議案第３１号令和７度御杖村一般会計補正予算（第１号）の
r7dai2kaiteireikaikaigiroku,2025,740,予算,○議長（寺前伊平君）：先ず、日程第２、議案第３１号令和７年度御杖村一般会計補正予算第２号の
r7dai2kaiteireikaikaigiroku,2025,740,補正予算,○議長（寺前伊平君）：先ず、日程第２、議案第３１号令和７年度御杖村一般会計補正予算第２号の
r7dai2kaiteireikaikaigiroku,2025,744,予算,行います。本案に対する福田予算決算委員会委員長の報告は、可決です。日程第２、議案第３１
r7dai2kaiteireikaikaigiroku,2025,744,決算,行います。本案に対する福田予算決算委員会委員長の報告は、可決です。日程第２、議案第３１
r7dai2kaiteireikaikaigiroku,2025,745,予算,号について、予算決算委員会委員長の報告のとおり決定することに賛成の方は、起立願います。
r7dai2kaiteireikaikaigiroku,2025,745,決算,号について、予算決算委員会委員長の報告のとおり決定することに賛成の方は、起立願います。
r7dai2kaiteireikaikaigiroku,2025,748,予算,御杖村一般会計補正予算第２号の議定については、福田予算決算委員会委員長の報告のとお
r7dai2kaiteireikaikaigiroku,2025,748,補正予算,御杖村一般会計補正予算第２号の議定については、福田予算決算委員会委員長の報告のとお
r7dai2kaiteireikaikaigiroku,2025,748,決算,御杖村一般会計補正予算第２号の議定については、福田予算決算委員会委員長の報告のとお
r7dai2kaiteireikaikaigiroku,2025,752,予算,◎議案第３２号令和６年度御杖村介護保険特別会計補正予算
r7dai2kaiteireikaikaigiroku,2025,752,補正予算,◎議案第３２号令和６年度御杖村介護保険特別会計補正予算
r7dai2kaiteireikaikaigiroku,2025,759,予算,行います。本案に対する福田予算決算委員会委員長の報告は、可決です。日程第３、議案第３２
r7dai2kaiteireikaikaigiroku,2025,759,決算,行います。本案に対する福田予算決算委員会委員長の報告は、可決です。日程第３、議案第３２
r7dai2kaiteireikaikaigiroku,2025,760,予算,号について、予算決算委員会委員長の報告のとおり決定することに賛成の方は、起立願います。
r7dai2kaiteireikaikaigiroku,2025,760,決算,号について、予算決算委員会委員長の報告のとおり決定することに賛成の方は、起立願います。
r7dai2kaiteireikaikaigiroku,2025,763,予算,御杖村介護保険特別会計補正予算第１号の議定についても、福田予算決算委員会委員長の報
r7dai2kaiteireikaikaigiroku,2025,763,補正予算,御杖村介護保険特別会計補正予算第１号の議定についても、福田予算決算委員会委員長の報
r7dai2kaiteireikaikaigiroku,2025,763,決算,御杖村介護保険特別会計補正予算第１号の議定についても、福田予算決算委員会委員長の報
r7rinnjigikaikaigirokudai1kkai,2025,50,予算,（令和７年御杖村一般会計補正予算（第１号））
r7rinnjigikaikaigirokudai1kkai,2025,50,補正予算,（令和７年御杖村一般会計補正予算（第１号））
r7rinnjigikaikaigirokudai1kkai,2025,92,予算,（令和７年度御杖村一般会計補正予算（第１号））
r7rinnjigikaikaigirokudai1kkai,2025,92,補正予算,（令和７年度御杖村一般会計補正予算（第１号））
r7rinnjigikaikaigirokudai1kkai,2025,289,予算,においても常任委員会の予算決算委員会及びむらづくり委員会の委員の定数をそれぞれ８人か
r7rinnjigikaikaigirokudai1kkai,2025,289,決算,においても常任委員会の予算決算委員会及びむらづくり委員会の委員の定数をそれぞれ８人か
r7rinnjigikaikaigirokudai1kkai,2025,315,予算,決定しました。予算決算委員会委員長に４番福田麻衣子君、副委員長に１番影山英章君、委員
r7rinnjigikaikaigirokudai1kkai,2025,315,決算,決定しました。予算決算委員会委員長に４番福田麻衣子君、副委員長に１番影山英章君、委員
r7rinnjigikaikaigirokudai1kkai,2025,524,予算,（令和７年度御杖村一般会計補正予算（第１号））
r7rinnjigikaikaigirokudai1kkai,2025,524,補正予算,（令和７年度御杖村一般会計補正予算（第１号））
r7rinnjigikaikaigirokudai1kkai,2025,527,予算,年度御杖村一般会計補正予算第１号を議題と致します。本案について、提案理由の説明を求め
r7rinnjigikaikaigirokudai1kkai,2025,527,補正予算,年度御杖村一般会計補正予算第１号を議題と致します。本案について、提案理由の説明を求め
r7rinnjigikaikaigirokudai1kkai,2025,531,財産,○村長(伊藤収宜君)：本案につきましては、土屋原財産区議会議員辞職に伴う補欠選挙を執行す
r7rinnjigikaikaigirokudai1kkai,2025,532,予算,る予算の補正が必要となり、一般会計の歳入歳出それぞれに７８万円を追加し、補正後の総額を
r7rinnjigikaikaigirokudai1kkai,2025,533,予算,２６億９，１７８万円とするものでございます。去る４月１日に補正予算の専決処分をさせていただき
r7rinnjigikaikaigirokudai1kkai,2025,533,補正予算,２６億９，１７８万円とするものでございます。去る４月１日に補正予算の専決処分をさせていただき
r7rinnjigikaikaigirokudai1kkai,2025,539,予算,○総務課長(今井智君)：それでは、令和７年度御杖村一般会計補正予算第１号の内容について、ご
r7rinnjigikaikaigirokudai1kkai,2025,539,補正予算,○総務課長(今井智君)：それでは、令和７年度御杖村一般会計補正予算第１号の内容について、ご
r7rinnjigikaikaigirokudai1kkai,2025,540,財産,説明申し上げます。第１号補正につきましては、土屋原財産区議会の議員辞職に伴い、財産区
r7rinnjigikaikaigirokudai1kkai,2025,541,予算,議会議員の補欠選挙執行に係る経費を４月１日付けで専決補正しております。補正予算書の表
r7rinnjigikaikaigirokudai1kkai,2025,541,補正予算,議会議員の補欠選挙執行に係る経費を４月１日付けで専決補正しております。補正予算書の表
r7rinnjigikaikaigirokudai1kkai,2025,542,予算,紙、１ページをご覧ください。第１条において、予算の総額に７８万円を追加し、補正後の総額を
r7rinnjigikaikaigirokudai1kkai,2025,544,財産,ページ、１１ページをご覧ください。款１０総務費 項２０選挙費 目４５財産区議会議員選挙費、節
r7rinnjigikaikaigirokudai1kkai,2025,552,基金,さい。款６５繰入金、項０５繰入金、目５基金繰入金、 節５基金繰入金、財政調整基金繰入７８万
r7rinnjigikaikaigirokudai1kkai,2025,553,予算,円を計上してございます。以上、令和 7 年度御杖村一般会計補正予算第 1 号の概要説明とさせ
r7rinnjigikaikaigirokudai1kkai,2025,553,補正予算,円を計上してございます。以上、令和 7 年度御杖村一般会計補正予算第 1 号の概要説明とさせ
r7rinnjigikaikaigirokudai1kkai,2025,566,予算,承認を求めることについて、令和７年度御杖村一般会計補正予算第１号も原案のとおり承認され
r7rinnjigikaikaigirokudai1kkai,2025,566,補正予算,承認を求めることについて、令和７年度御杖村一般会計補正予算第１号も原案のとおり承認され
r7rinnjikaigiketukekkadai1kai,2025,16,予算,（令和７年度御杖村一般会計補正予算（第１号））              〃      －     －     －     －       〃
r7rinnjikaigiketukekkadai1kai,2025,16,補正予算,（令和７年度御杖村一般会計補正予算（第１号））              〃      －     －     －     －       〃
r83gatuteireikaigiketukekka,2026,2,予算,●村長提出議案（承認３件、条例１２件、指定管理２件、規約１件、計画１件、予算８件、計２７件）
r83gatuteireikaigiketukekka,2026,6,予算,承 認    専決処分の承認を求めることについて                                   予算決算
r83gatuteireikaigiketukekka,2026,6,決算,承 認    専決処分の承認を求めることについて                                   予算決算
r83gatuteireikaigiketukekka,2026,8,予算,第1号    （令和７年度御杖村一般会計補正予算(第５号）)                              委員会
r83gatuteireikaigiketukekka,2026,8,補正予算,第1号    （令和７年度御杖村一般会計補正予算(第５号）)                              委員会
r83gatuteireikaigiketukekka,2026,11,予算,第2号    （令和７年度御杖村一般会計補正予算(第６号）)
r83gatuteireikaigiketukekka,2026,11,補正予算,第2号    （令和７年度御杖村一般会計補正予算(第６号）)
r83gatuteireikaigiketukekka,2026,14,予算,第3号    （令和７年度御杖村一般会計補正予算(第７号）)
r83gatuteireikaigiketukekka,2026,14,補正予算,第3号    （令和７年度御杖村一般会計補正予算(第７号）)
r83gatuteireikaigiketukekka,2026,18,基金,議 案    村保有基金の運用収益等を有効活用するための関係条例の整理に関
r83gatuteireikaigiketukekka,2026,68,予算,議 案                                                                  予算決算
r83gatuteireikaigiketukekka,2026,68,決算,議 案                                                                  予算決算
r83gatuteireikaigiketukekka,2026,69,予算,令和７年度御杖村一般会計補正予算（第８号）の議定について                 〃        〃               R8.3.11    〃      〃       〃
r83gatuteireikaigiketukekka,2026,69,補正予算,令和７年度御杖村一般会計補正予算（第８号）の議定について                 〃        〃               R8.3.11    〃      〃       〃
r83gatuteireikaigiketukekka,2026,71,予算,議 案    令和７年度御杖村国民健康保険特別会計補正予算（第２号）の議定に
r83gatuteireikaigiketukekka,2026,71,補正予算,議 案    令和７年度御杖村国民健康保険特別会計補正予算（第２号）の議定に
r83gatuteireikaigiketukekka,2026,75,予算,令和７年度御杖村介護保険特別会計補正予算（第４号）の議定について             〃        〃        〃        〃        〃      〃       〃
r83gatuteireikaigiketukekka,2026,75,補正予算,令和７年度御杖村介護保険特別会計補正予算（第４号）の議定について             〃        〃        〃        〃        〃      〃       〃
r83gatuteireikaigiketukekka,2026,78,予算,令和８年度御杖村一般会計予算の議定について                        〃        〃        〃        〃        〃      〃       〃
r83gatuteireikaigiketukekka,2026,81,予算,令和８年度御杖村国民健康保険特別会計予算の議定について                  〃        〃        〃        〃        〃      〃       〃
r83gatuteireikaigiketukekka,2026,84,予算,令和８年度御杖村介護保険特別会計予算の議定について                    〃        〃        〃        〃        〃      〃       〃
r83gatuteireikaigiketukekka,2026,87,予算,令和８年度御杖村後期高齢者医療特別会計予算の議定について                 〃        〃        〃        〃        〃      〃       〃
r83gatuteireikaigiketukekka,2026,90,予算,令和８年度御杖村簡易水道事業会計予算の議定について                    〃        〃        〃        〃        〃      〃       〃
