Date,Meeting,Agenda,Department,Yen_Amount,Type,Speaker,Nakashima_Role,Notes,Source_File,Page
2020,0209teireikaigijuroku,◎発委第６号、閉会中の継続調査申出について（むらづくり委員会） ［上程・採決］ ・・・・・ －40－,,,"予算,決算,補正予算",委員長(木村忠雄君),,それでは、８月１８日に開催いたしました議会運営委員会の会議 結果について、報告をいたします。当日は、全委員出席のもと、９月定例会の運営につ いて協議を行いました。 －４－ まず、会期及び会期中の日程について協議をおこない、会期を、９月３日から１５日ま での１３日間とし、全員協議会を４日、むらづくり委員会を９日、予算決算委員会を１０ 日、続会議を１５日とそれぞれ決定し、いずれも午前１０時の開会といた,0209teireikaigijuroku,4
2020,0209teireikaigijuroku,◎発委第６号、閉会中の継続調査申出について（むらづくり委員会） ［上程・採決］ ・・・・・ －40－,,837000,"予算,工事,繰越,補正予算",議長(山岡隆良君),,山崎議員、ご苦労様でした。    ◎諸般の報告（東宇陀環境衛生組合議会）   ○議長（山岡隆良君） ：次に７月１５日開催されました東宇陀環境衛生組合議会臨時会の報告 を求めます。派遣議員、古川芳明君。 ○２番（古川芳明君） ：はい、２番古川。 ○議長（山岡隆良君） ：古川議員。 ○２番（古川芳明君） ：それでは、令和２年度東宇陀環境衛生組合議会臨時会の会議結果につ いて報告申し上げます。去る７月１,0209teireikaigijuroku,5
2020,0209teireikaigijuroku,◎発委第６号、閉会中の継続調査申出について（むらづくり委員会） ［上程・採決］ ・・・・・ －40－,,300000000,"予算,基金,決算,補正予算",村長(伊藤収宜君),,本日、御杖村議会 9 月定例会を招集いたしましたところ、全議員の 出席を賜り誠にありがとうございます。開会日に際し、時間をいただいておりますの で、私のほうから行政報告をさせていただきます。 6 月定例会におきましても、新型コロナウイルス感染症の影響により、多くの行事が 中止又は規模縮小となっていることをお伝えしましたが、いまだに感染の拡大は止まら ず、7 月の中旬以降は、緊急事態宣言時である 4,0209teireikaigijuroku,7
2020,0209teireikaigijuroku,◎承認第１０号専決処分の承認を求めることについて,,,"予算,補正予算",議長(山岡隆良君),,ただ今、趣旨説明をいただきましたので、これから質疑を行います。 質疑は、ございませんか。 （「質疑なし」の声あり） ○議長（山岡隆良君） ：質疑なしと認めます。これで、質疑を終わります。これより、討論を 行います。討論はありませんか。 （「討論なし」の声あり） ○議長（山岡隆良君） ：討論なしと認めます。これで、討論を終わります。これより、本案に ついて採決を行います。日程第６発議第２号を原案のと,0209teireikaigijuroku,10
2020,0209teireikaigijuroku,◎議案第２２号御杖村過疎地域自立促進計画の変更について,,1300000,"予算,決算,補正予算",議長(山岡隆良君),,"次に、日程第７承認第１０号専決処分の承認を求めることについて、 令和２年度御杖村一般会計補正予算第５号を議題と致します。本案について、提案理由 の説明を求めます。伊藤村長。 ○村長（伊藤収宜君） ：議長。 ○議長（山岡隆良君） ：伊藤村長。 ○村長（伊藤収宜君） ：本案につきましては、歳入歳出それぞれに 1,130 万円を追加し、補 正後の総額を 26 億 8,114 万 4 千円とするものでござ",0209teireikaigijuroku,11
2020,0209teireikaigijuroku,◎議案第２２号御杖村過疎地域自立促進計画の変更について,,,予算,村長(伊藤収宜君),,本案につきましては、本年度の当初予算に計上し議決をいただき ました事業の内、過疎対策事業債の充当を予定している事業につきまして、奈良県と の事前協議を終えましたので、それに伴い必要となる過疎計画の変更について議決を お願いするものです。よろしくお願いします。 ○議長（山岡隆良君） ：ただ今、提案理由の説明をいただきましたので、これから総括的質疑 を行います。質疑はございませんか。 （「質疑なし」の,0209teireikaigijuroku,11
2020,0209teireikaigijuroku,◎議案第２３号御杖村小中学校統合施設整備工事に,,,"契約,工事",議長(山岡隆良君),,質疑なしと認めます。これで、質疑を終わります。本案については、 全員協議会で詳細な説明を受け、むらづくり委員会に付託することにしたいと思います。 ご異議ありませんか。 （「異議なし」の声あり） ○議長（山岡隆良君） ：異議なしと認めます。したがって、日程第８議案第２２号御杖村過疎 地域自立促進計画の変更については、むらづくり委員会に付託することに決定しました。   ◎議案第２３号御杖村小中学校統合,0209teireikaigijuroku,11
2020,0209teireikaigijuroku,◎議案第２３号御杖村小中学校統合施設整備工事に,Education,,"取得,契約,工事,財産",村長(伊藤収宜君),,"本案につきましては、議会の議決に付すべき契約及び財産の取得 又は処分に関する条例第 2 条の規定に定める予定価格 5,000 万円以上の工事請負契約 に該当することから、地方自治法第 96 条第 1 項第 5 号の規定により、議会の議決を 求めるものでございます。契約の内容につきましては、教育次長が説明いたします。 ○教育委員会次長（中村康幸君） ：はい、議長。 ○議長（山岡隆良君） ：中村教育委",0209teireikaigijuroku,12
2020,0209teireikaigijuroku,◎議案第２４号令和２年度御杖村一般会計補正予算,Construction,100000000,"予算,入札,基金,契約,工事,繰越,補正予算",教育委員会次長(中村康幸君),,この契約につきましては、御杖村小中学校統合施設整備 工事を 8 月 25 日に一般競争入札を行った結果、契約金額税込 8 億 8 千万円で、村本・ 松塚特定建設工事共同企業体、代表者北葛城郡広陵町村本建設株式会社奈良本店、常務 執行役員本店長髙田幸伸、構成員宇陀市榛原松塚建設株式会社、代表取締役井上清利と 工事請負契約を締結するものであります。 高額の契約案件でございますので、入札の経緯につきまし,0209teireikaigijuroku,15
2020,0209teireikaigijuroku,◎議案第２５号令和２年度御杖村簡易水道事業特別,Water/Sewer,,"予算,決算,補正予算",議長(山岡隆良君),,質疑なしと認めます。これで、質疑を終わります。本案については、 全員協議会で詳細な説明を受け、予算決算委員会に付託することにしたいと思います。 ご異議ありませんか。 （「異議なし」の声あり） ○議長（山岡隆良君） ：異議なしと認めます。したがって、日程第１０議案第２４号令和２年 度御杖村一般会計補正予算第６号の議定については、予算決算委員会に付託することに 決定しました。   ◎議案第２５号令和２,0209teireikaigijuroku,16
2020,0209teireikaigijuroku,◎議案第２５号令和２年度御杖村簡易水道事業特別,Water/Sewer,3229000,"基金,繰越",村長(伊藤収宜君),,"本案につきましては、歳入歳出それぞれに 67 万 6 千円を追加し、 補正後の総額を 1 億 3,322 万 9 千円とするものでございます。主な内容として、前年 度からの繰越金が確定したことに伴い、見合いの支出として基金積立を行うものござ います。よろしくお願いします。 ○議長（山岡隆良君） ：ただ今、提案理由の説明をいただきましたので、これから総括的質疑 を行います。質疑は、ございませんか。 ",0209teireikaigijuroku,16
2020,0209teireikaigijuroku,◎議案第２６号令和２年度御杖村国民健康保険特別,Water/Sewer,5151000,"予算,決算,繰越,補正予算",議長(山岡隆良君),,質疑なしと認めます。これで、質疑を終わります。本案については、 全員協議会で詳細な説明を受け、予算決算委員会に付託することにしたいと思います。 ご異議ありませんか。 （「異議なし」の声あり） ○議長（山岡隆良君） ：異議なしと認めます。したがって、日程第１１議案第２５号令和２年 度御杖村簡易水道事業特別会計補正予算第１号の議定については、予算決算委員会に付 託することに決定しました。   ◎議案第,0209teireikaigijuroku,16
2020,0209teireikaigijuroku,◎議案第２７号令和２年度御杖村介護保険特別,,4863000,"予算,決算,補正予算",議長(山岡隆良君),,質疑なしと認めます。これで、質疑を終わります。本案については、 全員協議会で詳細な説明を受け、予算決算委員会に付託することにしたいと思います。 －１７－ ご異議ありませんか。 （「異議なし」の声あり） ○議長（山岡隆良君） ：異議なしと認めます。したがって、日程第１２議案第２６号令和２年 度御杖村国民健康保険特別会計補正予算第３号の議定については、予算決算委員会に付 託することに決定しました。  ,0209teireikaigijuroku,17
2020,0209teireikaigijuroku,◎議案第２８号令和２年度御杖村後期高齢者医療,,7554000,"予算,決算,繰越,補正予算",議長(山岡隆良君),,質疑なしと認めます。これで、質疑を終わります。本案については、 全員協議会で詳細な説明を受け、予算決算委員会に付託することにしたいと思います。 ご異議ありませんか。 （「異議なし」の声あり） ○議長（山岡隆良君） ：異議なしと認めます。したがって、日程第１３議案第２７号令和２年 度御杖村介護保険特別会計補正予算第２号の議定については、予算決算委員会に付託す ることに決定しました。   ◎議案第２８,0209teireikaigijuroku,18
2020,0209teireikaigijuroku,◎議案第２８号令和２年度御杖村後期高齢者医療,Construction,1206419000,"予算,基金,工事,決算,繰越,補助金,補正予算,財産",議長(山岡隆良君),,質疑なしと認めます。これで、質疑を終わります。本案については、 全員協議会で詳細な説明を受け、予算決算委員会に付託することにしたいと思います。 ご異議ありませんか。 （「異議なし」の声あり） ○議長（山岡隆良君） ：異議なしと認めます。したがって、日程第１４議案第２８号令和２年 度御杖村後期高齢者医療特別会計補正予算第１号の議定については、予算決算委員会に 付託することに決定しました。   ◎一括,0209teireikaigijuroku,21
2020,0209teireikaigijuroku,◎議案第２８号令和２年度御杖村後期高齢者医療,Construction,2202362000,決算,議長(山岡隆良君),,次に、特別会計決算を一括して、説明を求めます。伊藤村長。 ○村長（伊藤収宜君） ：議長。 ○議長（山岡隆良君） ：はい、伊藤村長。 ○村長（伊藤収宜君） ：本案につきましては、地方自治法第 233 条の規定により、令和元度 の御杖村簡易水道事業特別会計、国民健康保険特別会計、介護保険特別会計、後期高齢 者医療特別会計、以上 4 会計の歳入歳出決算の認定について、お願いするものでござい ます。詳細に,0209teireikaigijuroku,22
2020,0209teireikaigijuroku,◎議案第２８号令和２年度御杖村後期高齢者医療,,,"予算,基金,決算",８番(山崎往男君),,ただ今、議長のご指名がございましたので、決算審査報告を申し上 げたいと思います。お手元の令和元年度御杖村一般会計、特別会計の決算審査意見書を ご覧いただきたいと思います。７ページでございます。この審査につきましては、去る ８月２０日と２１日の２日間に渡りまして、丸山監査委員とともに審査をさせて頂きま した。決算審査意見書の各諸表の朗読は省略させて頂きまして、７ページの決算審査結 論の朗読をもって報,0209teireikaigijuroku,23
2020,0209teireikaigijuroku,◎同意第１２号御杖村固定資産評価審査委員会の委員選任,,,"予算,決算",議長(山岡隆良君),,質疑なしと認めます。これで質疑を終わります。決算議案について、 全員協議会で詳細な説明を受け、一括して予算決算委員会に付託することにしたいと思 います。ご異議ありませんか。 （「異議なし」の声あり） ○議長（山岡隆良君） ：異議なしと認めます。したがって、日程第１５認定第１号から日程第 １９認定第５号までの令和元年度一般会計歳入歳出決算及び各特別会計歳入歳出決 算の認定については、予算決算委員会に,0209teireikaigijuroku,23
2020,0209teireikaigijuroku,◎報告第２号令和元年度御杖村教育委員会の権限に属する事務の,Education,,工事,議長(山岡隆良君),,異議なしと認めます。したがって、日程第２０同意第１２号ついて、 質疑及び討論を省略します。これより、本案について採決を行います。これに同意する ことに賛成の方は、起立願います。 （全員／起立） －２４－ ○議長（山岡隆良君） ：ありがとうございます。全員の起立により、日程第２０同意第１２号 御杖村固定資産評価審査委員会の委員選任につき同意を求めることについては、同意す ることに決定しました。   ,0209teireikaigijuroku,26
2020,0209teireikaigijuroku,◎報告第２号令和元年度御杖村教育委員会の権限に属する事務の,Village Development,,"予算,決算,補正予算",議長(山岡隆良君),,以上をもって、本日の日程は全て終了致しました。次回の本会議は、 ９月１５日火曜日・午前１０時より開くことに致します。本日は、これにて散会致しま す。お疲れ様でした。    （午後１２時０２分 散会）     －２７－ －２８－ （令和２年９月１５日）     －２９－ 令和２年９月御杖村議会定例会（第２号） 令和２年９月１５日（火） 開議 午前１０時００分 ◎議事日程［審議結果］ 第１    承認,0209teireikaigijuroku,31
2020,0209teireikaigijuroku,◎承認第１０号専決処分の承認を求めることについて,,,"予算,補正予算",議長(山岡隆良君),,皆さん、おはようございます。本日の９月定例会の続会をご案内さ せていただいたところ、ご出席をいただきありがとうございます。全議員が出席でござい ます。地方自治法第 113 条の規定による定足数に達していますので、本日の会議を開きま す。本日の議事日程は、お手元に配布の日程第２号とおりとします。   ◎承認第１０号専決処分の承認を求めることについて （令和２年度御杖村一般会計補正予算(第５号)） ［,0209teireikaigijuroku,31
2020,0209teireikaigijuroku,◎承認第１０号専決処分の承認を求めることについて,,,"予算,決算,補正予算",議長(山岡隆良君),,先ず、日程第１承認第１０号専決処分の承認を求めることについて、 令和２年度御杖村一般会計補正予算第５号を議題とします。本案件につきましては、予 算決算委員会へ付託した案件でございます。御杖村会議規則第４１条第１項の規定に基 づき、委員長から審査経過及び結果の報告をお願いします。松岡委員長。,0209teireikaigijuroku,31
2020,0209teireikaigijuroku,◎承認第１０号専決処分の承認を求めることについて,,,"予算,決算,補正予算",予算決算委員会委員長(松岡一生君),,予算決算委員会を代表しまして、当委員会に付 託されました、承認第１０号につきまして、その審査の経過と結果についてご報告 いたします。まず、審査の経緯でございますが、去る９月３日の本会議におきまし て、専決補正予算１件及び補正予算５件、決算認定５件の合計１１件の案件が付託 されたことにより、９月１０日に委員会を開催いたしました。 当日は、全委員及び村長をはじめ各部局の所属長出席のもと審査を行いました,0209teireikaigijuroku,31
2020,0209teireikaigijuroku,◎第２２号議案御杖村過疎地域自立促進計画の変更について,,,"予算,補正予算",議長(山岡隆良君),,質疑なしと認めます。これで質疑を終わります。これより討論を行 います。討論はありませんか。 （「討論なし」の声あり） ○議長（山岡隆良君） ：討論なしと認めます。これで討論を終わります。これより、本案につ いて採決を行います。本案に対する委員長の報告は、可決です。日程第１承認第１０号 －３２－ は、委員長の報告のとおり決定することに賛成の方は、起立願います。 （全員／起立） ○議長（山岡隆良君） ,0209teireikaigijuroku,32
2020,0209teireikaigijuroku,◎第２２号議案御杖村過疎地域自立促進計画の変更について,Water/Sewer,,"予算,補正予算",議長(山岡隆良君),,ありがとうございます。全員の起立により、日程第２議案第２２号御 杖村過疎地域自立促進計画の変更については、委員長の報告のとおり可決されました。    －３３－ ◎一括議題［委員長報告・質疑］ ・議案第２４号令和２年度御杖村一般会計補正予算(第６号)の 議定について ・議案第２５号令和２年度御杖村簡易水道事業特別会計 補正予算（第１号）の議定について ・議案第２６号令和２年度御杖村国民健康保険特別会,0209teireikaigijuroku,33
2020,0209teireikaigijuroku,◎第２２号議案御杖村過疎地域自立促進計画の変更について,Water/Sewer,,"予算,補正予算",議長(山岡隆良君),,次に、日程第３議案２４号令和２年度御杖村一般会計補正予算第６ 号の議定について、日程第４議案第２５号令和２年度御杖村簡易水道事業特別会計補正 予算第１号の議定について、日程第５議案第２６号令和２年度御杖村国民健康保険特別 会計補正予算第３号の議定について、日程第６議案第２７号令和２年度御杖村介護保険 特別会計補正予算第２号の議定について、日程第７議案第２８号令和２年度御杖村後期 高齢者医療特別会計,0209teireikaigijuroku,33
2020,0209teireikaigijuroku,◎第２２号議案御杖村過疎地域自立促進計画の変更について,,,"予算,決算,補正予算",予算決算委員会委員長(松岡一生君),,それでは、日程第３議案第２４号から日程第 7 議案第２８号の補正予算５件につきまして、一括して、その審査結果について報告 をさせていただきます。審査の経緯につきましては、先に報告させていただきまし たとおりでございます。審査の経過でございますが、各会計ごとに質疑及び討論と 採決を行いました。質疑では、委員より質疑が行われ、村当局より答弁をいただき ましたが、内容については全議員出席の委員会ですので,0209teireikaigijuroku,33
2020,0209teireikaigijuroku,◎議案第２４号令和２年度御杖村一般会計補正予算(第６号),,,"予算,補正予算",議長(山岡隆良君),,質疑なしと認めます。これで質疑を終わります。続いて議案ごとに、 討論及び採決を行います。   －３４－ ◎議案第２４号令和２年度御杖村一般会計補正予算(第６号) の議定について ［討論、採決］ ,0209teireikaigijuroku,34
2020,0209teireikaigijuroku,◎議案第２５号令和２年度御杖村簡易水道事業特別会計,Water/Sewer,,"予算,補正予算",議長(山岡隆良君),,先ず、日程第３議案第２４号令和２年度御杖村一般会計補正予算第 ６号の議定についてを議題とし、討論を行います。討論はありませんか。 （「討論なし」の声あり） ○議長（山岡隆良君） ：討論なしと認めます。これで討論を終わります。これより、本案につ いて採決を行います。本案に対する委員長の報告は、可決です。日程第３議案第２４号 は、委員長の報告のとおり決定することに賛成の方は、起立願います。 （全員／起,0209teireikaigijuroku,34
2020,0209teireikaigijuroku,◎議案第２６号令和２年度御杖村国民健康保険特別会計,Water/Sewer,,"予算,補正予算",議長(山岡隆良君),,次に、日程第４議案第２５号令和２年度御杖村簡易水道事業特別会 計補正予算第１号の議定についてを議題とし、討論を行います。討論はありませんか。 （「討論なし」の声あり） ○議長（山岡隆良君） ：討論なしと認めます。これで討論を終わります。これより、本案につ いて採決を行います。本案に対する委員長の報告は、可決です。日程第４議案第２５号 は、委員長の報告のとおり決定することに賛成の方は、起立願います。,0209teireikaigijuroku,34
2020,0209teireikaigijuroku,◎議案第２７号令和２年度御杖村介護保険特別会計補正,,,"予算,補正予算",議長(山岡隆良君),,次に、日程第５議案第２６号令和２年度御杖村国民健康保険特別会 計補正予算第３号の議定についてを議題とし、討論を行います。討論はありませんか。 （「討論なし」の声あり） ○議長（山岡隆良君） ：討論なしと認めます。これで討論を終わります。これより、本案につ いて採決を行います。本案に対する委員長の報告は、可決です。日程第５議案第２６号 は、委員長の報告のとおり決定することに賛成の方は、起立願います。,0209teireikaigijuroku,35
2020,0209teireikaigijuroku,◎議案第２８号令和２年度御杖村後期高齢者医療特別会計,,,"予算,補正予算",議長(山岡隆良君),,次に、日程第６議案第２７号令和２年度御杖村介護保険特別会計補 正予算第２号の議定についてを議題とし、討論を行います。討論はありませんか。 （「討論なし」の声あり） ○議長（山岡隆良君） ：討論なしと認めます。これで討論を終わります。これより、本案につ いて採決を行います。本案に対する委員長の報告は、可決です。日程第６議案第２７号 は、委員長の報告のとおり決定することに賛成の方は、起立願います。 （,0209teireikaigijuroku,35
2020,0209teireikaigijuroku,◎議案第２８号令和２年度御杖村後期高齢者医療特別会計,,,"予算,補正予算",議長(山岡隆良君),,次に、日程第７議案第２８号令和２年度御杖村後期高齢者医療特別会 計補正予算第１号の議定についてを議題とし、討論を行います。討論はありませんか。 （「討論なし」の声あり） ○議長（山岡隆良君） ：討論なしと認めます。これで討論を終わります。これより、本案につ いて採決を行います。本案に対する委員長の報告は、可決です。日程第７議案第２８号 は、委員長の報告のとおり決定することに賛成の方は、起立願います,0209teireikaigijuroku,35
2020,0209teireikaigijuroku,◎議案第２８号令和２年度御杖村後期高齢者医療特別会計,Water/Sewer,,"予算,決算,補正予算",議長(山岡隆良君),,ありがとうございます。全員の起立により、日程第７議案第２８号 令和２年度御杖村後期高齢者医療特別会計補正予算第１号の議定については、委員長の 報告のとおり可決されました。     －３６－ ◎一括議題［委員長報告・質疑］ ・認定第１号令和元年度御杖村一般会計歳入歳出決算の認定 について ・認定第２号令和元年度御杖村簡易水道事業特別会計歳入歳出 決算の認定について ・認定第３号令和元年度御杖村国民健,0209teireikaigijuroku,36
2020,0209teireikaigijuroku,◎認定第２号令和元年度御杖村簡易水道事業特別会計,Water/Sewer,,"予算,決算",予算決算委員会委員長(松岡一生君),,それでは、日程第８認定第１号から日程第１２ 認定第５号の各会計歳入歳出決算認定の５件につきまして、一括して、その審査結 果について報告をさせていただきます。審査の経緯につきましては、先に報告させ ていただきましたとおりでございます。審査の経過でございますが、全５会計を一 括議題とし、質疑を行いました。委員より多くの質疑が行われ、村当局より答弁を いただきましたが、内容については全議員出席の委員会で,0209teireikaigijuroku,37
2020,0209teireikaigijuroku,◎認定第３号令和元年度御杖村国民健康保険特別会計,Water/Sewer,,決算,議長(山岡隆良君),,次に、日程第９認定第２号令和元年度御杖村簡易水道事業特別会計 歳入歳出決算の認定についてを議題とし、討論を行います。討論はありませんか。 （「討論なし」の声あり） ○議長（山岡隆良君） ：討論なしと認めます。これで討論を終わります。これより、本案につ いて採決を行います。本案に対する委員長の報告は、認定です。日程第９認定第２号は、 委員長の報告のとおり認定することに賛成の方は、起立願います。 （全,0209teireikaigijuroku,37
2020,0209teireikaigijuroku,◎認定第４号令和元年度御杖村介護保険特別会計歳入歳出,,,決算,議長(山岡隆良君),,次に、日程第１０認定第３号令和元年度御杖村国民健康保険特別会 計歳入歳出決算の認定についてを議題とし、討論を行います。討論はありませんか。 （「討論なし」の声あり） ○議長（山岡隆良君） ：討論なしと認めます。これで討論を終わります。これより、本案につ いて採決を行います。本案に対する委員長の報告は、認定です。日程第１０認定第３号 は、委員長の報告のとおり認定することに賛成の方は、起立願います。 ,0209teireikaigijuroku,38
2020,0209teireikaigijuroku,◎認定第５号令和元年度御杖村後期高齢者医療特別会計,,,決算,議長(山岡隆良君),,次に、日程１１認定第４号令和元年度御杖村介護保険特別会計歳入 歳出決算の認定についてを議題とし、討論を行います。討論はありませんか。 （「討論なし」の声あり） ○議長（山岡隆良君） ：討論なしと認めます。これで討論を終わります。これより、本案につ いて採決を行います。本案に対する委員長の報告は、認定です。日程第１１認定第４号 は、委員長の報告のとおり認定することに賛成の方は、起立願います。 （全員,0209teireikaigijuroku,38
2020,0209teireikaigijuroku,◎認定第５号令和元年度御杖村後期高齢者医療特別会計,,,決算,議長(山岡隆良君),,次に、日程第１２認定第５号令和元年度御杖村後期高齢者医療特別会 計歳入歳出決算の認定についてを議題とし、討論を行います。討論はありませんか。 （「討論なし」の声あり） ○議長（山岡隆良君） ：討論なしと認めます。これで討論を終わります。これより、本案につ いて採決を行います。本案に対する委員長の報告は、認定です。日程１２認定第５号は、 委員長の報告のとおり認定することに賛成の方は、起立願います。 ,0209teireikaigijuroku,38
2020,0209teireikaigijuroku,◎発委第６号閉会中の継続調査申出について（むらづくり委員会）,,,決算,議長(山岡隆良君),,ありがとうございます。全員の起立により、日程第１２認定第５号 令和元年度御杖村後期高齢者医療特別会計歳入歳出決算の認定については、委員長の報 告のとおり認定されました。   ◎発委第５号閉会中の継続調査申出について（議会運営委員会） ［上程、採決］  ○議長（山岡隆良君） ：次に、日程第１３発委第５号閉会中の継続調査申出についてを議題と します。議会運営委員長から、お手元の資料のとおり御杖村議会会,0209teireikaigijuroku,41
2026,2026gikaikaigiroku3gatsu,◎発委第２号閉会中の継続調査申出について（むらづくり委員会）,,,"予算,基金,決算,補正予算",委員長(森源五君),,それでは、２月２４日に開催いたしました議会運営委員会の会議結果につい て、報告をいたします。当日は、山岡委員が欠席でございましたが、御杖村議会委員会条例第１２ 条の規定による定足数に達していたことから、令和８年第１回、３月定例会の運営について協議を 行いました。まず、会期及び会期中の日程について協議を行い、会期を３月４日から１６日までの １３日間とし、会期中の日程については、３月４日午前１０時開会,2026gikaikaigiroku3gatsu,5
2026,2026gikaikaigiroku3gatsu,◎承認第１号専決処分の承認を求めることについて,,,"予算,決算,補正予算",議長(寺前伊平君),,次に、監査委員より例月出納検査について１１月から１月分の検査報告をいた だいています。抜粋の写しを配布しておりますので、報告といたします。    ◎承認第１号専決処分の承認を求めることについて （令和７年度御杖村一般会計補正予算（第５号）） ［上程、説明、総括的質疑、予算決算委員会付託］,2026gikaikaigiroku3gatsu,5
2026,2026gikaikaigiroku3gatsu,◎承認第１号専決処分の承認を求めることについて,,,"予算,補正予算",議長(寺前伊平君),,次に、日程第４、承認第１号、専決処分の承認を求めることについて、令和７年 度御杖村一般会計補正予算第５号を議題と致します。本案について、提案理由の説明を求めます。 伊藤村長。,2026gikaikaigiroku3gatsu,5
2026,2026gikaikaigiroku3gatsu,◎承認第１号専決処分の承認を求めることについて,,7795000,"予算,補助金",村長(伊藤収宜君),,案につきましては、一般会計の歳入歳出それぞれに１，１００万円を追加し、補 正後の総額を２８億１，７７９万５千円とするものでございます。内容は、物価高騰対策指定管理者 事業継続支援補助金を追加するものでございます。早急に予算措置が必要となったことから、去 る１２月１８日に専決処分をしましたので、承認をお願いするものでございます。よろしくお願いしま す。,2026gikaikaigiroku3gatsu,5
2026,2026gikaikaigiroku3gatsu,◎承認第１号専決処分の承認を求めることについて,,,"予算,決算",議長(寺前伊平君),,質疑なしと認めます。これで総括的質疑を終わります。本案については、議会 運営委員会委員長の報告のとおり、全員協議会で詳細な説明を受け、予算決算委員会に付託す ることにしたいと思います。ご異議ありませんか。 －６－ （「異議なし」の声あり）,2026gikaikaigiroku3gatsu,6
2026,2026gikaikaigiroku3gatsu,◎承認第２号専決処分の承認を求めることについて,,,"予算,決算,補正予算",議長(寺前伊平君),,異議なしと認めます。したがって、日程第４、承認第１号、専決処分の承認を 求めることについて、令和７年度御杖村一般会計補正予算第５号は、予算決算委員会に付託す ることに決定しました。    ◎承認第２号専決処分の承認を求めることについて （令和７年度御杖村一般会計補正予算（第６号）） ［上程、説明、総括的質疑、予算決算委員会付託］,2026gikaikaigiroku3gatsu,6
2026,2026gikaikaigiroku3gatsu,◎承認第２号専決処分の承認を求めることについて,,,"予算,補正予算",議長(寺前伊平君),,次に、日程第５、承認第２号、専決処分の承認を求めることについて、令和７年 度御杖村一般会計補正予算第６号を議題と致します。本案について、提案理由の説明を求めます。 伊藤村長。,2026gikaikaigiroku3gatsu,6
2026,2026gikaikaigiroku3gatsu,◎承認第２号専決処分の承認を求めることについて,,9469000,予算,村長(伊藤収宜君),,本案につきましては、一般会計の歳入歳出それぞれに７，１６７万４千円を追 加し、補正後の総額を２８億８，９４６万９千円とするものでございます。内容は、物価高騰対応重 点支援地方創生臨時交付金を活用した地域振興券など追加するものでございます。早急に予算 措置が必要となったことから、去る１月１３日に専決処分をしましたので、承認をお願いするもので ございます。よろしくお願いします。,2026gikaikaigiroku3gatsu,6
2026,2026gikaikaigiroku3gatsu,◎承認第２号専決処分の承認を求めることについて,,,"予算,決算",議長(寺前伊平君),,質疑なしと認めます。これで総括的質疑を終わります。本案についても、議会 運営委員会委員長の報告のとおり、全員協議会で詳細な説明を受け、予算決算委員会に付託す ることにしたいと思います。ご異議ありませんか。 （「異議なし」の声あり）,2026gikaikaigiroku3gatsu,6
2026,2026gikaikaigiroku3gatsu,◎承認第３号専決処分の承認を求めることについて,,,"予算,決算,補正予算",議長(寺前伊平君),,異議なしと認めます。したがって、日程第５、承認第２号、専決処分の承認を 求めることについて、令和７年度御杖村一般会計補正予算第６号も、予算決算委員会に付託する ことに決定しました。    ◎承認第３号専決処分の承認を求めることについて （令和７年度御杖村一般会計補正予算（第７号）） ［上程、説明、総括的質疑、予算決算委員会付託］,2026gikaikaigiroku3gatsu,6
2026,2026gikaikaigiroku3gatsu,◎承認第３号専決処分の承認を求めることについて,,,"予算,補正予算",議長(寺前伊平君),,次に、日程第６、承認第３号、専決処分の承認を求めることについて、令和７年 度御杖村一般会計補正予算第７号を議題と致します。本案について、提案理由の説明を求めます。 伊藤村長。,2026gikaikaigiroku3gatsu,6
2026,2026gikaikaigiroku3gatsu,◎承認第３号専決処分の承認を求めることについて,,3130000,予算,村長(伊藤収宜君),,本案につきましては、一般会計の歳入歳出それぞれに３１３万円を追加し、補  －７－ 正後の総額を２８億９，２５９万９千円とするものでございます。内容は、衆議院議員総選挙及び最 高裁判所裁判官国民審査の執行経費を追加するものでございます。早急に予算措置が必要とな ったことから、去る１月１９日に専決処分をしましたので、承認をお願いするものでございます。よろ しくお願いします。,2026gikaikaigiroku3gatsu,7
2026,2026gikaikaigiroku3gatsu,◎承認第３号専決処分の承認を求めることについて,,,"予算,決算",議長(寺前伊平君),,質疑なしと認めます。これで総括的質疑を終わります。本案についても、議会 運営委員会委員長の報告のとおり、全員協議会で詳細な説明を受け、予算決算委員会に付託す ることにしたいと思います。ご異議ありませんか。 （「異議なし」の声あり）,2026gikaikaigiroku3gatsu,7
2026,2026gikaikaigiroku3gatsu,◎議案第１号特別職の職員で非常勤のものの報酬等に関する,,,"予算,決算,補正予算",議長(寺前伊平君),,異議なしと認めます。したがって、日程第６、承認第３号、専決処分の承認を 求めることについて、令和７年度御杖村一般会計補正予算第７号も、予算決算委員会に付託する ことに決定しました。     ◎議案第１号特別職の職員で非常勤のものの報酬等に関する 条例の一部を改正する条例の制定について ［上程、説明、総括的質疑、むらづくり委員会付託］,2026gikaikaigiroku3gatsu,7
2026,2026gikaikaigiroku3gatsu,◎議案第２号村保有基金の運用収益等を有効活用するための,,,基金,議長(寺前伊平君),,異議なしと認めます。したがって、日程第７、議案第１号、特別職の職員で非 常勤のものの報酬等に関する条例の一部を改正する条例の制定については、むらづくり委員会 に付託することに決定しました。   ◎議案第２号村保有基金の運用収益等を有効活用するための 関係条例の整理に関する条例の制定について ［上程、説明、総括的質疑、むらづくり委員会付託］ －８－,2026gikaikaigiroku3gatsu,8
2026,2026gikaikaigiroku3gatsu,◎議案第２号村保有基金の運用収益等を有効活用するための,,,基金,議長(寺前伊平君),,次に、日程第８、議案第２号、村保有基金の運用収益等を有効活用するため の関係条例の整理に関する条例の制定についてを議題と致します。本案について、提案理由の説 明を求めます。伊藤村長。,2026gikaikaigiroku3gatsu,8
2026,2026gikaikaigiroku3gatsu,◎議案第２号村保有基金の運用収益等を有効活用するための,,,基金,村長(伊藤収宜君),,本案につきましては、村保有基金の運用収益等を有効活用するために、整理 条例として基金条例の一部改正を行うものでございます。よろしくお願いします。,2026gikaikaigiroku3gatsu,8
2026,2026gikaikaigiroku3gatsu,◎議案第３号御杖村国民健康保険税条例の一部を改正する条例,,,基金,議長(寺前伊平君),,異議なしと認めます。したがって、日程第８、議案第２号、村保有基金の運用 収益等を有効活用するための関係条例の整理に関する条例の制定についても、むらづくり委員 会に付託することに決定しました。     ◎議案第３号御杖村国民健康保険税条例の一部を改正する条例 の制定について ［上程、説明、質疑、討論、採決］,2026gikaikaigiroku3gatsu,8
2026,2026gikaikaigiroku3gatsu,◎議案第１７号令和７年度御杖村一般会計補正予算（第８号）の,,,"予算,決算,補正予算",議長(寺前伊平君),,異議なしと認めます。したがって、日程第２２、議案第１６号、御杖村過疎地域 持続的発展計画の変更についても、むらづくり委員会に付託することに決定しました。     ◎議案第１７号令和７年度御杖村一般会計補正予算（第８号）の 議定について ［上程、説明、総括的質疑、予算決算委員会付託］,2026gikaikaigiroku3gatsu,20
2026,2026gikaikaigiroku3gatsu,◎議案第１７号令和７年度御杖村一般会計補正予算（第８号）の,,,"予算,補正予算",議長(寺前伊平君),,次に、日程第２３、議案第１７号、令和７年度御杖村一般会計補正予算第８号 の議定についてを議題と致します。本案について、提案理由の説明を求めます。伊藤村長。,2026gikaikaigiroku3gatsu,20
2026,2026gikaikaigiroku3gatsu,◎議案第１７号令和７年度御杖村一般会計補正予算（第８号）の,,2806377000,予算,村長(伊藤収宜君),,本案につきましては、歳入歳出予算の総額から歳入歳出それぞれ８，６２２万 ２千円を減額し補正後の総額を２８億６３７万７千円とするものでございます。主な内容ですが、事 業等における請負差等により発生する不用額の減額となっており、収支見込みによる余剰金を基 金積立するものでございます。よろしくお願いします。,2026gikaikaigiroku3gatsu,20
2026,2026gikaikaigiroku3gatsu,◎議案第１７号令和７年度御杖村一般会計補正予算（第８号）の,,,"予算,決算",議長(寺前伊平君),,質疑なしと認めます。これで総括的質疑を終わります。本案については、議会 運営委員会委員長の報告のとおり、全員協議会で詳細な説明を受け、予算決算委員会に付託す ることにしたいと思います。ご異議ありませんか。 （「異議なし」の声あり）,2026gikaikaigiroku3gatsu,20
2026,2026gikaikaigiroku3gatsu,◎議案第１８号令和７年度御杖村国民健康保険特別会計補正,,,"予算,決算,補正予算",議長(寺前伊平君),,異議なしと認めます。したがって、日程第２３、議案第１７号、令和７年度御杖 村一般会計補正予算第８号の議定については、予算決算委員会に付託することに決定しました。 －21－ ◎議案第１８号令和７年度御杖村国民健康保険特別会計補正 予算（第２号）の議定について ［上程、説明、総括的質疑、予算決算委員会付託］,2026gikaikaigiroku3gatsu,21
2026,2026gikaikaigiroku3gatsu,◎議案第１８号令和７年度御杖村国民健康保険特別会計補正,,,予算,議長(寺前伊平君),,次に、日程第２４、議案第１８号、令和７年度御杖村国民健康保険特別会計補 正予算第２号の議定についてを議題と致します。本案について、提案理由の説明を求めます。 伊藤村長。,2026gikaikaigiroku3gatsu,21
2026,2026gikaikaigiroku3gatsu,◎議案第１８号令和７年度御杖村国民健康保険特別会計補正,,108537000,予算,村長(伊藤収宜君),,本案につきましては、先ず、事業勘定ですが、歳入歳出予算の総額に歳入歳 出それぞれ２３１万円を追加し補正後の総額を２億４，２９２万４千円とするものでございます。主な 内容は、国民健康保険事業費納付金を増額するものでございます。診療施設勘定につきまして は、歳入歳出予算の総額から歳入歳出からそれぞれ１５０万円を減額し、補正後の総額を１億 ８５３万７千円とするものです。主な内容は、代診医師報酬を減額する,2026gikaikaigiroku3gatsu,21
2026,2026gikaikaigiroku3gatsu,◎議案第１８号令和７年度御杖村国民健康保険特別会計補正,,,"予算,決算",議長(寺前伊平君),,質疑なしと認めます。これで総括的質疑を終わります。本案についても、議会 運営委員会委員長の報告のとおり、全員協議会で詳細な説明を受け、予算決算委員会に付託す ることにしたいと思います。ご異議ありませんか。 （「異議なし」の声あり）,2026gikaikaigiroku3gatsu,21
2026,2026gikaikaigiroku3gatsu,◎議案第１９号令和７年度御杖村介護保険特別会計補正予算,,,"予算,決算,補正予算",議長(寺前伊平君),,異議なしと認めます。したがって、日程第２４、議案第１８号、令和７年度御杖 村国民健康保険特別会計補正予算第２号の議定についても、予算決算委員会に付託することに 決定しました。     ◎議案第１９号令和７年度御杖村介護保険特別会計補正予算 （第４号）の議定について ［上程、説明、総括的質疑、予算決算委員会付託］,2026gikaikaigiroku3gatsu,21
2026,2026gikaikaigiroku3gatsu,◎議案第１９号令和７年度御杖村介護保険特別会計補正予算,,,予算,議長(寺前伊平君),,次に、日程第２５、議案第１９号、令和７年度御杖村介護保険特別会計補正 予算第４号の議定についてを議題と致します。本案について、提案理由の説明を求めます。伊藤 村長。,2026gikaikaigiroku3gatsu,21
2026,2026gikaikaigiroku3gatsu,◎議案第１９号令和７年度御杖村介護保険特別会計補正予算,,402897000,"予算,基金",村長(伊藤収宜君),,本案に.つきましては、歳入歳出予算の総額から歳入歳出それぞれ４２４万５ 千円を減額し、補正後の総額を４億２８９万７千円とするものものでございます。主な内容は、介護 給付費の実績見込みに合わせた減額及び介護給付費準備基金の積立を行うものでございます。 よろしくお願いします。,2026gikaikaigiroku3gatsu,21
2026,2026gikaikaigiroku3gatsu,◎議案第１９号令和７年度御杖村介護保険特別会計補正予算,,,"予算,決算",議長(寺前伊平君),,質疑なしと認めます。これで総括的質疑を終わります。本案についても、議会 運営委員会委員長の報告のとおり、全員協議会で詳細な説明を受け、予算決算委員会に付託す ることにしたいと思います。ご異議ありませんか。 （「異議なし」の声あり）,2026gikaikaigiroku3gatsu,22
2026,2026gikaikaigiroku3gatsu,◎議案第１９号令和７年度御杖村介護保険特別会計補正予算,,,"予算,決算,補正予算",議長(寺前伊平君),,異議なしと認めます。したがって、日程第２５、議案第１９号、令和７年度御杖 村介護保険特別会計補正予算第４号の議定についても、予算決算委員会に付託することに決定 しました。    ◎令和８年度施政方針 ［伊藤村長］,2026gikaikaigiroku3gatsu,22
2026,2026gikaikaigiroku3gatsu,◎議案第１９号令和７年度御杖村介護保険特別会計補正予算,,,予算,議長(寺前伊平君),,次に日程第２６、議案第２０号から日程第３０、議案第２４号までは、令和８年度 の一般会計予算及び特別会計予算並びに事業会計予算の議案となります。審議に入ります前に、 伊藤村長より、新年度に向けての施策方針を伺いたいと思います。伊藤村長よろしくお願いしま す。,2026gikaikaigiroku3gatsu,22
2026,2026gikaikaigiroku3gatsu,◎議案第１９号令和７年度御杖村介護保険特別会計補正予算,Welfare,9665000,"予算,基金,補助金",村長(伊藤収宜君),,本日ここに、令和８年度当初予算案をはじめ、諸議案をご審議いただくにあた り、村政に臨む私の所信及び主要施策の概要を申し上げ、議員各位並びに村民の皆様のご理解 とご協力を賜りたいと存じます。はじめに、村民の皆様の温かいご支援とご協力により、村政をお 預かりして早くも１０年の歳月が経過しました。この間、村民の安全、快適な暮らしを目指して、 様々な施策に取り組んできました。特に、大きな課題の一つでありま,2026gikaikaigiroku3gatsu,24
2026,2026gikaikaigiroku3gatsu,◎議案第２０号令和８年度御杖村一般会計予算の議定について,,,"予算,決算",議長(寺前伊平君),,ありがとうございました。     ◎議案第２０号令和８年度御杖村一般会計予算の議定について ［上程、説明、総括的質疑、予算決算委員会付託］ ,2026gikaikaigiroku3gatsu,24
2026,2026gikaikaigiroku3gatsu,◎議案第２０号令和８年度御杖村一般会計予算の議定について,,,予算,議長(寺前伊平君),,それでは、日程第２６、議案第２０号、令和８年度御杖村一般会計予算の議定 についてを議題と致します。本案について、提案理由の説明を求めます。伊藤村長。,2026gikaikaigiroku3gatsu,24
2026,2026gikaikaigiroku3gatsu,◎議案第２０号令和８年度御杖村一般会計予算の議定について,,1305000000,"予算,取得,基金,工事,補助金,補正予算,財産",副村長(中嶋英樹君),副村長 (Vice Mayor),令和８年度御杖村一般会計予算の概要について、ご説明申し上げます。 村長の施政方針に続きまして、説明要旨及び説明資料の６ページをご覧ください。こちらの表は、 本村の令和８年度全会計の予算案総括表となっています。区分、一般会計の欄をご覧ください。 予算額２６億５，３００万円で、前年度に比べ３，８００百万円、１．４％の減額となります。７ページを ご覧ください。この表につきましては、一般会計の歳入を款の区,2026gikaikaigiroku3gatsu,26
2026,2026gikaikaigiroku3gatsu,◎議案第２０号令和８年度御杖村一般会計予算の議定について,,,"予算,決算",議長(寺前伊平君),,質疑なしと認めます。これで質疑を終わります。本案についても、議会運営委 員会委員長の報告のとおり、全員協議会で詳細な説明を受け、予算決算委員会に付託すること にしたいと思います。ご異議ありませんか。 （「異議なし」の声あり）,2026gikaikaigiroku3gatsu,26
2026,2026gikaikaigiroku3gatsu,◎議案第２１号令和８年度御杖村国民健康保険特別会計予算,,,"予算,決算",議長(寺前伊平君),,異議なしと認めます。したがって、日程第２６、議案第２０号、令和８年度御杖 村一般会計予算の議定についても、予算決算委員会に付託することに決定しました。     ◎議案第２１号令和８年度御杖村国民健康保険特別会計予算 の議定について ［上程、説明、総括的質疑、予算決算委員会付託］,2026gikaikaigiroku3gatsu,26
2026,2026gikaikaigiroku3gatsu,◎議案第２１号令和８年度御杖村国民健康保険特別会計予算,,,予算,議長(寺前伊平君),,次に、日程第２７、議案第２１号、令和８年度御杖村国民健康保険特別会計 予算の議定についてを議題とします。本案について、提案理由の説明を求めます。伊藤村長。,2026gikaikaigiroku3gatsu,26
2026,2026gikaikaigiroku3gatsu,◎議案第２１号令和８年度御杖村国民健康保険特別会計予算,,,"予算,決算",議長(寺前伊平君),,質疑なしと認めます。これで総括的質疑を終わります。本案についても、議会 運営委員会委員長の報告のとおり、全員協議会で詳細な説明を受け、予算決算委員会に付託す ることにしたいと思います。ご異議ありませんか。 （「異議なし」の声あり） －27－,2026gikaikaigiroku3gatsu,27
2026,2026gikaikaigiroku3gatsu,◎議案第２２号令和８年度御杖村介護保険特別会計予算の,,,"予算,決算",議長(寺前伊平君),,異議なしと認めます。したがって、日程第２７、議案第２１号、令和８年度御杖 村国民健康保険特別会計予算の議定についても、予算決算委員会に付託 することに決定しま した。     ◎議案第２２号令和８年度御杖村介護保険特別会計予算の 議定について ［上程、説明、総括的質疑、予算決算委員会付託］,2026gikaikaigiroku3gatsu,27
2026,2026gikaikaigiroku3gatsu,◎議案第２２号令和８年度御杖村介護保険特別会計予算の,,,予算,議長(寺前伊平君),,次に、日程第２８、議案第２２号、令和８年度御杖村介護保険特別会計予算の 議定についてを議題とします。本案について、提案理由の説明を求めます。伊藤村長。,2026gikaikaigiroku3gatsu,27
2026,2026gikaikaigiroku3gatsu,◎議案第２２号令和８年度御杖村介護保険特別会計予算の,,,"予算,決算",議長(寺前伊平君),,質疑なしと認めます。これで総括的質疑を終わります。本案についても、議会 運営委員会委員長の報告のとおり、全員協議会で詳細な説明を受け、予算決算委員会に付託す ることにしたいと思います。ご異議ありませんか。 （「異議なし」の声あり）,2026gikaikaigiroku3gatsu,27
2026,2026gikaikaigiroku3gatsu,◎議案第２３号令和８年度御杖村後期高齢者医療特別会計,,,"予算,決算",議長(寺前伊平君),,異議なしと認めます。したがって、日程第２８、議案第２２号、令和８年度御杖 村介護保険特別会計予算の議定についても、予算決算委員会に付託する ことに決定しました。     ◎議案第２３号令和８年度御杖村後期高齢者医療特別会計 予算の議定について ［上程、説明、総括的質疑、予算決算委員会付託］,2026gikaikaigiroku3gatsu,27
2026,2026gikaikaigiroku3gatsu,◎議案第２３号令和８年度御杖村後期高齢者医療特別会計,,,予算,議長(寺前伊平君),,次に、日程第２９、議案第２３号、令和８年度御杖村後期高齢者医療特別会計 予算の議定についてを議題とします。本案について、提案理由の説明を求めます。伊藤村長。,2026gikaikaigiroku3gatsu,27
2026,2026gikaikaigiroku3gatsu,◎議案第２３号令和８年度御杖村後期高齢者医療特別会計,,,"予算,決算",議長(寺前伊平君),,質疑なしと認めます。これで総括的質疑を終わります。本案についても、議会 運営委員会委員長の報告のとおり、全員協議会で詳細な説明を受け、予算決算委員会に付託す ることにしたいと思います。ご異議ありませんか。 －28－ （「異議なし」の声あり）,2026gikaikaigiroku3gatsu,28
2026,2026gikaikaigiroku3gatsu,◎議案第２４号令和８年度御杖村簡易水道事業会計,Water/Sewer,,"予算,決算",議長(寺前伊平君),,異議なしと認めます。したがって、日程第２９、議案第２３号、令和８年度御杖 村後期高齢者医療特別会計予算の議定についても、予算決算委員会に付託することに決定しま した。     ◎議案第２４号令和８年度御杖村簡易水道事業会計 予算の議定について ［上程、説明、総括的質疑、予算決算委員会付託］ ,2026gikaikaigiroku3gatsu,28
2026,2026gikaikaigiroku3gatsu,◎議案第２４号令和８年度御杖村簡易水道事業会計,Water/Sewer,,予算,議長(寺前伊平君),,次に、日程第３０、議案第２４号、令和８年度御杖村簡易水道事業会計予算の 議定についてを議題とします。本案について、提案理由の説明を求めます。伊藤村長。,2026gikaikaigiroku3gatsu,28
2026,2026gikaikaigiroku3gatsu,◎議案第２４号令和８年度御杖村簡易水道事業会計,Water/Sewer,,"予算,決算",議長(寺前伊平君),,質疑なしと認めます。これで総括的質疑を終わります。本案についても、議会 運営委員会委員長の報告のとおり、全員協議会で詳細な説明を受け、予算決算委員会に付託す ることにしたいと思います。ご異議ありませんか。 （「異議なし」の声あり）,2026gikaikaigiroku3gatsu,28
2026,2026gikaikaigiroku3gatsu,◎議案第２４号令和８年度御杖村簡易水道事業会計,Water/Sewer,,"予算,決算",議長(寺前伊平君),,異議なしと認めます。したがって、日程第３０、議案第２４号、令和８年度御杖 村簡易水道事業会計予算の議定についても、予算決算委員会に付託する ことに決定しました。    ◎散会の宣言,2026gikaikaigiroku3gatsu,28
2026,2026gikaikaigiroku3gatsu,◎議案第２４号令和８年度御杖村簡易水道事業会計,Village Development,,"予算,基金,補正予算",議長(寺前伊平君),,以上をもって、本日の日程は全て終了致しました。次回の本会議は３月１６日 月曜日、午前１０時より開くことに致します。本日は、これにて散会致します。長時間にわたりお疲 れ様でした。 （午前１１時４７分散会）     －29－ －30－ （令和８年３月１６日）     －31－ 令和８年第１回（３月）御杖村議会定例会（第２号） 令和８年３月１６日（月） 開議 午前１０時００分 ◎議事日程［審議結果］ 日,2026gikaikaigiroku3gatsu,33
2026,2026gikaikaigiroku3gatsu,◎議案第２４号令和８年度御杖村簡易水道事業会計,Water/Sewer,107221000,"予算,補正予算",４番(福田麻衣子君),,それでは、宇陀衛生一部事務組合議会の報告をさせていただきます。去る ２月１７日火曜日午後３時から、令和８年宇陀衛生一部事務組合議会第１回定例会が、宇陀市役 所菟田野地域事務所大会議室で開催されました。出席した組合議会議員は１３名で、御杖村から は、寺前議員とわたくし福田が出席いたしました。管理者である宇陀市金剛市長の招集あいさつ の後、曽爾村の 細谷村長より就任の挨拶がありました。議事日程に基づき,2026gikaikaigiroku3gatsu,33
2026,2026gikaikaigiroku3gatsu,◎議案第２４号令和８年度御杖村簡易水道事業会計,Water/Sewer,9996000,"予算,入札,基金,契約,工事,繰越",１番(影山英章君),,それでは、令和８年第１回東宇陀環境衛生組合議会定例会の報告をさせて いただきます。去る、２月２７日午前９時３０分より、令和８年第１回東宇陀環境衛生組合議会定例 会が東宇陀クリーンセンターにおいて開催されました。宇陀市からは組合議長として松浦利久子 議員、組合議員として、中川ゆり子議員、森田明子議員、勝井太郎議員が出席いたしました。曽 爾村からは組合議員として岡本久光議員、大向實議員、松本喬議員が出,2026gikaikaigiroku3gatsu,35
2026,2026gikaikaigiroku3gatsu,◎議案第２４号令和８年度御杖村簡易水道事業会計,Water/Sewer,5812000,予算,２番(小田靜男君),,曽爾御杖行政一部事務組合議会令和８年第１回３月定例会報告書。それで は去る、３月２日午後３時より御杖村議会委員会室において開催されました、曽爾御杖行政一部 事務組合議会令和８年第１回３月定例会の報告をさせていただきます。 曽爾村からは、組合議 長として大向議員、組合議員として佐治議員、東口議員が出席し、御杖村からは組合議員として 盛岡議員、福田議員と私小田が出席致しました。開会に先立ち、先の曽爾村,2026gikaikaigiroku3gatsu,35
2026,2026gikaikaigiroku3gatsu,◎議案第２４号令和８年度御杖村簡易水道事業会計,Water/Sewer,,予算,７番(盛岡英成君),,ありがとうございます。早急に取り組んで行っていただきたいなと思っておりま す。予算の必要な部分については、予算計上していくことになるんですけれども、予算がいらない、 掛からない部分があると思うんです。それについては、早急に取り組んで行っていただきたいと思 います。ほとんどの方が高齢になって行く中で、やはり現在村に住んでいる方を大切にして行く、 そういう政治を是非ともお願いを申し上げまして、私の質問,2026gikaikaigiroku3gatsu,38
2026,2026gikaikaigiroku3gatsu,◎議案第２４号令和８年度御杖村簡易水道事業会計,Water/Sewer,4400000000,基金,村長(伊藤収宜君),,影山議員ご質問にあります令和８年度における重点施策について、お答えし たいと思います。今定例会におきまして、令和８年度の主要施策を提案しましたが、各分野の施策 はいずれも重要であると認識しております。その中でも、特に住民の生活支援が重要と考え、基金 の運用収益等を有効活用するための基金条例の整理に関する条例を上程しております。昨年９ 月の定例会でご報告させていただきました本村の基金残高は、一般会計,2026gikaikaigiroku3gatsu,38
2026,2026gikaikaigiroku3gatsu,◎議案第２４号令和８年度御杖村簡易水道事業会計,Water/Sewer,,基金,１番(影山英章君),,詳しい答弁ありがとうございます。基金の運用収益を有効活用されとのことで すが、し尿運搬手数料の減免以外にどのような住民の方に向けての生活支援をされるのか詳しく お聞かせください。,2026gikaikaigiroku3gatsu,38
2026,2026gikaikaigiroku3gatsu,◎承認第１号専決処分の承認を求めることについて（令和７年,,,"予算,補正予算",１番(影山英章君),,答弁ありがとうございました。課題は多岐に渡りますが、高齢者層はもちろん 若年層にも、その時のニーズ合った住民の方々への生活支援を考えていただいて、将来のことを 見据えて引き続き生活支援をお願いしまして、私の一般質問を以上とさせていただきます。    ◎承認第１号専決処分の承認を求めることについて（令和７年 度御杖村一般会計補正予算（第５号））、承認第２号専決処 分の承認を求めることについて（令和７,2026gikaikaigiroku3gatsu,39
2026,2026gikaikaigiroku3gatsu,◎承認第１号専決処分の承認を求めることについて（令和７年,,,"予算,決算,補正予算",議長(寺前伊平君),,次に、日程第３、承認１号、専決処分の承認を求めることについて、令和７年 度御杖村一般会計補正予算第５号、日程第４、承認第２号、専決処分の承認を求めることについ て、令和７年度御杖村一般会計補正予算第６号、日程第５、承認第３号、専決処分の承認を求め ることについて、令和７年度御杖村一般会計補正予算第７号の３議案につきましては、予算決算 委員会へ付託した案件でございますので、これを一括議題としたいと思,2026gikaikaigiroku3gatsu,39
2026,2026gikaikaigiroku3gatsu,◎承認第１号専決処分の承認を求めることについて（令和７年,,,"予算,決算",議長(寺前伊平君),,異議なしと認め、そのように進めさせていただきます。日程第３、承認第１号、 日程第４、承認第２号、日程第５、承認第３号の３議案について、御杖村議会会議規則第４１条第 １項の規定に基づき、予算決算委員会福田委員長より一括して審査経過及び結果の報告をお願 いします。予算決算委員会委員長、福田麻衣子君。,2026gikaikaigiroku3gatsu,39
2026,2026gikaikaigiroku3gatsu,◎承認第１号専決処分の承認を求めることについて（令和７年,,,"予算,決算,補助金,補正予算",４番(福田麻衣子君),,それでは、予算決算委員会を代表しまして、当委員会に付託されました、 承認第１号から承認第３号の専決処分の承認を求めることについて、令和７年度御杖村一般会計 補正予算につきまして、その審査の経緯並びに経過と結果についてご報告させていただきます。 まず、審査の経緯でございますが、去る３月４日の本会議におきまして、令和７年度一般会計及び 各特別会計における専決処分を含む補正予算６件、令和８年度一般会計及,2026gikaikaigiroku3gatsu,40
2026,2026gikaikaigiroku3gatsu,◎承認第１号専決処分の承認を求めることについて（令和７年,,,"予算,決算",議長(寺前伊平君),,福田委員長、ありがとうございました。これより、予算決算委員会委員長報告 に対する質疑を一括して行います。質疑は、ございませんか。 （「質疑なし」の声あり）,2026gikaikaigiroku3gatsu,40
2026,2026gikaikaigiroku3gatsu,◎承認第１号専決処分の承認を求めることについて,,,"予算,補正予算",議長(寺前伊平君),,質疑なしと認めます。これで質疑を終わります。続いて議案ごとに、討論 及び採決を行います。   ◎承認第１号専決処分の承認を求めることについて （令和７年度御杖村一般会計補正予算(第５号）) ［討論、採決］,2026gikaikaigiroku3gatsu,40
2026,2026gikaikaigiroku3gatsu,◎承認第１号専決処分の承認を求めることについて,,,"予算,補正予算",議長(寺前伊平君),,最初に、日程第３、承認第１号、専決処分の承認を求めることについて、令和 ７年度御杖村一般会計補正予算第５号を議題とし、討論を行います。討論はありませんか。 （「討論なし」の声あり）,2026gikaikaigiroku3gatsu,40
2026,2026gikaikaigiroku3gatsu,◎承認第１号専決処分の承認を求めることについて,,,"予算,決算",議長(寺前伊平君),,討論なしと認めます。これで討論を終わります。これより、本案について採決 を行います。本案に対する予算決算委員会委員長の報告は、承認です。日程第３、承認第１号に ついて、予算決算委員会委員長の報告のとおり決定することに賛成の方は、起立願います。 （全員／起立）,2026gikaikaigiroku3gatsu,40
2026,2026gikaikaigiroku3gatsu,◎承認第２号専決処分の承認を求めることについて,,,"予算,決算,補正予算",議長(寺前伊平君),,ありがとうございます。全員の起立により、日程第３、承認第１号、専決処分の 承認を求めることについて、令和７年度御杖村一般会計補正予算第５号は、予算決算委員会委 員長の報告のとおり承認されました。   ◎承認第２号専決処分の承認を求めることについて （令和７年度御杖村一般会計補正予算(第６号）) ［討論、採決］,2026gikaikaigiroku3gatsu,40
2026,2026gikaikaigiroku3gatsu,◎承認第２号専決処分の承認を求めることについて,,,"予算,補正予算",議長(寺前伊平君),,次に、日程第４、承認第２号、専決処分の承認を求めることについて、令和７ 年度御杖村一般会計補正予算第６号を議題とし、討論を行います。討論はありませんか。 （「討論なし」の声あり）,2026gikaikaigiroku3gatsu,40
2026,2026gikaikaigiroku3gatsu,◎承認第２号専決処分の承認を求めることについて,,,"予算,決算",議長(寺前伊平君),,討論なしと認めます。これで討論を終わります。これより、本案について採決 を行います。本案に対する予算決算委員会委員長の報告は、承認です。日程第４、承認第２号に ついて、予算決算委員会委員長の報告のとおり決定することに賛成の方は、起立願います。 －41－ （全員／起立）,2026gikaikaigiroku3gatsu,41
2026,2026gikaikaigiroku3gatsu,◎承認第３号専決処分の承認を求めることについて,,,"予算,決算,補正予算",議長(寺前伊平君),,ありがとうございます。全員の起立により、日程第４、承認第２号、専決処分の 承認を求めることについて、令和７年度御杖村一般会計補正予算第６号も、予算決算委員会委員 長の報告のとおり承認されました。   ◎承認第３号専決処分の承認を求めることについて （令和７年度御杖村一般会計補正予算(第７号）) ［討論、採決］,2026gikaikaigiroku3gatsu,41
2026,2026gikaikaigiroku3gatsu,◎承認第３号専決処分の承認を求めることについて,,,"予算,補正予算",議長(寺前伊平君),,次に、日程第５、承認第３号、専決処分の承認を求めることについて、令和７ 年度御杖村一般会計補正予算第７号を議題とし、討論を行います。討論はありませんか。 （「討論なし」の声あり）,2026gikaikaigiroku3gatsu,41
2026,2026gikaikaigiroku3gatsu,◎承認第３号専決処分の承認を求めることについて,,,"予算,決算",議長(寺前伊平君),,討論なしと認めます。これで討論を終わります。これより、本案について採決 を行います。本案に対する予算決算委員会委員長の報告は、承認です。日程第５、承認第３号に ついて、予算決算委員会委員長の報告のとおり決定することに賛成の方は、起立願います。 （全員／起立）,2026gikaikaigiroku3gatsu,41
2026,2026gikaikaigiroku3gatsu,◎議案第１号特別職の職員で非常勤のものの報酬等に関する,,,"予算,基金,決算,補正予算",議長(寺前伊平君),,ありがとうございます。全員の起立により、日程第５、承認第３号、専決処分の 承認を求めることについて、令和７年度御杖村一般会計補正予算第７号も、予算決算委員会委員 長の報告のとおり承認されました。   ◎議案第１号特別職の職員で非常勤のものの報酬等に関する 条例の一部を改正する条例の制定について、議案第２号村 保有基金の運用収益等を有効活用するための関係条例の 整理に関する条例の制定について、議案第,2026gikaikaigiroku3gatsu,41
2026,2026gikaikaigiroku3gatsu,◎議案第１号特別職の職員で非常勤のものの報酬等に関する,,,基金,議長(寺前伊平君),,次に、日程第６、議案第１号、特別職の職員で非常勤のものの報酬等に関す る条例の一部を改正する条例の制定について、日程第７、議案第２号、村保有基金の運用収益 等を有効活用するための関係条例の整理に関する条例の制定について、日程第８、議案第８号、 三季館設置条例の制定について、日程第９、議案第９号、みつえ青少年旅行村設置条例の一部 を改正する条例の制定について、日程第１０、議案第１３号、御杖村の公の施,2026gikaikaigiroku3gatsu,42
2026,2026gikaikaigiroku3gatsu,◎議案第１号特別職の職員で非常勤のものの報酬等に関する,,,基金,７番(盛岡英成君),,それでは、むらづくり委員会に付託されました、８議案につきまして、その審査 の経緯と結果について、報告させていただきます。審査の経緯でございますが、去る３月４日の 本会議におきまして、議案第１号特別職の職員で非常勤のものの報酬等に関する条例の一部を 改正する条例の制定について、議案第２号村保有基金の運用収益等を有効活用するための 関係条例の整理に関する条例の制定について、議案第８号三季館設置条例の制,2026gikaikaigiroku3gatsu,42
2026,2026gikaikaigiroku3gatsu,◎議案第２号村保有基金の運用収益等を有効活用するため,,,基金,議長(寺前伊平君),,ありがとうございます。全員の起立により、日程第６、議案第１号、特別職の職 員で非常勤のものの報酬等に関する条例の一部を改正する条例の制定については、むらづくり 委員会委員長の報告のとおり可決されました。   ◎議案第２号村保有基金の運用収益等を有効活用するため の関係条例の整理に関する条例の制定について ［討論、採決］,2026gikaikaigiroku3gatsu,43
2026,2026gikaikaigiroku3gatsu,◎議案第２号村保有基金の運用収益等を有効活用するため,,,基金,議長(寺前伊平君),,次に、日程第７、議案第２号、村保有基金の運用収益等を有効活用するため の関係条例の整理に関する条例の制定についてを議題とし、討論を行います。討論はありません か。 （「討論なし」の声あり）,2026gikaikaigiroku3gatsu,43
2026,2026gikaikaigiroku3gatsu,◎議案第８号議案第８号三季館設置条例の制定について,,,基金,議長(寺前伊平君),,ありがとうございます。全員の起立により、日程第７、議案第２号、村保有基金 の運用収益等を有効活用するための関係条例の整理に関する条例の制定についても、むらづく り委員会委員長の報告のとおり可決されました。   ◎議案第８号議案第８号三季館設置条例の制定について ［討論、採決］,2026gikaikaigiroku3gatsu,43
2026,2026gikaikaigiroku3gatsu,◎議案第１７号令和７年度御杖村一般会計補正予算（第８号）,,,"予算,補正予算",議長(寺前伊平君),,ありがとうございます。全員の起立により、日程第１３、議案第１６号、御杖村 過疎地域持続的発展計画の変更についても、むらづくり委員会委員長の報告のとおり可決されま した。   ◎議案第１７号令和７年度御杖村一般会計補正予算（第８号） の議定について、議案第１８号令和７年度御杖村国民健 康保険特別会計補正予算（第２号）の議定について、議 案第１９号令和７年度御杖村介護保険特別会計補正予算 （第４号）の,2026gikaikaigiroku3gatsu,45
2026,2026gikaikaigiroku3gatsu,◎議案第１７号令和７年度御杖村一般会計補正予算（第８号）,,,"予算,決算,補正予算",議長(寺前伊平君),,次に、日程第１４、議案１７号、令和７年度御杖村一般会計補正予算第８号の 議定について、日程第１５、議案第１８号、令和７年度御杖村国民健康保険特別会計補正予算第 ２号の議定について、日程第１６、議案第１９号、令和７年度御杖村介護保険特別会計補正予算 第４号の議定についての３議案につきましても、予算決算委員会へ付託した案件でございますの で、これを一括議題としたいと思いますが、異議ありませんか。 （「,2026gikaikaigiroku3gatsu,45
2026,2026gikaikaigiroku3gatsu,◎議案第１７号令和７年度御杖村一般会計補正予算（第８号）,,,"予算,決算",議長(寺前伊平君),,異議なしと認め、そのように進めさせていただきます。日程第１４、議案第１７ 号、日程第１５、議案第１８号、日程第１６、議案第１９号の３議案について、御杖村議会会議規則 第４１条第１項の規定に基づき、予算決算委員会福田委員長より一括して審査経過及び結果の 報告をお願いします。予算決算委員会委員長、福田麻衣子君。,2026gikaikaigiroku3gatsu,45
2026,2026gikaikaigiroku3gatsu,◎議案第１７号令和７年度御杖村一般会計補正予算（第８号）,,,"予算,決算,補正予算",４番(福田麻衣子君),,それでは、予算決算委員会を代表しまして、当委員会に   付託されました、 －46－ 議案第１７号の一般会計及び議案第１８号と議案第１９号の各特別会計における補正予算につき まして、一括して、その審査の経緯並びに経過と結果についてご報告させていただきます。審査 の経緯につきましては、先に報告させていただきましたとおりでございますので、割愛させていた だきます。審査の経過でございますが、令和７年度の一,2026gikaikaigiroku3gatsu,46
2026,2026gikaikaigiroku3gatsu,◎議案第１７号令和７年度御杖村一般会計補正予算（第８号）,,,"予算,決算",議長(寺前伊平君),,福田委員長、ありがとうございました。これより、予算決算委員会委員長報告 に対する質疑を一括して行います。質疑は、ございませんか。 （「質疑なし」の声あり）,2026gikaikaigiroku3gatsu,46
2026,2026gikaikaigiroku3gatsu,◎議案第１７号令和７年度御杖村一般会計補正予算（第８号）の,,,"予算,補正予算",議長(寺前伊平君),,質疑なしと認めます。これで質疑を終わります。続いて議案ごとに、討論及び 採決を行います。  ◎議案第１７号令和７年度御杖村一般会計補正予算（第８号）の 議定について ［討論、採決］,2026gikaikaigiroku3gatsu,46
2026,2026gikaikaigiroku3gatsu,◎議案第１７号令和７年度御杖村一般会計補正予算（第８号）の,,,"予算,補正予算",議長(寺前伊平君),,最初に、日程第１４、議案第１７号、令和７年度御杖村一般会計補正予算第８ 号の議定についてを議題とし、討論を行います。討論はありませんか。 （「討論なし」の声あり）,2026gikaikaigiroku3gatsu,46
2026,2026gikaikaigiroku3gatsu,◎議案第１７号令和７年度御杖村一般会計補正予算（第８号）の,,,"予算,決算",議長(寺前伊平君),,討論なしと認めます。これで討論を終わります。これより、本案について採決を 行います。本案に対する予算決算委員会委員長の報告は、可決です。日程第１４、議案第１７号に ついて、予算決算委員会委員長の報告のとおり決定することに賛成の方は、起立願います。 （全員／起立）,2026gikaikaigiroku3gatsu,46
2026,2026gikaikaigiroku3gatsu,◎議案第１８号令和７年度御杖村国民健康保険特別会計補正,,,"予算,決算,補正予算",議長(寺前伊平君),,ありがとうございます。全員の起立により、日程第１４、議案第１７号、令和７年 度御杖村一般会計補正予算第８号の議定については、予算決算委員会委員長の報告のとおり 可決されました。   ◎議案第１８号令和７年度御杖村国民健康保険特別会計補正 予算（第２号）の議定について ［討論、採決］,2026gikaikaigiroku3gatsu,46
2026,2026gikaikaigiroku3gatsu,◎議案第１８号令和７年度御杖村国民健康保険特別会計補正,,,"予算,補正予算",議長(寺前伊平君),,次に、日程第１５、議案第１８号、令和７年度御杖村国民健康保険特別会計 補正予算第２号の議定についてを議題とし、討論を行います。討論はありませんか。 「討論なし」の声あり,2026gikaikaigiroku3gatsu,46
2026,2026gikaikaigiroku3gatsu,◎議案第１８号令和７年度御杖村国民健康保険特別会計補正,,,"予算,決算",議長(寺前伊平君),,討論なしと認めます。これで討論を終わります。これより、本案について採決を 行います。本案に対する予算決算委員会委員長の報告は、可決です。日程第１５、議案第１８号に ついて、予算決算委員会   委員長の報告のとおり決定することに賛成の方は、起立願います。 （全員／起立） －47－,2026gikaikaigiroku3gatsu,47
2026,2026gikaikaigiroku3gatsu,◎議案第１９号令和７年度御杖村介護保険特別会計補正予算,,,"予算,決算,補正予算",議長(寺前伊平君),,ありがとうございます。全員の起立により、日程第１５、議案第１８号、令和７年 度御杖村国民健康保険特別会計補正予算第２号の議定についても、予算 決算委員会委員長 の報告のとおり可決されました。   ◎議案第１９号令和７年度御杖村介護保険特別会計補正予算 （第４号）の議定について ［討論、採決］,2026gikaikaigiroku3gatsu,47
2026,2026gikaikaigiroku3gatsu,◎議案第１９号令和７年度御杖村介護保険特別会計補正予算,,,予算,議長(寺前伊平君),,次に、日程第１６、議案第１９号、令和７年度御杖村介護保険特別会計補正 予算第４号の議定についてを議題とし、討論を行います。討論はありませんか。 （「討論なし」の声あり）,2026gikaikaigiroku3gatsu,47
2026,2026gikaikaigiroku3gatsu,◎議案第１９号令和７年度御杖村介護保険特別会計補正予算,,,"予算,決算",議長(寺前伊平君),,討論なしと認めます。これで討論を終わります。これより、本案について採決を 行います。本案に対する予算決算委員会委員長の報告は、可決です。日程第１６、議案第１９号に ついて、予算決算委員会委員長の報告のとおり決定することに賛成の方は、起立願います。 （全員／起立）,2026gikaikaigiroku3gatsu,47
2026,2026gikaikaigiroku3gatsu,◎議案第２０号令和８年度御杖村一般会計予算の議定につい,Water/Sewer,,"予算,決算,補正予算",議長(寺前伊平君),,ありがとうございます。全員の起立により、日程第１６、議案第１９号、令和７年 度御杖村介護保険特別会計補正予算第４号の議定についても、予算決算委員会委員長の報告 のとおり可決されました。   ◎議案第２０号令和８年度御杖村一般会計予算の議定につい て、議案第２１号令和８年度御杖村国民健康保険特別会計 予算の議定について、議案第２２号令和８年度御杖村介護 保険特別会計予算の議定について、議案第２３号令,2026gikaikaigiroku3gatsu,47
2026,2026gikaikaigiroku3gatsu,◎議案第２０号令和８年度御杖村一般会計予算の議定につい,Water/Sewer,,"予算,決算",議長(寺前伊平君),,次に、日程第１７、議案第２０号、令和８年度御杖村一般会計予算の議定に ついて、日程第１８、議案第２１号、令和８年度御杖村国民健康保険特別会計予算の議定につい て、日程第１９、議案第２２号、令和８年度御杖村介護保険特別会計予算の議定について、日程 第２０、議案第２３号、令和８年度御杖村後期高齢者医療特別会計予算の議定について、日程第 ２１、議案第２４号、令和８年度御杖村簡易水道事業会計予算の議定につ,2026gikaikaigiroku3gatsu,47
2026,2026gikaikaigiroku3gatsu,◎議案第２０号令和８年度御杖村一般会計予算の議定につい,,,"予算,決算",議長(寺前伊平君),,異議なしと認め、そのように進めさせていただきます。日程第１７、議案第 ２０号、日程第１８、議案第２１号、日程第１９、議案第２２号、日程第２０、議案第２３号、日程第２１、 議案第２４号の５議案について、御杖村議会会議規則第４１条第１項の規定に基づき、予算決算 委員会福田委員長より一括して審査 経過及び結果の報告をお願いします。予算決算委員会委 員長、福田麻衣子君。 －48－,2026gikaikaigiroku3gatsu,48
2026,2026gikaikaigiroku3gatsu,◎議案第２０号令和８年度御杖村一般会計予算の議定につい,,,"予算,決算,補正予算",４番(福田麻衣子君),,それでは、議案第２０号から議案第２４号の一般会計及び各特別会計におけ る令和８年度当初予算の議定につきまして、一括して、その審査の経過と結果について報告をさせ ていただきます。審査の経緯につきましては、先に報告させていただきましたとおりでございますの で、割愛させていただきます。審査の経過でございますが、補正予算同様、議案ごとに３月５日開 催の全員協議会において説明いただいた以外に、 提案理由及び,2026gikaikaigiroku3gatsu,48
2026,2026gikaikaigiroku3gatsu,◎議案第２０号令和８年度御杖村一般会計予算の議定につい,,,"予算,決算",議長(寺前伊平君),,福田委員長、ありがとうございました。これより、予算決算委員会委員長報告に 対する質疑を一括して行います。質疑は、ございませんか。 （「質疑なし」の声あり）,2026gikaikaigiroku3gatsu,48
2026,2026gikaikaigiroku3gatsu,◎議案第２０号令和８年度御杖村一般会計予算の議定について,,,予算,議長(寺前伊平君),,質疑なしと認めます。これで質疑を終わります。続いて議案ごとに、討論及び 採決を行います。  ◎議案第２０号令和８年度御杖村一般会計予算の議定について ［討論、採決］,2026gikaikaigiroku3gatsu,48
2026,2026gikaikaigiroku3gatsu,◎議案第２０号令和８年度御杖村一般会計予算の議定について,,,予算,議長(寺前伊平君),,最初に、日程第１７、議案第２０号、令和８年度御杖村一般会計予算の議定 についてを議題とし、討論を行います。討論はありませんか。 （「討論なし」の声あり）,2026gikaikaigiroku3gatsu,48
2026,2026gikaikaigiroku3gatsu,◎議案第２０号令和８年度御杖村一般会計予算の議定について,,,"予算,決算",議長(寺前伊平君),,討論なしと認めます。これで討論を終わります。これより、本案について採決 を行います。本案に対する予算決算委員会委員長の報告は、可決です。日程第１７、議案第２０ 号について、予算決算委員会委員長の報告のとおり決定することに賛成の方は、起立願います。 （全員／起立）,2026gikaikaigiroku3gatsu,48
2026,2026gikaikaigiroku3gatsu,◎議案第２１号令和８年度御杖村国民健康保険特別会計予算の,,,"予算,決算",議長(寺前伊平君),,ありがとうございます。全員の起立により、日程第１７、議案第２０号、令和８年 度御杖村一般会計予算の議定については、予算決算委員会委員長の報告のとおり可決されまし た。  ◎議案第２１号令和８年度御杖村国民健康保険特別会計予算の 議定について ［討論、採決］,2026gikaikaigiroku3gatsu,48
2026,2026gikaikaigiroku3gatsu,◎議案第２１号令和８年度御杖村国民健康保険特別会計予算の,,,予算,議長(寺前伊平君),,次に、日程第１８、議案第２１号、令和８年度御杖村国民健康保険特別会計 予算の議定についてを議題とし、討論を行います。討論はありませんか。 （「討論なし」の声あり）,2026gikaikaigiroku3gatsu,48
2026,2026gikaikaigiroku3gatsu,◎議案第２１号令和８年度御杖村国民健康保険特別会計予算の,,,"予算,決算",議長(寺前伊平君),,討論なしと認めます。これで討論を終わります。これより、本案について採決 を行います。本案に対する予算決算委員会委員長の報告は、可決です。日程第１８、議案第２１ 号について、予算決算委員会委員長の報告のとおり決定することに賛成の方は、起立願います。 （全員／起立） －49－,2026gikaikaigiroku3gatsu,49
2026,2026gikaikaigiroku3gatsu,◎議案第２２号令和８年度御杖村介護保険特別会計予算の議定,,,"予算,決算",議長(寺前伊平君),,ありがとうございます。全員の起立により、日程第１８、議案第２１号、令和８年 度御杖村国民健康保険特別会計予算の議定についても、予算決算委員会委員長の報告のとお り可決されました。   ◎議案第２２号令和８年度御杖村介護保険特別会計予算の議定 について ［討論、採決］,2026gikaikaigiroku3gatsu,49
2026,2026gikaikaigiroku3gatsu,◎議案第２２号令和８年度御杖村介護保険特別会計予算の議定,,,予算,議長(寺前伊平君),,次に、日程第１９、議案第２２号、令和８年度御杖村介護保険特別会計予算 の議定についてを議題とし、討論を行います。討論はありませんか。 （「討論なし」の声あり）,2026gikaikaigiroku3gatsu,49
2026,2026gikaikaigiroku3gatsu,◎議案第２２号令和８年度御杖村介護保険特別会計予算の議定,,,"予算,決算",議長(寺前伊平君),,討論なしと認めます。これで討論を終わります。これより、本案について採決を 行います。本案に対する予算決算委員会委員長の報告は、可決です。日程第１９、議案第２２号に ついて、予算決算委員会委員長の報告のとおり決定することに賛成の方は、起立願います。 （全員／起立）,2026gikaikaigiroku3gatsu,49
2026,2026gikaikaigiroku3gatsu,◎議案第２３号令和８年度御杖村後期高齢者医療特別会計予算,,,"予算,決算",議長(寺前伊平君),,ありがとうございます。全員の起立により、日程第１９、議案第２２号、令和８年 度御杖村介護保険特別会計予算の議定についても、予算決算委員会委員長の報告のとおり可 決されました。   ◎議案第２３号令和８年度御杖村後期高齢者医療特別会計予算 の議定について ［討論、採決］,2026gikaikaigiroku3gatsu,49
2026,2026gikaikaigiroku3gatsu,◎議案第２３号令和８年度御杖村後期高齢者医療特別会計予算,,,予算,議長(寺前伊平君),,次に、日程第２０、議案第２３号、令和８年度御杖村後期高齢者医療特別会 計予算の議定についてを議題とし、討論を行います。討論はありませんか。 （「討論なし」の声あり）,2026gikaikaigiroku3gatsu,49
2026,2026gikaikaigiroku3gatsu,◎議案第２３号令和８年度御杖村後期高齢者医療特別会計予算,,,"予算,決算",議長(寺前伊平君),,討論なしと認めます。これで討論を終わります。これより、本案について採決 を行います。本案に対する予算決算委員会委員長の報告は、可決です。日程第２０、議案第２３ 号について、予算決算委員会委員長の報告のとおり決定することに賛成の方は、起立願います。 （全員／起立）,2026gikaikaigiroku3gatsu,49
2026,2026gikaikaigiroku3gatsu,◎議案第２４号令和８年度御杖村簡易水道事業会計予算の議定,Water/Sewer,,"予算,決算",議長(寺前伊平君),,ありがとうございます。全員の起立により、日程第２０、議案第２３号、令和８年 度御杖村後期高齢者医療特別会計予算の議定についても、予算決算委員会委員長の報告のと おり可決されました。  ◎議案第２４号令和８年度御杖村簡易水道事業会計予算の議定 について ［討論、採決］,2026gikaikaigiroku3gatsu,49
2026,2026gikaikaigiroku3gatsu,◎議案第２４号令和８年度御杖村簡易水道事業会計予算の議定,Water/Sewer,,予算,議長(寺前伊平君),,次に、日程第２１、議案第２４号、令和８年度御杖村簡易水道事業会計予算 の議定についてを議題とし、討論を行います。討論はありませんか。 （「討論なし」の声あり）,2026gikaikaigiroku3gatsu,49
2026,2026gikaikaigiroku3gatsu,◎議案第２４号令和８年度御杖村簡易水道事業会計予算の議定,Water/Sewer,,"予算,決算",議長(寺前伊平君),,討論なしと認めます。これで討論を終わります。これより、本案について採決を 行います。本案に対する予算決算委員会委員長の報告は、可決です。日程第２１、議案第２４号に ついて、予算決算委員会委員長の報告のとおり決定することに賛成の方は、起立願います。 －50－ （全員／起立）,2026gikaikaigiroku3gatsu,50
2026,2026gikaikaigiroku3gatsu,◎発委第１号閉会中の継続調査申出について（議会運営委員会）,Water/Sewer,,"予算,決算",議長(寺前伊平君),,ありがとうございます。全員の起立により、日程第２１、議案第２４号、令和８年 度御杖村簡易水道事業会計予算の議定についても、予算決算委員会委員長の報告のとおり可 決されました。   ◎発委第１号閉会中の継続調査申出について（議会運営委員会） ［上程、採決］,2026gikaikaigiroku3gatsu,50
2020,6gatuteireigijiroku,◎発委第４号、閉会中の継続調査申出について（むらづくり委員会） ［上程・採決］ ・・・・・ －26－,,,"予算,決算,補正予算",委員長(木村忠雄君),,議長。 ○議長（山岡隆良君） ：木村忠雄君。 －４－ ○委員長（木村忠雄君） ：それでは、５月２７日に開催いたしました議会運営委員会の会議 結果について、報告をいたします。当日は、全委員出席のもと、６月定例会の運営につ いて協議を行いました。 まず、会期及び会期中の日程について協議をおこない、会期を、６月１１日から２３日 までの１３日間とし、全員協議会を１２日、予算決算委員会を１７日、続会議を２３,6gatuteireigijiroku,4
2020,6gatuteireigijiroku,◎発委第４号、閉会中の継続調査申出について（むらづくり委員会） ［上程・採決］ ・・・・・ －26－,,100000,予算,議長(山岡隆良君),,次に、日程第４、行政報告をお願いします。伊藤村長 ○村長（伊藤収宜君） ：議長。 ○議長（山岡隆良君） ：伊藤村長。 ○村長（伊藤収宜君） ：おはようございます。６月定例会の開会に際しまして、行政報告を させていただきます。ご存知の通り、３月定例会以降につきましては、新型コロナウイ ルス感染拡大防止のため、村内外ほとんどの会合や行事が中止または縮小されることと なりました。この間は、村の行政運営に,6gatuteireigijiroku,7
2020,6gatuteireigijiroku,◎承認第７号専決処分の承認を求めることについて,,,"予算,補正予算",議長(山岡隆良君),,答弁を求めます。伊藤村長。 ○村長（伊藤村長君） ：議長。 ○議長（山岡隆良君） ：伊藤村長。 ○村長（伊藤収宜君） ：古川議員の質問に対し、お答えさせていただきます。これまでの新 型コロナウイルス対策と今後の考え方については、先ほどの行政報告の中でも触れてお り、重複する部分もあろうかと思いますが議員ご質問の第２波・第３波に対する私の考 えと、非常時における避難所等の感染症防止策についてご説明申,6gatuteireigijiroku,8
2020,6gatuteireigijiroku,◎議案第１６号御杖村印鑑条例の一部を改正する条例の制定について,,6919000,"予算,決算,補助金,補正予算",議長(山岡隆良君),,これから質疑を行います。質疑は、ございませんか。 （「質疑なし」の声あり） ○議長（山岡隆良君） ：異議なしと認めます。これで、質疑を終わります。これより、討論を 行います。討論はありませんか。 （「討論なし」の声あり） ○議長（山岡隆良君） ：討論なしと認めます。これで、討論を終わります。これより、本案に ついて採決をいたします。日程第６承認第７号を原案のとおり承認することに賛成の方 は、起立願,6gatuteireigijiroku,11
2020,6gatuteireigijiroku,◎議案第１８号御杖村税条例の一部を改正する条例の制定について,,,取得,議長(山岡隆良君),,片岡住民生活課長。 ○住民生活課長（片岡保昌君） ：はい。 ○議長（山岡隆良君） ：片岡住民生活課長。 ○住民生活課長（片岡保昌君） ：議案第１８号御杖村税条例の一部を改正する条例の制定に つきまして、説明させていただきます。主な内容は、新型コロナウイルス感染症の影響 により、収入に相当の減少、具体的には前年同期と比較して概ね２０％以上の減少があ った方は、申請により税の徴収の猶予を受けることがで,6gatuteireigijiroku,13
2020,6gatuteireigijiroku,◎報告第１号令和元年度御杖村一般会計繰越明許費,General Affairs,106199000,"予算,決算,繰越,補正予算",議長(山岡隆良君),,これから質疑を行います。質疑は、ございませんか。 （「質疑なし」の声あり） ○議長（山岡隆良君） ：異議なしと認めます。これで、質疑を終わります。これより、討論を 行います。討論はありませんか。 （「討論なし」の声あり） ○議長（山岡隆良君） ：討論なしと認めます。これで、討論を終わります。これより、本案に ついて採決をいたします。日程第１１議案第１８号を原案のとおり可決することに賛成 の方は、起,6gatuteireigijiroku,15
2020,6gatuteireigijiroku,◎同意第３号御杖村農業委員会委員の任命につき,General Affairs,,"工事,繰越",議長(山岡隆良君),,中嶋総務課長。 ○総務課長（中嶋英樹君） ：それでは報告第１号令和元年度御杖村一般会計繰越明許費繰越 計算書の報告についてご説明申し上げます。議案書裏面をご覧いただきたいと思いま す。３月の定例議会でご承認をいただいた４つの事業についてでございます。上段より ご報告をさせていただきます。美しい森林づくり整備事業は、事業者からの申請が少な いため、12 月末までを工期として現在執行中でございます。次,6gatuteireigijiroku,16
2020,6gatuteireigijiroku,◎同意第１１号御杖村農業委員会委員の任命につき,Village Development,,"予算,決算,補正予算",議長(山岡隆良君),,以上をもって、本日の日程は全部終了致しました。次回の本会議は、 ６月２３日火曜日・午前１０時より開くことに致します。本日は、これにて散会致しま す。お疲れ様でした。    （   午前１１時００分 散会   ）     －２０－ （令和２年６月２３日）     －２１－ 令和２年６月御杖村議会定例会（第２号） 令和２年６月２３日（火） 開会 午前１０時００分 ◎議事日程［審議結果］ 第１   承認,6gatuteireigijiroku,22
2020,6gatuteireigijiroku,◎同意第１１号御杖村農業委員会委員の任命につき,,,"予算,決算,補正予算",議長(山岡隆良君),,皆さん、おはようございます。本日の６月定例会の続会をご案内さ せていただいたところ、ご出席をいただきありがとうございます。全議員が出席でござい ます。地方自治法第 113 条の規定による定足数に達していますので、本日の会議を開きま す。本日の議事日程は、お手元に配布の日程（第２号）とおりとします。    ◎一括議題［委員長報告・質疑］ ・承認第８号専決処分の承認を求めることについて （令和２年度御,6gatuteireigijiroku,22
2020,6gatuteireigijiroku,◎同意第１１号御杖村農業委員会委員の任命につき,,,"予算,決算,補正予算",委員長(松岡一生君),,予算決算委員会を代表しまして、当委員会に付託されました、 承認第 8 号及び承認第 9 号、また、議案第 19 号から議案第 21 号までの、合計 5 件 につきまして、一括してその審査の経過と結果についてご報告いたします。まず、 審査の経緯でございますが、去る 6 月 11 日の本会議におきまして、専決補正予算 2 件及び補正予算 3 件、合計 5 件の案件が付託されたことにより、6 月 17 ,6gatuteireigijiroku,23
2020,6gatuteireigijiroku,◎承認第８号専決処分の承認を求めることについて,,,"予算,補正予算",議長(山岡隆良君),,質疑なしと認めます。これで質疑を終わります。     ◎承認第８号専決処分の承認を求めることについて  （令和２年度御杖村一般会計補正予算(第２号)） ［討論、採決］,6gatuteireigijiroku,23
2020,6gatuteireigijiroku,◎承認第９号専決処分の承認を求めることについて,,,"予算,補正予算",議長(山岡隆良君),,続いて議案ごとに、討論及び採決を行います。先ず、日程第１、承 認第８号・専決処分の承認を求めることについて（令和２年度御杖村一般会計補正予算 (第２号)）を議題とし、討論を行います。討論はありませんか。 （「討論なし」の声あり） ○議長（山岡隆良君） ：討論なしと認めます。これで討論を終わります。これより、本案につ いて採決をいたします。本案に対する委員長の報告は、可決です。日程第１、承認第８ 号,6gatuteireigijiroku,23
2020,6gatuteireigijiroku,◎発委第４号閉会中の継続調査申出について,,,"予算,補正予算",議長(山岡隆良君),,次に、日程第２、承認第９号・専決処分の承認を求めることについ て（令和２年度御杖村一般会計補正予算(第３号)）を議題とし、討論を行います。討論 はありませんか。 （「討論なし」の声あり） ○議長（山岡隆良君） ：討論なしと認めます。これで討論を終わります。これより、本案につ いて採決をいたします。本案に対する委員長の報告は、可決です。日程第２、承認第９ 号は、委員長の報告のとおり決定することに賛成,6gatuteireigijiroku,27
2020,R0205kaigiroku,◎同意第２号、御杖村農業委員会委員に占める認定農業者等又はこれらに準ずる者の,,6517000,"予算,基金",派遣議員(山崎往男君),,ただいま、議長の許可をいただきましたので、令和２年桜井宇陀広域連合 議会第１回定例会の報告をさせていただきます。 さる令和２年３月２７日（金曜日）午前１０時５０分から桜井市議会議場において、令和２年 桜井宇 陀広域連合議会 第１回定例会が開会されました。 菊岡議長の開会宣言、松井広域連合長から招集挨拶の後、会議に入り、議事日程により会議録 署名議員２名の指名、会期は３月２７日の１日間と決定し、広域,R0205kaigiroku,4
2020,R0205kaigiroku,◎承認第１号、専決処分の承認を求めることについて（御杖村税条例の一部を改正,Education,,"予算,補正予算",議長(山岡隆良君),,山崎議員、ご苦労様でした。これより議事に入ります。お諮りします。 それでは、日程第４承認第１号専決処分の承認を求めることについて、御杖村税条例の一部 を改正する条例の制定について、並びに、日程第５承認第２号専決処分の承認を求めることに ついて、御杖村国民健康保険税条例の一部を改正する条例の制定について、日程第６承認第 ３号専決処分の承認を求めることについて、御杖村国民健康保険条例の一部を改正する条,R0205kaigiroku,4
2020,R0205kaigiroku,◎承認第５号、専決処分の承認を求めることについて（令和２年度御杖村一般会計,,,"予算,補正予算",村長(伊藤収宜君),,本案につきましては、新型コロナウイルス感染症に関する緊急対応策として、 後期高齢者医療において傷病手当金の支給等を行うため、本条例の制定をするものでござい －６－ ます。なお、4 月 6 日付けで専決処分とさせていただきましたので、ご承認よろしくお願いいた します。   ◎承認第５号、専決処分の承認を求めることについて（令和２年度御杖村一般会計 補正予算(第 1 号)の議定について）[上程、説明],R0205kaigiroku,6
2020,R0205kaigiroku,◎承認第５号、専決処分の承認を求めることについて（令和２年度御杖村一般会計,,,"予算,補正予算",議長(山岡隆良君),,次に、日程第８承認第５号専決処分の承認を求めることについて、令 和２年度御杖村一般会計補正予算第１号の議定についてを議題と致します。本案につい て、提案理由の説明を求めます。伊藤村長。,R0205kaigiroku,6
2020,R0205kaigiroku,◎承認第６号、専決処分の承認を求めることについて（令和２年度御杖村国民健康,,3000000,"予算,補正予算",村長(伊藤収宜君),,"本案につきましては、新型コロナウイルス感染症緊急対策として、村民への 定額給付及びマスクの配布をおこないたく、歳入歳出に 1 億 6,300 万円を追加して、補正後の 総額を 25 億 8,000 万円とするものでございます。なお、迅速な配布を目指し、5 月 1 日付けで 専決処分とさせていただきましたので、ご承認よろしくお願いいたします。   ◎承認第６号、専決処分の承認を求めることについて（令",R0205kaigiroku,6
2020,R0205kaigiroku,◎承認第６号、専決処分の承認を求めることについて（令和２年度御杖村国民健康,,,"予算,補正予算",議長(山岡隆良君),,次に、日程第９承認第６号専決処分の承認を求めることについて、令 和２年度御杖村国民健康保険特別会計補正予算第１号の議定についてを議題と致しま す。本案について、提案理由の説明を求めます。伊藤村長。,R0205kaigiroku,6
2020,R0205kaigiroku,◎同意第１号、御杖村教育委員会の委員任命につき同意を求めることについて,Education,4667000,予算,村長(伊藤収宜君),,"本案につきましては、歳入歳出予算にそれぞれ 208 万円を増額して、歳入 歳出予算の総額を 2 億 8,466 万 7 千円とするものでございます。今回の補正は、傷病手当金 の支給等をおこなうための増額で、4 月 6 日付けで専決処分とさせていただきましたので、ご承 認よろしくお願いいたします。   ◎同意第１号、御杖村教育委員会の委員任命につき同意を求めることについて [上程、説明]",R0205kaigiroku,6
2020,R0205kaigiroku,◎承認第５号、専決処分の承認を求めることについて（令和２年度御杖村一般会計,,,"予算,補正予算",議長(山岡隆良君),,休憩前に引き続き、会議を再開します。   ◎承認第１号、専決処分の承認を求めることについて（御杖村税条例の一部を改正 する条例の制定について）[質疑、討論、採決] ○議長（山岡隆良君） ：これから、日程第４承認第１号専決処分の承認を求めることについて、 御杖村税条例の一部を改正する条例の制定についてを議題とします。本案については、 先ほどの全員協議会において、担当課長より説明をいただいていますので,R0205kaigiroku,9
2020,R0205kaigiroku,◎同意第１号、御杖村教育委員会の委員任命につき同意を求めることについて,Education,,"予算,補正予算",議長(山岡隆良君),,討論なしと認めます。これで討論を終わります。 これより、本案について採決を行います。日程第８承認第５号を原案のとおり承認する ことに賛成の方は、起立願います。 （全議員／起立） ○議長（山岡隆良君） ：ありがとうございます。全員の起立により、日程第８承認第５号専決 処分の承認を求めることについて、令和２年度御杖村一般会計補正予算第１号の議定に ついては、原案のとおり承認されました。    －10－,R0205kaigiroku,10
2020,R2-11kaigiroku,◎議案第３３号・令和２年度御杖村一般会計補正予算（第７号）の議定について,,,"予算,補正予算",議長(山岡隆良君),,ありがとうございます。全員の起立により、日程第６・議案第３２号御杖村パー トタイム会計年度任用職員の報酬、期末手当及び費用弁償に関する条例の一部を改正する条 例の制定については、原案のとおり可決されました。 －４－ ◎議案第３３号・令和２年度御杖村一般会計補正予算（第７号）の議定について [上程･説明･質疑・討論・採決],R2-11kaigiroku,4
2020,R2-11kaigiroku,◎議案第３３号・令和２年度御杖村一般会計補正予算（第７号）の議定について,,,"予算,補正予算",議長(山岡隆良君),,次に、日程第７議案第３３号令和２年度御杖村一般会計補正予算第７号の議 定についてを議題と致します。本案について、提案理由の説明を求めます。伊藤村長。,R2-11kaigiroku,4
2020,R2-11kaigiroku,◎議案第３３号・令和２年度御杖村一般会計補正予算（第７号）の議定について,,921000,"予算,入札,補助金,補正予算",副村長(松原永治君),,"令和２年度御杖村一般会計補正予算第７号の内容について、ご説明申し 上げます。予算書の１ページをご覧下さい。 歳入歳出の総額に、歳入歳出それぞれ 36,899 千円を追加し、総額を 2,908,154 千円とする ものです。歳出からご説明申し上げます。予算書の４ページの中段、３･歳出をご覧下さい。款･ 10 総務費、項･5 総務管理費、目･40 企画費の補正額 31,921 千円の増額は、新型コロナ",R2-11kaigiroku,5
2020,R2-11kaigiroku,◎議案第３３号・令和２年度御杖村一般会計補正予算（第７号）の議定について,,,"予算,補正予算",議長(山岡隆良君),,ありがとうございます。全員の起立により、日程第７・議案第３３号令和２年度 御杖村一般会計補正予算第７号の議定については、原案のとおり可決されました。   ◎閉議及び閉会の宣言,R2-11kaigiroku,5
2020,R2-12kaigiroku,◎発委第８号、閉会中の継続調査申出について（むらづくり委員会） ［上程・採決］ ・・・・ －２７－,,,"予算,決算,補正予算",委員長(木村忠雄君),,それでは、１１月２７日に開催いたしました議会運営委員会の会 議結果について、報告をいたします。当日は、全委員出席のもと、１２月定例会の運営 について協議を行いました。 －４－ まず、会期及び会期中の日程について協議をおこない、会期を、１２月１０日から１８ 日までの９日間とし、全員協議会を１１日、むらづくり委員会を１５日、予算決算委員会 を１６日、続会議を１８日とそれぞれ決定し、いずれも午前１０時の,R2-12kaigiroku,4
2020,R2-12kaigiroku,◎発委第８号、閉会中の継続調査申出について（むらづくり委員会） ［上程・採決］ ・・・・ －２７－,,9000000,"基金,決算,繰越",議長(山岡隆良君),,次に、１１月１７日開催されました桜井宇陀広域連合議会定例会の 報告を求めます。派遣議員、８番山崎往男君。 ○８番（山崎往男君） ：はい、８番山崎。 ○議長（山岡隆良君） ：山崎往男君。 ○８番（山崎往男君） ：ただいま、議長の許可をいただきましたので、去る令和２年１１月 １７日火曜日午前１０時３０分から曽爾村振興センターにおいて開催されました、令和 ２年桜井宇陀広域連合議会第２回定例会のご報告をさ,R2-12kaigiroku,5
2020,R2-12kaigiroku,◎発委第８号、閉会中の継続調査申出について（むらづくり委員会） ［上程・採決］ ・・・・ －２７－,,180324738,"予算,決算,補正予算",議長(山岡隆良君),,山崎議員、ご苦労様でした。    ◎諸般の報告（宇陀衛生一部事務組合議会）   ○議長（山岡隆良君） ：次に１１月２４日開催されました宇陀衛生一部事務組合議会定例会の 報告を求めます。派遣議員、３番吉田俊弘君。 ○３番（吉田俊弘君） ：はい、３番吉田。 ○議長（山岡隆良君） ：吉田俊弘君。 ○３番（吉田俊弘君） ：令和２年第２回宇陀衛生一部事務組合議会定例会報告を申し上げま す。去る１１月２４日午,R2-12kaigiroku,7
2020,R2-12kaigiroku,◎発委第８号、閉会中の継続調査申出について（むらづくり委員会） ［上程・採決］ ・・・・ －２７－,,,"予算,基金",議長(山岡隆良君),,答弁を求めます。伊藤村長。 ○村長（伊藤村長君） ：議長。 ○議長（山岡隆良君） ：伊藤村長。 ○村長（伊藤収宜君） ：木村議員のご質問にお答えさせていただきます。平成 31 年 4 月に施 行された森林経営管理法に基づく「森林経営管理制度」は、木村議員のご質問にもあり ましたように、森林所有者の高齢化や木材価格の低迷により経営や間伐等の適切な管理 が行われていない森林に対して、市町村が仲介役とな,R2-12kaigiroku,12
2020,R2-12kaigiroku,◎議案第３５号･御杖村の公の施設の指定管理者の指定について,,,予算,６番(木村忠雄君),,再質問を行います。この事業は、非常に長期に渡る政策であると考 えられます。一部来年度予算に盛り込んで進んで行くとの答弁でありますが、道路関係 に関しては行政実例に基づいてやればやれますが、田･畑･宅地については、個人の所有 物件でございますので、やはり実施要件を作っていく必要があると考えられます。それ については、検討委員会を立ち上げ協議していくことも考えなければならないと思いま すので、村側とい,R2-12kaigiroku,13
2020,R2-12kaigiroku,◎議案第３７号令和２年度御杖村一般会計補正予算,,,"予算,補正予算",村長(伊藤収宜君),,本案についてですが、平成２６年に県内３７市町村で構成される 広域消防組合が設立され、消防･救急業務が運営されているところです。しかし、設 立後数年が経過し、運営に於いての課題も見えてきたことから、今般組合規約の改正 をお願いするものです。改正の内容は、組合の管理者、副管理者等の執行機関の整理 と充実、また経費負担方法の刷新を行うものとなっています。ご審議の程よろしくお 願いいたします。 ○議長（山,R2-12kaigiroku,14
2020,R2-12kaigiroku,◎議案第３８号令和２年度御杖村国民健康保険特別,Welfare,9510000,"予算,決算,補正予算",村長(伊藤収宜君),,"本案につきましては、歳入歳出それぞれに 1,135 万 6 千円を追加 し、補正後の総額を 29 億 1,951 万円とするものです。主な内容は、職員等の人件費 の減額、増額については介護保険特会への繰出金や、障害者福祉関係予算等が主なも のとなっています。ご審議の程よろしくお願いいたします。 ○議長（山岡隆良君） ：ただ今、提案理由の説明をいただきましたので、これから総括的質疑 を行います。質疑",R2-12kaigiroku,14
2020,R2-12kaigiroku,◎同意第１３号御杖村教育委員会の委員任命につき,Education,8505000,"予算,決算,補正予算",村長(伊藤収宜君),,"本案につきましては、診療施設勘定予算の歳入歳出それぞれに 139 万 6 千円を追加し、補正後の総額を 1 億 2,259 万 5 千円とするものです。内容は、代替 医師にかかる報酬の増額をしております。ご審議の程よろしくお願いいたします。 －１５－ ○議長（山岡隆良君） ：ただ今、提案理由の説明をいただきましたので、これから総括的質疑 を行います。質疑は、ございませんか。 （「質疑なし」の声あり",R2-12kaigiroku,16
2020,R2-12kaigiroku,◎同意第１３号御杖村教育委員会の委員任命につき,Village Development,,"予算,補正予算",議長(山岡隆良君),,以上をもって、本日の日程は全て終了致しました。次回の本会議は、 １２月１８日金曜日午前１０時より開くことに致します。本日は、これにて散会致しま す。お疲れ様でした。    （午前１１時０６分 散会）     －１８－ （令和２年１２月１８日）     －１９－ 令和２年９月御杖村議会定例会（第２号） 令和２年１２月１８日（金） 開議 午前１０時００分 ◎議事日程［審議結果］ 第１    議案第３４,R2-12kaigiroku,21
2020,R2-12kaigiroku,◎議案第３６号奈良県広域消防組合規約の改正について,,,"予算,決算,補正予算",議長(山岡隆良君),,次に、日程第３議案第３６号奈良県広域消防組合規約の改正につい てを議題とし、討論を行います。討論はありませんか。 （「討論なし」の声あり） ○議長（山岡隆良君） ：討論なしと認めます。これで討論を終わります。これより、本案につ いて採決を行います。本案に対する委員長の報告は、可決です。日程第３議案第３６号 について、委員長の報告のとおり決定することに賛成の方は、起立願います。 （全員／起立） ○議,R2-12kaigiroku,23
2020,R2-12kaigiroku,◎議案第３８号令和２年度御杖村国民健康保険特別会計,,,"予算,決算,補正予算",予算決算委員会委員長(松岡一生君),,予算決算委員会を代表しまして、当委員会に付 託されました４案件につきまして、その審査の経緯と結果について一括してご報告 させていただきます。 まず、審査の経緯でございますが去る１２月１０日の本会議におきまして、議案第 ３７号令和２年度御杖村一般会計補正予算第８号の議定について、議案第３８号令和 ２年度御杖村国民健康保険特別会計補正予算第４号の議定について、議案第３９号令 －２４－ 和２年度御杖村介,R2-12kaigiroku,24
2020,R2-12kaigiroku,◎議案第３９号令和２年度御杖村介護保険特別会計補正,,,"予算,補正予算",議長(山岡隆良君),,次に、日程第５議案第３８号令和２年度御杖村国民健康保険特別会 計補正予算第４号の議定についてを議題とし、討論を行います。討論はありませんか。 （「討論なし」の声あり） ○議長（山岡隆良君） ：討論なしと認めます。これで討論を終わります。これより、本案につ いて採決を行います。本案に対する委員長の報告は、可決です。日程第５議案第３８号 －２５－ について、委員長の報告のとおり決定することに賛成の方は,R2-12kaigiroku,25
2020,R2-12kaigiroku,◎議案第４０号令和２年度御杖村後期高齢者医療特別,,,"予算,補正予算",議長(山岡隆良君),,次に、日程第６議案第３９号令和２年度御杖村介護保険特別会計補 正予算第３号の議定についてを議題とし、討論を行います。討論はありませんか。 （「討論なし」の声あり） ○議長（山岡隆良君） ：討論なしと認めます。これで討論を終わります。これより、本案につ いて採決を行います。本案に対する委員長の報告は、可決です。日程第６議案第３９号 について、委員長の報告のとおり決定することに賛成の方は、起立願います,R2-12kaigiroku,25
2020,R2-12kaigiroku,◎発委第８号閉会中の継続調査申出について（むらづくり委員会）,,,"予算,補正予算",議長(山岡隆良君),,次に、日程７議案第４０号令和２年度御杖村後期高齢者医療特別会 計補正予算第２号の議定についてを議題とし、討論を行います。討論はありませんか。 （「討論なし」の声あり） ○議長（山岡隆良君） ：討論なしと認めます。これで討論を終わります。これより、本案につ いて採決を行います。本案に対する委員長の報告は、可決です。日程第７議案第４０号 について、委員長の報告のとおり決定することに賛成の方は、起立願い,R2-12kaigiroku,29
2021,R3-12kaigiroku,◎発委第８号閉会中の継続調査申出について（議会運営委員会）,,,"予算,決算,補正予算",委員長(古川芳明君),,それでは、１１月２６日に開催いたしました議会運営委員会の会議結果につ いて、報告をいたします。当日は、吉田議長が欠席でありましたが御杖村議会委員会条例第１２条 の規定による定足数に達していることから、１２月定例会の運営について協議を行いました。まず、 会期及び会期中の日程について協議をおこない、会期を、１２月８日から１６日までの９日間とし、全 員協議会を９日、予算決算委員会を１３日、続会議を１６日,R3-12kaigiroku,4
2021,R3-12kaigiroku,◎発委第８号閉会中の継続調査申出について（議会運営委員会）,,9000000,"基金,決算,繰越",３番(葛城昌俊君),,皆さんおはようございます。ただいま、議長の許可を得ましたので、去る令和３年 １１月９日火曜日午前１０時３０分から宇陀市議会議場において開催されました、令和３年桜井宇陀 広域連合議会第２回定例会の報告をさせていただきます。岡田広域連合議会議長の開会宣言、 松井広域連合長の招集挨拶、諸報告、開議の宣言、仮議席の指定の後、会議に入り、議事日程に より、議席の一部変更、会議録署名議員の指名、会期の決定、広,R3-12kaigiroku,5
2021,R3-12kaigiroku,◎発委第８号閉会中の継続調査申出について（議会運営委員会）,,116211412,"予算,基金,工事,決算,補正予算",１番(張間裕子君),,皆さん、おはようございます。１番 張間でございます。ただいま、議長の許可を 得ましたので、宇陀衛生一部事務組合議会の報告をさせていただきます。去る１１月２４日水曜日 午前１０時から令和３年宇陀衛生一部事務組合議会第２回定例会が、宇陀市役所大会議室で開 催されました。出席した組合議会議員は１３名で、御杖村からは、わたくし張間が出席いたしまし た。管理者である宇陀市金剛市長の招集あいさつ後、本村吉田議,R3-12kaigiroku,6
2021,R3-12kaigiroku,◎発委第８号閉会中の継続調査申出について（議会運営委員会）,,214213135,"予算,決算,補正予算",６番(山岡隆良君),,それでは、先日行われました東宇陀環境衛生組合議会報告をさせていただき ます。令和３年１１月２４日午後２時３０分より東宇陀クリーンセンター２階会議室にて全員協議会を 開催した後、組合定例会が午後２時５５分より開催されました。先ず、全員協議会の内容でございま すが、１つ目に副議長の選挙について、２つ目に議席の指定についてを議題として話し合われ、副 議長については、議員より議長推薦指名と意見が出され、わ,R3-12kaigiroku,7
2021,R3-12kaigiroku,◎発委第８号閉会中の継続調査申出について（議会運営委員会）,Construction,,"契約,工事,決算",４番(古川芳明君),,それでは、令和３年奈良県広域消防組合議会２回定例会について報告いた します。去る１１月２９日橿原市広域消防組合本部において奈良県広域消防組合議会第２回定例 会が開催され、午後２時から全員協議会が行われました。全員協議会で報告された案件は、１組 合が提起した職員による提訴の結果について、２予備費充用について、十津川分署新庁舎建設 工事中、建築の障害となる埋設物を発見し、その埋設物の撤去と撤去に伴う工,R3-12kaigiroku,7
2021,R3-12kaigiroku,◎発委第８号閉会中の継続調査申出について（議会運営委員会）,,801000,"予算,決算,繰越",２番(廣口芳弘君),,それでは、令和３年１２月曽爾御杖行政一部事務組合議会定例会報告をさせ ていただきます。去る、１２月３日１０時より令和３年１２月曽爾御杖行政一部事務組合議会定例会 －８－ が御杖村役場三階会議室に於いて開催されました。曽爾村からは、組合議長として木治議員、組 合議員として東口議員、大向議員が出席し、御杖村からは組合議員として木村議員、葛城議員、 私廣口が出席致しました。木治議長から、全議員出席による,R3-12kaigiroku,8
2021,R3-12kaigiroku,◎発委第８号閉会中の継続調査申出について（議会運営委員会）,Water/Sewer,,"予算,補助金,補正予算",村長(伊藤収宜君),,行政報告をさせていただきます。本日、御杖村議会１２月定例会を招集いたし ましたところ、全議員のご出席を賜り誠にありがとうございます。開会にあたりまして、私の方から９ 月以降の行政報告をさせていただきます。最初に、新型コロナウイルス感染症についてでござい ます。７月以降、感染力が極めて強いとされるデルタ株により、全国各地で感染が拡大しました が、ワクチン接種が全国で進むにつれ、９月初旬をピークとした,R3-12kaigiroku,9
2021,R3-12kaigiroku,◎発委第８号閉会中の継続調査申出について（議会運営委員会）,,,補助金,議長(吉田俊弘君),,これで、行政報告を終わります。    ◎一般質問  張間議員「通学に対する補助金制度について」 ,R3-12kaigiroku,9
2021,R3-12kaigiroku,◎発委第８号閉会中の継続調査申出について（議会運営委員会）,,,補助金,１番(張間裕子君),,議長の許可を得ましたので村長に対して、質問をさせていただきます。現在、 －10－ 本村にいる子ども達は、３歳までのお子さんが１０名、保育園児が１１名、小学生が２２名、中学生 が１２名、高校生が２０名おりまして、保育園児の数は年々増加しています。ただ、中学までは御杖 村で過ごしますが、高校がないため、かなりの時間を要して通学しなければなりません。本村にお いても平成１０年から約１０年間ほど通学に対す,R3-12kaigiroku,10
2021,R3-12kaigiroku,◎発委第８号閉会中の継続調査申出について（議会運営委員会）,,,取得,村長(伊藤収宜君),,ただ今の張間議員の質問に対してでございますけれど、若者をはじめとする 定住人口の確保と増加を目指し、高校生の通学費を支援し、平成１４年からは高校へ進学する家 庭の経済的負担を軽減するための就学支援として実施をして参りました。そのほかにも若者定住 対策として、結婚祝金や出産祝金等各種奨励金が措置されておりました。各種制度によりまして、 若者の定住人口の確保に努めて参りましたが、奨励金を取得した後、転,R3-12kaigiroku,10
2021,R3-12kaigiroku,◎発委第８号閉会中の継続調査申出について（議会運営委員会）,,,補助金,１番(張間裕子君),,近隣では、曽爾村をはじめ東吉野村などで補助金制度を実施しています。御 杖村でも、安心して子育てできる環境づくりの一貫として、前向きなご検討をよろしくお願いしま す。以上です。,R3-12kaigiroku,10
2021,R3-12kaigiroku,◎承認第６号専決処分の承認を求めることについて,,,"予算,補正予算",議長(吉田俊弘君),,これで、一般質問を終わります。   ◎承認第６号専決処分の承認を求めることについて （令和３年度御杖村一般会計補正予算(第４号)） ［上程、説明、総括的質疑、付託］ －11－,R3-12kaigiroku,11
2021,R3-12kaigiroku,◎承認第６号専決処分の承認を求めることについて,,,"予算,補正予算",議長(吉田俊弘君),,次に、日程第６承認第６号専決処分の承認を求めることについて、令和３年度 御杖村一般会計補正予算第４号を議題と致します。本案について、提出の理由を求めます。伊藤 村長。,R3-12kaigiroku,11
2021,R3-12kaigiroku,◎承認第６号専決処分の承認を求めることについて,,5654000,予算,村長(伊藤収宜君),,本案につきましては、一般会計予算の歳入歳出それぞれに５１６万７千円を 追加し、補正後の総額を２７億２，５６５万４千円とするものです。新型コロナワクチン３回目接種 に向けた体制の確保にかかる経費を計上したもので、早期着手の必要から、去る１０月６日に専 決処分をさせていただきましたので、承認をお願いするものでございます。よろしくお願いしま す。,R3-12kaigiroku,11
2021,R3-12kaigiroku,◎承認第６号専決処分の承認を求めることについて,,,"予算,決算",議長(吉田俊弘君),,質疑なしと認めます。これで質疑を終わります。本案については、議会運営委 員長の報告のとおり、全員協議会で詳細な説明を受け、予算決算委員会に付託することにしたい と思います。ご異議ありませんか。 （「異議なし」の声あり）,R3-12kaigiroku,11
2021,R3-12kaigiroku,◎議案第３７号デジタル社会の形成を図るための関係法律の,,,"予算,決算,補正予算",議長(吉田俊弘君),,異議なしと認めます。したがって、日程第６承認第６号専決処分の承認を求め ることについて、令和３年度御杖村一般会計補正予算第４号は、予算決算委員会に付託すること に決定しました。  ◎議案第３７号デジタル社会の形成を図るための関係法律の 整備に関する法律の施行に伴う関係条例の整備に関する 条例の制定について ［上程、説明、質疑、討論、採決］ ,R3-12kaigiroku,11
2021,R3-12kaigiroku,◎議案第４２号令和３年度御杖村一般会計補正予算(第５号)）の,,,"予算,補正予算",議長(吉田俊弘君),,ありがとうございます。全員の起立により、日程第１１議案第４１号･奈良県広域 水質検査センター組合を組織する構成団体数の減少及び規約の変更については、原案のとおり 可決されました。   ◎議案第４２号令和３年度御杖村一般会計補正予算(第５号)）の 議定について ［上程、説明、総括的質疑、付託］ ,R3-12kaigiroku,16
2021,R3-12kaigiroku,◎議案第４２号令和３年度御杖村一般会計補正予算(第５号)）の,,,"予算,補正予算",議長(吉田俊弘君),,次に、日程第１２議案第４２号令和３年度御杖村一般会計補正予算第５号の 議定についてを議題とします。本案につきまして、提案理由の説明を求めます。伊藤村長。,R3-12kaigiroku,16
2021,R3-12kaigiroku,◎議案第４２号令和３年度御杖村一般会計補正予算(第５号)）の,,9401000,基金,村長(伊藤収宜君),,本案につきましては、歳入歳出それぞれに２億５，３７４万７千円を追加し、補 正後の総額を２９億７，９４０万１千円とするものでございます。主な内容は、新型コロナにより中止 したイベント経費の減額、増額要因といたしましては、ワクチンの３回目接種にかかる経費、また普 通交付税の余剰見込額を基金へ積み立てる内容となっております。ご審議の程、よろしくお願い いたします。,R3-12kaigiroku,16
2021,R3-12kaigiroku,◎議案第４２号令和３年度御杖村一般会計補正予算(第５号)）の,,,"予算,決算",議長(吉田俊弘君),,質疑なしと認めます。これで質疑を終わります。本案については、議会運営委 員長の報告のとおり、全員協議会で詳細な説明を受け、予算決算委員会に付託することとしたい と思います。ご異議ありませんか。 （「異議なし」の声あり）,R3-12kaigiroku,16
2021,R3-12kaigiroku,◎議案第４３号令和３年度御杖村国民健康保健特別会計補正,,,"予算,決算,補正予算",議長(吉田俊弘君),,異議なしと認めます。したがって、日程第１２議案第４２号令和３年度御杖村一 般会計補正予算第５号の議定については、予算決算委員会に付託することに決定しました。  －17－ ◎議案第４３号令和３年度御杖村国民健康保健特別会計補正 予算(第４号)の議定について ［上程、説明、総括的質疑、付託］ ,R3-12kaigiroku,17
2021,R3-12kaigiroku,◎議案第４３号令和３年度御杖村国民健康保健特別会計補正,,,"予算,補正予算",議長(吉田俊弘君),,次に、日程第１３議案第４３号令和３年度御杖村国民保健特別会計補正予算 第４号の議定について議題と致します。本案については、提案理由の説明を求めます。伊藤村長。,R3-12kaigiroku,17
2021,R3-12kaigiroku,◎議案第４３号令和３年度御杖村国民健康保健特別会計補正,,,"予算,決算",議長(吉田俊弘君),,質疑なしと認めます。これで質疑を終わります。本案についても、議会運営委 員長の報告のとおり、全員協議会で詳細な説明を受け、予算決算委員会に付託することにしたい と思います。ご異議ありませんか。 （「異議なし」の声あり）,R3-12kaigiroku,17
2021,R3-12kaigiroku,◎議案第４４号令和３年度御杖村後期高齢者医療特別会計補正,,,"予算,決算,補正予算",議長(吉田俊弘君),,異議なしと認めます。したがって、日程第１３議案第４３号令和３年度御杖村国 民健康保険特別会計補正予算第４号の議定については、予算決算委員会に付託することに決定 しました。   ◎議案第４４号令和３年度御杖村後期高齢者医療特別会計補正 予算(第１号)の議定について ［上程、説明、総括的質疑、付託］ ,R3-12kaigiroku,17
2021,R3-12kaigiroku,◎議案第４４号令和３年度御杖村後期高齢者医療特別会計補正,,,予算,議長(吉田俊弘君),,次に、日程第１４議案第４４号令和３年度御杖村後期高齢者医療特別会計補 正予算第１号の議定についてを議題と致します。本案について、提案理由の説明を求めます。伊 藤村長。,R3-12kaigiroku,17
2021,R3-12kaigiroku,◎議案第４４号令和３年度御杖村後期高齢者医療特別会計補正,,,"予算,決算",議長(吉田俊弘君),,質疑なしと認めます。これで質疑を終わります。本案についても、議会運営委 員長の報告のとおり、全員協議会で詳細な説明を受け、予算決算委員会に付託することにしたい と思います。ご異議ありませんか。 （「異議なし」の声あり）,R3-12kaigiroku,17
2021,R3-12kaigiroku,◎議案第４４号令和３年度御杖村後期高齢者医療特別会計補正,,,"予算,決算,補正予算",議長(吉田俊弘君),,異議なしと認めます。したがって、日程第１４議案第４４号令和３年度御杖村後 期高齢者医療特別会計補正予算第１号の議定については、予算決算委員会に付託することに決 定しました。  －18－ ◎散会の宣言  ,R3-12kaigiroku,18
2021,R3-12kaigiroku,◎議案第４４号令和３年度御杖村後期高齢者医療特別会計補正,Village Development,,"予算,補正予算",議長(吉田俊弘君),,以上をもって、本日の日程は全て終了致しました。次回の本会議は１２月１６ 日木曜日午前１０時より開くことに致します。本日は、これで散会致します。お疲れ様でした。   （午前１１時１９分散会）     －19－ （令和３年１２月１６日）     －20－ 令和３年１２月御杖村議会定例会（第２号） 令和３年１２月１６日（木） 開議 午前１０時００分 ◎議事日程［審議結果］ 第１   承認第６号 [原案承,R3-12kaigiroku,21
2021,R3-12kaigiroku,◎承認第４号専決処分の承認を求めることについて（令和３年度,,,"予算,補正予算",議長(吉田俊弘君),,皆さん、ご苦労様でございます。本日の１２月定例会の続会をご案内させてい ただいたところ、ご出席をいただきありがとうございます。全議員が出席でございます。地方自治法 第１１３条の規定による定足数に達していますので、本日の会議を開きます。本日の議事日程は、 お手元に配布の日程第２号のとおりとします。   ◎承認第４号専決処分の承認を求めることについて（令和３年度 御杖村一般会計補正予算(第４号)）、議,R3-12kaigiroku,21
2021,R3-12kaigiroku,◎承認第４号専決処分の承認を求めることについて（令和３年度,,,"予算,決算,補正予算",議長(吉田俊弘君),,先ず、日程第１承認第６号専決処分の承認を求めることについて、令和３年度 御杖村一般会計補正予算第４号、日程第２議案第４２号令和３年度御杖村一般会計補正予算第 ５号の議定について、日程第３議案第４３号令和３年度御杖村国民健康保険特別会計補正予算 第４号の議定について、日程第４議案第４４号令和３年度御杖村後期高齢者医療特別会計補正 予算第１号の議定について、以上の４件につきましては、予算決算委員会へ付,R3-12kaigiroku,21
2021,R3-12kaigiroku,◎承認第４号専決処分の承認を求めることについて（令和３年度,,,"予算,決算,補正予算",８番(木村忠雄君),,予算決算委員会を代表しまして、当委員会に付託されました、承認第６号及び 議案第４２号、議案第４３号、議案第４４号につきまして、一括してその審査の経過と結果について ご報告いたします。まず、審査の経緯でございますが、去る１２月８日の本会議におきまして、専決 処分による補正予算１件及び補正予算３件の合計４件の案件が付託されたことにより、１２月１３日 に予算決算委員会を開催いたしました。当日は、全委員及,R3-12kaigiroku,21
2021,R3-12kaigiroku,◎承認第６号専決処分の承認を求めることについて,,,"予算,補正予算",議長(吉田俊弘君),,質疑なしと認めます。これで質疑を終わります。   ◎承認第６号専決処分の承認を求めることについて （令和３年度御杖村一般会計補正予算(第４号)） ［討論、採決］ ,R3-12kaigiroku,22
2021,R3-12kaigiroku,◎承認第６号専決処分の承認を求めることについて,,,"予算,補正予算",議長(吉田俊弘君),,続いて議案ごとに、討論及び採決を行います。先ず、日程第１承認第６号専 決処分の承認を求めることについて、令和３年度御杖村一般会計補正予算第４号を議題とし、討 論を行います。討論はありませんか。 （「討論なし」の声あり）,R3-12kaigiroku,22
2021,R3-12kaigiroku,◎議案第４２号令和３年度御杖村一般会計補正予算(第５号)の,,,"予算,補正予算",議長(吉田俊弘君),,ありがとうございます。全員の起立により、日程第１承認第６号専決処分の承 認を求めることについて、令和３年度御杖村一般会計補正予算第４号は、委員長の報告のとおり 承認されました。   ◎議案第４２号令和３年度御杖村一般会計補正予算(第５号)の 議定について ［討論、採決］ ,R3-12kaigiroku,22
2021,R3-12kaigiroku,◎議案第４２号令和３年度御杖村一般会計補正予算(第５号)の,,,"予算,補正予算",議長(吉田俊弘君),,次に、日程第２議案第４２号令和３年度御杖村一般会計補正予算第５号の議 定についてを議題とし、討論を行います。討論はありませんか。 （「討論なし」の声あり）,R3-12kaigiroku,22
2021,R3-12kaigiroku,◎議案第４３号令和３年度御杖村国民健康保険特別会計補正,,,"予算,補正予算",議長(吉田俊弘君),,ありがとうございます。全員の起立により、日程第２議案第４２号令和３年度御 杖村一般会計補正予算第５号の議定については、委員長の報告のとおり可決されました。   ◎議案第４３号令和３年度御杖村国民健康保険特別会計補正 予算(第４号)の議定について ［討論、採決］ ,R3-12kaigiroku,22
2021,R3-12kaigiroku,◎議案第４３号令和３年度御杖村国民健康保険特別会計補正,,,予算,議長(吉田俊弘君),,次に、日程第３議案第４３号令和３年度御杖村国民健康保険特別会計補正 予算第４号の議定についてを議題とし、討論を行います。討論はありませんか。 （「討論なし」の声あり）,R3-12kaigiroku,22
2021,R3-12kaigiroku,◎議案第４４号令和３年度御杖村後期高齢者医療特別会計補正,,,"予算,補正予算",議長(吉田俊弘君),,ありがとうございます。全員の起立により、日程第３議案第４３号令和３年度御 杖村国民健康保険特別会計補正予算第４号の議定については、委員長の報告のとおり可決され ました。   ◎議案第４４号令和３年度御杖村後期高齢者医療特別会計補正 予算(第１号)の議定について ［討論、採決］ ,R3-12kaigiroku,23
2021,R3-12kaigiroku,◎議案第４４号令和３年度御杖村後期高齢者医療特別会計補正,,,予算,議長(吉田俊弘君),,次に、日程第４議案第４４号令和３年度御杖村後期高齢者医療特別会計補 正予算第１号の議定についてを議題とし、討論を行います。討論はありませんか。 （「討論なし」の声あり）,R3-12kaigiroku,23
2021,R3-12kaigiroku,◎発委第７号閉会中の継続調査申出について（議会運営委員会）,,,"予算,補正予算",議長(吉田俊弘君),,ありがとうございます。全員の起立により、日程第４議案第４４号令和３年度御 杖村後期高齢者医療特別会計補正予算第１号の議定については、委員長の報告のとおり可決さ れました。   ◎発委第７号閉会中の継続調査申出について（議会運営委員会） ［上程、採決］ ,R3-12kaigiroku,23
2021,R3-3kaigiroku,◎発委第８号閉会中の継続調査申出について（むらづくり委員会）,,,"予算,決算,補正予算",委員長(木村忠雄君),,それでは、２月２２日に開催いたしました議会運営委員会の会議結果につ いて、報告をいたします。当日は、全委員出席のもと、３月定例会の運営について協議を行いま した。 －５－ まず、会期及び会期中の日程について協議を行い、会期を、３月９日から１８日までの１０日 間とし、全員協議会を１０日、むらづくり委員会を１２日、予算決算委員会を１５日、予算決算委 員会予備日を１７日、続会議を１８日とそれぞれ決定し、,R3-3kaigiroku,5
2021,R3-3kaigiroku,◎発委第８号閉会中の継続調査申出について（むらづくり委員会）,,989000,"予算,補正予算",３番(吉田俊弘君),,それでは、令和３年第１回宇陀衛生一部事務組合議会定例会の報告をさせて いただきます。去る２月１２日午後２時より、令和３年第１回宇陀衛生一部事務組合議会定例会 が宇陀市農村環境改善センター農林会館に於いて、開催されました。 地方自治法第１２１条の規定により、管理者ほか関係者出席のもと行われ、宇陀市から組合議長 多田興四郎議員ほか７名、東吉野村から議員２名、曽爾村から議員２名、本村から山岡議員と 私吉,R3-3kaigiroku,6
2021,R3-3kaigiroku,◎発委第８号閉会中の継続調査申出について（むらづくり委員会）,,979000,予算,２番(古川芳明君),,それでは、令和３年第１回東宇陀環境衛生組合議会定例会の報告をさせてい ただきます。去る、２月１９日午後３時より、令和３年第１回東宇陀環境衛生組合議会定例会が 東宇陀クリーンセンターにおいて開催いたしました。宇陀市からは組合議長として上田議員、組 合議員として、田中議員、松浦議員、井谷議員が出席いたしました。曽爾村からは組合議員と して坂井議員、木治議員、宇山議員が出席いたしました。御杖村からは組合,R3-3kaigiroku,7
2021,R3-3kaigiroku,◎発委第８号閉会中の継続調査申出について（むらづくり委員会）,,721000,"予算,補正予算",１番(葛城昌俊君),,それでは、令和３年３月曽爾御杖行政一部事務組合議会定例会の報告をさせ ていただきます。去る、３月２日午前１０時より、令和３年３月曽爾御杖行政一部事務組合議会 定例会が御杖村役場３階会議室において開催されました。曽爾村からは組合議長として木治 議員、組合議員として萩原議員、東口議員が出席し、本村からは組合議員として木村議員、盛 岡議員、私葛城が出席いたしました。組合議会定例会については、６名の出席で,R3-3kaigiroku,7
2021,R3-3kaigiroku,◎発議第１号御杖村議会会議規則の一部を改正する議会,,,予算,議長(山岡隆良君),,次に、日程第４、一般質問でございますが、２月２２日の議会運営委員会以降 に議員の申し合わせを行い、３月定例会については、新年度予算や条例改正等多くの議案と なることから、新型コロナウイルス感染症の感染防止対策につき、会議時間を短縮するため、一 般質問は行わないこととしました。   ◎発議第１号御杖村議会会議規則の一部を改正する議会 規則の制定について ［上程、説明、質疑、討論、採決］ ,R3-3kaigiroku,8
2021,R3-3kaigiroku,◎承認第１号専決処分の承認を求めることについて,,,"予算,補正予算",議長(山岡隆良君),,ありがとうございます。全員の起立により、日程第５発議第１号御杖村議会会議 規則の一部を改正する議会規則の制定については、原案のとおり可決されました。   －９－ ◎承認第１号専決処分の承認を求めることについて （令和２年度御杖村一般会計補正予算(第９号)） ［上程、説明、総括的質疑、付託］ ,R3-3kaigiroku,9
2021,R3-3kaigiroku,◎承認第１号専決処分の承認を求めることについて,,,"予算,補正予算",議長(山岡隆良君),,次に、日程第６承認第１号専決処分の承認を求めることについて令和２年度 御杖村一般会計補正予算第９号を議題と致します。本案について、提案理由の説明を求めま す。伊藤村長。,R3-3kaigiroku,9
2021,R3-3kaigiroku,◎承認第１号専決処分の承認を求めることについて,,1913000,予算,村長(伊藤収宜君),,"本案につきましては、歳入歳出それぞれに１９１万３千円を追加し、補正後の 総額を２９億２,１４２万３千円とするものです。主な内容は、新型コロナウイルスワクチン接種体制 の確保に向けた当面の経費で、早急に予算措置の必要があったことから２月８日に専決処分を させていただきましたので、承認をお願いするものです。ご審議の程、よろしくお願いします。",R3-3kaigiroku,9
2021,R3-3kaigiroku,◎承認第１号専決処分の承認を求めることについて,,,"予算,決算",議長(山岡隆良君),,質疑なしと認めます。これで質疑を終わります。本案については、議会運営委 員長の報告のとおり、全員協議会で詳細な説明を受け、予算決算委員会に付託することにした いと思います。ご異議ありませんか。 （「異議なし」の声あり）,R3-3kaigiroku,9
2021,R3-3kaigiroku,◎承認第２号専決処分の承認を求めることについて,,,"予算,決算,補正予算",議長(山岡隆良君),,異議なしと認めます。したがって日程第６承認第１号専決処分の承認を求める ことについて令和２年度御杖村一般会計補正予算第９号は、予算決算委員会に付託することに 決定しました。   ◎承認第２号専決処分の承認を求めることについて （令和２年度御杖村介護保険特別会計補正予算(第４号)） ［上程、説明、総括的質疑、付託］ ,R3-3kaigiroku,9
2021,R3-3kaigiroku,◎承認第２号専決処分の承認を求めることについて,,,"予算,補正予算",議長(山岡隆良君),,次に、日程第７承認第２号専決処分の承認を求めることについて令和２年度 御杖村介護保険特別会計補正予算第４号を議題と致します。本案について、提案理由の説明 を求めます。伊藤村長。,R3-3kaigiroku,9
2021,R3-3kaigiroku,◎承認第２号専決処分の承認を求めることについて,,,"予算,補正予算",村長(伊藤収宜君),,本補正予算につきましては、一部の支出において早急な予算措置が必要と なり、項及び款を越えて増額と減額を行いました。合計としての増減はございませんが、１月２ ０日に専決処分をさせていただきましたので、承認をお願いするものです。ご審議の程、よろ しくお願いします。,R3-3kaigiroku,9
2021,R3-3kaigiroku,◎承認第２号専決処分の承認を求めることについて,,,"予算,決算",議長(山岡隆良君),,質疑なしと認めます。これで質疑を終わります。本案については、議会運営委 員長の報告のとおり、全員協議会で詳細な説明を受け、予算決算委員会に付託することにした いと思います。ご異議ありませんか。 （「異議なし」の声あり）,R3-3kaigiroku,10
2021,R3-3kaigiroku,◎議案第１号御杖村国民健康保険税条例の一部を改正する,,,"予算,決算,補正予算",議長(山岡隆良君),,異議なしと認めます。したがって日程第７承認第２号専決処分の承認を求める ことについて令和２年度御杖村介護保険特別会計補正予算第４号は、予算決算委員会に付託 することに決定しました。   ◎議案第１号御杖村国民健康保険税条例の一部を改正する 条例の制定について ［上程、説明、質疑、討論、採決］ ,R3-3kaigiroku,10
2021,R3-3kaigiroku,◎議案第１１号令和２年度御杖村一般会計補正予算(第１０号),,,"予算,補正予算",議長(山岡隆良君),,ありがとうございます。全員の起立により、日程第１７･議案第１０号･奈良県市 町村総合事務組合を組織する地方公共団体の数の減少及び奈良県市町村総合事務組合規 約の変更については、原案のとおり可決されました。   ◎議案第１１号令和２年度御杖村一般会計補正予算(第１０号) の議定について ［上程、説明、総括的質疑、付託］ ,R3-3kaigiroku,17
2021,R3-3kaigiroku,◎議案第１１号令和２年度御杖村一般会計補正予算(第１０号),,,"予算,補正予算",議長(山岡隆良君),,次に、日程第１８議案第１１号令和２年度御杖村一般会計補正予算第 １０号 の議定についてを議題と致します。本案について、提案理由の説明を求めます。伊藤村長。,R3-3kaigiroku,17
2021,R3-3kaigiroku,◎議案第１１号令和２年度御杖村一般会計補正予算(第１０号),,5486000,基金,村長(伊藤収宜君),,"本案につきましては、歳入歳出それぞれに７,４０６万３千円を追加し、補正後 の総額を２９億９,５４８万６千円とするものです。主な内容ですが、地方交付税留保分のはき出し による歳入の増額や、歳出では、請負差金や実績減少による減額調整を行い、それらの収支 余剰分を財政調整基金へ積み増しております。また、新型コロナウイルスワクチンの接種体制 確保事業として、歳入歳出ともに同額を計上しております。ご審議の程",R3-3kaigiroku,17
2021,R3-3kaigiroku,◎議案第１１号令和２年度御杖村一般会計補正予算(第１０号),,,"予算,決算",議長(山岡隆良君),,質疑なしと認めます。これで質疑を終わります。本案については、議会運営委 －１８－ 員長の報告のとおり、全員協議会で詳細な説明を受け、予算決算委員会に付託することにした いと思います。ご異議ありませんか。 （「異議なし」の声あり）,R3-3kaigiroku,18
2021,R3-3kaigiroku,◎議案第１２号令和２年度御杖村簡易水道事業特別会計,Water/Sewer,,"予算,決算,補正予算",議長(山岡隆良君),,異議なしと認めます。したがって、日程第１８議案第１１号令和２年度御杖村一 般会計補正予算第１０号の議定については、予算決算委員会に付託することに決定しました。   ◎議案第１２号令和２年度御杖村簡易水道事業特別会計 補正予算(第２号)の議定について ［上程、説明、総括的質疑、付託］ ,R3-3kaigiroku,18
2021,R3-3kaigiroku,◎議案第１２号令和２年度御杖村簡易水道事業特別会計,Water/Sewer,,予算,議長(山岡隆良君),,次に、日程第１９議案第１２号令和２年度御杖村簡易水道事業特別会計補正 予算第２号の議定についてを議題と致します。本案について、提案理由の説明を求めます。伊 藤村長。,R3-3kaigiroku,18
2021,R3-3kaigiroku,◎議案第１２号令和２年度御杖村簡易水道事業特別会計,Water/Sewer,,"予算,決算",議長(山岡隆良君),,質疑なしと認めます。これで質疑を終わります。本案についても、議会運営委 員長の報告のとおり、全員協議会で詳細な説明を受け、予算決算委員会に付託することにした いと思います。ご異議ありませんか。 （「異議なし」の声あり）,R3-3kaigiroku,18
2021,R3-3kaigiroku,◎議案第１３号令和２年度御杖村国民健康保険特別会計,Water/Sewer,,"予算,決算,補正予算",議長(山岡隆良君),,異議なしと認めます。したがって、日程第１９議案第１２号令和２年度御杖村簡 易水道事業特別会計補正予算第２号の議定についても、予算決算委員会に付託することに決 定しました。   ◎議案第１３号令和２年度御杖村国民健康保険特別会計 補正予算(第５号)の議定について ［上程、説明、総括的質疑、付託］ ,R3-3kaigiroku,18
2021,R3-3kaigiroku,◎議案第１３号令和２年度御杖村国民健康保険特別会計,,,予算,議長(山岡隆良君),,次に、日程第２０議案第１３号令和２年度御杖村国民健康保険特別会計補正 予算第５号の議定についてを議題と致します。本案について、提案理由の説明を求めます。伊 藤村長。,R3-3kaigiroku,18
2021,R3-3kaigiroku,◎議案第１３号令和２年度御杖村国民健康保険特別会計,,4955000,補助金,村長(伊藤収宜君),,"本案につきましては、事業勘定の歳入歳出それぞれ１９万６千円を減額し、補 －１９－ 正後の総額を２億８,４９５万５千円とするものです。また、診療施設勘定は、新たな補助金が措 置されることにより、繰入金との調整を行ったもので、合計としての増減はありません。ご審議の 程、よろしくお願いします。",R3-3kaigiroku,19
2021,R3-3kaigiroku,◎議案第１３号令和２年度御杖村国民健康保険特別会計,,,"予算,決算",議長(山岡隆良君),,質疑なしと認めます。これで質疑を終わります。本案についても、議会運営委 員長の報告のとおり、全員協議会で詳細な説明を受け、予算決算委員会に付託することにした いと思います。ご異議ありませんか。 （「異議なし」の声あり）,R3-3kaigiroku,19
2021,R3-3kaigiroku,◎議案第１４号２年度御杖村介護保険特別会計補正,,,"予算,決算,補正予算",議長(山岡隆良君),,異議なしと認めます。したがって、日程第２０議案第１３号令和２年度御杖村国 民健康保険特別会計補正予算第５号の議定についても、予算決算委員会に付託することに決 定しました。   ◎議案第１４号２年度御杖村介護保険特別会計補正 予算(第５号)の議定について ［上程、説明、総括的質疑、付託］ ,R3-3kaigiroku,19
2021,R3-3kaigiroku,◎議案第１４号２年度御杖村介護保険特別会計補正,,,"予算,補正予算",議長(山岡隆良君),,次に、日程第２１議案第１４号令和２年度御杖村介護保険特別会計補正予算 第５号の議定についてを議題と致します。本案について、提案理由の説明を求めます。伊藤村 長。,R3-3kaigiroku,19
2021,R3-3kaigiroku,◎議案第１４号２年度御杖村介護保険特別会計補正,,,"予算,決算",議長(山岡隆良君),,質疑なしと認めます。これで質疑を終わります。本案についても、議会運営委 員長の報告のとおり、全員協議会で詳細な説明を受け、予算決算委員会に付託することにした いと思います。ご異議ありませんか。 （「異議なし」の声あり）,R3-3kaigiroku,19
2021,R3-3kaigiroku,◎議案第１５号令和２年度御杖村後期高齢者医療特別,,,"予算,決算,補正予算",議長(山岡隆良君),,異議なしと認めます。したがって、日程第２１議案第１４号令和２年度御杖村介 護保険特別会計補正予算第５号の議定についても、予算決算委員会に付託することに決定し ました。   ◎議案第１５号令和２年度御杖村後期高齢者医療特別 会計補正予算(第３号)の議定について ［上程、説明、総括的質疑、付託］ －２０－,R3-3kaigiroku,20
2021,R3-3kaigiroku,◎議案第１５号令和２年度御杖村後期高齢者医療特別,,,予算,議長(山岡隆良君),,次に、日程第２２議案第１５号令和２年度御杖村後期高齢者医療特別会計補 正予算第３号の議定についてを議題と致します。本案について、提案理由の説明を求めます。 伊藤村長。,R3-3kaigiroku,20
2021,R3-3kaigiroku,◎議案第１５号令和２年度御杖村後期高齢者医療特別,,,"予算,決算",議長(山岡隆良君),,質疑なしと認めます。これで質疑を終わります。本案についても、議会運営委 員長の報告のとおり、全員協議会で詳細な説明を受け、予算決算委員会に付託することにした いと思います。ご異議ありませんか。 （「異議なし」の声あり）,R3-3kaigiroku,20
2021,R3-3kaigiroku,◎議案第１５号令和２年度御杖村後期高齢者医療特別,,,"予算,決算,補正予算",議長(山岡隆良君),,異議なしと認めます。したがって、日程第２２議案第１５号令和２年度御杖村後 期高齢者医療特別会計補正予算第３号の議定についても、予算決算委員会に付託することに 決定しました。    ◎休憩（午前１１時０７分）  ,R3-3kaigiroku,20
2021,R3-3kaigiroku,◎議案第１５号令和２年度御杖村後期高齢者医療特別,,,予算,議長(山岡隆良君),,次の日程第２３議案第１６号から日程２７議案第２０号までは、令和３年度の一 般会計予算及び特別会計予算４議案となります。審議に入ります前に、伊藤村長より、新年度 に向けての施策方針を伺いたいと思います。伊藤村長よろしくお願いします。,R3-3kaigiroku,20
2021,R3-3kaigiroku,◎議案第１６号令和３年度御杖村一般会計予算の議定について,Construction,8215000,"予算,工事,補正予算",村長(伊藤収宜君),,令和３年３月議会定例会において、新年度の予算を提案するにあたり、村政 運営における私の所信と、施策の大綱を申し述べ、議員各位並びに村民の皆様のご理解とご －２１－ 協力をお願い申し上げたいと思います。 私は、皆さまの温かいご支援をいただき、就任以来、村民の声を聴くことを基本姿勢とし、議 員各位のご理解ご協力のもと、村政を進めてまいりました。２期目の昨年は、新型コロナウイルス の世界的な感染拡大によ,R3-3kaigiroku,24
2021,R3-3kaigiroku,◎議案第１６号令和３年度御杖村一般会計予算の議定について,,,予算,議長(山岡隆良君),,ありがとうございました。それでは、日程２３議案第１６号令和３年度御杖村一般 会計予算の議定についてを議題と致します。本案について、提案理由の説明を求めます。伊 藤村長。,R3-3kaigiroku,24
2021,R3-3kaigiroku,◎議案第１６号令和３年度御杖村一般会計予算の議定について,Construction,1005525000,"予算,取得,基金,決算,補助金",副村長(松原永治君),,副村長の松原でございます。続きまして私から、令和３年度御杖村一般会 計予算の概要についてご説明申し上げます。説明に入ります前に、予算書のレイアウト変更 についてご報告いたします。お手元の令和３年度御杖村一般会計予算書の２ページ以降を お開き下さい。今年度行いました財務会計システムの変更に伴いまして、レイアウトがこれまで の横組みから、決算書と同様、縦組みに変更となっておりますので、よろしくお願いい,R3-3kaigiroku,27
2021,R3-3kaigiroku,◎議案第１６号令和３年度御杖村一般会計予算の議定について,,,"予算,決算",議長(山岡隆良君),,質疑なしと認めます。これで質疑を終わります。本案については、議会運営委 員長の報告のとおり、全員協議会で詳細な説明を受け、予算決算委員会に付託することにした いと思います。ご異議ありませんか。 （「異議なし」の声あり）,R3-3kaigiroku,27
2021,R3-3kaigiroku,◎議案第１７号令和３年度御杖村簡易水道事業特別,Water/Sewer,,"予算,決算",議長(山岡隆良君),,異議なしと認めます。したがって、日程２３議案第１６号令和３年度御杖村一般 会計予算の議定については、予算決算委員会に付託することに決定しました。   ◎議案第１７号令和３年度御杖村簡易水道事業特別 会計予算の議定について ［上程、説明、総括的質疑、付託］ ,R3-3kaigiroku,27
2021,R3-3kaigiroku,◎議案第１７号令和３年度御杖村簡易水道事業特別,Water/Sewer,,予算,議長(山岡隆良君),,次に、日程第２４議案第１７号令和３年度御杖村簡易水道事業特別会計予算 の議定についてを議題とします。本案について、提案理由の説明を求めます。伊藤村長。,R3-3kaigiroku,27
2021,R3-3kaigiroku,◎議案第１７号令和３年度御杖村簡易水道事業特別,Water/Sewer,,"予算,決算",議長(山岡隆良君),,質疑なしと認めます。これで質疑を終わります。本案についても、議会運営委 員長の報告のとおり、全員協議会で詳細な説明を受け、予算決算委員会に付託することにした いと思います。ご異議ありませんか。 （「異議なし」の声あり）,R3-3kaigiroku,27
2021,R3-3kaigiroku,◎議案第１８号令和３年度御杖村国民健康保険特別,Water/Sewer,,"予算,決算",議長(山岡隆良君),,異議なしと認めます。したがって、日程第２４議案第１７号令和３年度御杖村簡 易水道事業特別会計予算の議定についても、予算決算委員会に付託することに決定しました。   ◎議案第１８号令和３年度御杖村国民健康保険特別 会計予算の議定について ［上程、説明、総括的質疑、付託］ ,R3-3kaigiroku,27
2021,R3-3kaigiroku,◎議案第１８号令和３年度御杖村国民健康保険特別,,,予算,議長(山岡隆良君),,次に、日程第２５議案第１８号令和３年度御杖村国民健康保険特別会計予算 の議定についてを議題とします。本案について、提案理由の説明を求めます。伊藤村長。 －２８－,R3-3kaigiroku,28
2021,R3-3kaigiroku,◎議案第１８号令和３年度御杖村国民健康保険特別,,,"予算,決算",議長(山岡隆良君),,質疑なしと認めます。これで質疑を終わります。本案についても、議会運営委 員長の報告のとおり、全員協議会で詳細な説明を受け、予算決算委員会に付託することにした いと思います。ご異議ありませんか。 （「異議なし」の声あり）,R3-3kaigiroku,28
2021,R3-3kaigiroku,◎議案第１９号令和３年度御杖村介護保険特別会計,,,"予算,決算",議長(山岡隆良君),,異議なしと認めます。したがって、日程第２５議案第１８号令和３年度御杖村国 民健康保険特別会計予算の議定についても、予算決算委員会に付託することに決定しました。   ◎議案第１９号令和３年度御杖村介護保険特別会計 予算の議定について ［上程、説明、総括的質疑、付託］ ,R3-3kaigiroku,28
2021,R3-3kaigiroku,◎議案第１９号令和３年度御杖村介護保険特別会計,,,予算,議長(山岡隆良君),,次に、日程第２６議案第１９号令和３年度御杖村介護保険特別会計予算の議 定についてを議題とします。本案について、提案理由の説明を求めます。伊藤村長。,R3-3kaigiroku,28
2021,R3-3kaigiroku,◎議案第１９号令和３年度御杖村介護保険特別会計,,,"予算,決算",議長(山岡隆良君),,質疑なしと認めます。これで質疑を終わります。本案についても、議会運営委 員長の報告のとおり、全員協議会で詳細な説明を受け、予算決算委員会に付託することにした いと思います。ご異議ありませんか。 （「異議なし」の声あり）,R3-3kaigiroku,28
2021,R3-3kaigiroku,◎議案第２０号令和３年度御杖村後期高齢者医療特別,,,"予算,決算",議長(山岡隆良君),,異議なしと認めます。したがって、日程第２６議案第１９号令和３年度御杖村介 護保険特別会計予算の議定についても、予算決算委員会に付託することに決定しました。   ◎議案第２０号令和３年度御杖村後期高齢者医療特別 会計予算の議定について ［上程、説明、総括的質疑、付託］ －２９－,R3-3kaigiroku,29
2021,R3-3kaigiroku,◎議案第２０号令和３年度御杖村後期高齢者医療特別,,,予算,議長(山岡隆良君),,次に、日程第２７･議案第２０号･令和３年度御杖村後期高齢者医療特別会計 予算の議定についてを議題とします。本案について、提案理由の説明を求めます。伊藤村長。,R3-3kaigiroku,29
2021,R3-3kaigiroku,◎議案第２０号令和３年度御杖村後期高齢者医療特別,,,"予算,決算",議長(山岡隆良君),,質疑なしと認めます。これで質疑を終わります。本案についても、議会運営委 員長の報告のとおり、全員協議会で詳細な説明を受け、予算決算委員会に付託することにした いと思います。ご異議ありませんか。 （「異議なし」の声あり）,R3-3kaigiroku,29
2021,R3-3kaigiroku,◎諮問第１号人権擁護委員候補者の推薦につき意見,,,"予算,決算",議長(山岡隆良君),,異議なしと認めます。したがって、日程第２７議案第２０号令和３年度御杖村後 期高齢者医療特別会計予算の議定についても、予算決算委員会に付託することに決定しまし た。   ◎諮問第１号人権擁護委員候補者の推薦につき意見 を求めることについて ［上程、説明］ ,R3-3kaigiroku,29
2021,R3-3kaigiroku,◎同意第４号御杖村監査委員の選任につき同意を,Village Development,,"予算,補正予算",議長(山岡隆良君),,以上をもって、本日の日程は全て終了致しました。次回の本会議は３月１８日 木曜日･午後１時３０分より開くことに致します。本日は、これにて散会致します。お疲れ様でし た。    （午後０時１５分 散会）   －３３－ －３４－ （令和３年３月１８日）     －３５－ 令和３年３月御杖村議会定例会（第２号） 令和３年３月１８日（木） 開議 午後１時３０分 ◎議事日程［審議結果］ 第１   承認第１号 ,R3-3kaigiroku,37
2021,R3-3kaigiroku,◎承認第１号専決処分の承認を求めることについて（令和２年度御杖,,,"予算,補正予算",議長(山岡隆良君),,皆さん、ご苦労様でございます。本日の３月定例会の続会をご案内させてい ただいたところ、ご出席をいただきありがとうございます。全議員が出席でございます。地方自治 法第１１３条の規定による定足数に達していますので、本日の会議を開きます。本日の議事日 程は、お手元に配布の日程第２号とおりとします。   ◎承認第１号専決処分の承認を求めることについて（令和２年度御杖 村一般会計補正予算(第９号)）・承認第,R3-3kaigiroku,37
2021,R3-3kaigiroku,◎承認第１号専決処分の承認を求めることについて（令和２年度御杖,,,"予算,決算,補正予算",議長(山岡隆良君),,ただちに議題に入ります。日程第１承認第１号専決処分の承認を求めることに ついて、令和２年度御杖村一般会計補正予算第９号、日程第２承認第２号専決処分の承認を 求めることについて、令和２年度御杖村介護保険特別会計補正予算第４号の２議案につきまし ては、予算決算委員会に付託した案件でございます。これを一括議題とし、御杖村会議規則第 ４１条第１項の規定に基づき、委員長から一括して審査経過及び結果の報告をお,R3-3kaigiroku,37
2021,R3-3kaigiroku,◎承認第１号専決処分の承認を求めることについて（令和２年度御杖,,,"予算,決算,補正予算",委員長(松岡一生君),,予算決算委員会を代表しまして、当委員会に付託されました、日程第１承 認第１号及び日程第２承認第２号につきまして、その審査の経過と結果についてご報告いた します。まず、審査の経緯でございますが、去る３月９日の本会議におきまして、専決補正予 算２件及び補正予算５件、令和３年度当初決算５件の合計１２件の案件が付託されたことに より、３月１５日に委員会を開催いたしました。当日は、全委員及び村長をはじめ各部,R3-3kaigiroku,37
2021,R3-3kaigiroku,◎承認第１号専決処分の承認を求めることについて,,,"予算,補正予算",議長(山岡隆良君),,質疑なしと認めます。これで質疑を終わります。   ◎承認第１号専決処分の承認を求めることについて （令和２年度御杖村一般会計補正予算(第９号)） ［討論、採決］ ,R3-3kaigiroku,38
2021,R3-3kaigiroku,◎承認第１号専決処分の承認を求めることについて,,,"予算,補正予算",議長(山岡隆良君),,続いて議案ごとに、討論及び採決を行います。まず、日程第１承認第１号専決 処分の承認を求めることについて･令和２年度御杖村一般会計補正予算第９号を議題とし、討 論を行います。討論はありませんか。 （「討論なし」の声あり）,R3-3kaigiroku,38
2021,R3-3kaigiroku,◎承認第２号専決処分の承認を求めることについて,,,"予算,補正予算",議長(山岡隆良君),,ありがとうございます。全員の起立により、日程第１承認第号専決処分の承認 を求めることについて、令和２年度御杖村一般会計補正予算第９号は、委員長の報告のとおり 承認されました。   ◎承認第２号専決処分の承認を求めることについて （令和２年度御杖村介護保険特別会計補正予算(第４号)） ［討論、採決］ ,R3-3kaigiroku,38
2021,R3-3kaigiroku,◎承認第２号専決処分の承認を求めることについて,,,"予算,補正予算",議長(山岡隆良君),,次に、日程第２承認第２号専決処分の承認を求めることについて、令和２年度 御杖村介護保険特別会計補正予算第４号を議題とし、討論を行います。討論はありませんか。 （「討論なし」の声あり）,R3-3kaigiroku,38
2021,R3-3kaigiroku,◎議案第２号御杖村ドクターヘリ場外離着陸場の設置及び管理に関す,,,"予算,補正予算",議長(山岡隆良君),,ありがとうございます。全員の起立により、日程第２承認第２号専決処分の承認 を求めることについて、令和２年度御杖村介護保険特別会計補正予算第４号は、委員長の報 告のとおり承認されました。   ◎議案第２号御杖村ドクターヘリ場外離着陸場の設置及び管理に関す る条例の制定について・議案第３号御杖村における部落差別撤廃 とあらゆる差別をなくすことを目指す条例の全部を改正する条例の 制定について・議案第４号,R3-3kaigiroku,39
2021,R3-3kaigiroku,◎議案１１号令和２年度御杖村一般会計補正予算(第１０号)の議定に,Water/Sewer,,"予算,補正予算",議長(山岡隆良君),,ありがとうございます。全員の起立により、日程第８議案第９号御杖村の公の施 設の指定管理者の指定については、委員長の報告のとおり可決されました。   ◎議案１１号令和２年度御杖村一般会計補正予算(第１０号)の議定に ついて・議案第１２号令和２年度御杖村簡易水道事業特別会計補 正予算(第２号)の議定について・議案第１３号令和２年度御杖村国 民健康保険特別会計補正予算(第５号)の議定について・議案第１ ,R3-3kaigiroku,42
2021,R3-3kaigiroku,◎議案１１号令和２年度御杖村一般会計補正予算(第１０号)の議定に,Water/Sewer,,"予算,決算,補正予算",議長(山岡隆良君),,次に、日程第９議案１１号令和２年度御杖村一般会計補正予算第１０号の議 定について、日程第１０議案第１２号令和２年度御杖村簡易水道事業特別会計補正予算第２号 の議定について、日程第１１議案第１３号令和２年度御杖村国民健康保険特別会計補正予算 第５号の議定について、日程第１２議案第１４号令和２年度御杖村介護保険特別会計補正予算 第５号の議定について、日程第１３議案第１５号令和２年度御杖村後期高齢者医療,R3-3kaigiroku,42
2021,R3-3kaigiroku,◎議案１１号令和２年度御杖村一般会計補正予算(第１０号)の議定に,,,"予算,決算,補正予算",委員長(松岡一生君),,それでは、日程第９議案第１１号から日程第１３議案第１５号の補正予算 ５議案につきまして、一括して、その審査結果について報告をさせていただきます。審査の経 緯につきましては、先に報告させていただきましたとおりでございます。審査の経過でござい ますが、各会計ごとに質疑及び討論と採決を行いました。採決の結果につきましては、補正 予算５議案ともに全員の賛成により、原案のとおり可決すべきものと決定いたしまし,R3-3kaigiroku,42
2021,R3-3kaigiroku,◎議案１１号令和２年度御杖村一般会計補正予算(第１０号),,,"予算,補正予算",議長(山岡隆良君),,質疑なしと認めます。これで質疑を終わります。  ◎議案１１号令和２年度御杖村一般会計補正予算(第１０号) の議定について ［討論、採決］ －４３－,R3-3kaigiroku,43
2021,R3-3kaigiroku,◎議案１１号令和２年度御杖村一般会計補正予算(第１０号),,,"予算,補正予算",議長(山岡隆良君),,続いて議案ごとに、討論及び採決を行います。まず、日程第９議案１１号令和 ２年度御杖村一般会計補正予算第１０号の議定についてを議題とし、討論を行います。討論は ありませんか。 （「討論なし」の声あり）,R3-3kaigiroku,43
2021,R3-3kaigiroku,◎議案第１２号令和２年度御杖村簡易水道事業特別会計補正,Water/Sewer,,"予算,補正予算",議長(山岡隆良君),,ありがとうございます。全員の起立により、日程第９議案１１号令和２年度御杖 村一般会計補正予算第１０号の議定については、委員長の報告のとおり可決されました。   ◎議案第１２号令和２年度御杖村簡易水道事業特別会計補正 予算(第２号)の議定について ［討論、採決］ ,R3-3kaigiroku,43
2021,R3-3kaigiroku,◎議案第１２号令和２年度御杖村簡易水道事業特別会計補正,Water/Sewer,,予算,議長(山岡隆良君),,次に、日程第１０議案第１２号令和２年度御杖村簡易水道事業特別会計補正 予算第２号の議定についてを議題とし、討論を行います。討論はありませんか。 （「討論なし」の声あり）,R3-3kaigiroku,43
2021,R3-3kaigiroku,◎議案第１３号令和２年度御杖村国民健康保険特別会計,Water/Sewer,,"予算,補正予算",議長(山岡隆良君),,ありがとうございます。全員の起立により、日程第１０議案第１２号令和２年度御 杖村簡易水道事業特別会計補正予算第２号の議定については、委員長の報告のとおり可決さ れました。   ◎議案第１３号令和２年度御杖村国民健康保険特別会計 補正(第５号)の議定について ［討論、採決］ ,R3-3kaigiroku,43
2021,R3-3kaigiroku,◎議案第１３号令和２年度御杖村国民健康保険特別会計,,,予算,議長(山岡隆良君),,次に、日程第１１議案第１３号令和２年度御杖村国民健康保険特別会計補正 予算第５号の議定についてを議題とし、討論を行います。討論はありませんか。 （「討論なし」の声あり）,R3-3kaigiroku,43
2021,R3-3kaigiroku,◎議案第１４号令和２年度御杖村介護保険特別会計補正,,,"予算,補正予算",議長(山岡隆良君),,ありがとうございます。全員の起立により、日程第１１議案第１３号令和２年度御 杖村国民健康保険特別会計補正予算第５号の議定については、委員長の報告のとおり可決さ れました。 －４４－ ◎議案第１４号令和２年度御杖村介護保険特別会計補正 予算(第５号)の議定について ［討論、採決］ ,R3-3kaigiroku,44
2021,R3-3kaigiroku,◎議案第１４号令和２年度御杖村介護保険特別会計補正,,,"予算,補正予算",議長(山岡隆良君),,次に、日程第１２議案第１４号令和２年度御杖村介護保険特別会計補正予算 第５号の議定についてを議題とし、討論を行います。討論はありませんか。 （「討論なし」の声あり）,R3-3kaigiroku,44
2021,R3-3kaigiroku,◎議案第１５号令和２年度御杖村後期高齢者医療特別,,,"予算,補正予算",議長(山岡隆良君),,ありがとうございます。全員の起立により、日程第１２議案第１４号令和２年度御 杖村介護保険特別会計補正予算第５号の議定については、委員長の報告のとおり可決されま した。   ◎議案第１５号令和２年度御杖村後期高齢者医療特別 会計補正予算(第３号)の議定について ［討論、採決］ ,R3-3kaigiroku,44
2021,R3-3kaigiroku,◎議案第１５号令和２年度御杖村後期高齢者医療特別,,,予算,議長(山岡隆良君),,次に、日程第１３議案第１５号令和２年度御杖村後期高齢者医療特別会計補 正予算第３号の議定についてを議題とし、討論を行います。討論はありませんか。 （「討論なし」の声あり）,R3-3kaigiroku,44
2021,R3-3kaigiroku,◎議案第１６号令和３年度御杖村一般会計予算の議定について・議案,Water/Sewer,,"予算,補正予算",議長(山岡隆良君),,ありがとうございます。全員の起立により、日程第１３議案第１５号令和２年度御 杖村後期高齢者医療特別会計補正予算第３号の議定については、委員長の報告のとおり可決さ れました。   ◎議案第１６号令和３年度御杖村一般会計予算の議定について・議案 第１７号令和３年度御杖村簡易水道事業特別会計予算の議定につ いて・議案第１８号令和３年度御杖村国民健康保険特別会計予算の 議定について・議案第１９号令和３年度,R3-3kaigiroku,44
2021,R3-3kaigiroku,◎議案第１６号令和３年度御杖村一般会計予算の議定について・議案,Water/Sewer,,"予算,決算",議長(山岡隆良君),,次に、日程第１４議案第１６号令和３年度御杖村一般会計予算の議定について、 －４５－ 日程第１５議案第１７号令和３年度御杖村簡易水道事業特別会計予算の議定について、日程 第１６議案第１８号令和３年度御杖村国民健康保険特別会計予算の議定について、日程第１７ 議案第１９号令和３年度御杖村介護保険特別会計予算の議定について、日程第１８議案第２０ 号令和３年度御杖村後期高齢者医療特別会計予算の議定についての,R3-3kaigiroku,45
2021,R3-3kaigiroku,◎議案第１６号令和３年度御杖村一般会計予算の議定について・議案,,,"予算,決算",委員長(松岡一生君),,それでは、日程第１４議案第１６号から日程第１８議案第２０号の５会計に おける令和３年度当初予算の議定につきまして、一括して、その審査結果について報告をさ せていただきます。審査の経緯につきましては、先に報告させていただきましたとおりでござ います。審査の経過でございますが、各会計ごとに質疑及び討論と採決を行いました。質疑 では、委員より質疑が行われ、村当局より答弁をいただきましたが、内容については,R3-3kaigiroku,45
2021,R3-3kaigiroku,◎議案第１６号令和３年度御杖村一般会計予算の議定について,,,予算,議長(山岡隆良君),,質疑なしと認めます。これで質疑を終わります。  ◎議案第１６号令和３年度御杖村一般会計予算の議定について ［討論、採決］ ,R3-3kaigiroku,45
2021,R3-3kaigiroku,◎議案第１６号令和３年度御杖村一般会計予算の議定について,,,予算,議長(山岡隆良君),,続いて各議案ごとに、討論及び採決を行います。まず、日程第１４議案第１６ 号令和３年度御杖村一般会計予算の議定についてを議題とし、討論を行います。討論はありま せんか。 （「討論なし」の声あり）,R3-3kaigiroku,45
2021,R3-3kaigiroku,◎議案第１７号令和３年度御杖村簡易水道事業特別会計,Water/Sewer,,予算,議長(山岡隆良君),,ありがとうございます。全員の起立により、日程第１４第１６号令和３年度御杖村 一般会計予算の議定については、委員長の報告のとおり可決されました。   ◎議案第１７号令和３年度御杖村簡易水道事業特別会計 予算の議定について ［討論、採決］ ,R3-3kaigiroku,45
2021,R3-3kaigiroku,◎議案第１７号令和３年度御杖村簡易水道事業特別会計,Water/Sewer,,予算,議長(山岡隆良君),,次に、日程第１５議案第１７号令和３年度御杖村簡易水道事業特別会計予算 の議定についてを議題とし、討論を行います。討論はありませんか。 －４６－ （「討論なし」の声あり）,R3-3kaigiroku,46
2021,R3-3kaigiroku,◎議案第１８号令和３年度御杖村国民健康保険特別,Water/Sewer,,予算,議長(山岡隆良君),,ありがとうございます。全員の起立により、日程第１５議案第１７号令和３年度御 杖村簡易水道事業特別会計予算の議定については、委員長の報告のとおり可決されました。   ◎議案第１８号令和３年度御杖村国民健康保険特別 会計予算の議定について ［討論、採決］ ,R3-3kaigiroku,46
2021,R3-3kaigiroku,◎議案第１８号令和３年度御杖村国民健康保険特別,,,予算,議長(山岡隆良君),,次に、日程第１６議案第１８号令和３年度御杖村国民健康保険特別会計予算 の議定についてを議題とし、討論を行います。討論はありませんか。 （「討論なし」の声あり）,R3-3kaigiroku,46
2021,R3-3kaigiroku,◎議案第１９号令和３年度御杖村介護保険特別会計,,,予算,議長(山岡隆良君),,ありがとうございます。全員の起立により、日程第１６議案第１８号令和３年度御 杖村国民健康保険特別会計予算の議定については、委員長の報告のとおり可決されました。   ◎議案第１９号令和３年度御杖村介護保険特別会計 予算の議定について ［討論、採決］ ,R3-3kaigiroku,46
2021,R3-3kaigiroku,◎議案第１９号令和３年度御杖村介護保険特別会計,,,予算,議長(山岡隆良君),,次に、日程第１７議案第１９号令和３年度御杖村介護保険特別会計予算の議 定についてを議題とし、討論を行います。討論はありませんか。 （「討論なし」の声あり）,R3-3kaigiroku,46
2021,R3-3kaigiroku,◎議案第２０号令和３年度御杖村後期高齢者医療特別,,,予算,議長(山岡隆良君),,ありがとうございます。全員の起立により、日程第１７議案第１９号令和３年度御 杖村介護保険特別会計予算の議定については、委員長の報告のとおり可決されました。   ◎議案第２０号令和３年度御杖村後期高齢者医療特別 会計予算の議定について ［討論、採決］ －４７－,R3-3kaigiroku,47
2021,R3-3kaigiroku,◎発委第１号閉会中の継続調査申出について（議会運営委員会）,,,予算,議長(山岡隆良君),,ありがとうございます。全員の起立により、日程第１８議案第２０号令和３年度御 杖村後期高齢者医療特別会計予算の議定については、委員長の報告のとおり可決されました。   ◎発委第１号閉会中の継続調査申出について（議会運営委員会） ［上程、採決］ ,R3-3kaigiroku,47
2021,R3-5kaigiroku,◎同意第５号御杖村監査委員の選任につき同意を求めることについて[採決] ・・・・・・・・・・・ －９－,,,予算,議長(吉田俊弘君),,異議なしと認めます。したがって、議長が指名することに決定しました。予算決 算委員会委員長に８番木村忠雄君、副委員長に１番張間裕子君、委員に２番廣口芳弘君・３番葛 城昌俊君・４番古川芳明君・５番吉田俊弘・６番山岡隆良君・７番松岡一生君を、むらづくり委員会 委員長に６番山岡隆良君、副委員長に２番廣口芳弘君、委員に１番張間裕子君・３番葛城昌俊 君・４番古川芳明君・５番吉田俊弘・７番松岡一生君・８番木村忠,R3-5kaigiroku,7
2021,R3-5kaigiroku,◎同意第５号御杖村監査委員の選任につき同意を求めることについて[採決] ・・・・・・・・・・・ －９－,,,取得,住民生活課長(片岡保昌君),,専決処分の承認をお願いいたしますのは御杖村税条例等の一部を 改正する条例の制定についてでございます。地方税法等の一部を改正する法律及び、関係政省 令が本年３月３１日に、それぞれ公布され、４月１日から施行されることに伴い、御杖村税条例の一 部改正が必要となることから、地方自治法第１７９条第１項の規定により、３月３１日付けで専決処 分を行いましたので、同条第３項の規定により報告し、議会の御承認をお願い,R3-5kaigiroku,8
2021,R3-6kaigiroku,◎発委第４号閉会中の継続調査申出について（むらづくり委員会）,,,"予算,決算,補正予算",委員長(古川芳明君),,それでは、５月２７日に開催いたしました議会運営委員会の会議結果につ いて、報告をいたします。当日は、全委員出席のもと、６月定例会の運営について協議を行いまし た。まず、会期及び会期中の日程について協議を行い、会期を、６月８日から 15 日までの８日間 とし、全員協議会を９日、予算決算委員会及びむらづくり委員会を１１日、続会議を１５日とそれぞ れ決定し、予算決算委員会及びむらづくり委員会以外は午前１,R3-6kaigiroku,4
2021,R3-6kaigiroku,◎発委第４号閉会中の継続調査申出について（むらづくり委員会）,,,"予算,補正予算",村長(伊藤収宜君),,６月定例会の開会に際し、行政報告をさせていただきます。先ず、新型コロナ ウイルス対策についてですが、９都道府県に出された緊急事態宣言は、６月２０日まで延長されて おり、五輪開催を目前に控え、感染状況の改善につなげようと取り組みが行われているところで す。一方、奈良県においては、緊急事態宣言の要請をおこなわず、県の実情にあわせた緊急対 処措置として、各市町村の意向に沿った飲食店への時短要請や公立施設,R3-6kaigiroku,5
2021,R3-6kaigiroku,◎発委第４号閉会中の継続調査申出について（むらづくり委員会）,Welfare,,工事,６番(山岡隆良君),,それでは、議長の許可を得ましたので村長に対して１点一般質問をさせていた だきます。４月２７日から始まりましたコロナワクチンの接種状況ですが、診療医や看護師の皆さん の協力をいただき、保健福祉課の方で、うまく調整していただきながら大きな問題もなく、スピーデ ィーに接種対応されておられますことに対して関係各位のご努力に深く感謝いたします。さて、本 年３月議会において、やすらぎフロンティアタウンにある旧,R3-6kaigiroku,6
2021,R3-6kaigiroku,◎発委第４号閉会中の継続調査申出について（むらづくり委員会）,,,工事,村長(伊藤収宜君),,山岡議員、ご質問のドクターヘリ離着陸場についてお答え申し上げます。先 ず、離着陸場に関する規定と本村の状況について、ご説明申し上げます。ヘリコプターは基本的 には、航空機でありますので、航空法第７９条により、空港等、約２００カ所でございますが、以外の 場所では離着陸してはならないとされています。ただし、国土交通大臣の許可を受けた場合は離 着陸できるとされており、これに沿って設置されているのが場外離,R3-6kaigiroku,7
2021,R3-6kaigiroku,◎発委第４号閉会中の継続調査申出について（むらづくり委員会）,Construction,,"予算,工事",６番(山岡隆良君),,どうもご回答ありがとうございます。いろんな角度で分析されて、救急車の搬送 件数、また、ドクターヘリの飛来件数といったところも統計的に分析されたなかで、御杖村にはドク ターヘリが必要であると村長が回答していただいたことは非常にありがたいことであって、村民の 皆様にとっても、安心安全がさらに確約されるのじゃないかなということで考える次第でございま す。用地の選定とか、また、工事の部分についても予算が発,R3-6kaigiroku,7
2021,R3-6kaigiroku,◎議案第２５号令和３年度御杖村一般会計補正予算(第１号),,,"予算,補正予算",議長(吉田俊弘君),,ありがとうございます。全員の起立により、日程第１０議案第２４号御杖村指定 介護予防支援等の事業の人員及び運営並びに指定介護予防支援等に係る介護予防のための 効果的な支援の方法に関する基準を定める条例の一部を改正する条例の制定については、原案 のとおり可決されました。 －12－ ◎議案第２５号令和３年度御杖村一般会計補正予算(第１号) の議定について ［上程、説明、総括的質疑、付託］ ,R3-6kaigiroku,12
2021,R3-6kaigiroku,◎議案第２５号令和３年度御杖村一般会計補正予算(第１号),,,"予算,補正予算",議長(吉田俊弘君),,次に、日程第１１議案第２５号令和３年度御杖村一般会計補正予算第１号の 議定について議題と致します。本案について、提案理由の説明を求めます。伊藤村長。,R3-6kaigiroku,12
2021,R3-6kaigiroku,◎議案第２５号令和３年度御杖村一般会計補正予算(第１号),,,"予算,決算",議長(吉田俊弘君),,質疑なしと認めます。これで質疑を終わります。本案については、議会運営委 員長の報告のとおり、全員協議会で詳細な説明を受け、予算決算委員会に付託することにしたい と思います。ご異議ありませんか。 （「異議なし」の声あり）,R3-6kaigiroku,12
2021,R3-6kaigiroku,◎議案第２６号令和２年度御杖村簡易水道事業特別会計補正予算,Water/Sewer,,"予算,決算,補正予算",議長(吉田俊弘君),,異議なしと認めます。したがって、日程第１１議案第２５号令和３年度御杖村一 般会計補正予算第１号の議定については、予算決算委員会に付託することに決定しました。   ◎議案第２６号令和２年度御杖村簡易水道事業特別会計補正予算 (第１号)の議定について ［上程、説明、総括的質疑、付託］ ,R3-6kaigiroku,12
2021,R3-6kaigiroku,◎議案第２６号令和２年度御杖村簡易水道事業特別会計補正予算,Water/Sewer,,予算,議長(吉田俊弘君),,次に、日程第１２議案第２６号令和２年度御杖村簡易水道事業特別会計補正 予算第１号の議定について議題と致します。本案について、提案理由の説明を求めます。伊藤村 長。,R3-6kaigiroku,12
2021,R3-6kaigiroku,◎議案第２６号令和２年度御杖村簡易水道事業特別会計補正予算,Water/Sewer,6050000,予算,村長(伊藤収宜君),,本案につきましては、歳入歳出それぞれ６０５万円を減額し、補正後の総額を １億２，３１５万５千円とするものです。内容は、当初予算で計上しておりました非常用電源設備事 業を減額するものです。ご審議の程、よろしくお願いします。,R3-6kaigiroku,12
2021,R3-6kaigiroku,◎議案第２６号令和２年度御杖村簡易水道事業特別会計補正予算,Water/Sewer,,"予算,決算",議長(吉田俊弘君),,質疑なしと認めます。これで質疑を終わります。本案についても、議会運営委 員長の報告のとおり、全員協議会で詳細な説明を受け、予算決算委員会に付託することにしたい と思います。ご異議ありませんか。 （「異議なし」の声あり）,R3-6kaigiroku,12
2021,R3-6kaigiroku,◎議案第２７号令和３年度御杖村国民健康保険特別会計補正予算,Water/Sewer,,"予算,決算,補正予算",議長(吉田俊弘君),,異議なしと認めます。したがって、日程第１２議案第２６号令和３年度御杖村簡 易水道事業特別会計補正予算第１号の議定についても、予算決算委員会に付託することに決定 しました。 －13－ ◎議案第２７号令和３年度御杖村国民健康保険特別会計補正予算 (第１号)の議定について ［上程、説明、総括的質疑、付託］ ,R3-6kaigiroku,13
2021,R3-6kaigiroku,◎議案第２７号令和３年度御杖村国民健康保険特別会計補正予算,,,予算,議長(吉田俊弘君),,次に、日程第１３議案第２７号令和３年度御杖村国民健康保険特別会計補正 予算第１号の議定について議題と致します。本案について、提案理由の説明を求めます。伊藤村 長。,R3-6kaigiroku,13
2021,R3-6kaigiroku,◎議案第２７号令和３年度御杖村国民健康保険特別会計補正予算,,,"予算,決算",議長(吉田俊弘君),,質疑なしと認めます。これで質疑を終わります。本案についても、議会運営委 員長の報告のとおり、全員協議会で詳細な説明を受け、予算決算委員会に付託することにしたい と思います。ご異議ありませんか。 （「異議なし」の声あり）,R3-6kaigiroku,13
2021,R3-6kaigiroku,◎報告第１号令和２年度御杖村一般会計繰越明許費繰越計算書,,,"予算,決算,繰越,補正予算",議長(吉田俊弘君),,異議なしと認めます。したがって、日程第１３議案第２７号令和３年度御杖村国 民健康保険特別会計補正予算第１号の議定についても、予算決算委員会に付託することに決定 しました。   ◎報告第１号令和２年度御杖村一般会計繰越明許費繰越計算書 の報告について ［上程、説明、質疑］ ,R3-6kaigiroku,13
2021,R3-6kaigiroku,◎報告第１号令和２年度御杖村一般会計繰越明許費繰越計算書,,,繰越,議長(吉田俊弘君),,次に、日程第１４報告第１令和２年度御杖村一般会計繰越明許費繰越計算書 の報告についてを議題と致します。本案について、提案理由の説明を求めます。伊藤村長。,R3-6kaigiroku,13
2021,R3-6kaigiroku,◎報告第１号令和２年度御杖村一般会計繰越明許費繰越計算書,General Affairs,,繰越,村長(伊藤収宜君),,本件につきましては、令和２年度より繰り越しさせていただいた５つの事業に ついて、地方自治法施行令第１４６条第２項の規定により繰越計算書の調整を行いましたので報 告をするものでございます。内容につきましては、総務課長から説明を申し上げます。,R3-6kaigiroku,13
2021,R3-6kaigiroku,◎報告第１号令和２年度御杖村一般会計繰越明許費繰越計算書,,,"予算,繰越,補助金,補正予算",総務課長(中嶋英樹君),総務課長 (General Affairs Chief),それでは、議案の裏面をご覧ください。繰越計算書を付けております。令 和２年度一般会計の繰越明許費が確定しましたので、報告をさせていただきます。３月定例会の 一般会計補正予算でご承認をいただいた繰越明許費のうち、５つの事業を繰り越すこととなりまし たので報告をさせていただきます。まず、地域振興券交付事業についてでございますが、券の利 用期間が３月末であり換金の一部が４月以降になることから繰り越したも,R3-6kaigiroku,14
2021,R3-6kaigiroku,◎同意第６号御杖村教育委員会の委員任命につき同意を,Education,,繰越,議長(吉田俊弘君),,質疑なしと認めます。以上で、日程第１４報告第１号令和２年度御杖村一般会 計繰越明許費繰越計算書の報告についてを終わります。   ◎同意第６号御杖村教育委員会の委員任命につき同意を 求めることについて ［上程、説明、採決］ ,R3-6kaigiroku,14
2021,R3-6kaigiroku,◎同意第６号御杖村教育委員会の委員任命につき同意を,Village Development,,"予算,補正予算",議長(吉田俊弘君),,以上をもって、本日の日程は全て終了致しました。次回の本会議は６月１５日 火曜日午前１０時より開くことに致します。本日は、これにて散会致します。お疲れ様でした。   （午前１０時５６分散会）     －16－ （令和３年６月１５日）     －17－ 令和３年６月御杖村議会定例会（第２号） 令和３年６月１５日（火） 開議 午前１０時００分 ◎議事日程［審議結果］ 第１   請願第１号 [不採択] み,R3-6kaigiroku,18
2021,R3-6kaigiroku,◎議案第２５号令和３年度御杖村一般会計補正予算(第１号)の議定につ,Water/Sewer,,"予算,補正予算",議長(吉田俊弘君),,ありがとうございます。全員の起立により、日程第１請願第１号みつえ高原牧場 を源流とする河川の定期的水質検査を求める請願書は、委員長の報告のとおり不採択と決定され ました。   ◎議案第２５号令和３年度御杖村一般会計補正予算(第１号)の議定につ いて、議案第２６号令和３年度御杖村簡易水道事業特別会計補正予 算(第１号)の議定について、議案第２７号令和３年度御杖村国民健康 保険特別会計補正予算(第１号,R3-6kaigiroku,19
2021,R3-6kaigiroku,◎議案第２５号令和３年度御杖村一般会計補正予算(第１号)の議定につ,Water/Sewer,,"予算,決算,補正予算",議長(吉田俊弘君),,次に、日程第２議案第２５号令和３年度御杖村一般会計補正予算第１号の議 定について、日程第３議案第２６号令和３年度御杖村簡易水道事業特別会計補正予算第１号の 議定について、日程第４議案第２７号令和３年度御杖村国民健康保険特別会計補正予算第１号 の議定についての３議案につきましては、予算決算委員会に付託した案件でございます。これを 一括議題とし御杖村会議規則第４１条第１項の規定に基づき、委員長から一括,R3-6kaigiroku,19
2021,R3-6kaigiroku,◎議案第２５号令和３年度御杖村一般会計補正予算(第１号)の議定につ,Water/Sewer,,"予算,決算,補正予算",委員長(木村忠雄君),,それでは、予算決算委員会を代表しまして、当委員会に付託されました、 ３案件につきまして、その審査の経緯と結果について、一括して、ご報告させていただきます。 まず、審査の経緯でございますが、去る６月８日本会議におきまして、議案第２５号令和３年度 御杖村一般会計補正予算第１号の議定について、議案第２６号令和３年度御杖村簡易水道事 業特別会計補正予算第１号の議定について、議案第２７号令和３年度御杖村国民,R3-6kaigiroku,20
2021,R3-6kaigiroku,◎議案第２５号令和３年度御杖村一般会計補正予算第１号の議定,,,"予算,補正予算",議長(吉田俊弘君),,質疑なしと認めます。これで質疑を終わります。続いて議案ごとに、討論及び 採決を行います。   ◎議案第２５号令和３年度御杖村一般会計補正予算第１号の議定 について ［討論、採決］ ,R3-6kaigiroku,20
2021,R3-6kaigiroku,◎議案第２５号令和３年度御杖村一般会計補正予算第１号の議定,,,"予算,補正予算",議長(吉田俊弘君),,まず、日程第２議案第２５号令和３年度御杖村一般会計補正予算第１号の議 定についてを議題とし、討論を行います。討論はありませんか。 （「討論なし」の声あり）,R3-6kaigiroku,20
2021,R3-6kaigiroku,◎議案第２６号令和３年度御杖村簡易水道事業特別会計補正,Water/Sewer,,"予算,補正予算",議長(吉田俊弘君),,ありがとうございます。全員の起立により、日程第２､議案第２５号令和３年度御 杖村一般会計補正予算第１号の議定については、委員長の報告のとおり可決されました。   ◎議案第２６号令和３年度御杖村簡易水道事業特別会計補正 予算(第１号)の議定について ［討論、採決］ ,R3-6kaigiroku,20
2021,R3-6kaigiroku,◎議案第２７号令和３年度御杖村国民健康保険特別会計補正,Water/Sewer,,"予算,補正予算",議長(吉田俊弘君),,ありがとうございます。全員の起立により、日程第３議案第２６号令和３年度御 杖村簡易水道事業特別会計補正予算第１号の議定については、委員長の報告のとおり可決され ました。   ◎議案第２７号令和３年度御杖村国民健康保険特別会計補正 予算(第１号)の議定について ［討論、採決］  －21－,R3-6kaigiroku,21
2021,R3-6kaigiroku,◎発委第３号閉会中の継続調査申出について（議会運営委員会）,,,"予算,補正予算",議長(吉田俊弘君),,ありがとうございます。全員の起立により、日程第４議案第２７号令和３年度御 杖村国民健康保険特別会計補正予算第１号の議定については、委員長の報告のとおり可決され ました。   ◎発委第３号閉会中の継続調査申出について（議会運営委員会） ［上程、採決］ ,R3-6kaigiroku,21
2021,R3-9kaigiroku,◎発委第６号閉会中の継続調査申出について（むらづくり委員会）,,,"予算,決算,補正予算",委員長(古川芳明君),,それでは、議会運営委員会の報告を行います。先般、８月２７日に開催いた しました議会運営委員会の会議結果について、報告をいたします。当日は、全委員出席のもと、９ 月定例会の運営について協議いたしました。まず、会期及び会期中の日程について協議を行い、 会期を、９月７日から１７日までの１１日間とし、全員協議会を８日、むらづくり委員会を１０日、予算 決算委員会を１４日、続会議を１７日とそれぞれ決定し、いず,R3-9kaigiroku,4
2021,R3-9kaigiroku,◎発委第６号閉会中の継続調査申出について（むらづくり委員会）,,,"予算,取得,繰越,補正予算,財産",４番(古川芳明君),,令和３年奈良県広域消防組合第１回臨時会の報告を致します。去る、７月２７日 橿原市広域消防組合本部に於いて午後２時から全員協議会が開催され、出席議員の中で私古川 が最年長とのことで、座長に指名され全員協議会及び仮議席の指定、議会議長の選挙まで議事進 行を務め、午後３時から本会議が開催されました。付議された案件は、日程第１仮議席の指定、日 程第２議会議長の選挙、日程第３議席の指定、日程第４会期の指定、,R3-9kaigiroku,4
2021,R3-9kaigiroku,◎発委第６号閉会中の継続調査申出について（むらづくり委員会）,,,"予算,決算,補正予算",村長(伊藤収宜君),,９月定例会の開会にあたりまして、行政報告をさせていただきます。はじめに、 新型コロナウイルス感染症への対応についてでございます。政府は、１３都府県に出していました 緊急事態宣言に８道県を追加し、計 21 都道府県を対象としました。また、まん延防止等重点措置 も４県が追加され１２県へと拡大されました。大阪など都市部を中心に爆発的な勢いで感染者が増 加し、奈良県でも感染者が急増しています。感染者の多く,R3-9kaigiroku,5
2021,R3-9kaigiroku,◎承認第４号専決処分の承認を求めることについて,,,"予算,補正予算",議長(吉田俊弘君),,ありがとうございます。全員の起立により、日程第６発議第２号コロナ禍による 厳しい財政状況に対処し地方税財源の充実を求める意見書の提出については、原案のとおり可 決されました。   ◎承認第４号専決処分の承認を求めることについて （令和３年度御杖村一般会計補正予算(第２号)） ［上程、説明、総括的質疑、付託］ ,R3-9kaigiroku,7
2021,R3-9kaigiroku,◎承認第４号専決処分の承認を求めることについて,,,"予算,補正予算",議長(吉田俊弘君),,次に、日程第７承認第４号専決処分の承認を求めることについて、令和３年度 御杖村一般会計補正予算第２号を議題と致します。本案について、提出の理由を求めます。伊藤 村長。,R3-9kaigiroku,7
2021,R3-9kaigiroku,◎承認第４号専決処分の承認を求めることについて,,8352000,"予算,補正予算",村長(伊藤収宜君),,議長。本案につきましては、一般会計の歳入歳出それぞれに、３５４万５千 円を追加し、補正後の総額を２６億３，８３５万２千円とするものです。新型コロナウイルスワクチン の休日接種における接種費用の上乗せ分や、低所得の子育て世帯に対する生活支援給付と なっています。早期着手のため、去る７月６日に補正予算の専決処分をさせていただきましたの で、承認をお願いするものでございます。 －８－,R3-9kaigiroku,8
2021,R3-9kaigiroku,◎承認第４号専決処分の承認を求めることについて,,,"予算,決算",議長(吉田俊弘君),,質疑なしと認めます。これで質疑を終わります。本案については、議会運営委 員長の報告のとおり、全員協議会で詳細な説明を受け、予算決算委員会に付託することにしたい と思います。ご異議ありませんか。 （「異議なし」の声あり）,R3-9kaigiroku,8
2021,R3-9kaigiroku,◎承認第５号専決処分の承認を求めることについて,,,"予算,決算,補正予算",議長(吉田俊弘君),,異議なしと認めます。したがって、日程第７承認第４号専決処分の承認を求め ることについては、予算決算委員会に付託することに決定しました。  ◎承認第５号専決処分の承認を求めることについて （令和３年度御杖村国民健康保険特別会計補正予算(第２号)） ［上程、説明、総括的質疑、付託］ ,R3-9kaigiroku,8
2021,R3-9kaigiroku,◎承認第５号専決処分の承認を求めることについて,,,"予算,補正予算",議長(吉田俊弘君),,次に、日程第８承認第５号専決処分の承認を求めることについて、令和３年度 御杖村国民健康保険特別会計補正予算第２号を議題と致します。本案について、提案理由の説 明を求めます。伊藤村長。,R3-9kaigiroku,8
2021,R3-9kaigiroku,◎承認第５号専決処分の承認を求めることについて,,2778000,"予算,補正予算",村長(伊藤収宜君),,議長。本案につきましては、国民健康保険特別会計診療施設勘定の歳入歳 出それぞれに１５４万円を追加し、補正後の総額を１億２，２７７万８千円とするものです。内容は、 県の補助事業を活用してウイルス遺伝子の検査機器を購入するものです。早期着手のため、去る ７月６日に補正予算の専決処分をさせていただきましたので、ご承認のほどよろしくお願いいたし ます。,R3-9kaigiroku,8
2021,R3-9kaigiroku,◎承認第５号専決処分の承認を求めることについて,,,"予算,決算",議長(吉田俊弘君),,質疑なしと認めます。これで質疑を終わります。本案についても、議会運営委 員長の報告のとおり、全員協議会で詳細な説明を受け、予算決算委員会に付託することにしたい と思います。ご異議ありませんか。 （「異議なし」の声あり）,R3-9kaigiroku,8
2021,R3-9kaigiroku,◎議案第２８号御杖村個人情報保護条例の一部を改正する条例の,,,"予算,決算,補正予算",議長(吉田俊弘君),,異議なしと認めます。したがって、日程第８承認第５号専決処分の承認を求め ることについて、令和３年度御杖村国民健康保険特別会計補正予算第２号は、予算決算委員会 に付託することに決定しました。  ◎議案第２８号御杖村個人情報保護条例の一部を改正する条例の 制定について ［上程、説明、質疑、討論、採決］ ,R3-9kaigiroku,8
2021,R3-9kaigiroku,◎議案第３０号御杖村過疎地域における固定資産税の特別,,5000000,"取得,工事",住民生活課長(片岡保昌君),,はい。議案第３０号御杖村過疎地域における固定資産税の特別措 置に関する条例の全部を改正する条例の制定につきまして、説明させていただきます。新過疎法 として過疎地域の持続的発展の支援に関する特別措置法が新たに施行されたことに伴いまして、 条例名、及び内容の改正を行うものでございます。内容といたしましては、新たに固定資産税の課 税免除の適用を受ける業種に情報サービス業、インターネット付随サービス業、通,R3-9kaigiroku,10
2021,R3-9kaigiroku,◎議案第３３号令和３年度御杖村一般会計補正予算(第３号)）の,,,"予算,補正予算",議長(吉田俊弘君),,異議なしと認めます。したがって、日程第１３議案第３２号御杖村過疎地域持 続的発展計画の策定については、むらづくり委員会に付託することに決定しました。  ◎議案第３３号令和３年度御杖村一般会計補正予算(第３号)）の 議定について ［上程、説明、総括的質疑、付託］ ,R3-9kaigiroku,12
2021,R3-9kaigiroku,◎議案第３３号令和３年度御杖村一般会計補正予算(第３号)）の,,,"予算,補正予算",議長(吉田俊弘君),,次に、日程第１４議案第３３号令和３年度御杖村一般会計補正予算第３号の 議定についてを議題とします。本案について、提案理由の説明を求めます。伊藤村長。,R3-9kaigiroku,12
2021,R3-9kaigiroku,◎議案第３３号令和３年度御杖村一般会計補正予算(第３号)）の,,2135000,繰越,村長(伊藤収宜君),,本案につきましては、歳入歳出それぞれに８，２１３万５千円を追加し、補正後 の総額を２７億２，０４８万７千円とするものでございます。主な内容ですが、前年度繰越金の増額 による調整を行ったことと、新型コロナ対策にかかる支援施策を追加するものでございます。ご審 議の程、よろしくお願い致します。,R3-9kaigiroku,12
2021,R3-9kaigiroku,◎議案第３３号令和３年度御杖村一般会計補正予算(第３号)）の,,,"予算,決算",議長(吉田俊弘君),,質疑なしと認めます。これで質疑を終わります。本案については、議会運営委 員長の報告のとおり、全員協議会で詳細な説明を受け、予算決算委員会に付託することにしたい と思います。ご異議ありませんか。 （「異議なし」の声あり）,R3-9kaigiroku,12
2021,R3-9kaigiroku,◎議案第３４号令和３年度御杖村簡易水道事業特別会計補正,Water/Sewer,,"予算,決算,補正予算",議長(吉田俊弘君),,異議なしと認めます。したがって、日程第１４議案第３３号令和３年度御杖村一 般会計補正予算第３号の議定については、予算決算委員会に付託することに決定しました。  ◎議案第３４号令和３年度御杖村簡易水道事業特別会計補正 予算(第２号)の議定について ［上程、説明、総括的質疑、付託］ －13－,R3-9kaigiroku,13
2021,R3-9kaigiroku,◎議案第３４号令和３年度御杖村簡易水道事業特別会計補正,Water/Sewer,,予算,議長(吉田俊弘君),,次に、日程第１５議案第３４号令和３年度御杖村簡易水道事業特別会計補正 予算第２号の議定について議題と致します。本案について、提案理由の説明を求めます。伊藤村 長。,R3-9kaigiroku,13
2021,R3-9kaigiroku,◎議案第３４号令和３年度御杖村簡易水道事業特別会計補正,Water/Sewer,,"予算,繰越",村長(伊藤収宜君),,議長。本案につきましては、前年度繰越金の増額分を一般会計繰入金で減 額するものでございます。歳入予算の中で調整したことから、総額での増減はないものです。ご審 議の程、よろしくお願い致します。,R3-9kaigiroku,13
2021,R3-9kaigiroku,◎議案第３４号令和３年度御杖村簡易水道事業特別会計補正,Water/Sewer,,"予算,決算",議長(吉田俊弘君),,質疑なしと認めます。これで質疑を終わります。本案についても、議会運営委 員長の報告のとおり、全員協議会で詳細な説明を受け、予算決算委員会に付託することにしたい と思います。ご異議ありませんか。 （「異議なし」の声あり）,R3-9kaigiroku,13
2021,R3-9kaigiroku,◎議案第３５号令和３年度御杖村国民健康保険特別会計補正,Water/Sewer,,"予算,決算,補正予算",議長(吉田俊弘君),,異議なしと認めます。したがって、日程第１５議案第３４号令和３年度御杖村簡 易水道事業特別会計補正予算第２号の議定については、予算決算委員会に付託することに決定 しました。   ◎議案第３５号令和３年度御杖村国民健康保険特別会計補正 予算(第３号)の議定について ［上程、説明、総括的質疑、付託］ ,R3-9kaigiroku,13
2021,R3-9kaigiroku,◎議案第３５号令和３年度御杖村国民健康保険特別会計補正,,,予算,議長(吉田俊弘君),,次に、日程第１６議案第３５号令和３年度御杖村国民健康保険特別会計補正 予算第３号の議定についてを議題と致します。本案について、提案理由の説明を求めます。伊藤 村長。,R3-9kaigiroku,13
2021,R3-9kaigiroku,◎議案第３５号令和３年度御杖村国民健康保険特別会計補正,,,"予算,基金,繰越,補助金",村長(伊藤収宜君),,議長。本案につきまして、先ず事業勘定については、前年度繰越金の増額分 を基金繰入金で減額する調整を行ったものです。また診療施設勘定は、新たに国庫補助金を受 けることとなったことから、その金額分を一般会計繰入金で減額したものでございます。両勘定とも、 歳入予算内での増減調整を行ったもので総額での増減はありません。ご審議の程、よろしくお願 い致します。,R3-9kaigiroku,13
2021,R3-9kaigiroku,◎議案第３５号令和３年度御杖村国民健康保険特別会計補正,,,"予算,決算",議長(吉田俊弘君),,質疑なしと認めます。これで質疑を終わります。本案についても、議会運営委 員長の報告のとおり、全員協議会で詳細な説明を受け、予算決算委員会に付託することにしたい と思います。ご異議ありませんか。 （「異議なし」の声あり）,R3-9kaigiroku,13
2021,R3-9kaigiroku,◎議案第３６号令和３年度御杖村介護保険特別会計補正予算,,,"予算,決算,補正予算",議長(吉田俊弘君),,異議なしと認めます。したがって、日程第１６議案第３５号令和３年度御杖村国 民健康保険特別会計補正予算第３号の議定については、予算決算委員会に付託することに決定 しました。 －14－ ◎議案第３６号令和３年度御杖村介護保険特別会計補正予算 (第１号)の議定について ［上程、説明、総括的質疑、付託］ ,R3-9kaigiroku,14
2021,R3-9kaigiroku,◎議案第３６号令和３年度御杖村介護保険特別会計補正予算,,,"予算,補正予算",議長(吉田俊弘君),,次に、日程第１７議案第３６号令和３年度御杖村介護保険特別会計補正予算 第１号の議定についてを議題と致します。本案について、提案理由の説明を求めます。伊藤村長。,R3-9kaigiroku,14
2021,R3-9kaigiroku,◎議案第３６号令和３年度御杖村介護保険特別会計補正予算,,5731000,繰越,村長(伊藤収宜君),,本案につきましては、歳入歳出それぞれに２，５７３万１千円を追加し、補正後 の総額を４億６，１２６万円とするものです。内容は、歳入では前年度からの繰越金を増額し、歳出 においては、国県への返還金の計上と、予防サービス給付費の増額を行っております。ご審議の 程、よろしくお願い致します。,R3-9kaigiroku,14
2021,R3-9kaigiroku,◎議案第３６号令和３年度御杖村介護保険特別会計補正予算,,,"予算,決算",議長(吉田俊弘君),,質疑なしと認めます。これで質疑を終わります。本案についても、議会運営委 員長の報告のとおり、全員協議会で詳細な説明を受け、予算決算委員会に付託することにしたい と思います。ご異議ありませんか。 （「異議なし」の声あり）,R3-9kaigiroku,14
2021,R3-9kaigiroku,◎認定第１号令和２年度御杖村一般会計歳入歳出決算の認定,Water/Sewer,,"予算,決算,補正予算",議長(吉田俊弘君),,異議なしと認めます。したがって、日程第１７議案第３６号令和３年度御杖村介 護保険特別会計補正予算第１号の議定については、予算決算委員会に付託することに決定しま した。   ◎認定第１号令和２年度御杖村一般会計歳入歳出決算の認定 について、認定第２号御杖村簡易水道事業特別会計歳入歳 出決算の認定について、認定第３号御杖村国民健康保険特 別会計歳入歳出決算の認定について、認定第４号御杖村介 護保険特別,R3-9kaigiroku,14
2021,R3-9kaigiroku,◎認定第１号令和２年度御杖村一般会計歳入歳出決算の認定,Water/Sewer,,決算,議長(吉田俊弘君),,次に、日程第１８、認定第１号令和２年度御杖村一般会計歳入歳出決算の認 定について、日程第１９、認定第２号令和２年度御杖村簡易水道事業特別会計歳入歳出決算の 認定について、日程第２０、認定第３号令和２年度御杖村国民健康保険特別会計歳入歳出決算 の認定について、日程第２１、認定第４号令和２年度御杖村介護保険特別会計歳入歳出決算の 認定について、日程第２２、認定第５号令和２年度御杖村後期高齢者医療特別会,R3-9kaigiroku,15
2021,R3-9kaigiroku,◎認定第１号令和２年度御杖村一般会計歳入歳出決算の認定,,9928,決算,村長(伊藤収宜君),,議長。本案につきましては、地方自治法第２３３条の規定により、令和 2 年度の 御杖村一般会計歳入歳出決算について認定をお願いするものでございます。決算の額でござい ますが、歳入総額３０億８７０万９，９２８円、歳出総額２８億４０７万３，４２４円、差引額２億４６３万６， ５０４円で、翌年度へ繰り越すべき財源を除いた実質収支額は２億８１万１，５０４円となりました。詳 細については、会計管理者が説明を申し,R3-9kaigiroku,15
2021,R3-9kaigiroku,◎認定第１号令和２年度御杖村一般会計歳入歳出決算の認定,Construction,3301273000,"予算,基金,決算,繰越,補助金,財産",会計管理者(今井智君),,はい。議長。失礼します。令和２年度一般会計決算について、本日提案 致しました概要につきまして、皆様に、決算の内容に関する説明書をお配りさせて頂いております ので、こちらに基づきまして概要をご説明致します。１枚めくって頂きまして、１ページをご覧下さ い。１、一般会計決算の概要予算の執行にあたって、計上した歳入については財源の確保に努 め、歳出については経費の節減と執行の効率化に努めた結果、令和２年度,R3-9kaigiroku,17
2021,R3-9kaigiroku,◎認定第１号令和２年度御杖村一般会計歳入歳出決算の認定,,,決算,議長(吉田俊弘君),,次に、特別会計決算を一括して、説明を求めます。伊藤村長。,R3-9kaigiroku,17
2021,R3-9kaigiroku,◎認定第１号令和２年度御杖村一般会計歳入歳出決算の認定,Water/Sewer,,決算,村長(伊藤収宜君),,議長。本案につきましては、地方自治法第２３３条の規定により、令和２年度の 簡易水道事業特別会計、国民健康保険特別会計、介護保険特別会計、後期高齢者医療特別会 計の以上４会計の歳入歳出決算ついて、認定をお願いするものでございます。詳細については、 会計管理者が説明を行います。,R3-9kaigiroku,17
2021,R3-9kaigiroku,◎認定第１号令和２年度御杖村一般会計歳入歳出決算の認定,Construction,2202362000,決算,会計管理者(今井智君),,はい、議長。失礼します。令和２年度特別会計決算につきまして決算の 内容に関する説明書１２ページをご覧下さい。第１１表のとおり、特別会計決算の状況でございま す。２、特別会計決算の概要、特別会計の決算状況。簡易水道事業特別会計は、歳入総額１億 ２，４９３万６千円、歳出総額１億２，４７８万７千円、収支差引額は１４万９千円となりました。前年度 との比較では、歳出において、桃俣配水管更新事業費の増加、非常,R3-9kaigiroku,18
2021,R3-9kaigiroku,◎認定第１号令和２年度御杖村一般会計歳入歳出決算の認定,,,決算,議長(吉田俊弘君),,ここで、令和２年度一般会計及び特別会計の決算について、監査委員に決 算審査の意見を求めます。木村監査委員。,R3-9kaigiroku,18
2021,R3-9kaigiroku,◎認定第１号令和２年度御杖村一般会計歳入歳出決算の認定,,,"予算,決算",８番(木村忠雄君),,決算審査報告。お手元の令和２年度御杖村一般会計特別会計の決算審査意 見書をご覧いただきたいと思います。この決算審査につきましては、去る８月１８日に、片桐監査委 員とともに審査を実施させて頂きました。決算審査意見書の各諸表の朗読は省略させて頂き、７ペ ージの決算審査結論の朗読をもって報告に代えさせて頂きたいと思います。令和２年度決算審査 結論。地方公共団体の財政の健全化に関する法律の施行に基づき、本,R3-9kaigiroku,18
2021,R3-9kaigiroku,◎認定第１号令和２年度御杖村一般会計歳入歳出決算の認定,,,決算,議長(吉田俊弘君),,木村議員ありがとうございました。ただ今、当局より説明と、監査委員より決算 審査に係る意見をいただきました。これから決算第５議案について一括して、統括的質疑を行いま す。質疑はございませんか。 （「質疑なし」の声あり）,R3-9kaigiroku,18
2021,R3-9kaigiroku,◎認定第１号令和２年度御杖村一般会計歳入歳出決算の認定,,,"予算,決算",議長(吉田俊弘君),,質疑なしと認めます。これで質疑を終わります。各会計決算の認定議案につ いても、議会運営委員会の報告のとおり、全員協議会で詳細な説明を受け、一括して予算決算委 員会に付託することにしたいと思います。ご異議ありませんか。 （「異議なし」の声あり）,R3-9kaigiroku,18
2021,R3-9kaigiroku,◎同意第７号教育長の任命につき同意を求めることについて,,,"予算,決算",議長(吉田俊弘君),,異議なしと認めます。したがって、日程第１８認定第１号から日程第２２認定第 ５号までの令和２年度における一般会計歳入歳出決算及び各特別会計歳入歳出決算の認定に ついては、予算決算委員会に付託することに決定しました。   ◎同意第７号教育長の任命につき同意を求めることについて ［上程、説明、採決］  －19－,R3-9kaigiroku,19
2021,R3-9kaigiroku,◎報告第２号継続費精算報告書について,,9900000,"予算,補正予算",教育委員会事務局次長(中村康幸君),,本案につきましては、令和元年度から 2 年度に継続費予 算を組みました統合校舎施設整備実施設計業務について、その継続年度を終了しましたので、 地方自治法施行令第１４５条第２項の規定により精算報告を行うものです。令和 2 年度御杖村継 続費精算報告書にもとづきまして、報告をさせていただきます。報告書の文字が大変小さくて申し 訳ございません。この予算につきましては、令和元年６月の議会で補正予算を組ませ,R3-9kaigiroku,20
2021,R3-9kaigiroku,◎報告第３号令和２年度御杖村教育委員会の権限に属する事務,Education,,補助金,教育長(丸山栄君),,議長。失礼致します。それでは、私の方からご報告をさせていただきたいと思 います。皆さんのお手元に資料はございますけれども、それも観ながら聞いていただければありが たいと思います。御杖村教育委員会では、御杖村長期総合計画に基づいて、学校教育、社会教 育及び社会体育、文化の振興のために、各分野において教育行政を推進しております。この点検 および評価を行うに当たって、教育委員会において、委員による点検、,R3-9kaigiroku,21
2021,R3-9kaigiroku,◎報告第３号令和２年度御杖村教育委員会の権限に属する事務,Village Development,,"予算,決算,補正予算",議長(吉田俊弘君),,以上をもって、本日の日程は全て終了致しました。次回の本会議は９月１７日 金曜日午前１０時より開くことに致します。本日は、これで散会致します。お疲れ様でした。   （午前１１時４６分散会）     －23－ －24－ （令和３年９月１７日）     －25－ 令和３年９月御杖村議会定例会（第２号） 令和３年９月１７日（金） 開議 午前１０時００分 ◎議事日程［審議結果］ 第１   承認第４号 [原案,R3-9kaigiroku,27
2021,R3-9kaigiroku,◎承認第４号専決処分の承認を求めることについて（令和３年,,,"予算,補正予算",議長(吉田俊弘君),,皆さん、ご苦労様でございます。本日の９月定例会の続会をご案内させてい ただいたところ、ご出席をいただきありがとうございます。全議員が出席でございます。地方自治法 第１１３条の規定による定足数に達していますので、本日の会議を開きます。本日の議事日程は、 お手元に配布の日程第２号のとおりとします。   ◎承認第４号専決処分の承認を求めることについて（令和３年 度御杖村一般会計補正予算(第２号)）、承認,R3-9kaigiroku,27
2021,R3-9kaigiroku,◎承認第４号専決処分の承認を求めることについて（令和３年,,,"予算,決算,補正予算",議長(吉田俊弘君),,先ず、日程第１､承認第４号専決処分の承認を求めることについて、令和３年 度御杖村一般会計補正予算第２号、日程第２､承認第５号専決処分の承認を求めることについ て、令和３年度御杖村国民健康保険特別会計補正予算第２号の２件につきましては、予算決算 委員会へ付託した案件でございます。これを一括議題とし御杖村会議規則第４１条第１項の規定 に基づき、委員長から審査経過及び結果の報告をお願いします。木村委員長,R3-9kaigiroku,27
2021,R3-9kaigiroku,◎承認第４号専決処分の承認を求めることについて（令和３年,,,"予算,決算,補正予算",８番(木村忠雄君),,予算決算委員会を代表しまして、当委員会に付託されました、承認第４号及 び承認第５号につきまして、一括してその審査の経過と結果についてご報告いたします。まず、 審査の経緯でございますが、去る９月７日の本会議におきまして、専決処分による補正予算２件 及び補正予算４件、決算認定５件の合計 11 件の案件が付託されたことにより、９月１４日に予 算決算委員会を開催いたしました。当日は、全委員及び村長をはじめ,R3-9kaigiroku,27
2021,R3-9kaigiroku,◎承認第４号専決処分の承認を求めることについて,,,"予算,補正予算",議長(吉田俊弘君),,質疑なしと認めます。これで質疑を終わります。   ◎承認第４号専決処分の承認を求めることについて （令和３年度御杖村一般会計補正予算(第２号)） ［討論、採決］ －28－,R3-9kaigiroku,28
2021,R3-9kaigiroku,◎承認第４号専決処分の承認を求めることについて,,,"予算,補正予算",議長(吉田俊弘君),,続いて議案ごとに、討論及び採決を行います。先ず、日程第１､承認第４号専 決処分の承認を求めることについて、令和３年度御杖村一般会計補正予算第２号を議題とし、討 論を行います。討論はありませんか。 （「討論なし」の声あり）,R3-9kaigiroku,28
2021,R3-9kaigiroku,◎承認第５号専決処分の承認を求めることについて,,,"予算,補正予算",議長(吉田俊弘君),,ありがとうございます。全員の起立により、日程第１､承認第４号専決処分の承 認を求めることについて、令和３年度御杖村一般会計補正予算第２号は、委員長の報告のとおり 承認されました。   ◎承認第５号専決処分の承認を求めることについて （令和３年度御杖村国民健康保険特別会計補正予算(第２号)） ［討論、採決］ ,R3-9kaigiroku,28
2021,R3-9kaigiroku,◎承認第５号専決処分の承認を求めることについて,,,"予算,補正予算",議長(吉田俊弘君),,次に、日程第２､承認第５号専決処分の承認を求めることについて、令和３年 度御杖村国民健康保険特別会計補正予算第２号を議題とし、討論を行います。討論はありません か。 （「討論なし」の声あり）,R3-9kaigiroku,28
2021,R3-9kaigiroku,◎議案第３２号御杖村過疎地域持続的発展計画の策定について,,,"予算,補正予算",議長(吉田俊弘君),,ありがとうございます。全員の起立により、日程第２､承認第５号専決処分の承 認を求めることについて、令和３年度御杖村国民健康保険特別会計補正予算第２号は、委員長 の報告のとおり承認されました。   ◎議案第３２号御杖村過疎地域持続的発展計画の策定について ［上程、委員長報告、委員長質疑、討論、採決］ ,R3-9kaigiroku,28
2021,R3-9kaigiroku,◎議案第３３号令和３年度御杖村一般会計補正予算(第３号)の,Water/Sewer,,"予算,補正予算",議長(吉田俊弘君),,ありがとうございます。全員の起立により、日程第３､議案第３２号御杖村過疎 地域持続的発展計画の策定については、委員長の報告のとおり可決されました。   ◎議案第３３号令和３年度御杖村一般会計補正予算(第３号)の 議定について、議案第３４号令和３年度御杖村簡易水道事 業特別会計補正予算(第２号)の議定について、議案第３５号 令和３年度御杖村国民健康保険特別会計補正予算(第３号) の議定について、議案,R3-9kaigiroku,29
2021,R3-9kaigiroku,◎議案第３３号令和３年度御杖村一般会計補正予算(第３号)の,Water/Sewer,,"予算,決算,補正予算",議長(吉田俊弘君),,次に、日程第４､議案３３号令和３年度御杖村一般会計補正予算第３号の議 定について、日程第５､議案第３４号令和３年度御杖村簡易水道事業特別会計補正予算第２号の 議定について、日程第６､議案第３５号令和３年度御杖村国民健康保険特別会計補正予算第３号 の議定について、日程第７､議案第３６号令和３年度御杖村介護保険特別会計補正予算第１号の 議定について以上の４件につきましては、予算決算委員会へ付託した案件,R3-9kaigiroku,29
2021,R3-9kaigiroku,◎議案第３３号令和３年度御杖村一般会計補正予算(第３号)の,,,"予算,決算,補正予算",８番(木村忠雄君),,それでは、議案第３３号から議案第３６号の補正予算４件につきまして、一 括して、その審査結果について報告をさせていただきます。審査の経緯につきましては、先に 報告させていただきましたとおりでございます。審査の経過でございますが、各会計ごとに質疑 及び討論と採決を行いました。質疑では、特に一般会計補正予算について、株式会社みつえ の決算書の提出をもとめるなど、委員より多くの質疑が行われ、村当局より答弁,R3-9kaigiroku,30
2021,R3-9kaigiroku,◎議案第３３号令和３年度御杖村一般会計補正予算(第３号)の,,,"予算,補正予算",議長(吉田俊弘君),,質疑なしと認めます。これで質疑を終わります。   ◎議案第３３号令和３年度御杖村一般会計補正予算(第３号)の 議定について ［討論、採決］ ,R3-9kaigiroku,30
2021,R3-9kaigiroku,◎議案第３３号令和３年度御杖村一般会計補正予算(第３号)の,,,"予算,補正予算",議長(吉田俊弘君),,続いて議案ごとに、討論及び採決を行います。先ず、日程第４､議案第３３号 令和３年度御杖村一般会計補正予算第３号の議定についてを議題とし、討論を行います。討論 はありませんか。 （「討論なし」の声あり）,R3-9kaigiroku,30
2021,R3-9kaigiroku,◎議案第３４号令和３年度御杖村簡易水道事業特別会計補正,Water/Sewer,,"予算,補正予算",議長(吉田俊弘君),,ありがとうございます。全員の起立により、日程第４､議案第３３号令和３年度 御杖村一般会計補正予算第３号の議定については、委員長の報告のとおり可決されました。   ◎議案第３４号令和３年度御杖村簡易水道事業特別会計補正 予算(第２号)の議定について ［討論、採決］ ,R3-9kaigiroku,30
2021,R3-9kaigiroku,◎議案第３４号令和３年度御杖村簡易水道事業特別会計補正,Water/Sewer,,予算,議長(吉田俊弘君),,次に、日程第５､議案第３４号令和３年度御杖村簡易水道事業特別会計補正 予算第２号の議定についてを議題とし、討論を行います。討論はありませんか。 （「討論なし」の声あり）,R3-9kaigiroku,30
2021,R3-9kaigiroku,◎議案第３５号令和３年度御杖村国民健康保険特別会計補正,Water/Sewer,,"予算,補正予算",議長(吉田俊弘君),,ありがとうございます。全員の起立により、日程第５､議案第３４号令和３年度 御杖村簡易水道事業特別会計補正予算第２号の議定については、委員長の報告のとおり可決さ れました。   ◎議案第３５号令和３年度御杖村国民健康保険特別会計補正 予算(第３号)の議定について ［討論、採決］ －31－,R3-9kaigiroku,31
2021,R3-9kaigiroku,◎議案第３５号令和３年度御杖村国民健康保険特別会計補正,,,予算,議長(吉田俊弘君),,次に、日程第６､議案第３５号令和３年度御杖村国民健康保険特別会計補正 予算(第３号)の議定についてを議題とし、討論を行います。討論はありませんか。 （「討論なし」の声あり）,R3-9kaigiroku,31
2021,R3-9kaigiroku,◎議案第３６号令和３年度御杖村介護保険特別会計補正予算,,,"予算,補正予算",議長(吉田俊弘君),,ありがとうございます。全員の起立により、日程第６､議案第３５号令和３年度 御杖村国民健康保険特別会計補正予算(第３号)の議定については、委員長の報告のとおり可決 されました。   ◎議案第３６号令和３年度御杖村介護保険特別会計補正予算 (第１号)の議定について ［討論、採決］ ,R3-9kaigiroku,31
2021,R3-9kaigiroku,◎議案第３６号令和３年度御杖村介護保険特別会計補正予算,,,"予算,補正予算",議長(吉田俊弘君),,次に、日程第７､議案第３６号令和３年度御杖村介護保険特別会計補正予算 第１号の議定についてを議題とし、討論を行います。討論はありませんか。 （「討論なし」の声あり）,R3-9kaigiroku,31
2021,R3-9kaigiroku,◎認定第１号令和２年度御杖村一般会計歳入歳出決算の,Water/Sewer,,"予算,決算,補正予算",議長(吉田俊弘君),,ありがとうございます。全員の起立により、日程第７､議案第３６号令和３年度 御杖村介護保険特別会計補正予算第１号の議定については、委員長の報告のとおり可決されま した。   ◎認定第１号令和２年度御杖村一般会計歳入歳出決算の 認定について、認定第２号令和２年度御杖村簡易水道 事業特別会計歳入歳出決算の認定について、認定第３号 令和２年度御杖村国民健康保険特別会計歳入歳出決算 の認定について、認定第４,R3-9kaigiroku,31
2021,R3-9kaigiroku,◎認定第１号令和２年度御杖村一般会計歳入歳出決算の,Water/Sewer,,"予算,決算",議長(吉田俊弘君),,次に、日程第８､認定第１号令和２年度御杖村一般会計歳入歳出決算の認 定について、日程第９､認定第２号令和２年度御杖村簡易水道事業特別会計歳入歳出決算の認 定について、日程第１０､認定第３号令和２年度御杖村国民健康保険特別会計歳入歳出決算の －32－ 認定について、日程第１１､認定第４号令和２年度御杖村介護保険特別会計歳入歳出決算の認 定について、日程第１２､認定第５号令和２年度御杖村後期高齢者医療,R3-9kaigiroku,32
2021,R3-9kaigiroku,◎認定第１号令和２年度御杖村一般会計歳入歳出決算の,,,"予算,決算",８番(木村忠雄君),,それでは、認定第１号から認定第５号の各会計歳入歳出決算認定の５件に つきまして、一括して、その審査結果について報告をさせていただきます。審査の経緯につきま しては、先に報告させていただきましたとおりでございます。審査の経過でございますが、全５会 計を一括議題とし、質疑を行いました。委員より多くの質疑が行われ、村当局より答弁をいただ きましたが、内容については全議員出席の委員会ですので、割愛をさせて,R3-9kaigiroku,32
2021,R3-9kaigiroku,◎認定第１号令和２年度御杖村一般会計歳入歳出決算の,,,決算,議長(吉田俊弘君),,質疑なしと認めます。これで質疑を終わります。   ◎認定第１号令和２年度御杖村一般会計歳入歳出決算の 認定について ［討論、採決］ ,R3-9kaigiroku,32
2021,R3-9kaigiroku,◎認定第１号令和２年度御杖村一般会計歳入歳出決算の,,,決算,議長(吉田俊弘君),,続いて議案ごとに、討論及び採決を行います。先ず、日程第８､認定第１号令 和２年度御杖村一般会計歳入歳出決算の認定についてを議題とし、討論を行います。討論はあり ませんか。 （「討論なし」の声あり）,R3-9kaigiroku,32
2021,R3-9kaigiroku,◎認定第２号令和２年度御杖村簡易水道事業特別会計,Water/Sewer,,決算,議長(吉田俊弘君),,ありがとうございます。全員の起立により、日程第８､認定第１号令和２年度御 杖村一般会計歳入歳出決算の認定については、委員長の報告のとおり認定されました。   ◎認定第２号令和２年度御杖村簡易水道事業特別会計 歳入歳出決算の認定について ［討論、採決］ ,R3-9kaigiroku,32
2021,R3-9kaigiroku,◎認定第２号令和２年度御杖村簡易水道事業特別会計,Water/Sewer,,決算,議長(吉田俊弘君),,次に、日程第９､認定第２号令和２年度御杖村簡易水道事業特別会計歳入 歳出決算の認定についてを議題とし、討論を行います。討論はありませんか。 （「討論なし」の声あり） －33－,R3-9kaigiroku,33
2021,R3-9kaigiroku,◎認定第３号令和２年度御杖村国民健康保険特別会計,Water/Sewer,,決算,議長(吉田俊弘君),,ありがとうございます。全員の起立により、日程第９､認定第２号･令和２年度 御杖村簡易水道事業特別会計歳入歳出決算の認定については、委員長の報告のとおり認定されま した。   ◎認定第３号令和２年度御杖村国民健康保険特別会計 歳入歳出決算の認定について ［討論、採決］ ,R3-9kaigiroku,33
2021,R3-9kaigiroku,◎認定第３号令和２年度御杖村国民健康保険特別会計,,,決算,議長(吉田俊弘君),,次に、日程第１０､認定第３号･令和２年度御杖村国民健康保険特別会計歳 入歳出決算の認定についてを議題とし、討論を行います。討論はありませんか。 （「討論なし」の声あり）,R3-9kaigiroku,33
2021,R3-9kaigiroku,◎認定第４号令和２年度御杖村介護保健特別会計歳入,,,決算,議長(吉田俊弘君),,ありがとうございます。全員の起立により、日程１０､認定第３号･令和２年度御 杖村国民健康保険特別会計歳入歳出決算の認定については、委員長の報告のとおり認定されまし た。   ◎認定第４号令和２年度御杖村介護保健特別会計歳入 歳出決算の認定について ［討論、採決］ ,R3-9kaigiroku,33
2021,R3-9kaigiroku,◎認定第４号令和２年度御杖村介護保健特別会計歳入,,,決算,議長(吉田俊弘君),,次に、日程第１１､認定第４号令和２年度御杖村介護保険特別会計歳入歳出 決算の認定についてを議題とし、討論を行います。討論はありませんか。 （「討論なし」の声あり）,R3-9kaigiroku,33
2021,R3-9kaigiroku,◎認定第５号令和２年度御杖村後期高齢者医療特別会計,,,決算,議長(吉田俊弘君),,ありがとうございます。全員の起立により、日程１１､認定第４号令和２年度御 杖村介護保険特別会計歳入歳出決算の認定については、委員長の報告のとおり認定されました。   ◎認定第５号令和２年度御杖村後期高齢者医療特別会計 歳入歳出決算の認定について ［討論、採決］ －34－,R3-9kaigiroku,34
2021,R3-9kaigiroku,◎認定第５号令和２年度御杖村後期高齢者医療特別会計,,,決算,議長(吉田俊弘君),,次に、日程第１２､認定第５号令和２年度御杖村後期高齢者医療特別会計歳 入歳出決算の認定についてを議題とし、討論を行います。討論はありませんか。 （「討論なし」の声あり）,R3-9kaigiroku,34
2021,R3-9kaigiroku,◎発委第５号閉会中の継続調査申出について（議会運営委員会）,,,決算,議長(吉田俊弘君),,ありがとうございます。全員の起立により、日程第１２認定第５号令和２年度御 杖村後期高齢者医療特別会計歳入歳出決算の認定については、委員長の報告のとおり認定さ れました。   ◎発委第５号閉会中の継続調査申出について（議会運営委員会） ［上程、採決］ ,R3-9kaigiroku,34
2022,R4-12kaigiroku,◎発委第６号閉会中の継続調査申出について（むらづくり委員会）,,,"予算,決算,補正予算",委員長(松岡一生君),,それでは、１１月２５日に開催いたしました議会運営委員会の会議結果につ いて、報告をいたします。当日は、木村議長が欠席でありましたが、御杖村議会委員会条例第１２ 条の規定による定足数に達していたことから、１２月定例会の運営について協議を行いました。ま －４－ ず、会期及び会期中の日程について協議をおこない、会期を、１２月１３日から２０日までの８日間と し、全員協議会を１４日、予算決算委員会を１６日、,R4-12kaigiroku,4
2022,R4-12kaigiroku,◎発委第６号閉会中の継続調査申出について（むらづくり委員会）,,79000,"予算,決算,補正予算",４番(古川芳明君),,ただいま、議長の許可を得ましたので、去る１１月２１日午後１時３０分より、令和 ４年第２回東宇陀環境衛生組合議会定例会が東宇陀クリーンセンターにおいて開催されました。 宇陀市からは組合議長として上田德議員、組合議員として、田中剛志議員、松浦久子議員が出 席いたしました。曽爾村からは組合議員として坂井英治議員、田中稔一議員が出席いたしまし た。御杖村からは組合副議長として山岡隆良議員、組合議員として、,R4-12kaigiroku,5
2022,R4-12kaigiroku,◎発委第６号閉会中の継続調査申出について（むらづくり委員会）,,92000,"予算,取得,工事,決算,補正予算",１番(張間裕子君),,ただいま、議長の許可を得ましたので、宇陀衛生一部事務組合議会の報告を させていただきます。去る１１月２８日月曜日午後２時から、令和４年宇陀衛生一部事務組合議会 第２回定例会が、宇陀市役所大会議室で開催されました。出席した組合議会議員は１２名で、御 杖村からは、わたくし張間が出席いたしました。開会に先立ち、本村吉田副議長のご逝去を悼み 黙祷をささげ、管理者である宇陀市金剛市長の招集あいさつ後、議事日,R4-12kaigiroku,6
2022,R4-12kaigiroku,◎発委第６号閉会中の継続調査申出について（むらづくり委員会）,,86000,"予算,決算,繰越",２番(廣口芳弘君),,去る１２月５日１０時より令和４年１２月曽爾御杖行政一部事務組合議会定例会 が御杖村役場三階会議室に於いて開催されました。曽爾村からは、組合議長として木治議員、組 合議員として東口議員、大向議員が出席し、御杖村からは組合議員として葛城議員、私廣口が出 席致しました。木治議長から、木村議員及び執行側の曽爾村尾上教育長の欠席報告のあと、議 会成立宣言がなされ、会議録署名議員に、５番葛城議員、６番わたくし,R4-12kaigiroku,6
2022,R4-12kaigiroku,◎発委第６号閉会中の継続調査申出について（むらづくり委員会）,Welfare,,"予算,契約,補正予算",村長(伊藤収宜君),,本日、１２月定例会を招集いたしましたところ、ご出席を賜り誠にありがとうござ います。木村議長におかれては、病気療養中であります。一日も早いご全快と、復帰が望まれると －７－ ころです。さて、私事ではありますが、１０月のなかばに、約２週間、入院療養をさせていただきまし た。議員各位には、ご心配をお掛けし、また不在となることへのご理解をいただきましたことに感謝 申し上げるしだいでございます。この間の行,R4-12kaigiroku,7
2022,R4-12kaigiroku,◎承認第７号専決処分の承認を求めることについて,,,"予算,補正予算",副議長(葛城昌俊君),,副議長   異議なしと認めます。したがって、８番松岡一生君をむらづくり委 員会副委員長に指名させていただきます。松岡議員よろしくお願いします。   ◎承認第７号専決処分の承認を求めることについて （令和４年度御杖村一般会計補正予算(第４号)） ［上程、説明、総括的質疑、付託］   －10－,R4-12kaigiroku,10
2022,R4-12kaigiroku,◎承認第７号専決処分の承認を求めることについて,,,"予算,補正予算",副議長(葛城昌俊君),,次に、日程第８承認第７号、専決処分の承認を求めることについて、令和４ 年度御杖村一般会計補正予算第４号を議題と致します。本案について、提案理由の説明を求め ます。伊藤村長。,R4-12kaigiroku,10
2022,R4-12kaigiroku,◎承認第７号専決処分の承認を求めることについて,,,"予算,決算",副議長(葛城昌俊君),,質疑なしと認めます。これで質疑を終わります。本案については、議会運営 委員長の報告のとおり、全員協議会で詳細な説明を受け、予算決算委員会に付託することにした いと思います。ご異議ありませんか。 （「異議なし」の声あり）,R4-12kaigiroku,10
2022,R4-12kaigiroku,◎議案第２７号菅野体育館･公民館耐震改修工事に伴う工事請負,,,"予算,契約,工事,決算,補正予算",副議長(葛城昌俊君),,異議なしと認めます。したがって、日程第８承認第７号、専決処分の承認を 求めることについて、令和４年度御杖村一般会計補正予算第４号は、予算決算委員会に付託す ることに決定しました。  ◎議案第２７号菅野体育館･公民館耐震改修工事に伴う工事請負 契約の変更契約の締結について ［上程、説明、質疑、討論、採決］ ,R4-12kaigiroku,10
2022,R4-12kaigiroku,◎議案第２７号菅野体育館･公民館耐震改修工事に伴う工事請負,,,"契約,工事",副議長(葛城昌俊君),,次に、日程第９議案第２７号菅野体育館･公民館耐震改修工事に伴う工事 請負契約の変更契約の締結についてを議題と致します。本案については、議会運営委員長の報 告のとおり即決案件と致します。本案について、提案理由の説明を求めます。伊藤村長。,R4-12kaigiroku,10
2022,R4-12kaigiroku,◎議案第２７号菅野体育館･公民館耐震改修工事に伴う工事請負,,,"取得,契約,工事,財産",村長(伊藤収宜君),,本案につきましては、去る６月の定例会にて議決をいただいた工事請負契約 について、工事の進捗に伴い変更の必要な部分が生じたことから、今般、変更契約を締結したく、 地方自治法第９６条第１項第５号及び議会の議決に付すべき契約及び財産の取得又は処分に関 する条例第２条の規定に基づき議決をお願いするものでございます。内容については、教育次長 より説明申し上げます。よろしくお願いします。,R4-12kaigiroku,10
2022,R4-12kaigiroku,◎議案第２７号菅野体育館･公民館耐震改修工事に伴う工事請負,,3000,"契約,工事",教育委員会事務局次長(中村康幸君),,この菅野体育館・公民館耐震改修工事は、契約金額税込 み８千百５拾７万１千６百円で、株式会社木村組代表取締役木村隆雄と工事請負契約を締結し、 現在工事を進めております。このまま順調に工事が進めば、令和５年１月末に竣工する見通しで －11－ あります。今回、工事請負変更契約の議決をお願いいたします税込み８拾万３千円の増額の内容 につきましてご説明をさせていただきます。３項目ございまして、１項目めとして,R4-12kaigiroku,11
2022,R4-12kaigiroku,◎議案第２８号御杖村公告式条例の一部を改正する条例の制定,,,"契約,工事",副議長(葛城昌俊君),,ありがとうございます。全員の起立により、日程第９議案第２７号号菅野体育 館･公民館耐震改修工事に伴う工事請負契約の変更契約の締結については、原案のとおり可決 されました。   ◎議案第２８号御杖村公告式条例の一部を改正する条例の制定 について ［上程、説明、質疑、討論、採決］ ,R4-12kaigiroku,11
2022,R4-12kaigiroku,◎議案第３４号令和４年度御杖村一般会計補正予算(第５号)）の,,,"予算,補正予算",副議長(葛城昌俊君),,ありがとうございます。全員の起立により、日程第１５議案第３３号御杖村フ ルタイム会計年度任用職員の給与に関する条例の一部を改正する条例の制定については、原案 のとおり可決されました。  ◎議案第３４号令和４年度御杖村一般会計補正予算(第５号)）の 議定について ［上程、説明、総括的質疑、付託］ ,R4-12kaigiroku,17
2022,R4-12kaigiroku,◎議案第３４号令和４年度御杖村一般会計補正予算(第５号)）の,,,"予算,補正予算",副議長(葛城昌俊君),,次に、日程第１６議案第３４号、令和４年度御杖村一般会計補正予算第５号 の議定についてを議題とします。本案につきまして、提案理由の説明を求めます。伊藤村長。,R4-12kaigiroku,17
2022,R4-12kaigiroku,◎議案第３４号令和４年度御杖村一般会計補正予算(第５号)）の,,84000,基金,村長(伊藤収宜君),,本案につきましては、歳入歳出それぞれに５千百５拾７万４千円を追加し補正 後の総額を２６億９千百８万４千円とするものでございます。主な内容ですが、歳入では、普通交 付税交付金を現時点での見込み額に合わせて増額し、歳出では、人事院勧告に沿った人件費 の増額と、歳入超過分を基金積立とするものでございます。ご審議の程、よろしくお願いします。,R4-12kaigiroku,17
2022,R4-12kaigiroku,◎議案第３４号令和４年度御杖村一般会計補正予算(第５号)）の,,,"予算,決算",副議長(葛城昌俊君),,質疑なしと認めます。これで質疑を終わります。本案については、議会運営 委員長の報告のとおり、全員協議会で詳細な説明を受け、予算決算委員会に付託することにした いと思います。ご異議ありませんか。 （「異議なし」の声あり）,R4-12kaigiroku,17
2022,R4-12kaigiroku,◎議案第３５令和４年度御杖村簡易水道事業特別会計補正,Water/Sewer,,"予算,決算,補正予算",副議長(葛城昌俊君),,異議なしと認めます。したがって、日程第１６議案第３４号、令和４年度御杖 村一般会計補正予算第５号の議定については、予算決算委員会に付託することに決定しました。  ◎議案第３５令和４年度御杖村簡易水道事業特別会計補正 予算(第２号)の議定について ［上程、説明、総括的質疑、付託］ ,R4-12kaigiroku,17
2022,R4-12kaigiroku,◎議案第３５令和４年度御杖村簡易水道事業特別会計補正,Water/Sewer,,"予算,補正予算",副議長(葛城昌俊君),,次に、日程第１７議案第３５号、令和４年度御杖村簡易水道事業特別会計 補正予算第２号の議定についてを議題と致します。本案について、提案理由の説明を求めます。 伊藤村長。,R4-12kaigiroku,17
2022,R4-12kaigiroku,◎議案第３５令和４年度御杖村簡易水道事業特別会計補正,Water/Sewer,,"予算,決算",副議長(葛城昌俊君),,質疑なしと認めます。これで質疑を終わります。本案についても、議会運営 委員長の報告のとおり、全員協議会で詳細な説明を受け、予算決算委員会に付託することにした いと思います。ご異議ありませんか。 （「異議なし」の声あり）,R4-12kaigiroku,18
2022,R4-12kaigiroku,◎議案第３６号令和４年度御杖村国民健康保険特別会計補正,Water/Sewer,,"予算,決算,補正予算",副議長(葛城昌俊君),,異議なしと認めます。したがって、日程第１７議案第３５号、令和４年度御杖 村簡易水道事業特別会計補正予算第２号の議定については、予算決算委員会に付託することに 決定しました。   ◎議案第３６号令和４年度御杖村国民健康保険特別会計補正 予算(第４号)の議定について ［上程、説明、総括的質疑、付託］ ,R4-12kaigiroku,18
2022,R4-12kaigiroku,◎議案第３６号令和４年度御杖村国民健康保険特別会計補正,,,"予算,補正予算",副議長(葛城昌俊君),,次に、日程第１８議案第３６号、令和４年度御杖村国民健康保険特別会計 補正予算第４号の議定についてを議題と致します。本案について、提案理由の説明を求めます。 伊藤村長。,R4-12kaigiroku,18
2022,R4-12kaigiroku,◎議案第３６号令和４年度御杖村国民健康保険特別会計補正,,82000,"基金,繰越",村長(伊藤収宜君),,本案につきましては、先ず、事業勘定ですが、歳入歳出それぞれに５拾７万１ 千円を追加し補正後の総額を２億９千百拾３万１千円とするものでございます。主な内容は、歳入 では、据え置いていた繰越金を増額し、基金繰入金を減額する調整を行い、歳出では、県への納 付金を増額するものでございます。診療施設勘定については、歳入歳出それぞれに７拾７万９千 円を追加し、補正後の総額を１億２千３百３拾８万２千円とするもの,R4-12kaigiroku,18
2022,R4-12kaigiroku,◎議案第３６号令和４年度御杖村国民健康保険特別会計補正,,,"予算,決算",副議長(葛城昌俊君),,質疑なしと認めます。これで質疑を終わります。本案についても、議会運営 委員長の報告のとおり、全員協議会で詳細な説明を受け、予算決算委員会に付託することにした いと思います。ご異議ありませんか。 （「異議なし」の声あり）,R4-12kaigiroku,18
2022,R4-12kaigiroku,◎同意第４号御杖村教育委員会の委員任命につき同意を,Education,,"予算,決算,補正予算",副議長(葛城昌俊君),,異議なしと認めます。したがって、日程第１８議案第３６号、令和４年度御杖 村国民健康保険特別会計補正予算第４号の議定については、予算決算委員会に付託することに 決定しました。   ◎同意第４号御杖村教育委員会の委員任命につき同意を 求めることについて ［上程、説明、採決］ ,R4-12kaigiroku,18
2022,R4-12kaigiroku,◎同意第５号御杖村副村長の選任につき同意を求める,Village Development,,"予算,補正予算",副議長(葛城昌俊君),,以上をもって、本日の日程は全て終了致しました。次回の本会議は１２月２０ 日火曜日午前１０時より開くことに致します。本日は、これにて散会致します。お疲れ様でした。   （午前１１時２２分散会）   －21－ －22－ （令和４年１２月２０日）     －23－ 令和４年１２月御杖村議会定例会（第２号） 令和４年１２月２０日（木） 開議 午前１０時００分 ◎議事日程［審議結果］ 第１   承認第７号 ,R4-12kaigiroku,24
2022,R4-12kaigiroku,◎承認第７号専決処分の承認を求めることについて（令和４年,,,"予算,補正予算",副議長(葛城昌俊君),,皆さん、おはようございます。本日の１２月定例会の続会をご案内させてい ただいたところ、ご出席をいただきありがとうございます。本日の会議に際し、木村議長より入院療 養のため欠席届が出ております。ことによりまして、議長が欠席となりますので、地方自治法第１０ ６条の規定により、私副議長が議長の職を務めさせていただきますので、よろしくお願いします。た だ今の出席議員は６名です。地方自治法第１１３条の規定に,R4-12kaigiroku,24
2022,R4-12kaigiroku,◎承認第７号専決処分の承認を求めることについて（令和４年,,,"予算,決算,補正予算",副議長(葛城昌俊君),,先ず、日程第１､承認第７号専決処分の承認を求めることについて、令和４ 年度御杖村一般会計補正予算第４号につきましては、予算決算委員会へ付託した案件でござい ます。これを議題とし御杖村会議規則第４１条第１項の規定に基づき、委員長から審査経過及び 結果の報告をお願いします。山岡委員長。,R4-12kaigiroku,24
2022,R4-12kaigiroku,◎承認第７号専決処分の承認を求めることについて（令和４年,,,"予算,決算,補正予算",６番(山岡隆良君),,それでは、予算決算委員会を代表しまして、当委員会に付託されました、承認 第７号につきまして、審査の経過と結果についてご報告いたします。まず、審査の経緯でございま すが、去る１２月１３日の本会議におきまして、専決処分による補正予算１件及び補正予算３件の 合計４件の案件が付託されたことにより、１２月１６日に予算決算委員会を開催いたしました。当日 は、木村委員を除く委員及び村長をはじめ各部局の所属長出席,R4-12kaigiroku,24
2022,R4-12kaigiroku,◎議案第３４号令和４年度御杖村一般会計補正予算(第５号)の,Water/Sewer,,"予算,補正予算",副議長(葛城昌俊君),,ありがとうございます。全員の起立により、日程第１､承認第７号専決処分の 承認を求めることについて、令和４年度御杖村一般会計補正予算第４号は、委員長の報告のとお り承認されました。   ◎議案第３４号令和４年度御杖村一般会計補正予算(第５号)の 議定について、議案第３５号令和４年度御杖村簡易水道事 業特別会計補正予算(第２号)の議定について、議案第３６号 令和４年度御杖村国民健康保険特別会計補正予算,R4-12kaigiroku,25
2022,R4-12kaigiroku,◎議案第３４号令和４年度御杖村一般会計補正予算(第５号)の,Water/Sewer,,"予算,決算,補正予算",副議長(葛城昌俊君),,次に、日程第２､議案３４号令和４年度御杖村一般会計補正予算第４号の議 定について、日程第３､議案第３５号令和４年度御杖村簡易水道事業特別会計補正予算第２号の 議定について、日程第４､議案第３６号令和４年度御杖村国民健康保険特別会計補正予算第４号 の議定について以上の３件につきましては、予算決算委員会へ付託した案件でございます。これ を一括議題とし御杖村会議規則第４１条第１項の規定に基づき、委員長か,R4-12kaigiroku,25
2022,R4-12kaigiroku,◎議案第３４号令和４年度御杖村一般会計補正予算(第５号)の,,,"予算,決算,補正予算",６番(山岡隆良君),,それでは、議案第３４号から議案第３６号の補正予算３件につきまして、一括し て、その審査結果について報告をさせていただきます。審査の経緯につきましては、先に報告さ せていただきましたとおりでございます。審査の経過でございますが、各会計ごとに質疑及び討論 と採決を行いました。質疑では、委員より多くの質疑が行われ、村当局より答弁をいただきました が、内容については全議員出席の委員会ですので、割愛をさせて,R4-12kaigiroku,25
2022,R4-12kaigiroku,◎議案第３４号令和４年度御杖村一般会計補正予算(第５号)の,,,"予算,補正予算",副議長(葛城昌俊君),,質疑なしと認めます。これで質疑を終わります。   ◎議案第３４号令和４年度御杖村一般会計補正予算(第５号)の 議定について ［討論、採決］ ,R4-12kaigiroku,25
2022,R4-12kaigiroku,◎議案第３４号令和４年度御杖村一般会計補正予算(第５号)の,,,"予算,補正予算",副議長(葛城昌俊君),,続いて議案ごとに、討論及び採決を行います。先ず、日程第２､議案第３４ 号令和４年度御杖村一般会計補正予算第４号の議定についてを議題とし、討論を行います。討 論はありませんか。 （「討論なし」の声あり） －26－,R4-12kaigiroku,26
2022,R4-12kaigiroku,◎議案第３５号令和４年度御杖村簡易水道事業特別会計補正,Water/Sewer,,"予算,補正予算",副議長(葛城昌俊君),,ありがとうございます。全員の起立により、日程第２､議案第３４号令和４年度 御杖村一般会計補正予算第４号の議定については、委員長の報告のとおり可決されました。   ◎議案第３５号令和４年度御杖村簡易水道事業特別会計補正 予算(第２号)の議定について ［討論、採決］ ,R4-12kaigiroku,26
2022,R4-12kaigiroku,◎議案第３５号令和４年度御杖村簡易水道事業特別会計補正,Water/Sewer,,予算,副議長(葛城昌俊君),,次に、日程第３､議案第３５号令和４年度御杖村簡易水道事業特別会計補 正予算第２号の議定についてを議題とし、討論を行います。討論はありませんか。 （「討論なし」の声あり）,R4-12kaigiroku,26
2022,R4-12kaigiroku,◎議案第３６号令和４年度御杖村国民健康保険特別会計補正,Water/Sewer,,"予算,補正予算",副議長(葛城昌俊君),,ありがとうございます。全員の起立により、日程第３､議案第３５号令和４年度 御杖村簡易水道事業特別会計補正予算第２号の議定については、委員長の報告のとおり可決さ れました。   ◎議案第３６号令和４年度御杖村国民健康保険特別会計補正 予算(第４号)の議定について ［討論、採決］ ,R4-12kaigiroku,26
2022,R4-12kaigiroku,◎議案第３６号令和４年度御杖村国民健康保険特別会計補正,,,予算,副議長(葛城昌俊君),,次に、日程第４､議案第３６号令和４年度御杖村国民健康保険特別会計補 正予算第４号の議定についてを議題とし、討論を行います。討論はありませんか。 （「討論なし」の声あり）,R4-12kaigiroku,26
2022,R4-12kaigiroku,◎発委第７号閉会中の継続調査申出について（議会運営委員会）,,,"予算,補正予算",副議長(葛城昌俊君),,ありがとうございます。全員の起立により、日程第４､議案第３６号令和４年度 御杖村国民健康保険特別会計補正予算第４号の議定については、委員長の報告のとおり可決さ れました。   ◎発委第７号閉会中の継続調査申出について（議会運営委員会） ［上程、採決］ ,R4-12kaigiroku,26
2022,R4-3kaigiroku,◎発委第８号閉会中の継続調査申出について（むらづくり委員会）,,,"予算,決算,補正予算",委員長(古川芳明君),,それでは、２月２４日に開催いたしました議会運営委員会の会議結果につ いて、報告をいたします。当日は、全委員出席のもと、令和４年３月定例会の運営について協議を －４－ 行いました。まず、会期及び会期中の日程について協議を行い、会期を、３月９日から２２日までの １４日間とし、会期中の日程については、３月９日午前１０時開会、全員協議会を１０日午前９時３０ 分開会、予算決算委員会を１６日午前９時３０分開会,R4-3kaigiroku,4
2022,R4-3kaigiroku,◎発委第８号閉会中の継続調査申出について（むらづくり委員会）,,8250000,"予算,工事,繰越,補正予算",１番(張間裕子君),,ただいま、議長の許可を得ましたので、宇陀衛生一部事務組合議会定例会の 報告をさせていただきます。去る２月２２日午前１０時より、令和４年第１回宇陀衛生一部事務組合 議会定例会が宇陀市農村環境改善センター農林会館に於いて、開催されました。 地方自治法 第１２１条の規定により、管理者ほか関係者出席のもと行われ、宇陀市から組合議長多田興四郎 議員ほか７名、東吉野村から議員２名、曽爾村から議員２名、本村から,R4-3kaigiroku,5
2022,R4-3kaigiroku,◎発委第８号閉会中の継続調査申出について（むらづくり委員会）,,8697000,予算,７番(松岡一生君),,皆さん、おはようございます。７番松岡でございます。ただ今、議長の許可を得 ましたので、東宇陀環境衛生組合議会の報告をさせていただきます。去る２月２２日火曜日、午後 ２時より、令和４年東宇陀環境衛生組合議会第１回定例会が、宇陀市の東宇陀クリーンセンター 会議室で開催されました。組合議会議員の出席は８名で、御杖村からは山岡議員と古川議員、私 の３名が出席いたしました。日程に基づき、会議録署名議員の指名,R4-3kaigiroku,5
2022,R4-3kaigiroku,◎発委第８号閉会中の継続調査申出について（むらづくり委員会）,,,"予算,基金,補正予算",４番(古川芳明君),,それではただ今から、令和４年奈良県広域消防組合議会第１回定例会につい て、報告させていただきます。去る２月２５日橿原市広域消防組合本部に於いて奈良県広域消防 組合議会第 1 回定例会が開催され午後２時から、全員協議会が行われ、報告された案件は報第 －６－ １号損害賠償の額の専決処分の報告のあと議案第 1 号から議案第５号までの概要説明があり、午 後３時から本会議が開催されました。会議録署名議員の指,R4-3kaigiroku,6
2022,R4-3kaigiroku,◎発委第８号閉会中の継続調査申出について（むらづくり委員会）,,4615000,予算,３番(葛城昌俊君),,議長の許可をいただきましたので、令和４年３月曽爾御杖行政一部事務組合 議会定例会の報告をさせていただきます。去る、３月２日午後１時３０分より令和４年３月曽爾御杖 行政一部事務組合議会定例会議が御杖村役場３階会議室において開催されました。曽爾村から は組合議長として木治議員、組合議員として東口議員、大向議員が出席、御杖村からは組合議 員として木村議員、廣口議員、私葛城が出席致しました。付議された案件,R4-3kaigiroku,7
2022,R4-3kaigiroku,◎承認第１号専決処分の承認を求めることについて,,,"予算,決算,補正予算",議長(吉田俊弘君),,次に、日程第４、一般質問でございますが、議員の申し合わせにより、３月定 例会については、新年度予算や条例改正等多くの議案となることから、新型コロナウイルス感染症 の感染防止対策につき、会議時間を短縮するため、一般質問は行わないこととなりました。     ◎承認第１号専決処分の承認を求めることについて （令和３年度御杖村一般会計補正予算(第６号)） ［上程、説明、総括的質疑、予算決算委員会付託］ ,R4-3kaigiroku,7
2022,R4-3kaigiroku,◎承認第１号専決処分の承認を求めることについて,,,"予算,補正予算",議長(吉田俊弘君),,次に、日程第５承認第１号専決処分の承認を求めることについて、令和３年度 御杖村一般会計補正予算第６号を議題と致します。本案について、提案理由の説明を求めます。 伊藤村長。,R4-3kaigiroku,7
2022,R4-3kaigiroku,◎承認第１号専決処分の承認を求めることについて,,3850000,予算,村長(伊藤収宜君),,本案につきましては、一般会計予算の歳入歳出それぞれに３８５万円を追加 し、補正後の総額を２９億８，３５２万１千円とするものです。内容は、子育て世帯への臨時特別給 付金事業の追加給付分を計上したもので、早期給付の必要から、去る１２月１７日に専決処分をさ せていただきましたので、承認をお願いするものでございます。よろしくお願いします。,R4-3kaigiroku,7
2022,R4-3kaigiroku,◎承認第１号専決処分の承認を求めることについて,,,"予算,決算",議長(吉田俊弘君),,質疑なしと認めます。これで質疑を終わります。本案については、議会運営委 員長の報告のとおり、全員協議会で詳細な説明を受け、予算決算委員会に付託することにしたい と思います。ご異議ありませんか。 （「異議なし」の声あり）,R4-3kaigiroku,7
2022,R4-3kaigiroku,◎承認第２号専決処分の承認を求めることについて,,,"予算,決算,補正予算",議長(吉田俊弘君),,異議なしと認めます。したがって日程第５承認第１号専決処分の承認を求める ことについて、令和３年度御杖村一般会計補正予算第６号は、予算決算委員会に付託することに 決定しました。     ◎承認第２号専決処分の承認を求めることについて （令和３年度御杖村介護保険特別会計補正予算(第７号)） ［上程、説明、総括的質疑、予算決算委員会付託］  －８－,R4-3kaigiroku,8
2022,R4-3kaigiroku,◎承認第２号専決処分の承認を求めることについて,,,"予算,補正予算",議長(吉田俊弘君),,次に、日程第６承認第２号専決処分の承認を求めることについて、令和３年度 御杖村一般会計補正予算第７号を議題と致します。本案について、提案理由の説明を求めます。 伊藤村長。,R4-3kaigiroku,8
2022,R4-3kaigiroku,◎承認第２号専決処分の承認を求めることについて,,6843000,予算,村長(伊藤収宜君),,本案につきましては、一般会計予算の歳入歳出それぞれに４，６８４万３千円を 追加し、補正後の総額を３０億３，００９万４千円とするものです。内容は、住民税非課税世帯等へ の臨時特別給付金事業を追加したもので、早期着手の必要から、去る１月５日に専決処分をさせ ていただきましたので、承認をお願いするものでございます。よろしくお願いします。,R4-3kaigiroku,8
2022,R4-3kaigiroku,◎承認第２号専決処分の承認を求めることについて,,,"予算,決算",議長(吉田俊弘君),,質疑なしと認めます。これで質疑を終わります。本案については、議会運営委 員長の報告のとおり、全員協議会で詳細な説明を受け、予算決算委員会に付託することにしたい と思います。ご異議ありませんか。 （「異議なし」の声あり）,R4-3kaigiroku,8
2022,R4-3kaigiroku,◎議案第１号御杖村議会議員の議員報酬等に関する,,,"予算,決算,補正予算",議長(吉田俊弘君),,異議なしと認めます。したがって日程第６承認第２号専決処分の承認を求める ことについて、令和３年度御杖村一般会計補正予算第７号は、予算決算委員会に付託することに 決定しました。     ◎議案第１号御杖村議会議員の議員報酬等に関する 条例の一部を改正する条例の制定について ［上程、説明、質疑、討論、採決］ ,R4-3kaigiroku,8
2022,R4-3kaigiroku,◎議案第６号職員の育児休業等に関する条例の一部を改正,General Affairs,,取得,村長(伊藤収宜君),,本案につきましては、国家公務員にかかる育児休業等の取得推進が図られ、 非常勤職員に対してもその適用の拡大が行われる中、地方公共団体の職員においても、国家公 務員と同様の取り組みが求められています。このことから、本村非常勤職員の育児休業等の取得 要件緩和のため、本条例の改正を行うものでございます。詳細については、総務課長より説明を 申し上げます。,R4-3kaigiroku,13
2022,R4-3kaigiroku,◎議案第６号職員の育児休業等に関する条例の一部を改正,,,取得,総務課長(中嶋英樹君),総務課長 (General Affairs Chief),はい。ご説明申し上げます。本改正につきましては、育児休業等の取得 推進を図るためのものでございます。先ず、非常勤職員にかかる育児休業等の取得要件の緩和 につきまして、議案書裏面をご覧ください。第２条第３号の中で規定しています引き続き在職した 期間が１年以上の要件を廃止します。次に、制度周知の必要性から、第２１条におきまして、該 当する職員に対する制度周知や意向確認の機会を設けるとしています。第２２,R4-3kaigiroku,13
2022,R4-3kaigiroku,◎議案第９号令和３年度御杖村一般会計補正予算(第８号),,,"予算,決算,補正予算",議長(吉田俊弘君),,休憩前に引き続き、会議を再開いたします。     ◎議案第９号令和３年度御杖村一般会計補正予算(第８号) の議定について ［上程、説明、総括的質疑、予算決算委員会付託］ ,R4-3kaigiroku,16
2022,R4-3kaigiroku,◎議案第９号令和３年度御杖村一般会計補正予算(第８号),,,"予算,補正予算",議長(吉田俊弘君),,次に、日程第１５議案第９号令和３年度御杖村一般会計補正予算第８号の議 －17－ 定についてを議題と致します。本案について、提案理由の説明を求めます。伊藤村長。,R4-3kaigiroku,17
2022,R4-3kaigiroku,◎議案第９号令和３年度御杖村一般会計補正予算(第８号),,,"予算,決算",議長(吉田俊弘君),,質疑なしと認めます。これで質疑を終わります。本案については、議会運営委 員長の報告のとおり、全員協議会で詳細な説明を受け、予算決算委員会に付託することにしたい と思います。ご異議ありませんか。 （「異議なし」の声あり）,R4-3kaigiroku,17
2022,R4-3kaigiroku,◎議案第１０号令和３年度御杖村国民健康保険特別会計,,,"予算,決算,補正予算",議長(吉田俊弘君),,異議なしと認めます。したがって、日程第１５議案第９号令和３年度御杖村一 般会計補正予算第８号の議定については、予算決算委員会に付託することに決定しました。     ◎議案第１０号令和３年度御杖村国民健康保険特別会計 補正予算(第５号)の議定について ［上程、説明、総括的質疑、予算決算委員会付託］ ,R4-3kaigiroku,17
2022,R4-3kaigiroku,◎議案第１０号令和３年度御杖村国民健康保険特別会計,,,予算,議長(吉田俊弘君),,次に、日程第１６議案第１０号令和３年度御杖村国民健康保険特別会計補正 予算第５号の議定についてを議題と致します。本案について、提案理由の説明を求めます。伊藤 村長。,R4-3kaigiroku,17
2022,R4-3kaigiroku,◎議案第１０号令和３年度御杖村国民健康保険特別会計,,,"予算,決算",議長(吉田俊弘君),,質疑なしと認めます。これで質疑を終わります。本案についても、議会運営委 員長の報告のとおり、全員協議会で詳細な説明を受け、予算決算委員会に付託することにしたい と思います。ご異議ありませんか。 （「異議なし」の声あり）,R4-3kaigiroku,17
2022,R4-3kaigiroku,◎議案第１１号令和３年度御杖村介護保険特別会計補正,,,"予算,決算,補正予算",議長(吉田俊弘君),,異議なしと認めます。したがって、日程第１６議案第１０号令和３年度御杖村国 民健康保険特別会計補正予算第５号の議定についても、予算決算委員会に付託することに決定 しました。   －18－ ◎議案第１１号令和３年度御杖村介護保険特別会計補正 予算(第２号)の議定について ［上程、説明、総括的質疑、予算決算委員会付託］ ,R4-3kaigiroku,18
2022,R4-3kaigiroku,◎議案第１１号令和３年度御杖村介護保険特別会計補正,,,"予算,補正予算",議長(吉田俊弘君),,次に、日程第１７議案第１１号令和３年度御杖村介護保険特別会計補正予算 第２号の議定についてを議題と致します。本案について、提案理由の説明を求めます。伊藤村長。,R4-3kaigiroku,18
2022,R4-3kaigiroku,◎議案第１１号令和３年度御杖村介護保険特別会計補正,,,"予算,決算",議長(吉田俊弘君),,質疑なしと認めます。これで質疑を終わります。本案についても、議会運営委 員長の報告のとおり、全員協議会で詳細な説明を受け、予算決算委員会に付託することにしたい と思います。ご異議ありませんか。 （「異議なし」の声あり）,R4-3kaigiroku,18
2022,R4-3kaigiroku,◎議案第１２号令和３年度御杖村後期高齢者医療特別,,,"予算,決算,補正予算",議長(吉田俊弘君),,異議なしと認めます。したがって、日程第１７議案第１１号令和３年度御杖村介 護保険特別会計補正予算第２号の議定についても、予算決算委員会に付託することに決定しま した。    ◎議案第１２号令和３年度御杖村後期高齢者医療特別 会計補正予算(第２号)の議定について ［上程、説明、総括的質疑、予算決算委員会付託］ ,R4-3kaigiroku,18
2022,R4-3kaigiroku,◎議案第１２号令和３年度御杖村後期高齢者医療特別,,,予算,議長(吉田俊弘君),,次に、日程第１８議案第１２号令和３年度御杖村後期高齢者医療特別会計補 正予算第２号の議定についてを議題と致します。本案について、提案理由の説明を求めます。伊 藤村長。,R4-3kaigiroku,18
2022,R4-3kaigiroku,◎議案第１２号令和３年度御杖村後期高齢者医療特別,,,"予算,決算",議長(吉田俊弘君),,質疑なしと認めます。これで質疑を終わります。本案についても、議会運営委 員長の報告のとおり、全員協議会で詳細な説明を受け、予算決算委員会に付託することにしたい と思います。ご異議ありませんか。 （「異議なし」の声あり） －19－,R4-3kaigiroku,19
2022,R4-3kaigiroku,◎議案第１２号令和３年度御杖村後期高齢者医療特別,,,"予算,決算,補正予算",議長(吉田俊弘君),,異議なしと認めます。したがって、日程第１８議案第１２号令和３年度御杖村後 期高齢者医療特別会計補正予算第２号の議定についても、予算決算委員会に付託することに決 定しました。     ◎村長施政方針  ,R4-3kaigiroku,19
2022,R4-3kaigiroku,◎議案第１２号令和３年度御杖村後期高齢者医療特別,,,予算,議長(吉田俊弘君),,次に日程第１９議案第１３号から日程２３議案第１７号までは、令和４年度の一 般会計予算及び特別会計予算４議案となります。審議に入ります前に、伊藤村長より、新年度に 向けての施策方針を伺いたいと思います。伊藤村長よろしくお願いします。,R4-3kaigiroku,19
2022,R4-3kaigiroku,◎議案第１３号令和４年度御杖村一般会計予算の議定について,Construction,7000000,"予算,工事,決算",村長(伊藤収宜君),,施政方針をさせていただきます。令和 4 年度の御杖村各会計予算を提案する にあたり、村政運営における私の基本的な考え方と、予算編成の方針、また主要施策の概要を申 し述べ、議員各位並びに村民の皆様のご理解とご協力をお願い申し上げたいと思います。私が 村政をお預かりして 6 年、これまで、村民皆様の温かいご支援とご協力に支えられ、安全安心の むらづくりに努めてまいりました。しかしながら、２期目の就任直,R4-3kaigiroku,21
2022,R4-3kaigiroku,◎議案第１３号令和４年度御杖村一般会計予算の議定について,,,予算,議長(吉田俊弘君),,ありがとうございました。それでは、日程１９議案第１３号令和４年度御杖村一般 会計予算の議定についてを議題と致します。本案について、提案理由の説明を求めます。伊藤 村長。,R4-3kaigiroku,21
2022,R4-3kaigiroku,◎議案第１３号令和４年度御杖村一般会計予算の議定について,Construction,504558000,"予算,基金,工事,補助金",総務課長(中嶋英樹君),総務課長 (General Affairs Chief),それでは、ご説明申し上げます。今見ていただいておりました資料、村長 の施政方針に続きまして６ページをご覧ください。令和４年度の予算案総括表でございます。それ では、６ページでございます。令和４年度の予算案総括表でございます。一番上、一般会計の欄 でございますが、予算総額２３億４，７００万円で、前年度に比べ２億 1１，４００万円、８．４％の減額 となります。右の７ページをご覧ください。一般会計の歳入,R4-3kaigiroku,25
2022,R4-3kaigiroku,◎議案第１３号令和４年度御杖村一般会計予算の議定について,,,"予算,決算",議長(吉田俊弘君),,質疑なしと認めます。これで質疑を終わります。本案については、議会運営委 員長の報告のとおり、全員協議会で詳細な説明を受け、予算決算委員会に付託することにしたい と思います。ご異議ありませんか。 （「異議なし」の声あり）,R4-3kaigiroku,25
2022,R4-3kaigiroku,◎議案第１４号令和４年度御杖村簡易水道事業特別,Water/Sewer,,"予算,決算",議長(吉田俊弘君),,異議なしと認めます。したがって、日程１９議案第１３号令和４年度御杖村一般 会計予算の議定については、予算決算委員会に付託することに決定しました。    ◎議案第１４号令和４年度御杖村簡易水道事業特別 会計予算の議定について ［上程、説明、総括的質疑、予算決算委員会付託］ ,R4-3kaigiroku,25
2022,R4-3kaigiroku,◎議案第１４号令和４年度御杖村簡易水道事業特別,Water/Sewer,,予算,議長(吉田俊弘君),,次に、日程第２０議案第１４号令和４年度御杖村簡易水道事業特別会計予算 の議定についてを議題とします。本案について、提案理由の説明を求めます。伊藤村長。,R4-3kaigiroku,25
2022,R4-3kaigiroku,◎議案第１４号令和４年度御杖村簡易水道事業特別,Water/Sewer,,"予算,決算",議長(吉田俊弘君),,質疑なしと認めます。これで質疑を終わります。本案についても、議会運営委 員長の報告のとおり、全員協議会で詳細な説明を受け、予算決算委員会に付託することにしたい と思います。ご異議ありませんか。 （「異議なし」の声あり）,R4-3kaigiroku,26
2022,R4-3kaigiroku,◎議案第１５号令和４年度御杖村国民健康保険特別,Water/Sewer,,"予算,決算",議長(吉田俊弘君),,異議なしと認めます。したがって、日程第２０議案第１４号令和４年度御杖村簡 易水道事業特別会計予算の議定についても、予算決算委員会に付託することに決定しました。     ◎議案第１５号令和４年度御杖村国民健康保険特別 会計予算の議定について ［上程、説明、総括的質疑、予算決算委員会付託］ ,R4-3kaigiroku,26
2022,R4-3kaigiroku,◎議案第１５号令和４年度御杖村国民健康保険特別,,,予算,議長(吉田俊弘君),,次に、日程第２１議案第１５号令和４年度御杖村国民健康保険特別会計予算 の議定についてを議題とします。本案について、提案理由の説明を求めます。伊藤村長。,R4-3kaigiroku,26
2022,R4-3kaigiroku,◎議案第１５号令和４年度御杖村国民健康保険特別,,,"予算,決算",議長(吉田俊弘君),,質疑なしと認めます。これで質疑を終わります。本案についても、議会運営委 員長の報告のとおり、全員協議会で詳細な説明を受け、予算決算委員会に付託することにしたい と思います。ご異議ありませんか。 （「異議なし」の声あり）,R4-3kaigiroku,26
2022,R4-3kaigiroku,◎議案第１６号令和４年度御杖村介護保険特別会計,,,"予算,決算",議長(吉田俊弘君),,異議なしと認めます。したがって、日程第２１議案第１５号令和４年度御杖村国 民健康保険特別会計予算の議定についても、予算決算委員会に付託することに決定しました。     ◎議案第１６号令和４年度御杖村介護保険特別会計 予算の議定について ［上程、説明、総括的質疑、予算決算委員会付託］ ,R4-3kaigiroku,26
2022,R4-3kaigiroku,◎議案第１６号令和４年度御杖村介護保険特別会計,,,予算,議長(吉田俊弘君),,次に、日程第２２議案第１６号令和４年度御杖村介護保険特別会計予算の議 定についてを議題とします。本案について、提案理由の説明を求めます。伊藤村長。,R4-3kaigiroku,26
2022,R4-3kaigiroku,◎議案第１６号令和４年度御杖村介護保険特別会計,,,"予算,決算",議長(吉田俊弘君),,質疑なしと認めます。これで質疑を終わります。本案についても、議会運営委 員長の報告のとおり、全員協議会で詳細な説明を受け、予算決算委員会に付託することにしたい と思います。ご異議ありませんか。 （「異議なし」の声あり）,R4-3kaigiroku,27
2022,R4-3kaigiroku,◎議案第１７号令和４年度御杖村後期高齢者医療特別,,,"予算,決算",議長(吉田俊弘君),,異議なしと認めます。したがって、日程第２２議案第１６号令和４年度御杖村介 護保険特別会計予算の議定についても、予算決算委員会に付託することに決定しました。     ◎議案第１７号令和４年度御杖村後期高齢者医療特別 会計予算の議定について ［上程、説明、総括的質疑、予算決算委員会付託］ ,R4-3kaigiroku,27
2022,R4-3kaigiroku,◎議案第１７号令和４年度御杖村後期高齢者医療特別,,,"予算,決算",議長(吉田俊弘君),,質疑なしと認めます。これで質疑を終わります。本案についても、議会運営委 員長の報告のとおり、全員協議会で詳細な説明を受け、予算決算委員会に付託することにしたい と思います。ご異議ありませんか。 （「異議なし」の声あり）,R4-3kaigiroku,27
2022,R4-3kaigiroku,◎諮問第１号人権擁護委員候補者の推薦につき意見,,,"予算,決算",議長(吉田俊弘君),,異議なしと認めます。したがって、日程第２３議案第１７号令和４年度御杖村後 期高齢者医療特別会計予算の議定についても、予算決算委員会に付託することに決定しました。     ◎諮問第１号人権擁護委員候補者の推薦につき意見 を求めることについて ［上程、説明］ ,R4-3kaigiroku,27
2022,R4-3kaigiroku,◎諮問第１号人権擁護委員候補者の推薦につき意見,Village Development,,"予算,補正予算",議長(吉田俊弘君),,以上をもって、本日の日程は全て終了致しました。次回の本会議は３月２２日 火曜日、午前１０時より開くことに致します。本日は、これにて散会致します。お疲れ様でした。    （午後００時１０分散会）     －30－ （令和４年３月２２日）     －31－ 令和４年３月御杖村議会定例会（第２号） 令和４年３月２２日（火） 開議 午前１０時００分 ◎議事日程［審議結果］ 第１ 承認第１号 [原案承認] ,R4-3kaigiroku,33
2022,R4-3kaigiroku,◎承認第１号専決処分の承認を求めることについて（令和３年度,,,"予算,補正予算",議長(吉田俊弘君),,皆さん、ご苦労様でございます。本日の３月定例会の続会をご案内させてい ただいたところ、ご出席をいただきありがとうございます。全議員が出席でございます。地方自治法 第１１３条の規定による定足数に達していますので、本日の会議を開きます。本日の議事日程は、 お手元に配布の日程第２号とおりとします。     ◎承認第１号専決処分の承認を求めることについて（令和３年度 御杖村一般会計補正予算(第６号)）・承,R4-3kaigiroku,33
2022,R4-3kaigiroku,◎承認第１号専決処分の承認を求めることについて（令和３年度,,,"予算,決算,補正予算",議長(吉田俊弘君),,ただちに議題に入ります。日程第１､承認第１号「専決処分の承認を求めること について・令和３年度御杖村一般会計補正予算第６号」、日程第２、承認第２号「専決処分の承認 を求めることについて・令和３年度御杖村一般会計補正予算第７号」、日程第３､議案９号「令和３ 年度御杖村一般会計補正予算第８号の議定について」、日程第４､議案第１０号「令和３年度国民 健康保険特別会計補正予算第５号の議定について」、日程第,R4-3kaigiroku,33
2022,R4-3kaigiroku,◎承認第１号専決処分の承認を求めることについて（令和３年度,,,"予算,決算,補正予算",委員長(木村忠雄君),,予算決算委員会を代表しまして、当委員会に付託されました、日程第１･承 －34－ 認第１号から日程第６議案第１２号までの専決処分を含む補正予算につきまして、その審査の経 緯並びに経過と結果についてご報告いたします。まず、審査の経緯でございますが、去る３月９日 の本会議におきまして、専決処分された補正予算２件及び補正予算４件、令和４年度当初予算５ 件の合計１１件の案件が付託されたことにより、３月１６日,R4-3kaigiroku,34
2022,R4-3kaigiroku,◎承認第１号専決処分の承認を求めることについて,,,"予算,補正予算",議長(吉田俊弘君),,質疑なしと認めます。これで質疑を終わります。     ◎承認第１号専決処分の承認を求めることについて （令和３年度御杖村一般会計補正予算(第６号)） ［討論、採決］  ,R4-3kaigiroku,34
2022,R4-3kaigiroku,◎承認第１号専決処分の承認を求めることについて,,,"予算,補正予算",議長(吉田俊弘君),,続いて議案ごとに、討論及び採決を行います。まず、日程第１承認第１号専決 処分の承認を求めることについて･令和３年度御杖村一般会計補正予算第６号を議題とし、討論 を行います。討論はありませんか。 （「討論なし」の声あり）,R4-3kaigiroku,34
2022,R4-3kaigiroku,◎承認第２号専決処分の承認を求めることについて,,,"予算,補正予算",議長(吉田俊弘君),,ありがとうございます。全員の起立により、日程第１承認第号専決処分の承認 を求めることについて、令和３年度御杖村一般会計補正予算第６号は、委員長の報告のとおり承 認されました。     ◎承認第２号専決処分の承認を求めることについて （令和３年度御杖村一般会計補正予算(第７号)） ［討論、採決］   －35－,R4-3kaigiroku,35
2022,R4-3kaigiroku,◎承認第２号専決処分の承認を求めることについて,,,"予算,補正予算",議長(吉田俊弘君),,次に、日程第２承認第２号専決処分の承認を求めることについて、令和３年度 御杖村一般会計補正予算第７号を議題とし、討論を行います。討論はありませんか。 （「討論なし」の声あり）,R4-3kaigiroku,35
2022,R4-3kaigiroku,◎議案第９号令和３年度御杖村一般会計補正予算(第８号),,,"予算,補正予算",議長(吉田俊弘君),,ありがとうございます。全員の起立により、日程第２承認第２号専決処分の承認 を求めることについて、令和３年度御杖村一般会計補正予算第７号は、委員長の報告のとおり承 認されました。     ◎議案第９号令和３年度御杖村一般会計補正予算(第８号) の議定について ［討論、採決］ ,R4-3kaigiroku,35
2022,R4-3kaigiroku,◎議案第９号令和３年度御杖村一般会計補正予算(第８号),,,"予算,補正予算",議長(吉田俊弘君),,続いて議案ごとに、討論及び採決を行います。まず、日程第３議案第９号令和 ３年度御杖村一般会計補正予算第８号の議定についてを議題とし、討論を行います。討論はあり ませんか。 （「討論なし」の声あり）,R4-3kaigiroku,35
2022,R4-3kaigiroku,◎議案第１０号令和３年度御杖村国民健康保険特別会計,,,"予算,補正予算",議長(吉田俊弘君),,ありがとうございます。全員の起立により、日程第３議案９号令和３年度御杖村 一般会計補正予算第８号の議定については、委員長の報告のとおり可決されました。     ◎議案第１０号令和３年度御杖村国民健康保険特別会計 補正(第５号)の議定について ［討論、採決］ ,R4-3kaigiroku,35
2022,R4-3kaigiroku,◎議案第１１号令和３年度御杖村介護保険特別会計補正,,,"予算,補正予算",議長(吉田俊弘君),,ありがとうございます。全員の起立により、日程第４議案第１０号令和３年度御 杖村国民健康保険特別会計補正予算第５号の議定については、委員長の報告のとおり可決され ました。     ◎議案第１１号令和３年度御杖村介護保険特別会計補正 予算(第２号)の議定について ［討論、採決］  ,R4-3kaigiroku,36
2022,R4-3kaigiroku,◎議案第１１号令和３年度御杖村介護保険特別会計補正,,,"予算,補正予算",議長(吉田俊弘君),,次に、日程第５議案第１１号令和３年度御杖村介護保険特別会計補正予算第 ２号の議定についてを議題とし、討論を行います。討論はありませんか。 （「討論なし」の声あり）,R4-3kaigiroku,36
2022,R4-3kaigiroku,◎議案第１２号令和３年度御杖村後期高齢者医療特別,,,"予算,補正予算",議長(吉田俊弘君),,ありがとうございます。全員の起立により、日程第５議案第１１号令和３年度御 杖村介護保険特別会計補正予算第２号の議定については、委員長の報告のとおり可決されまし た。     ◎議案第１２号令和３年度御杖村後期高齢者医療特別 会計補正予算(第２号)の議定について ［討論、採決］  ,R4-3kaigiroku,36
2022,R4-3kaigiroku,◎議案第１２号令和３年度御杖村後期高齢者医療特別,,,予算,議長(吉田俊弘君),,次に、日程第６議案第１２号令和３年度御杖村後期高齢者医療特別会計補正 予算第２号の議定についてを議題とし、討論を行います。討論はありませんか。 （「討論なし」の声あり）,R4-3kaigiroku,36
2022,R4-3kaigiroku,◎議案第１３号令和４年度御杖村一般会計予算の議定について・議案第,Water/Sewer,,"予算,補正予算",議長(吉田俊弘君),,ありがとうございます。全員の起立により、日程第６議案第１２号令和３年度御 杖村後期高齢者医療特別会計補正予算第２号の議定については、委員長の報告のとおり可決さ れました。    －37－ ◎議案第１３号令和４年度御杖村一般会計予算の議定について・議案第 １４号令和４年度御杖村簡易水道事業特別会計予算の議定について・ 議案第１５号令和４年度御杖村国民健康保険特別会計予算の議定に ついて・議案第１６号,R4-3kaigiroku,37
2022,R4-3kaigiroku,◎議案第１３号令和４年度御杖村一般会計予算の議定について・議案第,Water/Sewer,,"予算,決算",議長(吉田俊弘君),,次に、日程第７､議案１３号令和４年度御杖村一般会計予算の議定について、 日程第８､議案第１４号令和４年度御杖村簡易水道事業特別会計予算の議定について、日程第９､ 議案第１５号令和４年度御杖村国民健康保険特別会計予算の議定について、日程第１０､議案第 １６号令和４年度御杖村介護保険特別会計予算の議定について、日程第１１､議案第１７号令和４ 年度御杖村後期高齢者医療特別会計予算の議定について以上５件は,R4-3kaigiroku,37
2022,R4-3kaigiroku,◎議案第１３号令和４年度御杖村一般会計予算の議定について・議案第,,,"予算,決算",委員長(木村忠雄君),,それでは、日程第７･議案第１３号から日程第１１･議案第１７号の５会計にお ける令和４年度当初予算の議定につきまして、一括して、その審査の経過と結果について報告を させていただきます。審査の経緯につきましては、先に報告させていただきましたとおりでございま す。審査の経過でございますが、各会計ごとに質疑及び討論と採決を行いました。質疑では、委 員より質疑が行われ、村当局より答弁をいただきましたが、内容,R4-3kaigiroku,37
2022,R4-3kaigiroku,◎議案第１３号令和４年度御杖村一般会計予算の議定について,,,予算,議長(吉田俊弘君),,質疑なしと認めます。これで質疑を終わります。     ◎議案第１３号令和４年度御杖村一般会計予算の議定について ［討論、採決］ ,R4-3kaigiroku,37
2022,R4-3kaigiroku,◎議案第１３号令和４年度御杖村一般会計予算の議定について,,,予算,議長(吉田俊弘君),,続いて各議案ごとに、討論及び採決を行います。まず、日程第７議案第１３号 令和４年度御杖村一般会計予算の議定についてを議題とし、討論を行います。討論はありません か。   －38－ （「討論なし」の声あり）,R4-3kaigiroku,38
2022,R4-3kaigiroku,◎議案第１４号令和４年度御杖村簡易水道事業特別会計,Water/Sewer,,予算,議長(吉田俊弘君),,ありがとうございます。全員の起立により、日程第７第１３号令和４年度御杖村 一般会計予算の議定については、委員長の報告のとおり可決されました。     ◎議案第１４号令和４年度御杖村簡易水道事業特別会計 予算の議定について ［討論、採決］ ,R4-3kaigiroku,38
2022,R4-3kaigiroku,◎議案第１４号令和４年度御杖村簡易水道事業特別会計,Water/Sewer,,予算,議長(吉田俊弘君),,次に、日程第８議案第１４号令和４年度御杖村簡易水道事業特別会計予算の 議定についてを議題とし、討論を行います。討論はありませんか。 （「討論なし」の声あり）,R4-3kaigiroku,38
2022,R4-3kaigiroku,◎議案第１５号令和４年度御杖村国民健康保険特別,Water/Sewer,,予算,議長(吉田俊弘君),,ありがとうございます。全員の起立により、日程第８議案第１４号令和４年度御 杖村簡易水道事業特別会計予算の議定については、委員長の報告のとおり可決されました。     ◎議案第１５号令和４年度御杖村国民健康保険特別 会計予算の議定について ［討論、採決］ ,R4-3kaigiroku,38
2022,R4-3kaigiroku,◎議案第１５号令和４年度御杖村国民健康保険特別,,,予算,議長(吉田俊弘君),,次に、日程第９議案第１５号令和４年度御杖村国民健康保険特別会計予算の 議定についてを議題とし、討論を行います。討論はありませんか。 （「討論なし」の声あり）,R4-3kaigiroku,38
2022,R4-3kaigiroku,◎議案第１６号令和４年度御杖村介護保険特別会計,,,予算,議長(吉田俊弘君),,ありがとうございます。全員の起立により、日程第９議案第１５号令和４年度御 杖村国民健康保険特別会計予算の議定については、委員長の報告のとおり可決されました。    －39－ ◎議案第１６号令和４年度御杖村介護保険特別会計 予算の議定について ［討論、採決］ ,R4-3kaigiroku,39
2022,R4-3kaigiroku,◎議案第１６号令和４年度御杖村介護保険特別会計,,,予算,議長(吉田俊弘君),,次に、日程第１０議案第１６号令和４年度御杖村介護保険特別会計予算の議 定についてを議題とし、討論を行います。討論はありませんか。 （「討論なし」の声あり）,R4-3kaigiroku,39
2022,R4-3kaigiroku,◎議案第１７号令和４年度御杖村後期高齢者医療特別,,,予算,議長(吉田俊弘君),,ありがとうございます。全員の起立により、日程第１０議案第１６号令和４年度御 杖村介護保険特別会計予算の議定については、委員長の報告のとおり可決されました。     ◎議案第１７号令和４年度御杖村後期高齢者医療特別 会計予算の議定について ［討論、採決］,R4-3kaigiroku,39
2022,R4-3kaigiroku,◎発委第１号閉会中の継続調査申出について（議会運営委員会）,,,予算,議長(吉田俊弘君),,ありがとうございます。全員の起立により、日程第１１議案第１７号令和４年度御 杖村後期高齢者医療特別会計予算の議定については、委員長の報告のとおり可決されました。     ◎発委第１号閉会中の継続調査申出について（議会運営委員会） ［上程、採決］ ,R4-3kaigiroku,39
2022,R4-5kaigiroku,◎同意第１号御杖村監査委員の選任につき同意を求めることについて[採決] ・・・・・・・・・・ －13－,,4100000,"予算,基金,繰越",３番(葛城昌俊君),,ただ今、議長の許可を得ましたので、去る令和４年３月２９日、火曜日、午後３ 時から、桜井市議会議場において開催されました、令和４年 桜井宇陀広域連合議会 第１回定 例会の報告をさせていただきます。岡田広域連合議会議長の開会宣言、松井広域連合長から招 集挨拶の後、会議に入り、議事日程により会議録署名議員２名の指名、会期の決定、広域連合長 の提出議案の説明がありました。当日の会議では、令和４年度各会計予,R4-5kaigiroku,3
2022,R4-5kaigiroku,◎同意第１号御杖村監査委員の選任につき同意を求めることについて[採決] ・・・・・・・・・・ －13－,,,予算,８番(木村忠雄君),,失礼します。ただ今、本日の御杖村議会議員の役員改選がございました。議 員皆様方の指示とご推薦をいただき、私木村が令和４年度の御杖村議会の議長を務めさせてい ただくことになりました。浅学非才でありますし、この任に耐えられるか不安もあるわけでございます が、粉骨砕身努力し、村と議会が円滑に進んでまいりますよう調整役として努力をしていきたいと 考えておりますので、皆様方の今以上のより一層のご指示ご支援を,R4-5kaigiroku,5
2022,R4-5kaigiroku,◎同意第１号御杖村監査委員の選任につき同意を求めることについて[採決] ・・・・・・・・・・ －13－,,,"予算,決算",議長(木村忠雄君),,異議なしと認めます。したがって、５番･吉田俊弘君を議会運営委員会委員に 指名させていただきます。よろしくお願いします。   ◎予算決算委員会委員長の辞任について,R4-5kaigiroku,6
2022,R4-5kaigiroku,◎同意第１号御杖村監査委員の選任につき同意を求めることについて[採決] ・・・・・・・・・・ －13－,,,"予算,決算",副議長(葛城昌俊君),,これより木村議長に代わり議事進行を務めさせていただきますので、よろし くお願いします。次に、日程第５･予算決算委員会委員長の辞任についてを議題とします。本案に ついても、地方自治法第１１７条の規定によって、除斥の対象となりますので、木村忠雄君の退場 を求めます。 木村議員／退場,R4-5kaigiroku,7
2022,R4-5kaigiroku,◎同意第１号御杖村監査委員の選任につき同意を求めることについて[採決] ・・・・・・・・・・ －13－,,,"予算,決算",副議長(葛城昌俊君),,それでは、お諮りします。木村忠雄君から予算決算委員会委員長の辞任願 が提出されていることから、御杖村議会委員会条例第１０条の規定により、木村忠雄君の辞任を許 可することにご異議ありませんか。 （「異議なしの声」あり）,R4-5kaigiroku,7
2022,R4-5kaigiroku,◎同意第１号御杖村監査委員の選任につき同意を求めることについて[採決] ・・・・・・・・・・ －13－,,,"予算,決算",副議長(葛城昌俊君),,異議なしと認めます。したがって、木村忠雄君の予算決算委員会委員長の 辞任を許可することに決定しました。木村忠雄君の入場を求めます。 木村議員入場／自席に着席,R4-5kaigiroku,7
2022,R4-5kaigiroku,◎同意第１号御杖村監査委員の選任につき同意を求めることについて[採決] ・・・・・・・・・・ －13－,,,"予算,決算",副議長(葛城昌俊君),,木村忠雄君が議場に戻られましたので、予算決算委員会委員長の辞任に ついては、ただいま許可されましたので、告知いたします。ありがとうございました。それでは、議事 進行を木村議長に交代いたします。木村議長、議長席にお着き願います。 葛城副議長降壇 木村議長登壇    ◎予算決算委員会委員長の選任について,R4-5kaigiroku,7
2022,R4-5kaigiroku,◎同意第１号御杖村監査委員の選任につき同意を求めることについて[採決] ・・・・・・・・・・ －13－,,,"予算,決算",議長(木村忠雄君),,それでは、先に引き続き議事を進めさせていただきます。よろしくお願いしま す。ただいま、予算決算委員会委員長が欠けました。お諮りいたします。予算決算委員会委員長 の選任についてを日程に追加し、追加日程第５として、日程の順序を変更し、直ちに予算決算委 員会委員長の選任を行いたいと思います。ご異議ありませんか。 （「異議なしの声」あり）,R4-5kaigiroku,7
2022,R4-5kaigiroku,◎同意第１号御杖村監査委員の選任につき同意を求めることについて[採決] ・・・・・・・・・・ －13－,,,"予算,決算",議長(木村忠雄君),,異議なしと認めます。したがって、予算決算委員会委員長の選任についてを 日程に追加し、追加日程第５として、日程の順序を変更し、直ちに予算決算委員会委員長の選任 を行うことに決定しました。お諮りします。選任については、御杖村議会委員会条例第６条第４項 の規定によって、議長が指名させていただきます。ご異議ありませんか。 （異議なしの声」あり）,R4-5kaigiroku,7
2022,R4-5kaigiroku,◎同意第１号御杖村監査委員の選任につき同意を求めることについて[採決] ・・・・・・・・・・ －13－,,,"予算,決算",議長(木村忠雄君),,異議なしと認めます。したがって、６番･山岡隆良君を予算決算委員会委員長 に指名させていただきます。よろしくお願いします。    ◎むらづくり委員会委員長の辞任について,R4-5kaigiroku,7
2022,R4-5kaigiroku,◎同意第１号御杖村監査委員の選任につき同意を求めることについて[採決] ・・・・・・・・・・ －13－,,7500,"取得,工事",住民生活課長(仲子雄史君),,専決処分の承認をお願いいたしますのは、御杖村税条例等の一部 を改正する条例の制定についてでございます。地方税法等の一部を改正する法律及び、関係政 省令が本年３月３１日に、それぞれ公布され、４月１日から施行されることに伴い、御杖村税条例の 一部改正が必要となることから、地方自治法第１７９条第１項の規定により、３月３１日付けで専決 処分を行いましたので、同条第３項の規定により報告し、議会の御承認をお願,R4-5kaigiroku,11
2022,R4-6kaigiroku,◎発委第４号閉会中の継続調査申出について（むらづくり委員会）,,,"予算,契約,工事,決算,繰越,補正予算",委員長(松岡一生君),,それでは、５月２４日に開催いたしました議会運営委員会の会議結果につ いて、報告をいたします。当日は、全委員出席のもと、令和４年６月定例会の運営について協議を 行いました。まず、会期及び会期中の日程について協議を行い、会期を、６月１４日から２１日まで の８日間とし、会期中の日程については、６月１４日午前１０時開会、全員協議会を１５日午前１０時 －４－ 開会、予算決算委員会を１７日午前１０時開会、続会,R4-6kaigiroku,4
2022,R4-6kaigiroku,◎発委第４号閉会中の継続調査申出について（むらづくり委員会）,,500000,"契約,工事",１番(張間裕子君),,ただいま、議長の許可を得ましたので、宇陀衛生一部事務組合議会臨時会の 報告をさせていただきます。去る５月２３日午後２時より、令和４年第１回宇陀衛生一部事務組合議 会臨時会が宇陀市役所大会議場に於いて、開催されました。 地方自治法第１２１条の規定により、 管理者ほか関係者出席のもと行われ、宇陀市から組合議長多田興四郎議員ほか７名、東吉野村 から議員２名、曽爾村から議員２名、本村からは吉田議員とわたく,R4-6kaigiroku,5
2022,R4-6kaigiroku,◎発委第４号閉会中の継続調査申出について（むらづくり委員会）,,9000000,"予算,契約,工事,補正予算",村長(伊藤収宜君),,６月定例会の開会にあたりまして、今後の予定も含めて行政報告をさせてい ただきたいと思います。先の３月議会で予算の議決をいただいた後、令和４年度も早２ヶ月が経過 致しました。この間は出納整理期間でもあることから、３年度に執行しました事務の整理と確認を行 いつつ、４年度の事務については、早期着手と完了を目指し、全庁挙げて取り組んでいるところで ございます。先ず、世界情勢についてですが、ロシアによるウク,R4-6kaigiroku,6
2022,R4-6kaigiroku,◎議案第１８号菅野体育館・公民館耐震改修工事に伴う,,,"契約,工事",議長(木村忠雄君),,これで、一般質問を終わります。     ◎議案第１８号菅野体育館・公民館耐震改修工事に伴う 工事請負契約の締結について ［上程、説明、質疑、討論、採決］ ,R4-6kaigiroku,9
2022,R4-6kaigiroku,◎議案第１８号菅野体育館・公民館耐震改修工事に伴う,,,"契約,工事",議長(木村忠雄君),,次に、日程第６議案第１８号菅野体育館・公民館耐震改修工事に伴う工事請 負契約の締結についてを議題と致します。本案については、議会運営委員長の報告のとおり即 決案件と致します。本案について、提案理由の説明を求めます。伊藤村長。,R4-6kaigiroku,9
2022,R4-6kaigiroku,◎議案第１８号菅野体育館・公民館耐震改修工事に伴う,,,"取得,契約,工事,財産",村長(伊藤収宜君),,本案につきましては、地方自治法第９６条第１項及び議会の議決に付すべき 契約及び財産の取得又は処分に関する条例第２条の規定により、議会の議決を必要とする契約 であることから、提案するものでございます。工事内容、契約内容等につきましては、教育次長より 説明申し上げます。,R4-6kaigiroku,9
2022,R4-6kaigiroku,◎議案第１８号菅野体育館・公民館耐震改修工事に伴う,,90635600,"入札,契約,工事",教育委員会事務局次長(中村康幸君),,この契約につきましては、菅野体育館・公民館耐震改修 工事を６月３日に一般競争入札を行った結果、契約金額、税込み８１，５７１，６００円で、大和郡 山市矢田町７７１株式会社木村組、代表取締役木村隆雄と工事請負契約を締結するものであり ます。入札の経緯につきまして、説明報告をさせていただきます。役場内の請負業者選定審査 会を４月２５日に開催し、入札参加の条件等を決定しました。本件工事の入札は一般競争入札,R4-6kaigiroku,9
2022,R4-6kaigiroku,◎議案第１９号御杖村フルタイム会計年度任用職員の給与に,,,"契約,工事",議長(木村忠雄君),,ありがとうございます。全員の起立により、日程第６議案第１８号菅野体育館・ 公民館耐震改修工事に伴う工事請負契約の締結については、原案のとおり可決されました。    ◎議案第１９号御杖村フルタイム会計年度任用職員の給与に に関する条例の一部を改正する条例の制定について ［上程、説明、質疑、討論、採決］ ,R4-6kaigiroku,10
2022,R4-6kaigiroku,◎議案第２０号令和４年度御杖村一般会計補正予算(第１号),,,"予算,決算,補正予算",議長(木村忠雄君),,ありがとうございます。全員の起立により、日程第７議案第１９号御杖村フルタ イム会計年度任用職員の給与に関する条例の一部を改正する条例の制定については、原案のと おり可決されました。   －11－ ◎議案第２０号令和４年度御杖村一般会計補正予算(第１号) の議定について ［上程、説明、総括的質疑、予算決算委員会付託］ ,R4-6kaigiroku,11
2022,R4-6kaigiroku,◎議案第２０号令和４年度御杖村一般会計補正予算(第１号),,,"予算,補正予算",議長(木村忠雄君),,次に、日程第８議案第２０号令和４年度御杖村一般会計補正予算第１号の議 定についてを議題と致します。本案について、提案理由の説明を求めます。伊藤村長。,R4-6kaigiroku,11
2022,R4-6kaigiroku,◎議案第２０号令和４年度御杖村一般会計補正予算(第１号),,105616000,予算,村長(伊藤収宜君),,本案につきましては、一般会計予算の歳入歳出それぞれに１億５６１万６千 円を追加し、補正後の総額を２４億５，２６１万６千円とするものでございます。主な内容につきまし ては、４月の人事異動による給与等の調整、また新型コロナ臨時交付金対応事業等の計上による ものでございます。よろしくお願い致します。,R4-6kaigiroku,11
2022,R4-6kaigiroku,◎議案第２０号令和４年度御杖村一般会計補正予算(第１号),,,"予算,決算",議長(木村忠雄君),,質疑なしと認めます。これで質疑を終わります。本案については、議会運営 委員長の報告のとおり、全員協議会での詳細な説明を受け、予算決算委員会に付託することとし たいと思います。ご異議ありませんか。 （「異議なし」の声あり）,R4-6kaigiroku,11
2022,R4-6kaigiroku,◎議案第２１号令和４年度御杖村国民健康保険特別会計,,,"予算,決算,補正予算",議長(木村忠雄君),,異議なしと認めます。したがって、日程第８議案第２０号令和４年度御杖村一 般会計補正予算第１号の議定については、予算決算委員会に付託することに決定しました。     ◎議案第２１号令和４年度御杖村国民健康保険特別会計 補正予算(第１号)の議定について ［上程、説明、総括的質疑、予算決算委員会付託］ ,R4-6kaigiroku,11
2022,R4-6kaigiroku,◎議案第２１号令和４年度御杖村国民健康保険特別会計,,,予算,議長(木村忠雄君),,次に、日程第９議案第２１号令和４年度御杖村国民健康保険特別会計補正 予算第１号の議定についてを議題と致します。本案について、提案理由の説明を求めます。伊藤 村長。,R4-6kaigiroku,11
2022,R4-6kaigiroku,◎議案第２１号令和４年度御杖村国民健康保険特別会計,,,"予算,決算",議長(木村忠雄君),,質疑なしと認めます。これで質疑を終わります。本案についても、議会運営委 員長の報告のとおり、全員協議会で詳細な説明を受け、予算決算委員会に付託することにしたい と思います。ご異議ありませんか。 －12－ （「異議なし」の声あり）,R4-6kaigiroku,12
2022,R4-6kaigiroku,◎報告第１号令和３年度御杖村一般会計繰越明許費繰越,,,"予算,決算,繰越,補正予算",議長(木村忠雄君),,異議なしと認めます。したがって、日程第９議案第２１号令和４年度御杖村国 民健康保険特別会計補正予算第１号の議定についても、予算決算委員会に付託することに決定 しました。     ◎報告第１号令和３年度御杖村一般会計繰越明許費繰越 計算書の報告について ［上程、報告、質疑］ ,R4-6kaigiroku,12
2022,R4-6kaigiroku,◎報告第１号令和３年度御杖村一般会計繰越明許費繰越,,,繰越,議長(木村忠雄君),,次に、日程第１０報告第１号令和３年度御杖村一般会計繰越明許費繰越計 算書の報告についてを議題と致します。本案については、議会運営委員長の報告のとおり開会 日に報告と致します。本案について、提案理由の説明を求めます。伊藤村長。,R4-6kaigiroku,12
2022,R4-6kaigiroku,◎報告第１号令和３年度御杖村一般会計繰越明許費繰越,General Affairs,,繰越,村長(伊藤収宜君),,本件につきましては、令和３年度から繰り越しさせていただきました１１の事業 について、地方自治法施行令第１４６条第２項の規定により繰越計算書の調整を行いましたので 報告をするものです。内容につきましては、総務課長から説明を申し上げます。,R4-6kaigiroku,12
2022,R4-6kaigiroku,◎報告第１号令和３年度御杖村一般会計繰越明許費繰越,,,"予算,工事,繰越,補助金,補正予算",総務課長(中嶋英樹君),総務課長 (General Affairs Chief),それではページめくっていただきまして、繰越計算書をご覧いただきた いと思います。３月定例会の一般会計補正予算で承認いただきました１１の事業につきまして、そ の繰越額が確定をしましたので、事業の進捗も含めて簡単にご報告をさせていただきたいと思い ます。まず、定年延長関連例規整備支援事業につきましては、関係条例等の提案につきまして、 １２月定例会を目標に委託事業を進めておるところでございます。つぎ、住,R4-6kaigiroku,13
2022,R4-6kaigiroku,◎報告第１号令和３年度御杖村一般会計繰越明許費繰越,,,繰越,議長(木村忠雄君),,質疑なしと認めます。以上で、日程第１４報告第１号令和３年度御杖村一般 会計繰越明許費繰越計算書の報告についてを終わります。     ◎散会の宣言  ,R4-6kaigiroku,13
2022,R4-6kaigiroku,◎報告第１号令和３年度御杖村一般会計繰越明許費繰越,Village Development,,"予算,補正予算",議長(木村忠雄君),,以上をもって、本日の日程は全て終了致しました。次回の本会議は６月２１日 火曜日、午前１０時より開くことと致します。本日は、これにて散会致します。お疲れ様でござい ました。    （午前１０時４９分散会）     －14－ （令和４年６月２１日）     －15－ 令和４年６月御杖村議会定例会（第２号） 令和４年６月２１日（火） 開議 午前１０時００分 ◎議事日程［審議結果］ 第１ 議案第２０号 ［,R4-6kaigiroku,16
2022,R4-6kaigiroku,◎議案第２０号令和４年度御杖村一般会計補正予算（第１号）,,,"予算,補正予算",議長(木村忠雄君),,皆さん、ご苦労様でございます。本日の６月定例会の続会をご案内させてい ただいたところ、ご出席をいただき誠にありがとうございます。全議員が出席でございます。地方自 治法第１１３条の規定による定足数に達していますので、本日の会議を開きます。本日の議事日 程は、お手元の配布の日程第２号とおりとします。     ◎議案第２０号令和４年度御杖村一般会計補正予算（第１号） の議定について・議案第２１号令和４年,R4-6kaigiroku,16
2022,R4-6kaigiroku,◎議案第２０号令和４年度御杖村一般会計補正予算（第１号）,,,"予算,決算,補正予算",議長(木村忠雄君),,ただちに議題に入ります。日程第１､議案２０号令和４年度御杖村一般会計 補正予算第１号の議定について、日程第２､議案第２１号令和４年度国民健康保険特別会計補正 予算第１号の議定について、令和４年度補正予算に関する案件であることから一括議題とします。 本案件につきまして、予算決算委員会に付託した案件でございます。御杖村会議規則第４１条第 １項の規定に基づき、委員長から一括して審査の経緯並びに経過及び結,R4-6kaigiroku,16
2022,R4-6kaigiroku,◎議案第２０号令和４年度御杖村一般会計補正予算（第１号）,,,"予算,決算,補正予算",委員長(山岡隆良君),,それでは、予算決算委員会を代表致しまして、当委員会に付託されました、 日程第１･議案第２０号及び日程第２･議案第２１号の補正予算案２件につきまして、一括して、そ の審査の経過と結果についてご報告をさせていただきます。まず、審査の経緯でございますが、 去る６月１４日の本会議におきまして、議案第２０号令和４年度御杖村一般会計補正予算第１号の 議定について、議案第２１号令和４年度御杖村国民健康保険特別会,R4-6kaigiroku,16
2022,R4-6kaigiroku,◎議案第２０号令和４年度御杖村一般会計補正予算(第１号),,,"予算,補正予算",議長(木村忠雄君),,質疑なしと認めます。これで質疑を終わります。     ◎議案第２０号令和４年度御杖村一般会計補正予算(第１号) の議定について ［討論、採決］ ,R4-6kaigiroku,17
2022,R4-6kaigiroku,◎議案第２０号令和４年度御杖村一般会計補正予算(第１号),,,"予算,補正予算",議長(木村忠雄君),,続いて議案ごとに、討論及び採決を行います。まず、日程第１議案第２０号 令和４年度御杖村一般会計補正予算第１号の議定についてを議題とし、討論を行います。討論 はありませんか。 （「討論なし」の声あり）,R4-6kaigiroku,17
2022,R4-6kaigiroku,◎議案第２１号令和４年度御杖村国民健康保険特別会計,,,"予算,補正予算",議長(木村忠雄君),,ありがとうございます。全員の起立により、日程第１議案２０号令和４年度御杖 村一般会計補正予算第１号の議定については、委員長の報告のとおり可決されました。     ◎議案第２１号令和４年度御杖村国民健康保険特別会計 補正(第１号)の議定について ［討論、採決］ ,R4-6kaigiroku,17
2022,R4-6kaigiroku,◎議案第２１号令和４年度御杖村国民健康保険特別会計,,,予算,議長(木村忠雄君),,次に、日程第２議案第２１号令和４年度御杖村国民健康保険特別会計補正 予算第１号の議定についてを議題とし、討論を行います。討論はありませんか。 （「討論なし」の声あり）,R4-6kaigiroku,17
2022,R4-6kaigiroku,◎発委第３号閉会中の継続調査申出について（議会運営委員会）,,,"予算,補正予算",議長(木村忠雄君),,ありがとうございます。全員の起立により、日程第２議案第２１号令和４年度御 杖村国民健康保険特別会計補正予算第１号の議定については、委員長の報告のとおり可決され ました。     ◎発委第３号閉会中の継続調査申出について（議会運営委員会） ［上程、採決］ ,R4-6kaigiroku,17
2022,R4-9kaigiroku,◎発委第６号閉会中の継続調査申出について（むらづくり委員会）,,,"予算,決算,補正予算",委員長(松岡一生君),,それでは、８月２５日に開催いたしました議会運営委員会の会議結果につい て、報告をいたします。当日は、木村議長及び吉田委員より提出された欠席届の報告のあと、９月 定例会の運営について協議を行いました。まず、会期及び会期中の日程について協議をおこな －４－ い、会期を、９月１２日から２２日までの１１日間とし、会期中の日程については、９月１２日午前１０時 開会、全員協議会を１３日午前９時３０分開会、予算,R4-9kaigiroku,4
2022,R4-9kaigiroku,◎発委第６号閉会中の継続調査申出について（むらづくり委員会）,,5000,"予算,取得,決算,補正予算",村長(伊藤収宜君),,９月定例会の開会にあたりまして、行政報告をさせていただきます。先ず、新 型コロナウイルス感染症に関する対応について申し上げます。最大となりました第７波もピークアウ トしたかの報道もありますが、経済との両立を図ろうとする国の方針を踏まえますと、しっかりとした 感染対策の継続はまだまだ必要と感じているところでございます。本村におけるワクチン接種の進 めについてですが、６０歳以上の方および基礎疾患をお持,R4-9kaigiroku,5
2022,R4-9kaigiroku,◎発委第６号閉会中の継続調査申出について（むらづくり委員会）,,,入札,村長(伊藤収宜君),,ただいまの、張間議員の質問です。トイレにつきましては、やはりどの観光地 に行きましても、みなさん、ここのトイレはきれいやったという意見は、私どもも行ったときに言ったり しますし、聞いたりもします。そうした中で、この整備につきましては、大変重要な案件であると思っ ております。ちょうど、リニューアル事業の実施計画につきまして、ただ今入札の進めをしていると ころでございます。そうした中で、このトイレ整備,R4-9kaigiroku,6
2022,R4-9kaigiroku,◎承認第５号専決処分の承認を求めることについて,,,"予算,補正予算",副議長(葛城昌俊君),,これで、一般質問を終わります。   ◎承認第５号専決処分の承認を求めることについて （令和４年度御杖村一般会計補正予算(第２号)） ［上程、説明、総括的質疑、付託］ －７－,R4-9kaigiroku,7
2022,R4-9kaigiroku,◎承認第５号専決処分の承認を求めることについて,,,"予算,補正予算",副議長(葛城昌俊君),,次に、日程第６承認第５号、専決処分の承認を求めることについて、令和４ 年度御杖村一般会計補正予算第２号を議題と致します。本案について、提案理由の説明を求め ます。伊藤村長。,R4-9kaigiroku,7
2022,R4-9kaigiroku,◎承認第５号専決処分の承認を求めることについて,,5690000,予算,村長(伊藤収宜君),,本案につきましては、一般会計の歳入歳出それぞれに３０７万４千円を追加 し、補正後の総額を２４億５，５６９万円とするものでございます。内容は、ケアハウスのエレベー ター故障の修理にかかる費用と、新規就農者に対する経営支援策を拡充するものです。早急 に予算措置が必要となったことから、去る７月８日に専決処分をいたしましたので、承認をお願 いするものです。よろしくお願いします。,R4-9kaigiroku,7
2022,R4-9kaigiroku,◎承認第５号専決処分の承認を求めることについて,,,"予算,決算",副議長(葛城昌俊君),,質疑なしと認めます。これで質疑を終わります。本案については、議会運営 委員長の報告のとおり、全員協議会で詳細な説明を受け、予算決算委員会に付託することにした いと思います。ご異議ありませんか。 （「異議なし」の声あり）,R4-9kaigiroku,7
2022,R4-9kaigiroku,◎承認第６号専決処分の承認を求めることについて,,,"予算,決算,補正予算",副議長(葛城昌俊君),,異議なしと認めます。したがって、日程第６承認第５号、専決処分の承認を 求めることについて、令和４年度御杖村一般会計補正予算第２号は、予算決算委員会に付託す ることに決定しました。  ◎承認第６号専決処分の承認を求めることについて （令和４年度御杖村国民健康保険特別会計補正予算(第２号)） ［上程、説明、総括的質疑、付託］ ,R4-9kaigiroku,7
2022,R4-9kaigiroku,◎承認第６号専決処分の承認を求めることについて,,,"予算,補正予算",副議長(葛城昌俊君),,次に、日程第７承認第６号、専決処分の承認を求めることについて、令和４ 年度御杖村国民健康保険特別会計補正予算第２号を議題と致します。本案について、提案理由 の説明を求めます。伊藤村長。,R4-9kaigiroku,7
2022,R4-9kaigiroku,◎承認第６号専決処分の承認を求めることについて,,1853000,予算,村長(伊藤収宜君),,本案につきましては、国民健康保険特別会計診療施設勘定の歳入歳出それ ぞれに１６０万円を追加し、補正後の総額を１億２，１８５万３千円とするものです。内容は、県の補 助金を活用して、新型コロナ感染の有無を判断するための検査機器を購入するもので、昨年度購 入しました機器と併せ、２台による検査態勢を整えるものです。早期着手のため、去る７月８日に補 正予算の専決処分をしましたので、ご承認のほどお願いします。,R4-9kaigiroku,7
2022,R4-9kaigiroku,◎承認第６号専決処分の承認を求めることについて,,,"予算,決算",副議長(葛城昌俊君),,質疑なしと認めます。これで質疑を終わります。本案についても、議会運営 委員長の報告のとおり、全員協議会で詳細な説明を受け、予算決算委員会に付託することにした いと思います。ご異議ありませんか。 －８－ （「異議なし」の声あり）,R4-9kaigiroku,8
2022,R4-9kaigiroku,◎議案第２２号職員の育児休業等に関する条例の一部を改正,,,"予算,決算,補正予算",副議長(葛城昌俊君),,異議なしと認めます。したがって、日程第７承認第６号、専決処分の承認を 求めることについて、令和４年度御杖村国民健康保険特別会計補正予算第２号は、予算決算委 員会に付託することに決定しました。  ◎議案第２２号職員の育児休業等に関する条例の一部を改正 する条例の制定について ［上程、説明、質疑、討論、採決］ ,R4-9kaigiroku,8
2022,R4-9kaigiroku,◎議案第２２号職員の育児休業等に関する条例の一部を改正,General Affairs,,取得,村長(伊藤収宜君),,本案につきましては、育児を行う職員の、職場と家庭の両立を目的とした地方 公務員の育児休業等に関する法律の一部改正に伴い、育児休業等の取得要件の緩和及び勤務 環境の整備行うため、本条例を改正するものです。詳細については、総務課長より説明申し上げ ます。,R4-9kaigiroku,8
2022,R4-9kaigiroku,◎議案第２２号職員の育児休業等に関する条例の一部を改正,,,取得,総務課長(中嶋英樹君),総務課長 (General Affairs Chief),失礼します。主な改正内容につきまして、大きく三点に分けてご説明を申 し上げます。先ず、非常勤職員が育児休業を取得する場合は、その子が１歳６ヶ月に達する日ま で引き続き採用見込みがある場合に限られていましたが、その期間を約８ヶ月に短縮するものでご ざいます。二点目の改正でございます。非常勤職員に係る育児休業等の柔軟化を行うものでござ います。これまでは、出生から５７日、また５７日超えから１歳までの間,R4-9kaigiroku,8
2022,R4-9kaigiroku,◎議案第２３号令和４年度御杖村一般会計補正予算(第３号)）の,,,"予算,補正予算",副議長(葛城昌俊君),,ありがとうございます。全員の起立により、日程第８議案第２２号、職員の育 児休業等に関する条例の一部を改正する条例の制定については、原案のとおり可決されました。   ◎議案第２３号令和４年度御杖村一般会計補正予算(第３号)）の 議定について ［上程、説明、総括的質疑、付託］ ,R4-9kaigiroku,9
2022,R4-9kaigiroku,◎議案第２３号令和４年度御杖村一般会計補正予算(第３号)）の,,,"予算,補正予算",副議長(葛城昌俊君),,次に、日程第９議案第２３号、令和４年度御杖村一般会計補正予算第３号 の議定についてを議題とします。本案につきまして、提案理由の説明を求めます。伊藤村長。,R4-9kaigiroku,9
2022,R4-9kaigiroku,◎議案第２３号令和４年度御杖村一般会計補正予算(第３号)）の,,2603556000,"基金,決算,繰越",村長(伊藤収宜君),,本案につきましては、歳入歳出それぞれに１億４，７８６万６千円を追加し補正 後の総額を２６億３５５万６千円とするものでございます。主な内容ですが、歳入では、令和３年度 の決算収支に合わせ繰越金の増額補正を行い、歳出においては、基金積立金の増額と、マイナ ンバーカードの普及促進も含めた振興券配布事業、また、新型コロナワクチン５回目接種に係る 経費等を計上するものでございます。ご審議の程、よろしくお願い,R4-9kaigiroku,9
2022,R4-9kaigiroku,◎議案第２３号令和４年度御杖村一般会計補正予算(第３号)）の,,,"予算,決算",副議長(葛城昌俊君),,質疑なしと認めます。これで質疑を終わります。本案については、議会運営 委員長の報告のとおり、全員協議会で詳細な説明を受け、予算決算委員会に付託することにした いと思います。ご異議ありませんか。 （「異議なし」の声あり）,R4-9kaigiroku,9
2022,R4-9kaigiroku,◎議案第２４号令和４年度御杖村簡易水道事業特別会計補正,Water/Sewer,,"予算,決算,補正予算",副議長(葛城昌俊君),,異議なしと認めます。したがって、日程第９議案第２３号、令和４年度御杖村 一般会計補正予算第３号の議定については、予算決算委員会に付託することに決定しました。  ◎議案第２４号令和４年度御杖村簡易水道事業特別会計補正 予算(第１号)の議定について ［上程、説明、総括的質疑、付託］ ,R4-9kaigiroku,9
2022,R4-9kaigiroku,◎議案第２４号令和４年度御杖村簡易水道事業特別会計補正,Water/Sewer,,"予算,補正予算",副議長(葛城昌俊君),,次に、日程第１０議案第２４号、令和４年度御杖村簡易水道事業特別会計 補正予算第１号の議定についてを議題と致します。本案について、提案理由の説明を求めます。 伊藤村長。,R4-9kaigiroku,9
2022,R4-9kaigiroku,◎議案第２４号令和４年度御杖村簡易水道事業特別会計補正,Water/Sewer,4242000,"基金,決算,繰越",村長(伊藤収宜君),,本案につきましては、歳入歳出それぞれに４２４万２千円を追加し、補正後の 総額を１億４，３３６万１千円とするものです。主な内容ですが、歳入では、３年度の決算収支により 繰越金を増額補正し、歳出では、公営企業会計への移行に向けたシステム導入経費の計上と、 基金への積立金を増額するものです。ご審議の程、よろしくお願いいたします。,R4-9kaigiroku,9
2022,R4-9kaigiroku,◎議案第２４号令和４年度御杖村簡易水道事業特別会計補正,Water/Sewer,,"予算,決算",副議長(葛城昌俊君),,質疑なしと認めます。これで質疑を終わります。本案についても、議会運営 委員長の報告のとおり、全員協議会で詳細な説明を受け、予算決算委員会に付託することにした いと思います。ご異議ありませんか。 （「異議なし」の声あり）,R4-9kaigiroku,10
2022,R4-9kaigiroku,◎議案第２５号令和４年度御杖村国民健康保険特別会計補正,Water/Sewer,,"予算,決算,補正予算",副議長(葛城昌俊君),,異議なしと認めます。したがって、日程第１０議案第２４号、令和４年度御杖 村簡易水道事業特別会計補正予算第１号の議定については、予算決算委員会に付託することに 決定しました。   ◎議案第２５号令和４年度御杖村国民健康保険特別会計補正 予算(第３号)の議定について ［上程、説明、総括的質疑、付託］ ,R4-9kaigiroku,10
2022,R4-9kaigiroku,◎議案第２５号令和４年度御杖村国民健康保険特別会計補正,,,"予算,補正予算",副議長(葛城昌俊君),,次に、日程第１１議案第２５号、令和４年度御杖村国民健康保険特別会計 補正予算第３号の議定についてを議題と致します。本案について、提案理由の説明を求めます。 伊藤村長。,R4-9kaigiroku,10
2022,R4-9kaigiroku,◎議案第２５号令和４年度御杖村国民健康保険特別会計補正,,2603000,繰越,村長(伊藤収宜君),,本案につきましては、診療施設勘定の歳入歳出それぞれに７５万円を追加し、 補正後の総額を１億２，２６０万３千円とするものでございます。主な内容ですが、歳入では、前年 度繰越金の増額に伴い、一般会計からの繰入金を減額する調整を行い、歳出では、電子カルテ システムの操作端末増設の経費を計上するものでございます。ご審議の程、よろしくお願いします。,R4-9kaigiroku,10
2022,R4-9kaigiroku,◎議案第２５号令和４年度御杖村国民健康保険特別会計補正,,,"予算,決算",副議長(葛城昌俊君),,質疑なしと認めます。これで質疑を終わります。本案についても、議会運営 委員長の報告のとおり、全員協議会で詳細な説明を受け、予算決算委員会に付託することにした いと思います。ご異議ありませんか。 （「異議なし」の声あり）,R4-9kaigiroku,10
2022,R4-9kaigiroku,◎議案第２６号令和４年度御杖村介護保険特別会計補正予算,,,"予算,決算,補正予算",副議長(葛城昌俊君),,異議なしと認めます。したがって、日程第１１議案第２５号、令和４年度御杖 村国民健康保険特別会計補正予算第３号の議定については、予算決算委員会に付託することに 決定しました。   ◎議案第２６号令和４年度御杖村介護保険特別会計補正予算 (第１号)の議定について ［上程、説明、総括的質疑、付託］ ,R4-9kaigiroku,10
2022,R4-9kaigiroku,◎議案第２６号令和４年度御杖村介護保険特別会計補正予算,,,予算,副議長(葛城昌俊君),,次に、日程第１２議案第２６号、令和４年度御杖村介護保険特別会計補正 －11－ 予算第１号の議定についてを議題と致します。本案について、提案理由の説明を求めます。伊藤 村長。,R4-9kaigiroku,11
2022,R4-9kaigiroku,◎議案第２６号令和４年度御杖村介護保険特別会計補正予算,,3802000,"決算,繰越,補助金",村長(伊藤収宜君),,本案につきましては、歳入歳出それぞれに４，３８０万２千円を追加し、補正後 の総額を４億８，１４８万３千円とするものでございます。主な内容ですが、歳入では、３年度の決算 収支に伴う繰越金の増額を行い、歳出では、介護給付に係る前年度補助金の精算より返還の必 要が生じたため、所要額を計上するものでございます。ご審議の程、よろしくお願いします。,R4-9kaigiroku,11
2022,R4-9kaigiroku,◎議案第２６号令和４年度御杖村介護保険特別会計補正予算,,,"予算,決算",副議長(葛城昌俊君),,質疑なしと認めます。これで質疑を終わります。本案についても、議会運営 委員長の報告のとおり、全員協議会で詳細な説明を受け、予算決算委員会に付託することにした いと思います。ご異議ありませんか。 （「異議なし」の声あり）,R4-9kaigiroku,11
2022,R4-9kaigiroku,◎認定第１号令和３年度御杖村一般会計歳入歳出決算の認定,Water/Sewer,,"予算,決算,補正予算",副議長(葛城昌俊君),,異議なしと認めます。したがって、日程第１２議案第２６号、令和４年度御杖 村介護保険特別会計補正予算第１号の議定については、予算決算委員会に付託することに決定 しました。   ◎認定第１号令和３年度御杖村一般会計歳入歳出決算の認定 について、認定第２号令和３年度御杖村簡易水道事業特別会 計歳入歳出決算の認定について、認定第３号令和３年度御杖 村国民健康保険特別会計歳入歳出決算の認定について、認 定第,R4-9kaigiroku,11
2022,R4-9kaigiroku,◎認定第１号令和３年度御杖村一般会計歳入歳出決算の認定,Water/Sewer,,決算,副議長(葛城昌俊君),,次に、日程第１３認定第１号、令和３年度御杖村一般会計歳入歳出決算の 認定について、日程第１４認定第２号、令和３年度御杖村簡易水道事業特別会計歳入歳出決算 の認定について、日程第１５認定第３号、令和３年度御杖村国民健康保険特別会計歳入歳出決 算の認定について、日程第１６認定第４号、令和３年度御杖村介護保険特別会計歳入歳出決算 の認定について、日程第１７認定第５号、令和３年度御杖村後期高齢者医療特別会,R4-9kaigiroku,11
2022,R4-9kaigiroku,◎認定第１号令和３年度御杖村一般会計歳入歳出決算の認定,,7158,決算,村長(伊藤収宜君),,本案につきましては、地方自治法第２３３条の規定により、令和３年度の御杖 村一般会計歳入歳出決算について認定をお願いするものです。決算の額でございますが、歳入 総額２９億７，２３６万６，５１２円、歳出総額２７億９，４７３万７，１５８円、差引額１億７，７６２万９，３５ ４円で、翌年度へ繰り越すべき財源を除いた実質収支額は、１億６，７７６万４，３５４円となりました。 －12－ 内容については、会計管理者,R4-9kaigiroku,12
2022,R4-9kaigiroku,◎認定第１号令和３年度御杖村一般会計歳入歳出決算の認定,Construction,504000000,"予算,基金,工事,決算,繰越,補助金,財産",会計管理者(今井智君),,はい。議長。失礼します。令和３年度一般会計決算について、本日提案 を致しました概要につきまして、決算の内容に関する説明書をお配りさせて頂いておりますので、 こちらに基づきまして概要をご説明致します。１枚めくって頂きまして、１ページをご覧下さい。１． 一般会計決算の概要、予算の執行にあたって、計上した歳入については財源の確保に努め、歳 出については経費の節減と執行の効率化に努めた結果、令和３年度の一,R4-9kaigiroku,14
2022,R4-9kaigiroku,◎認定第１号令和３年度御杖村一般会計歳入歳出決算の認定,,,決算,副議長(葛城昌俊君),,次に、特別会計決算を一括して、説明を求めます。伊藤村長。,R4-9kaigiroku,14
2022,R4-9kaigiroku,◎認定第１号令和３年度御杖村一般会計歳入歳出決算の認定,Water/Sewer,,決算,村長(伊藤収宜君),,本案につきましては、地方自治法第２３３条の規定により、簡易水道事業特別 会計、国民健康保険特別会計、介護保険特別会計、後期高齢者医療特別会計、以上４会計の 令和３年度歳入歳出決算ついて、認定をお願いするものでございます。それぞれの決算概要に ついては、会計管理者が説明を申し上げます。,R4-9kaigiroku,14
2022,R4-9kaigiroku,◎認定第１号令和３年度御杖村一般会計歳入歳出決算の認定,Construction,2506153000,"基金,決算",会計管理者(今井智君),,失礼します。令和３年度特別会計決算につきまして決算の内容に関す る説明書１２ページをご覧下さい。第１１表のとおり特別会計決算の状況でございます。１枚めくっ て頂きまして、１３ページをご覧下さい。簡易水道事業特別会計は、歳入総額１億１，６０７万７千 円、歳出総額１億１，３１３万４千円、収支差引額は２９４万３千円となりました。前年度との比較で は、歳出において、配水管更新事業費は増額となりましたが、非,R4-9kaigiroku,15
2022,R4-9kaigiroku,◎認定第１号令和３年度御杖村一般会計歳入歳出決算の認定,,,決算,副議長(葛城昌俊君),,ここで、令和３年度一般会計及び特別会計の決算について、監査委員に決 算審査の意見を求めます。山岡監査委員。,R4-9kaigiroku,15
2022,R4-9kaigiroku,◎認定第１号令和３年度御杖村一般会計歳入歳出決算の認定,,,"予算,決算",６番(山岡隆良君),,お手元の令和３年度御杖村一般会計、特別会計の決算審査意見書をご覧い ただきたいと思います。この決算審査につきましては、去る８月２２日に、片桐監査委員とともに審 査を実施させて頂きました。決算審査意見書の各諸表の朗読は省略させて頂き、７ページの決算 審査結論の朗読をもって報告に代えさせて頂きたいと思います。令和３年度決算審査結論、地方 公共団体の財政の健全化に関する法律」の施行に基づき、本村の令和３,R4-9kaigiroku,15
2022,R4-9kaigiroku,◎認定第１号令和３年度御杖村一般会計歳入歳出決算の認定,,,決算,副議長(葛城昌俊君),,山岡監査委員ありがとうございました。ただ今、当局よりの説明と、監査委員 より決算審査に係る意見をいただきました。これから決算５議案について一括して、統括的質疑を 行います。質疑はございませんか。 －16－ （「質疑なし」の声あり）,R4-9kaigiroku,16
2022,R4-9kaigiroku,◎認定第１号令和３年度御杖村一般会計歳入歳出決算の認定,,,"予算,決算",副議長(葛城昌俊君),,質疑なしと認めます。これで質疑を終わります。各会計決算の認定議案に ついても、議会運営委員会の報告のとおり、全員協議会で詳細な説明を受け、一括して予算決算 委員会に付託することにしたいと思います。ご異議ありませんか。 （「異議なし」の声あり）,R4-9kaigiroku,16
2022,R4-9kaigiroku,◎諮問第２号人権擁護委員候補者の推薦につき意見を求める,,,"予算,決算",副議長(葛城昌俊君),,異議なしと認めます。したがって、日程第１３認定第１号から日程第１７認定 第５号までの令和３年度における一般会計歳入歳出決算及び各特別会計歳入歳出決算の認定 については、予算決算委員会に付託することに決定しました。   ◎諮問第２号人権擁護委員候補者の推薦につき意見を求める ことについて ［上程、説明］ ,R4-9kaigiroku,16
2022,R4-9kaigiroku,◎報告第２号継続費精算報告書について,Construction,9350000,"予算,入札,契約,工事,補助金",教育委員会事務局次長(中村康幸君),,はい、議長。令和３年度御杖村継続費精算報告書により 報告をさせていただきます。議案書内、見開きの報告書をご覧下さい。令和２年度から３年度での ２カ年にわたる継続費予算で事業を行いました小中学校統合校舎整備事業費につきまして、精 算報告をいたします。各年度の支出額は、報告書中央右に記載しておりますように、令和２年度 が４億６，４３７万３９１円、令和３年度が４億７，４９６万５９円、総額９億３，９３３万,R4-9kaigiroku,19
2022,R4-9kaigiroku,◎報告第３号令和３年度御杖村教育委員会の権限に属する事務,Village Development,,"予算,決算,補正予算",副議長(葛城昌俊君),,以上をもって、本日の日程は全て終了致しました。次回の本会議は９月２２ 日木曜日午前１０時より開くことに致します。本日は、これにて散会致します。お疲れ様でした。   （午前１１時３５分散会）     －22－ （令和４年９月２２日）     －23－ 令和４年９月御杖村議会定例会（第２号） 令和４年９月２２日（木） 開議 午前１０時００分 ◎議事日程［審議結果］ 第１   承認第５号 [原案承認] ,R4-9kaigiroku,25
2022,R4-9kaigiroku,◎承認第５号専決処分の承認を求めることについて（令和４年,,,"予算,補正予算",副議長(葛城昌俊君),,皆さん、おはようございます。本日の９月定例会の続会をご案内させていた だいたところ、ご出席をいただきありがとうございます。本日の会議に際し、木村議長より入院療養 のため欠席届が出ております。ことによりまして、議長が欠席となりますので、地方自治法第１０６ 条の規定により、私副議長が議長の職を務めさせていただきますので、よろしくお願いします。た だ今の出席議員は７名です。地方自治法第１１３条の規定によ,R4-9kaigiroku,25
2022,R4-9kaigiroku,◎承認第５号専決処分の承認を求めることについて（令和４年,,,"予算,決算,補正予算",副議長(葛城昌俊君),,先ず、日程第１､承認第５号専決処分の承認を求めることについて、令和４ 年度御杖村一般会計補正予算第２号、日程第２､承認第６号専決処分の承認を求めることについ て、令和４年度御杖村国民健康保険特別会計補正予算第２号の２件につきましては、予算決算 委員会へ付託した案件でございます。これを一括議題とし御杖村会議規則第４１条第１項の規定 に基づき、委員長から審査経過及び結果の報告をお願いします。山岡委員長,R4-9kaigiroku,25
2022,R4-9kaigiroku,◎承認第５号専決処分の承認を求めることについて（令和４年,,,"予算,決算,補正予算",６番(山岡隆良君),,予算決算委員会を代表しまして、当委員会に付託されました、承認第５号及び 承認第６号につきまして、一括してその審査の経過と結果についてご報告いたします。まず、審査 の経緯でございますが、去る９月１２日の本会議におきまして、専決処分による補正予算２件及び 補正予算４件、決算認定５件の合計１１件の案件が付託されたことにより、９月１６日に予算決算委 員会を開催いたしました。当日は、全委員及び村長をはじめ各,R4-9kaigiroku,25
2022,R4-9kaigiroku,◎承認第５号専決処分の承認を求めることについて,,,"予算,補正予算",○副議長(葛城昌俊君),,質疑なしと認めます。これで質疑を終わります。    －26－ ◎承認第５号専決処分の承認を求めることについて （令和４年度御杖村一般会計補正予算(第２号)） ［討論、採決］ ,R4-9kaigiroku,26
2022,R4-9kaigiroku,◎承認第５号専決処分の承認を求めることについて,,,"予算,補正予算",副議長(葛城昌俊君),,続いて議案ごとに、討論及び採決を行います。先ず、日程第１､承認第５号 専決処分の承認を求めることについて、令和４年度御杖村一般会計補正予算第２号を議題とし、 討論を行います。討論はありませんか。 （「討論なし」の声あり）,R4-9kaigiroku,26
2022,R4-9kaigiroku,◎承認第６号専決処分の承認を求めることについて,,,"予算,補正予算",副議長(葛城昌俊君),,ありがとうございます。全員の起立により、日程第１､承認第５号専決処分の 承認を求めることについて、令和４年度御杖村一般会計補正予算第２号は、委員長の報告のとお り承認されました。   ◎承認第６号専決処分の承認を求めることについて （令和４年度御杖村国民健康保険特別会計補正予算(第２号)） ［討論、採決］ ,R4-9kaigiroku,26
2022,R4-9kaigiroku,◎承認第６号専決処分の承認を求めることについて,,,"予算,補正予算",副議長(葛城昌俊君),,次に、日程第２､承認第６号専決処分の承認を求めることについて、令和４ 年度御杖村国民健康保険特別会計補正予算第２号を議題とし、討論を行います。討論はありま せんか。 （「討論なし」の声あり）,R4-9kaigiroku,26
2022,R4-9kaigiroku,◎議案第２３号令和４年度御杖村一般会計補正予算(第３号)の,Water/Sewer,,"予算,補正予算",副議長(葛城昌俊君),,ありがとうございます。全員の起立により、日程第２､承認第６号専決処分の 承認を求めることについて、令和４年度御杖村国民健康保険特別会計補正予算第２号は、委員 長の報告のとおり承認されました。   ◎議案第２３号令和４年度御杖村一般会計補正予算(第３号)の 議定について、議案第２４号令和４年度御杖村簡易水道事 業特別会計補正予算(第１号)の議定について、議案第２５号 令和４年度御杖村国民健康保険特別,R4-9kaigiroku,27
2022,R4-9kaigiroku,◎議案第２３号令和４年度御杖村一般会計補正予算(第３号)の,Water/Sewer,,"予算,決算,補正予算",副議長(葛城昌俊君),,次に、日程第３､議案２３号令和４年度御杖村一般会計補正予算第３号の議 定について、日程第４､議案第２４号令和４年度御杖村簡易水道事業特別会計補正予算第１号の 議定について、日程第５､議案第２５号令和４年度御杖村国民健康保険特別会計補正予算第３号 の議定について、日程第６､議案第２６号令和４年度御杖村介護保険特別会計補正予算第１号の 議定について以上の４件につきましては、予算決算委員会へ付託した案件,R4-9kaigiroku,27
2022,R4-9kaigiroku,◎議案第２３号令和４年度御杖村一般会計補正予算(第３号)の,,,"予算,決算,補正予算",６番(山岡隆良君),,それでは、議案第２３号から議案第２６号の補正予算４件につきまして、一括し て、その審査結果について報告をさせていただきます。審査の経緯につきましては、先に報告さ せていただきましたとおりでございます。審査の経過でございますが、各会計ごとに質疑及び討論 と採決を行いました。質疑では、委員より多くの質疑が行われ、村当局より答弁をいただきました が、内容については各議員出席の委員会ですので、割愛をさせて,R4-9kaigiroku,27
2022,R4-9kaigiroku,◎議案第２３号令和４年度御杖村一般会計補正予算(第３号)の,,,"予算,補正予算",副議長(葛城昌俊君),,質疑なしと認めます。これで質疑を終わります。   ◎議案第２３号令和４年度御杖村一般会計補正予算(第３号)の 議定について ［討論、採決］ ,R4-9kaigiroku,27
2022,R4-9kaigiroku,◎議案第２３号令和４年度御杖村一般会計補正予算(第３号)の,,,"予算,補正予算",副議長(葛城昌俊君),,続いて議案ごとに、討論及び採決を行います。先ず、日程第３､議案第２３ 号令和４年度御杖村一般会計補正予算第３号の議定についてを議題とし、討論を行います。討 論はありませんか。 （「討論なし」の声あり）,R4-9kaigiroku,27
2022,R4-9kaigiroku,◎議案第２４号令和４年度御杖村簡易水道事業特別会計補正,Water/Sewer,,"予算,補正予算",副議長(葛城昌俊君),,ありがとうございます。全員の起立により、日程第３､議案第２３号令和４年度 御杖村一般会計補正予算第３号の議定については、委員長の報告のとおり可決されました。   ◎議案第２４号令和４年度御杖村簡易水道事業特別会計補正 予算(第１号)の議定について ［討論、採決］   －28－,R4-9kaigiroku,28
2022,R4-9kaigiroku,◎議案第２４号令和４年度御杖村簡易水道事業特別会計補正,Water/Sewer,,予算,副議長(葛城昌俊君),,次に、日程第４､議案第２４号令和４年度御杖村簡易水道事業特別会計補 正予算第１号の議定についてを議題とし、討論を行います。討論はありませんか。 （「討論なし」の声あり）,R4-9kaigiroku,28
2022,R4-9kaigiroku,◎議案第２５号令和４年度御杖村国民健康保険特別会計補正,Water/Sewer,,"予算,補正予算",副議長(葛城昌俊君),,ありがとうございます。全員の起立により、日程第４､議案第２４号令和４年度 御杖村簡易水道事業特別会計補正予算第１号の議定については、委員長の報告のとおり可決さ れました。   ◎議案第２５号令和４年度御杖村国民健康保険特別会計補正 予算(第３号)の議定について ［討論、採決］ ,R4-9kaigiroku,28
2022,R4-9kaigiroku,◎議案第２５号令和４年度御杖村国民健康保険特別会計補正,,,予算,副議長(葛城昌俊君),,次に、日程第５､議案第２５号令和４年度御杖村国民健康保険特別会計補 正予算第３号の議定についてを議題とし、討論を行います。討論はありませんか。 （「討論なし」の声あり）,R4-9kaigiroku,28
2022,R4-9kaigiroku,◎議案第２６号令和４年度御杖村介護保険特別会計補正予算,,,"予算,補正予算",副議長(葛城昌俊君),,ありがとうございます。全員の起立により、日程第５､議案第２５号令和４年度 御杖村国民健康保険特別会計補正予算(第３号)の議定については、委員長の報告のとおり可決 されました。   ◎議案第２６号令和４年度御杖村介護保険特別会計補正予算 (第１号)の議定について ［討論、採決］ ,R4-9kaigiroku,28
2022,R4-9kaigiroku,◎認定第１号令和３年度御杖村一般会計歳入歳出決算の,Water/Sewer,,"予算,決算,補正予算",副議長(葛城昌俊君),,ありがとうございます。全員の起立により、日程第６､議案第２６号令和３年度 御杖村介護保険特別会計補正予算第１号の議定については、委員長の報告のとおり可決されま した。  －29－ ◎認定第１号令和３年度御杖村一般会計歳入歳出決算の 認定について、認定第２号令和３年度御杖村簡易水道 事業特別会計歳入歳出決算の認定について、認定第３号 令和３年度御杖村国民健康保険特別会計歳入歳出決算 の認定について、,R4-9kaigiroku,29
2022,R4-9kaigiroku,◎認定第１号令和３年度御杖村一般会計歳入歳出決算の,Water/Sewer,,"予算,決算",副議長(葛城昌俊君),,次に、日程第７､認定第１号令和３年度御杖村一般会計歳入歳出決算の認 定について、日程第８､認定第２号令和３年度御杖村簡易水道事業特別会計歳入歳出決算の認 定について、日程第９､認定第３号令和３年度御杖村国民健康保険特別会計歳入歳出決算の 認定について、日程第１０､認定第４号令和３年度御杖村介護保険特別会計歳入歳出決算の認 定について、日程第１１､認定第５号令和３年度御杖村後期高齢者医療特別会計歳入,R4-9kaigiroku,29
2022,R4-9kaigiroku,◎認定第１号令和３年度御杖村一般会計歳入歳出決算の,,,"予算,決算",６番(山岡隆良君),,それでは、認定第１号から認定第５号の各会計歳入歳出決算認定の５件につ きまして、一括して、その審査結果について報告をさせていただきます。審査の経緯につきまして は、先に報告させていただきましたとおりでございます。審査の経過でございますが、全５会計を 一括議題とし、質疑を行いました。委員より多くの質疑が行われ、村当局より答弁をいただきました が、内容については各議員出席の委員会ですので、割愛をさせて,R4-9kaigiroku,29
2022,R4-9kaigiroku,◎認定第１号令和３年度御杖村一般会計歳入歳出決算の,,,決算,副議長(葛城昌俊君),,質疑なしと認めます。これで質疑を終わります。   ◎認定第１号令和３年度御杖村一般会計歳入歳出決算の 認定について ［討論、採決］ ,R4-9kaigiroku,29
2022,R4-9kaigiroku,◎認定第１号令和３年度御杖村一般会計歳入歳出決算の,,,決算,副議長(葛城昌俊君),,続いて議案ごとに、討論及び採決を行います。先ず、日程第７､認定第１号 令和３年度御杖村一般会計歳入歳出決算の認定についてを議題とし、討論を行います。討論は ありませんか。 －30－ （「討論なし」の声あり）,R4-9kaigiroku,30
2022,R4-9kaigiroku,◎認定第２号令和３年度御杖村簡易水道事業特別会計,Water/Sewer,,決算,副議長(葛城昌俊君),,ありがとうございます。全員の起立により、日程第７､認定第１号令和３年度 御杖村一般会計歳入歳出決算の認定については、委員長の報告のとおり認定されました。   ◎認定第２号令和３年度御杖村簡易水道事業特別会計 歳入歳出決算の認定について ［討論、採決］ ,R4-9kaigiroku,30
2022,R4-9kaigiroku,◎認定第２号令和３年度御杖村簡易水道事業特別会計,Water/Sewer,,決算,副議長(葛城昌俊君),,次に、日程第８､認定第２号令和３年度御杖村簡易水道事業特別会計歳入 歳出決算の認定についてを議題とし、討論を行います。討論はありませんか。 （「討論なし」の声あり）,R4-9kaigiroku,30
2022,R4-9kaigiroku,◎認定第３号令和３年度御杖村国民健康保険特別会計,Water/Sewer,,決算,副議長(葛城昌俊君),,ありがとうございます。全員の起立により、日程第８､認定第２号令和３年度 御杖村簡易水道事業特別会計歳入歳出決算の認定については、委員長の報告のとおり認定さ れました。   ◎認定第３号令和３年度御杖村国民健康保険特別会計 歳入歳出決算の認定について ［討論、採決］ ,R4-9kaigiroku,30
2022,R4-9kaigiroku,◎認定第３号令和３年度御杖村国民健康保険特別会計,,,決算,副議長(葛城昌俊君),,次に、日程第９､認定第３号令和３年度御杖村国民健康保険特別会計歳入 歳出決算の認定についてを議題とし、討論を行います。討論はありませんか。 （「討論なし」の声あり）,R4-9kaigiroku,30
2022,R4-9kaigiroku,◎認定第４号令和３年度御杖村介護保健特別会計歳入,,,決算,副議長(葛城昌俊君),,ありがとうございます。全員の起立により、日程９､認定第３号令和３年度御 杖村国民健康保険特別会計歳入歳出決算の認定については、委員長の報告のとおり認定されま した。   ◎認定第４号令和３年度御杖村介護保健特別会計歳入 歳出決算の認定について ［討論、採決］ －31－,R4-9kaigiroku,31
2022,R4-9kaigiroku,◎認定第４号令和３年度御杖村介護保健特別会計歳入,,,決算,副議長(葛城昌俊君),,次に、日程第１０､認定第４号令和３年度御杖村介護保険特別会計歳入歳 出決算の認定についてを議題とし、討論を行います。討論はありませんか。 （「討論なし」の声あり）,R4-9kaigiroku,31
2022,R4-9kaigiroku,◎認定第５号令和３年度御杖村後期高齢者医療特別会計,,,決算,副議長(葛城昌俊君),,ありがとうございます。全員の起立により、日程１０､認定第４号令和３年度御 杖村介護保険特別会計歳入歳出決算の認定については、委員長の報告のとおり認定されました。   ◎認定第５号令和３年度御杖村後期高齢者医療特別会計 歳入歳出決算の認定について ［討論、採決］ ,R4-9kaigiroku,31
2022,R4-9kaigiroku,◎認定第５号令和３年度御杖村後期高齢者医療特別会計,,,決算,副議長(葛城昌俊君),,次に、日程第１１､認定第５号令和３年度御杖村後期高齢者医療特別会計 歳入歳出決算の認定についてを議題とし、討論を行います。討論はありませんか。 （「討論なし」の声あり）,R4-9kaigiroku,31
2022,R4-9kaigiroku,◎発委第５号閉会中の継続調査申出について（議会運営委員会）,,,決算,副議長(葛城昌俊君),,ありがとうございます。全員の起立により、日程第１１認定第５号令和３年度 御杖村後期高齢者医療特別会計歳入歳出決算の認定については、委員長の報告のとおり認定 されました。   ◎発委第５号閉会中の継続調査申出について（議会運営委員会） ［上程、採決］ ,R4-9kaigiroku,31
2023,R5-11kaigiroku,◎議案第４０号みつえ高原牧場内畜産団地の建設についての村民の賛否を問う住民投票条例を,Construction,,"予算,補正予算",議長(葛城昌俊君),,異議なしと認めます。よって、会期は本日一日間と決定しました。   ◎専決処分の承認を求めることについて （令和５年度御杖村一般会計補正予算（第６号）） ［上程、説明］,R5-11kaigiroku,1
2023,R5-11kaigiroku,◎議案第４０号みつえ高原牧場内畜産団地の建設についての村民の賛否を問う住民投票条例を,Construction,,"予算,補正予算",議長(葛城昌俊君),,次に、日程第３、承認第７号専決処分の承認を求めることについて、令和５年 度御杖村一般会計補正予算第６号についてを議題と致します。本案については、伊藤村長より提 案理由の説明をいただいた後、暫時休憩を行い、全員協議会を開催して担当課長より、詳細な説 明を求め、議論願いたいと思いますが、ご異議ありませんか。 （「異議なし」の声）,R5-11kaigiroku,1
2023,R5-11kaigiroku,◎議案第４０号みつえ高原牧場内畜産団地の建設についての村民の賛否を問う住民投票条例を,Construction,,"予算,補正予算",議長(葛城昌俊君),,異議なしと認めます。したがって、これより議事をそのように進めさせていただ きます。日程第３、承認第７号専決処分の承認を求めることについて、令和５年度御杖村一般会 計補正予算第６号について、提案理由の説明を求めます。伊藤村長。,R5-11kaigiroku,1
2023,R5-11kaigiroku,◎議案第４０号みつえ高原牧場内畜産団地の建設についての村民の賛否を問う住民投票条例を,Construction,51000,工事,村長(伊藤収宜君),,本案につきましては、一般会計の歳入歳出それぞれに８百２拾５万円を追加 し、補正後の総額を２９億１千９百８拾５万１千円とするものでございます。内容は、神末レクリェー  －２－ ション体育館耐震改修工事の進捗に伴う工事内容の変更に伴い、増額を行うものでございます。 改修工事の進捗に影響があることから、１０月２５日に専決処分をさせていただきましたので、承認 をお願いするものです。よろしくお願いします。,R5-11kaigiroku,2
2023,R5-11kaigiroku,◎議案第４０号みつえ高原牧場内畜産団地の建設についての村民の賛否を問う住民投票条例を,Construction,,"予算,補正予算",議長(葛城昌俊君),,伊藤村長より、提案理由の説明をいただきましたので、暫時休憩致します。 １０時７分より全員協議会を開催しますので、議員並びに理事者各課長は、議会委員会室にお集 まりください。   休憩   午前１０時０７分 全員協議会開催 再会   午前１０時３０分   ◎専決処分の承認を求めることについて （令和５年度御杖村一般会計補正予算（第６号）） ［質疑、討論、採決］,R5-11kaigiroku,2
2023,R5-11kaigiroku,◎議案第４０号みつえ高原牧場内畜産団地の建設についての村民の賛否を問う住民投票条例を,Construction,,"予算,補正予算",議長(葛城昌俊君),,休憩前に引き続き、日程第３、承認第７号専決処分の承認を求めることにつ いて、令和５年度御杖村一般会計補正予算第６号を議題として、会議を再会します。先程の全員 協議会において、担当課長より詳細な説明をいただき議論を重ねた以外に質疑はございません か。 （「質疑なし」の声）,R5-11kaigiroku,2
2023,R5-11kaigiroku,◎議案第３９号神末レクリェーション体育館耐震改修工事に伴う,,,"予算,契約,工事,補正予算",議長(葛城昌俊君),,ありがとうございます。全員の起立により、日程第３、承認第７号専決処分の 承認を求めることについて、令和５年度御杖村一般会計補正予算第６号については、原案のとお り承認されました。   ◎議案第３９号神末レクリェーション体育館耐震改修工事に伴う 工事請負変更契約の締結締ついて ［上程、説明、質疑、討論、採決］,R5-11kaigiroku,2
2023,R5-11kaigiroku,◎議案第３９号神末レクリェーション体育館耐震改修工事に伴う,,,"契約,工事",議長(葛城昌俊君),,次に、日程第４、議案第３９号神末レクリェーション体育館耐震改修工事に伴 う工事請負変更契約の締結についてを議題と致します。本案について、提案理由の説明を求め ます。伊藤村長。,R5-11kaigiroku,2
2023,R5-11kaigiroku,◎議案第３９号神末レクリェーション体育館耐震改修工事に伴う,,,"取得,契約,工事,財産",村長(伊藤収宜君),,本案につきましては、去る６月の定例会にて議決をいただいた工事請負契約  －３－ について、工事の進捗に伴い変更の必要な部分が生じたことから、今般、変更契約を締結したく、 地方自治法第９６条第１項第５号及び議会の議決に付すべき契約及び財産の取得又は処分に関 する条例第２条の規定に基づき議決をお願いするものでございます。詳細については、教育次長 より説明を申し上げます。,R5-11kaigiroku,3
2023,R5-11kaigiroku,◎議案第３９号神末レクリェーション体育館耐震改修工事に伴う,Construction,80000,"契約,工事",教育委員会事務局次長(中村康幸君),,神末レクリェーション体育館耐震改修工事は、６月７日の 議会で工事請負契約の議決をいただき、現在、松塚建設株式会社が工事を進めております。今 回、工事請負変更契約の議決をお願いいたします。税込み９百５拾７万円の増額の内容につきま してご説明をさせていただきます。工事を進める過程におきまして、当初設計時では分かっていな かった外壁や内壁の内側で、ひび割れなど補修の必要な部分が多く見つかったことにより、,R5-11kaigiroku,3
2023,R5-11kaigiroku,◎議案第４０号みつえ高原牧場内畜産団地の建設についての村民,Construction,,"契約,工事",議長(葛城昌俊君),,ありがとうございます。全員の起立により、日程第４、議案第３９号神末レクリェ ーション体育館耐震改修工事に伴う工事請負変更契約の締結については、原案のとおり可決さ れました。   ◎議案第４０号みつえ高原牧場内畜産団地の建設についての村民 の賛否を問う住民投票条例を廃止する条例の制定について ［上程、説明、質疑、討論、採決］,R5-11kaigiroku,3
2023,R5-1kaigiroku,◎発委第２号閉会中の継続調査申出について（むらづくり委員会）,Construction,,"予算,決算,補正予算",委員長(松岡一生君),,それでは、２月２４日に開催いたしました議会運営委員会の会議結果につい て、報告をいたします。当日は、木村委員が欠席でありましたが、御杖村議会委員会条例第１２条 の規定による定足数に達していたことから、令和５年第１回３月定例会の運営について協議を行い －５－ ました。まず、会期及び会期中の日程について協議を行い、会期を、３月７日から１６日までの１０日 間とし、会期中の日程については、３月７日午前１０,R5-1kaigiroku,5
2023,R5-1kaigiroku,◎発委第２号閉会中の継続調査申出について（むらづくり委員会）,Construction,9400000,"予算,工事,補正予算",村長(伊藤収宜君),,山岡議員の質問に対し、お答えさせていただきます。まず、本村における令 和４年度の寄付金額の見込みについて申し上げます。令和５年２月末時点で、８８８万５千円の寄 付をいただいており、最終寄付額は、約９４０万円を見込んでおります。これは、前年度の約２．１ 倍の寄付額となります。したがいまして、今定例会で提案させていただきます補正予算の中に、ふ るさとづくり寄付金として、歳入歳出ともに増額補正をさせてい,R5-1kaigiroku,7
2023,R5-1kaigiroku,◎議案第２号御杖村個人情報保護法施行条例の制定について,,,財産,副村長(中嶋英樹君),副村長 (Vice Mayor),本条例は、改正されました個人情報の保護に関する法律の施行に関し必 要となる事項を定めるものです。第２条において、法の対象となる機関を、村長部局をはじめ、教 育委員会やその他の行政委員会、また財産区と定義しています。議会については、前議案の条 －10－ 例が適用されます。第３条においては、個人情報ファイルにかかる帳簿の作成と公表の基準につ いて定め、第４条では、開示請求手数料と写しの交付手数料につい,R5-1kaigiroku,10
2023,R5-1kaigiroku,◎議案第１２号みつえ高原牧場内畜産団地の建設について,Construction,,"工事,財産",条例制定請求代表者(西俣正博様),,失礼します。私は条例制定請求者代表者の土屋原の西俣 正博です。それでは、意見を述べさせていただきます。本日は３名の請求代表者が出席しており ますので、私からは主に署名の趣旨と経過について、また共同代表の青海さんからは現状の問題 点について、さらに共同代表の笹谷さんからは高原牧場計画の推移について発言させていただ きます。今から２０数年前、大宇陀よりこの地に移転時、現在計画されている牛舎建設予定地の,R5-1kaigiroku,23
2023,R5-1kaigiroku,◎議案第１２号みつえ高原牧場内畜産団地の建設について,Construction,,工事,条例制定請求代表者(青海茂博様),,私は条例制定請求者の菅野の青海茂博です。牧場を源流と する曽爾口川、井出谷川のある菅野区の代表として、現在の問題点を述べさせていただきます。 現在の牧場は奈良県が管理しております。敷地内には素牛供給と繁殖を奈良県畜産課が受託牛 の飼育を奈良県畜産農業協同組合連合会がやっているとのことです。一つの敷地で経営母体が 違う組織が混在している状況となっております。合計で３００頭聞いていますが、この３００頭,R5-1kaigiroku,24
2023,R5-1kaigiroku,◎議案第１２号みつえ高原牧場内畜産団地の建設について,Construction,150000,工事,条例制定請求代表者(笹谷吟子様),,私は条例制定請求代表者の土屋原の笹谷吟子でございま す。私は畜産団地、予定地の入り口に農地と山林を所有しております。また一番近い集落に生活 をしているものとして、切なる思いを持ってこの場に立たせていただいております。どうぞよろしくお 願いを申し上げます。今回の畜産団地の建設について計画の推移を調べてみますと、平成２８年 に奈良県と御杖村とのまちづくりに関する包括協定書が荒井知事と伊藤村長の間で締結,R5-1kaigiroku,25
2023,R5-1kaigiroku,◎議案第１７号令和４年度御杖村一般会計補正予算（第７号）,,,"予算,決算,補正予算",議長(葛城昌俊君),,異議なしと認めます。したがって、日程第２１、議案第１６号御杖村の公の施設 の指定管理者の指定についてもむらづくり委員会に付託することに決定しました。   ◎議案第１７号令和４年度御杖村一般会計補正予算（第７号） の議定について ［上程、説明、総括的質疑、予算決算委員会付託］ ,R5-1kaigiroku,28
2023,R5-1kaigiroku,◎議案第１７号令和４年度御杖村一般会計補正予算（第７号）,,,"予算,補正予算",議長(葛城昌俊君),,次に、日程第２２、議案第１７号令和４年度御杖村一般会計補正予算第７号の 議定についてを議題と致します。本案について、提案理由の説明を求めます。伊藤村長。,R5-1kaigiroku,28
2023,R5-1kaigiroku,◎議案第１７号令和４年度御杖村一般会計補正予算（第７号）,,3464000,基金,村長(伊藤収宜君),,本案につきましては、歳入歳出それぞれ３，３４６万４千円を減額し、補正後の 総額を２６億８，１５１万５千円とするものです。主な減額の内容は、事業等における請負差等により 発生する不用額となっており、また増額は、収支見込みによる余剰金を基金積立するものでござ います。ご審議の程、よろしくお願いします。 －29－,R5-1kaigiroku,29
2023,R5-1kaigiroku,◎議案第１７号令和４年度御杖村一般会計補正予算（第７号）,,,"予算,決算",議長(葛城昌俊君),,質疑なしと認めます。これで総括的質疑を終わります。本案については、議会 運営委員長の報告のとおり、全員協議会で詳細な説明を受け、予算決算委員会に付託すること にしたいと思います。ご異議ありませんか。 （「異議なし」の声あり）,R5-1kaigiroku,29
2023,R5-1kaigiroku,◎議案第１８号令和４年度御杖村簡易水道事業特別会計,Water/Sewer,,"予算,決算,補正予算",議長(葛城昌俊君),,異議なしと認めます。したがって、日程第２２、議案第１７号令和４年度御杖村 一般会計補正予算第７号の議定については、予算決算委員会に付託することに決定しました。   ◎議案第１８号令和４年度御杖村簡易水道事業特別会計 補正予算（第３号）の議定について ［上程、説明、総括的質疑、予算決算委員会付託］ ,R5-1kaigiroku,29
2023,R5-1kaigiroku,◎議案第１８号令和４年度御杖村簡易水道事業特別会計,Water/Sewer,,予算,議長(葛城昌俊君),,次に、日程第２３、議案第１８号令和４年度御杖村簡易水道事業特別会計補正 予算第３号の議定についてを議題と致します。本案について、提案理由の説明を求めます。伊藤 村長。,R5-1kaigiroku,29
2023,R5-1kaigiroku,◎議案第１８号令和４年度御杖村簡易水道事業特別会計,Water/Sewer,7239000,工事,村長(伊藤収宜君),,本案につきましては、歳入歳出それぞれ６０１万６千円を減額し補正後の総額 を１億３，７２３万９千円とするものでございます。主な内容は、工事請負費の減額となっています。 ご審議の程、よろしくお願いします。,R5-1kaigiroku,29
2023,R5-1kaigiroku,◎議案第１８号令和４年度御杖村簡易水道事業特別会計,Water/Sewer,,"予算,決算",議長(葛城昌俊君),,質疑なしと認めます。これで総括的質疑を終わります。本案については、議会 運営委員長の報告のとおり、全員協議会で詳細な説明を受け、予算決算委員会に付託すること にしたいと思います。ご異議ありませんか。 （「異議なし」の声あり）,R5-1kaigiroku,29
2023,R5-1kaigiroku,◎議案第１９号令和４年度御杖村国民健康保険特別会計,Water/Sewer,,"予算,決算,補正予算",議長(葛城昌俊君),,異議なしと認めます。したがって、日程第２３、議案第１８号令和４年度御杖村 簡易水道事業特別会計補正予算第３号の議定についても、予算決算委員会に付託することに決 定しました。   ◎議案第１９号令和４年度御杖村国民健康保険特別会計 補正予算（第５号）の議定について ［上程、説明、総括的質疑、予算決算委員会付託］ ,R5-1kaigiroku,29
2023,R5-1kaigiroku,◎議案第１９号令和４年度御杖村国民健康保険特別会計,,,予算,議長(葛城昌俊君),,次に、日程第２４、議案第１９号令和４年度御杖村国民健康保険特別会計補正 予算第５号の議定についてを議題と致します。本案について、提案理由の説明を求めます。伊藤 村長。  －30－,R5-1kaigiroku,30
2023,R5-1kaigiroku,◎議案第１９号令和４年度御杖村国民健康保険特別会計,,100382000,予算,村長(伊藤収宜君),,本案につきましては、事業勘定の歳入歳出それぞれ１，２００万円を減額し補 正後の総額を２億７，９１３万１千円とするものでございます。診療施設勘定への繰出金減額となっ ています。また、診療施設勘定については、歳入歳出それぞれ２，３００万円減額し補正後の総額 を１億３８万２千円とするものでございます。内容は、不用見込みとなる予算を減額するものです。 ご審議の程、よろしくお願いします。,R5-1kaigiroku,30
2023,R5-1kaigiroku,◎議案第１９号令和４年度御杖村国民健康保険特別会計,,,"予算,決算",議長(葛城昌俊君),,質疑なしと認めます。これで総括的質疑を終わります。本案については、議会 運営委員長の報告のとおり、全員協議会で詳細な説明を受け、予算決算委員会に付託すること にしたいと思います。ご異議ありませんか。 （「異議なし」の声あり）,R5-1kaigiroku,30
2023,R5-1kaigiroku,◎議案第２０号令和４年度御杖村介護保険特別会計,,,"予算,決算,補正予算",議長(葛城昌俊君),,異議なしと認めます。したがって、日程第２４、議案第１９号令和４年度御杖村 国民健康保険特別会計補正予算第５号の議定についても、予算決算委員会に付託することに決 定しました。   ◎議案第２０号令和４年度御杖村介護保険特別会計 補正予算（第２号）の議定について ［上程、説明、総括的質疑、予算決算委員会付託］ ,R5-1kaigiroku,30
2023,R5-1kaigiroku,◎議案第２０号令和４年度御杖村介護保険特別会計,,,"予算,補正予算",議長(葛城昌俊君),,次に、日程第２５･議案第２０号令和４年度御杖村介護保険特別会計補正予算 第２号の議定についてを議題と致します。本案について、提案理由の説明を求めます。伊藤村長。,R5-1kaigiroku,30
2023,R5-1kaigiroku,◎議案第２０号令和４年度御杖村介護保険特別会計,,9422000,基金,村長(伊藤収宜君),,本案につきましては、歳入歳出それぞれに１，２０６万１千円を減額し、補正後 の総額を４億６，９４２万２千円とするものでございます。主な内容は、介護サービス給付費の減額 と、準備基金積立の増額となっています。ご審議の程、よろしくお願いします。,R5-1kaigiroku,30
2023,R5-1kaigiroku,◎議案第２０号令和４年度御杖村介護保険特別会計,,,"予算,決算",議長(葛城昌俊君),,質疑なしと認めます。これで総括的質疑を終わります。本案については、議会 運営委員長の報告のとおり、全員協議会で詳細な説明を受け、予算決算委員会に付託すること にしたいと思います。ご異議ありませんか。 （「異議なし」の声あり）,R5-1kaigiroku,30
2023,R5-1kaigiroku,◎議案第２０号令和４年度御杖村介護保険特別会計,,,"予算,決算,補正予算",議長(葛城昌俊君),,異議なしと認めます。したがって、日程第２５、議案第２０号令和３年度御杖村 介護保険特別会計補正予算第２号の議定についても、予算決算委員会に付託することに決定し ました。    －31－ ◎令和５年度施政方針 ［伊藤村長］ ,R5-1kaigiroku,31
2023,R5-1kaigiroku,◎議案第２０号令和４年度御杖村介護保険特別会計,,,予算,議長(葛城昌俊君),,次の日程第２６、議案第２１号から日程第３０、議案第２５号までは、令和５年度 の一般会計予算及び特別会計予算の議案となります。審議に入ります前に、伊藤村長より、新年 度に向けての施策方針を伺いたいと思います。伊藤村長よろしくお願いします。,R5-1kaigiroku,31
2023,R5-1kaigiroku,◎議案第２０号令和４年度御杖村介護保険特別会計,Construction,8000000,"予算,工事",村長(伊藤収宜君),,令和５年３月定例会において、新年度の各会計予算案を初め、重要な諸議案 をご審議いただくにあたり、村政運営における私の所信と、主要施策の概要を申し述べ、議員各 位並びに村民の皆様のご理解とご協力をお願い申し上げたいと思います。平成２７年に就任して 以来、議員各位並びに村民の皆様の温かいご支援とご協力をいただきながら、元気な過疎のむら づくりに努めてまいりました。令和２年度を初年度とする第２期総合戦略,R5-1kaigiroku,33
2023,R5-1kaigiroku,◎議案第２１号令和５年度御杖村一般会計予算の議定について,,,"予算,決算",議長(葛城昌俊君),,ありがとうございました。   ◎議案第２１号令和５年度御杖村一般会計予算の議定について ［上程、説明、総括的質疑、予算決算委員会付託］ ,R5-1kaigiroku,33
2023,R5-1kaigiroku,◎議案第２１号令和５年度御杖村一般会計予算の議定について,,,予算,議長(葛城昌俊君),,それでは、日程第２６･議案第２１号令和５年度御杖村一般会計予算の議定に ついてを議題と致します。本案について、提案理由の説明を求めます。伊藤村長。,R5-1kaigiroku,33
2023,R5-1kaigiroku,◎議案第２１号令和５年度御杖村一般会計予算の議定について,Construction,202467000,"予算,基金,補助金,補正予算,財産",副村長(中嶋英樹君),副村長 (Vice Mayor),令和５年度御杖村一般会計予算の概要について、ご説明申し上げます。 説明要旨及び説明資料、村長の施政方針に続きまして、６ページをご覧下さい。令和５年度の予 算案総括表でございます。一般会計の欄ですが、予算総額２７億６，４００万円で、前年度に比べ４ －34－ 億１，７００百万円、１７．８％の増額となります。右の７ページ、一般会計の歳入の内訳について、 ご説明申し上げます。この表につきましては、歳入の款,R5-1kaigiroku,37
2023,R5-1kaigiroku,◎議案第２１号令和５年度御杖村一般会計予算の議定について,,,"予算,決算",議長(葛城昌俊君),,質疑なしと認めます。これで総括的質疑を終わります。本案については、議会 運営委員長の報告のとおり、全員協議会で詳細な説明を受け、予算決算委員会に付託すること にしたいと思います。ご異議ありませんか。 （「異議なし」の声あり）,R5-1kaigiroku,37
2023,R5-1kaigiroku,◎議案第２２号令和５年度御杖村簡易水道事業特別会計,Water/Sewer,,"予算,決算",議長(葛城昌俊君),,異議なしと認めます。したがって、日程第２６、議案第２１号令和５年度御杖村 一般会計予算の議定については、予算決算委員会に付託することに決定しました。   ◎議案第２２号令和５年度御杖村簡易水道事業特別会計 予算の議定について ［上程、説明、総括的質疑、予算決算委員会付託］ ,R5-1kaigiroku,37
2023,R5-1kaigiroku,◎議案第２２号令和５年度御杖村簡易水道事業特別会計,Water/Sewer,,予算,議長(葛城昌俊君),,次に、日程第２７、議案第２２号令和５年度御杖村簡易水道事業特別会計予算 の議定についてを議題と致します。本案について、提案理由の説明を求めます。伊藤村長。,R5-1kaigiroku,37
2023,R5-1kaigiroku,◎議案第２２号令和５年度御杖村簡易水道事業特別会計,Water/Sewer,,"予算,決算",議長(葛城昌俊君),,質疑なしと認めます。これで総括的質疑を終わります。本案についても、議会 運営委員長の報告のとおり、全員協議会で詳細な説明を受け、予算決算委員会に付託すること にしたいと思います。ご異議ありませんか。 （「異議なし」の声あり）,R5-1kaigiroku,37
2023,R5-1kaigiroku,◎議案第２３号令和５年度御杖村国民健康保険特別会計,Water/Sewer,,"予算,決算",議長(葛城昌俊君),,異議なしと認めます。したがって、日程第２７、議案第２２号令和５年度御杖村 簡易水道事業特別会計予算の議定についても、予算決算委員会に付託することに決定しました。  －38－ ◎議案第２３号令和５年度御杖村国民健康保険特別会計 予算の議定について ［上程、説明、総括的質疑、予算決算委員会付託］ ,R5-1kaigiroku,38
2023,R5-1kaigiroku,◎議案第２３号令和５年度御杖村国民健康保険特別会計,,,予算,議長(葛城昌俊君),,次に、日程第２８、議案第２３号令和５年度御杖村国民健康保険特別会計予算 の議定についてを議題と致します。本案について、提案理由の説明を求めます。伊藤村長。,R5-1kaigiroku,38
2023,R5-1kaigiroku,◎議案第２３号令和５年度御杖村国民健康保険特別会計,,,"予算,決算",議長(葛城昌俊君),,質疑なしと認めます。これで総括的質疑を終わります。本案についても、議会 運営委員長の報告のとおり、全員協議会で詳細な説明を受け、予算決算委員会に付託すること にしたいと思います。ご異議ありませんか。 （「異議なし」の声あり）,R5-1kaigiroku,38
2023,R5-1kaigiroku,◎議案第２４号令和５年度御杖村介護保険特別会計予算,,,"予算,決算",議長(葛城昌俊君),,異議なしと認めます。したがって、日程第２８、議案第２３号令和５年度御杖村 国民健康保険特別会計予算の議定についても、予算決算委員会に付託することに決定しました。   ◎議案第２４号令和５年度御杖村介護保険特別会計予算 の議定について ［上程、説明、総括的質疑、予算決算委員会付託］ ,R5-1kaigiroku,38
2023,R5-1kaigiroku,◎議案第２４号令和５年度御杖村介護保険特別会計予算,,,予算,議長(葛城昌俊君),,次に、日程第２９、議案第２４号令和５年度御杖村介護保険特別会計予算の議 定についてを議題と致します。本案について、提案理由の説明を求めます。伊藤村長。,R5-1kaigiroku,38
2023,R5-1kaigiroku,◎議案第２４号令和５年度御杖村介護保険特別会計予算,,,"予算,決算",議長(葛城昌俊君),,質疑なしと認めます。これで総括的質疑を終わります。本案についても、議会 運営委員長の報告のとおり、全員協議会で詳細な説明を受け、予算決算委員会に付託すること にしたいと思います。ご異議ありませんか。 （「異議なし」の声あり）,R5-1kaigiroku,38
2023,R5-1kaigiroku,◎議案第２５号令和５年度御杖村後期高齢者医療特別,,,"予算,決算",議長(葛城昌俊君),,異議なしと認めます。したがって、日程第２９、議案第２４号令和５年度御杖村 介護保険特別会計予算の議定についても、予算決算委員会に付託することに決定しました。 －39－ ◎議案第２５号令和５年度御杖村後期高齢者医療特別 会計予算の議定について ［上程、説明、総括的質疑、予算決算委員会付託］ ,R5-1kaigiroku,39
2023,R5-1kaigiroku,◎議案第２５号令和５年度御杖村後期高齢者医療特別,,,"予算,決算",議長(葛城昌俊君),,質疑なしと認めます。これで総括的質疑を終わります。本案についても、議会 運営委員長の報告のとおり、全員協議会で詳細な説明を受け、予算決算委員会に付託すること にしたいと思います。ご異議ありませんか。 （「異議なし」の声あり）,R5-1kaigiroku,39
2023,R5-1kaigiroku,◎議案第２５号令和５年度御杖村後期高齢者医療特別,,,"予算,決算",議長(葛城昌俊君),,異議なしと認めます。したがって、日程第３０、議案第２５号令和５年度御杖村 後期高齢者医療特別会計予算の議定についても、予算決算委員会に付託することに決定しまし た。  ◎散会の宣言  ,R5-1kaigiroku,39
2023,R5-1kaigiroku,◎議案第２５号令和５年度御杖村後期高齢者医療特別,Village Development,,"予算,補正予算",副議長(葛城昌俊君),,以上をもって、本日の日程は全て終了致しました。次回の本会議は３月１６ 日木曜日午前１０時より開くことに致します。本日は、これにて散会致します。長時間にわたりお疲 れ様でした。   （午後１時１０分散会）     －40－ （令和５年３月１６日）     －41－ 令和５年第１回（３月）御杖村議会定例会（第２号） 令和５年３月１６日（木） 開議 午前１０時００分 ◎議事日程［審議結果］ 第１    ,R5-1kaigiroku,43
2023,R5-1kaigiroku,◎議案第１７号令和４年度御杖村一般会計補正予算(第７号)の,Water/Sewer,,"予算,補正予算",議長(葛城昌俊君),,ありがとうございます。全員の起立により、日程第４､議案第１６号御杖村の公の 施設の指定管理者の指定について、委員長の報告のとおり可決されました。   ◎議案第１７号令和４年度御杖村一般会計補正予算(第７号)の 議定について、議案第１８号令和４年度御杖村簡易水道事 業特別会計補正予算(第３号)の議定について、議案第１９号 令和４年度御杖村国民健康保険特別会計補正予算(第５号) の議定について、議案第,R5-1kaigiroku,47
2023,R5-1kaigiroku,◎議案第１７号令和４年度御杖村一般会計補正予算(第７号)の,Water/Sewer,,"予算,決算,補正予算",議長(葛城昌俊君),,次に、日程第５･議案１７号令和４年度御杖村一般会計補正予算第７号の議定 について、日程第６･議案第１８号令和４年度御杖村簡易水道事業特別会計補正予算第３号の議 定について、日程第７･議案第１９号令和４年度御杖村国民健康保険特別会計補正予算第５号の  －48－ 議定について、日程第８･議案第２０号令和４年度御杖村介護保険特別会計補正予算第２号の議 定についての４議案につきましては、予算決算委員会へ付,R5-1kaigiroku,48
2023,R5-1kaigiroku,◎議案第１７号令和４年度御杖村一般会計補正予算(第７号)の,,,"予算,決算",議長(葛城昌俊君),,異議なしと認め、そのように進めさせていただきます。日程第５･議案１７号、日 程第６･議案第１８号、日程第７･議案第１９号、日程第８･議案第２０号について、御杖村会議規則 第４１条第１項の規定に基づき、予算決算委員会委員長より一括して審査経過及び結果の報告を お願いします。山岡委員長。,R5-1kaigiroku,48
2023,R5-1kaigiroku,◎議案第１７号令和４年度御杖村一般会計補正予算(第７号)の,,,"予算,決算,補正予算",６番(山岡隆良君),,予算決算委員会を代表しまして、当委員会に付託されました、日程第５･議案 第１７号から日程第８議案第２０号までの各会計における補正予算につきまして、一括して、その 審査の経緯並びに経過と結果についてご報告いたします。まず、審査の経緯でございますが、去 る３月７日の本会議におきまして、令和４年度各会計における補正予算４件、令和５年度各会計当 初予算５件の合計９件の案件が付託されたことにより、３月１３日,R5-1kaigiroku,48
2023,R5-1kaigiroku,◎議案第１７号令和４年度御杖村一般会計補正予算(第７号)の,,,"予算,補正予算",議長(葛城昌俊君),,質疑なしと認めます。これで質疑を終わります。続いて議案ごとに、討論及び 採決を行います。   ◎議案第１７号令和４年度御杖村一般会計補正予算(第７号)の 議定について ［討論、採決］ ,R5-1kaigiroku,48
2023,R5-1kaigiroku,◎議案第１７号令和４年度御杖村一般会計補正予算(第７号)の,,,"予算,補正予算",議長(葛城昌俊君),,まず、日程第５･議案第１７号令和４度御杖村一般会計補正予算第７号の議定 についてを議題とし、討論を行います。討論はありませんか。 （「討論なし」の声あり）,R5-1kaigiroku,48
2023,R5-1kaigiroku,◎議案第１８号令和４年度御杖村簡易水道事業特別会計補正,Water/Sewer,,"予算,補正予算",議長(葛城昌俊君),,ありがとうございます。全員の起立により、日程第５･議案第１７号令和４度御杖 村一般会計補正予算第７号の議定について、委員長の報告のとおり可決されました。 －49－ ◎議案第１８号令和４年度御杖村簡易水道事業特別会計補正 予算(第３号)の議定について ［討論、採決］ ,R5-1kaigiroku,49
2023,R5-1kaigiroku,◎議案第１８号令和４年度御杖村簡易水道事業特別会計補正,Water/Sewer,,予算,議長(葛城昌俊君),,次に、日程第６･議案第１８号令和４年度御杖村簡易水道事業特別会計補正 予算第３号の議定についてを議題とし、討論を行います。討論はありませんか。 「討論なし」の声あり,R5-1kaigiroku,49
2023,R5-1kaigiroku,◎議案第１９号令和４年度御杖村国民健康保険特別会計補正,Water/Sewer,,"予算,補正予算",議長(葛城昌俊君),,ありがとうございます。全員の起立により、日程第６･議案第１８号令和４年度御 杖村簡易水道事業特別会計補正予算第３号の議定について、委員長の報告のとおり可決されま した。   ◎議案第１９号令和４年度御杖村国民健康保険特別会計補正 予算(第５号)の議定について ［討論、採決］ ,R5-1kaigiroku,49
2023,R5-1kaigiroku,◎議案第１９号令和４年度御杖村国民健康保険特別会計補正,,,予算,議長(葛城昌俊君),,次に、日程第７･議案第１９号令和４年度御杖村国民健康保険特別会計補正 予算第５号の議定についてを議題とし、討論を行います。討論はありませんか。 （「討論なし」の声あり）,R5-1kaigiroku,49
2023,R5-1kaigiroku,◎議案第２０号令和４年度御杖村介護保険特別会計補正,,,"予算,補正予算",議長(葛城昌俊君),,ありがとうございます。全員の起立により、日程第７･議案第１９号令和４年度御 杖村国民健康保険特別会計補正予算第５号の議定について、委員長の報告のとおり可決されま した。   ◎議案第２０号令和４年度御杖村介護保険特別会計補正 予算(第２号)の議定について ［討論、採決］ ,R5-1kaigiroku,49
2023,R5-1kaigiroku,◎議案第２０号令和４年度御杖村介護保険特別会計補正,,,"予算,補正予算",議長(葛城昌俊君),,次に、日程第８･議案第２０号令和４年度御杖村介護保険特別会計補正予算 第２号の議定についてを議題とし、討論を行います。討論はありませんか。 （「討論なし」の声あり）,R5-1kaigiroku,49
2023,R5-1kaigiroku,◎議案第２１号令和５年度御杖村一般会計予算の議定に,Water/Sewer,,"予算,補正予算",議長(葛城昌俊君),,ありがとうございます。全員の起立により、日程第８･議案第２０号令和４年度御 杖村介護保険特別会計補正予算第２号の議定について、委員長の報告のとおり可決されました。   ◎議案第２１号令和５年度御杖村一般会計予算の議定に ついて、議案第２２号令和５年度御杖村簡易水道事業 特別会計予算の議定について、議案第２３号令和５年 度御杖村国民健康保険特別会計予算の議定について、 議案第２４号令和５年度御杖村介,R5-1kaigiroku,50
2023,R5-1kaigiroku,◎議案第２１号令和５年度御杖村一般会計予算の議定に,Water/Sewer,,予算,議長(葛城昌俊君),,次に、日程第９･議案２１号令和５年度御杖村一般会計予算の議定について、 日程第１０･議案第２２号令和５年度御杖村簡易水道事業特別会計予算の議定について、日程第 １１･議案第２３号令和５年度御杖村国民健康保険特別会計予算の議定について、日程第１２･議 案第２４号令和５年度御杖村介護保険特別会計予算の議定について、日程第１３･議案第２５号令 和５年度御杖村後期高齢者医療特別会計予算の議定についての５議,R5-1kaigiroku,50
2023,R5-1kaigiroku,◎議案第２１号令和５年度御杖村一般会計予算の議定に,,,"予算,決算",議長(葛城昌俊君),,異議なしと認め、そのように進めさせていただきます。日程第９･議案２１号、日 程第１０･議案第２２号、日程第１１･議案第２３号、日程第１２･議案第２４号、日程第１３･議案第２５ 号の５議案について、御杖村会議規則第４１条第１項の規定に基づき、予算決算委員会委員長よ り一括して審査経過及び結果の報告をお願いします。山岡委員長。,R5-1kaigiroku,50
2023,R5-1kaigiroku,◎議案第２１号令和５年度御杖村一般会計予算の議定に,,,"予算,決算",６番(山岡隆良君),,それでは、日程第９･議案第２１号から日程第１３･議案第２５号の５会計における 令和５年度当初予算の議定につきまして、一括して、その審査の経過と結果について報告をさせ ていただきます。審査の経緯につきましては、先に報告させていただきましたとおりでございます。 審査の経過でございますが、各会計ごとに質疑及び討論と採決を行いました。質疑では、委員よ り多くの質疑が行われ、村当局より答弁をいただきましたが,R5-1kaigiroku,50
2023,R5-1kaigiroku,◎議案第２１号令和５年度御杖村一般会計予算の議定について,,,予算,議長(葛城昌俊君),,質疑なしと認めます。これで質疑を終わります。続いて各議案ごとに、討論及 び採決を行います。   ◎議案第２１号令和５年度御杖村一般会計予算の議定について ［討論、採決］ ,R5-1kaigiroku,51
2023,R5-1kaigiroku,◎議案第２１号令和５年度御杖村一般会計予算の議定について,,,予算,議長(葛城昌俊君),,まず、日程第９･議案２１号令和５年度御杖村一般会計予算の議定についてを 議題とし、討論を行います。討論はありませんか。 （「討論なし」の声あり）,R5-1kaigiroku,51
2023,R5-1kaigiroku,◎議案第２２号令和５年度御杖村簡易水道事業特別会計予算,Water/Sewer,,予算,議長(葛城昌俊君),,ありがとうございます。全員の起立により、日程第９･議案２１号令和５年度御杖 村一般会計予算の議定については、委員長の報告のとおり可決されました。   ◎議案第２２号令和５年度御杖村簡易水道事業特別会計予算 の議定について ［討論、採決］ ,R5-1kaigiroku,51
2023,R5-1kaigiroku,◎議案第２２号令和５年度御杖村簡易水道事業特別会計予算,Water/Sewer,,予算,議長(葛城昌俊君),,次に、日程第１０･議案第２２号令和５年度御杖村簡易水道事業特別会計予算 の議定についてを議題とし、討論を行います。討論はありませんか。 （「討論なし」の声あり）,R5-1kaigiroku,51
2023,R5-1kaigiroku,◎議案第２３号令和５年度御杖村国民健康保険特別会計予算,Water/Sewer,,予算,議長(葛城昌俊君),,ありがとうございます。全員の起立により、日程第１０･議案第２２号令和５年度 御杖村簡易水道事業特別会計予算の議定について、委員長の報告のとおり可決されました。   ◎議案第２３号令和５年度御杖村国民健康保険特別会計予算 の議定について ［討論、採決］ ,R5-1kaigiroku,51
2023,R5-1kaigiroku,◎議案第２３号令和５年度御杖村国民健康保険特別会計予算,,,予算,議長(葛城昌俊君),,次に、日程第１１･議案第２３号令和５年度御杖村国民健康保険特別会計予算 の議定についてを議題とし、討論を行います。討論はありませんか。 （「討論なし」の声あり）,R5-1kaigiroku,51
2023,R5-1kaigiroku,◎議案第２４号令和５年度御杖村介護保険特別会計予算,,,予算,議長(葛城昌俊君),,ありがとうございます。全員の起立により、日程第１１･議案第２３号令和５年度 御杖村国民健康保険特別会計予算の議定について、委員長の報告のとおり可決されました。   ◎議案第２４号令和５年度御杖村介護保険特別会計予算 の議定について ［討論、採決］ ,R5-1kaigiroku,52
2023,R5-1kaigiroku,◎議案第２４号令和５年度御杖村介護保険特別会計予算,,,予算,議長(葛城昌俊君),,次に、日程第１２･議案第２４号令和５年度御杖村介護保険特別会計予算の議 定についてを議題とし、討論を行います。討論はありませんか。 （「討論なし」の声あり）,R5-1kaigiroku,52
2023,R5-1kaigiroku,◎議案第２５号令和５年度御杖村後期高齢者医療特別会計,,,予算,議長(葛城昌俊君),,ありがとうございます。全員の起立により、日程第１２･議案第２４号令和５年度 御杖村介護保険特別会計予算の議定について、委員長の報告のとおり可決されました。   ◎議案第２５号令和５年度御杖村後期高齢者医療特別会計 予算の議定について ［討論、採決］ ,R5-1kaigiroku,52
2023,R5-1kaigiroku,◎発委第１号閉会中の継続調査申出について（議会運営委員会）,,,予算,議長(葛城昌俊君),,ありがとうございます。全員の起立により、日程第１３･議案第２５号令和５年度 御杖村後期高齢者医療特別会計予算の議定について、委員長の報告のとおり可決されました。   ◎発委第１号閉会中の継続調査申出について（議会運営委員会） ［上程、採決］ ,R5-1kaigiroku,52
2023,R5-2kaigirokuu,◎承認第１号専決処分の承認を求めることについて,,,"予算,補正予算",新議長(葛城昌俊君),,ありがとうございました。     ◎専決処分の承認を求めることについて （令和４年度御杖村一般会計補正予算（第６号）） ［上程、説明］,R5-2kaigirokuu,3
2023,R5-2kaigirokuu,◎承認第１号専決処分の承認を求めることについて,,,"予算,補正予算",新議長(葛城昌俊君),,次に、日程第４・承認第１号専決処分の承認を求めることについて、令和４ 年度御杖村一般会計補正予算第６号についてを議題と致します。本案については、伊藤村長より 提案理由の説明をいただいた後、暫時休憩を行い、全員協議会を開催して担当課長より、詳細な 説明を求め、議論願いたいと思いますが、ご異議ありませんか。 （「異議なし」の声）,R5-2kaigirokuu,3
2023,R5-2kaigirokuu,◎承認第１号専決処分の承認を求めることについて,,,"予算,補正予算",新議長(葛城昌俊君),,異議なしと認めます。したがって、これより議事をそのように進めさせていた だきます。日程第４・承認第１号専決処分の承認を求めることについて、令和４年度御杖村一般会 計補正予算第６号について、提案理由の説明を求めます。伊藤村長。,R5-2kaigirokuu,3
2023,R5-2kaigirokuu,◎承認第１号専決処分の承認を求めることについて,,,"予算,補正予算",新議長(葛城昌俊君),,伊藤村長より、提案理由の説明をいただきましたので、暫時休憩致します。 １０時２０分より全員協議会を開催しますので、議員並びに理事者・各課長は、議会委員会室にお 集まりください。 休憩   午前１０時１４分 全員協議会開催 再会   午前１１時００分   ◎専決処分の承認を求めることについて （令和４年度御杖村一般会計補正予算（第６号）） ［質疑、討論、採決］,R5-2kaigirokuu,4
2023,R5-2kaigirokuu,◎承認第１号専決処分の承認を求めることについて,,,"予算,補正予算",新議長(葛城昌俊君),,休憩前に引き続き、日程第４・専決処分の承認を求めることについて、令 和４年度御杖村一般会計補正予算第６号を議題として、会議を始めます。先程の全員協議会に おいて、担当課長より、詳細な説明をいただき議論を重ねた以外に質疑はございませんか。 （「質疑なし」の声）,R5-2kaigirokuu,4
2023,R5-2kaigirokuu,◎承認第１号専決処分の承認を求めることについて,,,"予算,補正予算",新議長(葛城昌俊君),,ありがとうございます。全員の起立により、日程第４･承認第１号専決処分の 承認を求めることについて、令和４年度御杖村一般会計補正予算第６号については、原案のとお り承認されました。    ◎閉議及び閉会の宣言,R5-2kaigirokuu,4
2023,R5-4kaigiroku,◎発委第８号閉会中の継続調査申出について（むらづくり委員会）,,,"予算,契約,決算,補正予算",副委員長(古川芳明君),,それでは、去る令和５年１１月２８日に開催いたしました、議会運営委員会 の報告をいたします。開催日当日、松岡委員長が欠席されましたので、御杖村議会委員会条例第 ９条第１項の規定により、副委員長のわたくし古川が、委員長の職務代行をさせていただきましたの で、わたくしより報告させていただきます。なお、松岡委員長が欠席されましたが、御杖村議会委員 会条例第１２条の規定による定足数に達していたことから、１２,R5-4kaigiroku,4
2023,R5-4kaigiroku,◎発委第８号閉会中の継続調査申出について（むらづくり委員会）,,171787491,"予算,契約,工事,決算,補正予算",１番(張間裕子君),,ただいま、議長の許可を得ましたので、宇陀衛生一部事務組合議会の報告を させていただきます。去る１１月２４日金曜日、午前９時３０分から令和５年宇陀衛生一部事務組合 議会第２回定例会が、宇陀市農村環境改善センター農林会館で開催されました。出席した組合 議会議員は１３名で、御杖村からは、山岡議員とわたくし張間が出席いたしました。管理者である 宇陀市金剛市長の招集挨拶につづき、去る１１月１９日の御杖村長選,R5-4kaigiroku,5
2023,R5-4kaigiroku,◎発委第８号閉会中の継続調査申出について（むらづくり委員会）,,6163669,"予算,工事,決算,補正予算",７番(山岡隆良君),,それでは、令和５年第２回東宇陀環境衛生組合議会定例会報告をさせてい ただきます。去る、１１月３０日午前１０時より、令和５年第２回東宇陀環境衛生組合議会定例会が 東宇陀クリーンセンターにおいて開催されました。宇陀市からは組合議長として上田議員、組合 議員として田中剛志議員、松浦議員、井谷議員が出席いたしました。曽爾村からは組合議員とし て大向議員、田中稔一議員が出席いたしました。御杖村からは組合議員,R5-4kaigiroku,5
2023,R5-4kaigiroku,◎発委第８号閉会中の継続調査申出について（むらづくり委員会）,,34462313,"予算,決算,繰越",２番(廣口芳弘君),,それでは、去る１２月４日午後２時より御杖村議会委員会室において開催され ました、令和５年１２月曽爾御杖行政一部事務組合議会定例会の報告をさせていただきます。曽爾 村からは、組合議員として佐治議員、東口議員、大向議員が出席し、御杖村からは組合議長として 葛城議員、組合議員として私廣口が出席致しました。葛城議長から、１名欠員の報告の報告のあ と、議会成立宣言がなされ、会議録署名議員に、４番大向議員、６,R5-4kaigiroku,6
2023,R5-4kaigiroku,◎発委第８号閉会中の継続調査申出について（むらづくり委員会）,,,"予算,契約,補正予算",村長(伊藤収宜君),,１２月定例会にあたりまして、行政報告という貴重なお時間をいただき、私の所 信を表明させていただきます。去る１１月１９日執行の村長選挙におきまして、議員皆様方をはじ め、多くの村民、また関係各位の皆さまの絶大なるご支援をいただき、３期目の当選をさせていた だくことが出来ました。その重責に対し身の引き締まる思いをいたしております。今回の選挙を通じ、 村民皆さまと直接お会いする機会を得、課題や要望を改め,R5-4kaigiroku,7
2023,R5-4kaigiroku,◎議案第４１号桃俣地区公衆トイレ整備工事に伴う工事請負,,,"契約,工事",議長(葛城昌俊君),,異議なしと認めます。したがって、ただいま指名致しました１番福田麻衣子君 が曽爾御杖行政一部事務組合議会議員に当選されました。御杖村議会会議規則第３３条第２項 の規定により、１番福田麻衣子君に当選の告知を致します。福田議員よろしくお願いします。  ◎議案第４１号桃俣地区公衆トイレ整備工事に伴う工事請負 変更契約の締結について ［上程、説明、総括的質疑、むらづくり委員会付託］ －８－,R5-4kaigiroku,8
2023,R5-4kaigiroku,◎議案第４１号桃俣地区公衆トイレ整備工事に伴う工事請負,,,"契約,工事",議長(葛城昌俊君),,次に、日程第･議案第４１号、桃俣地区公衆トイレ整備工事に伴う工事請負変更 契約の締結についてを議題と致します。本案について、提案理由の説明を求めます。伊藤村長。,R5-4kaigiroku,8
2023,R5-4kaigiroku,◎議案第４１号桃俣地区公衆トイレ整備工事に伴う工事請負,,,"取得,契約,工事,財産",村長(伊藤収宜君),,本案につきましては、去る６月の定例会において議決をいただいた工事請負 契約について、変更の必要な部分が生じたことから、今般、変更契約を締結したく、地方自治法 第９６条第１項第５号及び議会の議決に付すべき契約及び財産の取得又は処分に関する条例第 ２条の規定に基づき議決をお願いするものでございます。よろしくお願いします。,R5-4kaigiroku,8
2023,R5-4kaigiroku,◎議案第４２号桃俣地区配水管布設替工事に伴う工事請負,,,"契約,工事",議長(葛城昌俊君),,異議なしと認めます。したがって、日程第７議案第４１号、桃俣地区公衆トイレ 整備工事に伴う工事請負変更契約の締結については、むらづくり委員会に付託することに決定し ました。  ◎議案第４２号桃俣地区配水管布設替工事に伴う工事請負 変更契約の締結について ［上程、説明、総括的質疑、むらづくり委員会付託］ ,R5-4kaigiroku,8
2023,R5-4kaigiroku,◎議案第４２号桃俣地区配水管布設替工事に伴う工事請負,,,"契約,工事",議長(葛城昌俊君),,次に、日程第８議案第４２号、桃俣地区配水管布設替工事に伴う工事請負変更 契約の締結についてを議題と致します。本案について、提案理由の説明を求めます。伊藤村長。,R5-4kaigiroku,8
2023,R5-4kaigiroku,◎議案第４２号桃俣地区配水管布設替工事に伴う工事請負,,,"取得,契約,工事,財産",村長(伊藤収宜君),,本案につきましては、去る６月の定例会にて議決をいただいた工事請負契約 について、工事の進捗に伴い変更の必要な部分が生じたことから、今般、変更契約を締結したく、 地方自治法第９６条第１項第５号及び議会の議決に付すべき契約及び財産の取得又は処分に関 する条例第２条の規定に基づき議決をお願いするものでございます。よろしくお願いします。,R5-4kaigiroku,8
2023,R5-4kaigiroku,◎議案第４３号御杖村議会議員の議員報酬等に関する,,,"契約,工事",議長(葛城昌俊君),,異議なしと認めます。したがって、日程第８議案第４２号、桃俣地区配水管布 設替工事に伴う工事請負変更契約の締結についても、むらづくり委員会に付託することに決定し ました。 －９－ ◎議案第４３号御杖村議会議員の議員報酬等に関する 条例の一部を改正する条例の制定について ［上程、説明、質疑、討論、採決］,R5-4kaigiroku,9
2023,R5-4kaigiroku,◎議案第４８号御杖村印鑑条例及び御杖村手数料徴収,,,取得,村長(伊藤収宜君),,本案につきましては、マイナンバーカードを利用し、コンビニエンストア等に設 置している多機能端末から住民票の写し及び印鑑登録証明書が取得できるサービスを開始する ことに伴い関係する条例の改正を行うものでございます。詳細については、住民生活課長より説 明申し上げます。 －14－,R5-4kaigiroku,14
2023,R5-4kaigiroku,◎議案第４８号御杖村印鑑条例及び御杖村手数料徴収,,200,取得,住民生活課長(仲子雄史君),,議案第４８号御杖村印鑑条例及び御杖村手数料条例の一部を改正 する条例について、説明させていただきます。マイナンバーカードを利用し、全国のコンビニエン スストア等に設置されている多機能端末機、いわゆるマルチコピー機を使って、住民票や印鑑証 明書を取得できるサービスを令和６年３月から開始いたします。このコンビニ交付サービスを開始 することに伴い、本村の印鑑条例及び手数料条例を改正するものでございます。,R5-4kaigiroku,14
2023,R5-4kaigiroku,◎議案第４９号令和５年度御杖村一般会計補正予算(第７号),,,"予算,決算,補正予算",議長(葛城昌俊君),,ありがとうございます。全員の起立により、日程第１４議案第４８号、御杖村印鑑 条例及び御杖村手数料徴収条例の一部を改正する条例の制定については、原案のとおり可決さ れました。   ◎議案第４９号令和５年度御杖村一般会計補正予算(第７号) の議定について ［上程、説明、総括的質疑、予算決算委員会付託］ ,R5-4kaigiroku,14
2023,R5-4kaigiroku,◎議案第４９号令和５年度御杖村一般会計補正予算(第７号),,,"予算,補正予算",議長(葛城昌俊君),,次に、日程第１５議案第４９号、令和５年度御杖村一般会計補正予算第７号の 議定についてを議題と致します。本案について、提案理由の説明を求めます。伊藤村長。,R5-4kaigiroku,14
2023,R5-4kaigiroku,◎議案第４９号令和５年度御杖村一般会計補正予算(第７号),,,"予算,決算",議長(葛城昌俊君),,質疑なしと認めます。これで総括的質疑を終わります。本案については、議会 運営委員会副委員長の報告のとおり、全員協議会で詳細な説明を受け、予算決算委員会に付託 すること にしたいと思います。ご異議ありませんか。 （「異議なし」の声あり）,R5-4kaigiroku,15
2023,R5-4kaigiroku,◎議案第５０号令和５年度御杖村簡易水道事業特別会計,Water/Sewer,,"予算,決算,補正予算",議長(葛城昌俊君),,異議なしと認めます。したがって、日程第１５議案第４９号、令和５年度御杖村 一般会計補正予算第７号の議定については、予算決算委員会に付託することに決定しました。   ◎議案第５０号令和５年度御杖村簡易水道事業特別会計 補正予算（第１号）の議定について ［上程、説明、総括的質疑、予算決算委員会付託］ ,R5-4kaigiroku,15
2023,R5-4kaigiroku,◎議案第５０号令和５年度御杖村簡易水道事業特別会計,Water/Sewer,,予算,議長(葛城昌俊君),,次に、日程第１６議案第５０号、令和５年度御杖村簡易水道事業特別会計補 正予算第１号の議定についてを議題と致します。本案について、提案理由の説明を求めます。伊 藤村長。,R5-4kaigiroku,15
2023,R5-4kaigiroku,◎議案第５０号令和５年度御杖村簡易水道事業特別会計,Water/Sewer,,"予算,決算",議長(葛城昌俊君),,質疑なしと認めます。これで総括的質疑を終わります。本案については、議会 運営委員会副委員長の報告のとおり、全員協議会で詳細な説明を受け、予算決算委員会に付託 することにしたいと思います。ご異議ありませんか。 （「異議なし」の声あり）,R5-4kaigiroku,15
2023,R5-4kaigiroku,◎議案第５１号令和５年度御杖村国民健康保険特別会計,Water/Sewer,,"予算,決算,補正予算",議長(葛城昌俊君),,異議なしと認めます。したがって、日程第１６議案第５０号、令和５年度御杖村 簡易水道事業特別会計補正予算第１号の議定については、予算決算委員会に付託することに決 定しました。   ◎議案第５１号令和５年度御杖村国民健康保険特別会計 補正予算（第４号）の議定について ［上程、説明、総括的質疑、予算決算委員会付託］ －16－,R5-4kaigiroku,16
2023,R5-4kaigiroku,◎議案第５１号令和５年度御杖村国民健康保険特別会計,,,予算,議長(葛城昌俊君),,次に、日程第１７議案第５１号、令和５年度御杖村国民健康保険特別会計補 正予算第４号の議定についてを議題と致します。本案について、提案理由の説明を求めます。伊 藤村長。,R5-4kaigiroku,16
2023,R5-4kaigiroku,◎議案第５１号令和５年度御杖村国民健康保険特別会計,,8146000,基金,村長(伊藤収宜君),,本案につきましては、先ず、事業勘定ですが、歳入歳出それぞれに１７万１千 円を追加し補正後の総額を２億７，３１３万５千円とするものでございます。主な内容は、歳入では、 基金繰入金の増額を行い、歳出では、財政安定化支援事業を増額するものでございます。診療 施設勘定については、歳入歳出それぞれに２２万８千円を追加し、補正後の総額を１億１，８１４万 ６千円とするものでございます。主な内容は、人事院勧告に沿,R5-4kaigiroku,16
2023,R5-4kaigiroku,◎議案第５１号令和５年度御杖村国民健康保険特別会計,,,"予算,決算",議長(葛城昌俊君),,質疑なしと認めます。これで総括的質疑を終わります。本案については、議会 運営委員会副委員長の報告のとおり、全員協議会で詳細な説明を受け、予算決算委員会に付託 することにしたいと思います。ご異議ありませんか。 （「異議なし」の声あり）,R5-4kaigiroku,16
2023,R5-4kaigiroku,◎議案第５２号令和５年度御杖村介護保険特別会計補正,,,"予算,決算,補正予算",議長(葛城昌俊君),,異議なしと認めます。したがって、日程第１７議案第５１号、令和５年度御杖村 国民健康保険特別会計補正予算第４号の議定については、予算決算委員会に付託することに決 定しました。   ◎議案第５２号令和５年度御杖村介護保険特別会計補正 予算（第２号）の議定について ［上程、説明、総括的質疑、予算決算委員会付託］ ,R5-4kaigiroku,16
2023,R5-4kaigiroku,◎議案第５２号令和５年度御杖村介護保険特別会計補正,,,"予算,補正予算",議長(葛城昌俊君),,次に、日程第１８議案第５２号、令和５年度御杖村介護保険特別会計補正予算 第２号の議定についてを議題と致します。本案について、提案理由の説明を求めます。伊藤村長。,R5-4kaigiroku,16
2023,R5-4kaigiroku,◎議案第５２号令和５年度御杖村介護保険特別会計補正,,,"予算,決算",議長(葛城昌俊君),,質疑なしと認めます。これで総括的質疑を終わります。本案については、議会 運営委員会副委員長の報告のとおり、全員協議会で詳細な説明を受け、予算決算委員会に付託 することにしたいと思います。ご異議ありませんか。 －17－ （「異議なし」の声あり）,R5-4kaigiroku,17
2023,R5-4kaigiroku,◎議案第５３号御杖村の公の施設の指定管理者の指定について,,,"予算,決算,補正予算",議長(葛城昌俊君),,異議なしと認めます。したがって、日程第１８議案第５２号、令和５年度御杖村 介護保険特別会計補正予算第２号の議定については、予算決算委員会に付託することに決定し ました。   ◎議案第５３号御杖村の公の施設の指定管理者の指定について （御杖村ケアハウス・御杖村デイサービスセンター） ［上程、説明、総括的質疑、むらづくり委員会付託］ ,R5-4kaigiroku,17
2023,R5-4kaigiroku,◎議案第５３号御杖村の公の施設の指定管理者の指定について,Village Development,,"予算,契約,工事,補正予算",議長(葛城昌俊君),,以上をもって、本日の日程は全て終了致しました。次回の本会議は１２月１４日 木曜日午前１０時より開くことに致します。本日は、これにて散会致します。お疲れ様でした。   （午前１１時０４分散会）     －18－ （令和５年１２月１４日）     －19－ 令和５年第４回（１２月）御杖村議会定例会議事日程（第２号） 令和５年１２月１４日（木） 開議 午前１０時００分 ◎議事日程［審議結果］ 第１   ,R5-4kaigiroku,21
2023,R5-4kaigiroku,◎議案第４１号桃俣地区公衆トイレ整備工事に伴う工事請負,,,"契約,工事",議長(葛城昌俊君),,皆さん、おはようございます。本日の令和５年第４回定例会の続会をご案内さ せていただいたところ、ご出席をいただきありがとうございます。なお、本日の会議に際し、松岡議 員より病気入院のため欠席届が出ております。ただ今の出席議員は７名です。地方自治法第１１３ 条の規定による定足数に達していますので、本日の会議を開きます。本日の議事日程は、お手元 に配布の日程（第２号）のとおりとします。   ◎議案第４１,R5-4kaigiroku,21
2023,R5-4kaigiroku,◎議案第４１号桃俣地区公衆トイレ整備工事に伴う工事請負,,,"契約,工事",議長(葛城昌俊君),,先ず、日程第１議案第４１号、桃俣地区公衆トイレ整備工事に伴う工事請負変 更契約の締結について、日程第２議案第４２号、桃俣地区配水管布設替工事に伴う工事請負変 更契約の締結についての２議案につきましては、むらづくり委員会へ付託した案件でございます ので、これを一括議題としたいと思いますが、ご異議ありませんか。 （「異議なし」の声あり）,R5-4kaigiroku,21
2023,R5-4kaigiroku,◎議案第４１号桃俣地区公衆トイレ整備工事に伴う工事請負,,,"契約,工事",４番(廣口芳弘君),,それでは、むらづくり委員会を代表しまして、当委員会に付託されました、議案 第４１号及び議案第４２号について、審査の経緯並びに経過と結果について、ご報告させていた だきます。まず、審査の経緯でございますが、去る１２月７日の本会議におきまして、議案第４１号 の桃俣地区公衆トイレ整備工事、議案第４２号の桃俣地区配水管布設替工事それぞれの工事請 負変更契約の締結について、議案第５３号の御杖村ケアハウス、御,R5-4kaigiroku,22
2023,R5-4kaigiroku,◎議案第４１号桃俣地区公衆トイレ整備工事に伴う工事請負,,,"契約,工事",議長(葛城昌俊君),,質疑なしと認めます。  ◎議案第４１号桃俣地区公衆トイレ整備工事に伴う工事請負 変更契約の締結について ［討論、採決］ ,R5-4kaigiroku,22
2023,R5-4kaigiroku,◎議案第４２号桃俣地区配水管布設替工事に伴う工事請負,,,"契約,工事",議長(葛城昌俊君),,ありがとうございます。全員の起立により、日程第１議案第４１号、桃俣地区公 衆トイレ整備工事に伴う工事請負変更契約の締結については、むらづくり委員会委員長の報告の とおり可決されました。  ◎議案第４２号桃俣地区配水管布設替工事に伴う工事請負 変更契約の締結について ［討論、採決］ ,R5-4kaigiroku,22
2023,R5-4kaigiroku,◎議案第４２号桃俣地区配水管布設替工事に伴う工事請負,,,"契約,工事",議長(葛城昌俊君),,次に、日程第２議案第４２号、桃俣地区配水管布設替工事に伴う工事請負変 更契約の締結についてを議題とし、討論を行います。討論はありませんか。 （「討論なし」の声あり）,R5-4kaigiroku,22
2023,R5-4kaigiroku,◎議案４９号令和５年度御杖村一般会計補正予算(第７号)の,Water/Sewer,,"予算,契約,工事,補正予算",議長(葛城昌俊君),,ありがとうございます。全員の起立により、日程第２議案第４２号、桃俣地区配 水管布設替工事に伴う工事請負変更契約の締結については、むらづくり委員会委員長の報告の とおり可決されました。   ◎議案４９号令和５年度御杖村一般会計補正予算(第７号)の 議定について、議案第５０号令和５年度御杖村簡易水道 事業特別会計補正予算(第１号)の議定について、議案第 ５１号令和５年度御杖村国民健康保険特別会計補正予,R5-4kaigiroku,23
2023,R5-4kaigiroku,◎議案４９号令和５年度御杖村一般会計補正予算(第７号)の,Water/Sewer,,"予算,決算,補正予算",議長(葛城昌俊君),,次に、日程第３議案第４９号、令和５年度御杖村一般会計補正予算第７号の議 定について、日程第４議案第５０号、令和５年度御杖村簡易水道事業特別会計補正予算第１号の 議定について、日程第５議案第５１号、令和５年度御杖村国民健康保険特別会計補正予算第４号 の議定について、日程第６議案第５２号、令和５年度御杖村介護保険特別会計補正予算第２号の 議定について以上の４議案につきましては、予算決算委員会へ付託した,R5-4kaigiroku,23
2023,R5-4kaigiroku,◎議案４９号令和５年度御杖村一般会計補正予算(第７号)の,,,"予算,決算",議長(葛城昌俊君),,異議なしと認め、そのように進めさせていただきます。日程第３議案第４９号、 日程第４議案第５０号、日程第５議案第５１号、日程第６議案第５２号について、御杖村会議規則 第４１条第１項の規定に基づき、予算決算委員会委員長より一括して審査経過及び結果の報告を お願いします。山岡委員長。,R5-4kaigiroku,23
2023,R5-4kaigiroku,◎議案４９号令和５年度御杖村一般会計補正予算(第７号)の,,,"予算,決算,補正予算",６番(山岡隆良君),,それでは、予算決算委員会を代表しまして、当委員会に付託されました、議案 第４９号から議案第５２号までの補正予算４件につきまして、一括して審査の経過と結果について ご報告いたします。まず、審査の経緯でございますが、去る１２月７日の本会議におきまして、令和 ５年度御杖村一般会計補正予算１件及び特別会計補正予算３件の合計４件の案件が付託された ことにより、１２月１２日に予算決算委員会を開催いたしました。,R5-4kaigiroku,23
2023,R5-4kaigiroku,◎議案第４９号令和５年度御杖村一般会計補正予算(第７号),,,"予算,補正予算",議長(葛城昌俊君),,質疑なしと認めます。これで質疑を終わります。  ◎議案第４９号令和５年度御杖村一般会計補正予算(第７号) の議定について ［討論、採決］ ,R5-4kaigiroku,23
2023,R5-4kaigiroku,◎議案第４９号令和５年度御杖村一般会計補正予算(第７号),,,"予算,補正予算",議長(葛城昌俊君),,続いて議案ごとに、討論及び採決を行います。先ず、日程第３議案第４９号、 令和５年度御杖村一般会計補正予算第７号の議定についてを議題とし、討論を行います。討論 はありませんか。 （「討論なし」の声あり）,R5-4kaigiroku,23
2023,R5-4kaigiroku,◎議案第５０号令和５年度御杖村簡易水道事業特別会計,Water/Sewer,,"予算,決算,補正予算",議長(葛城昌俊君),,ありがとうございます。全員の起立により、日程第３議案第４９号、令和５年度御 杖村一般会計補正予算第７号の議定については、予算決算委員会委員長の報告のとおり可決さ れました。   ◎議案第５０号令和５年度御杖村簡易水道事業特別会計 補正予算(第１号)の議定について ［討論、採決］ ,R5-4kaigiroku,24
2023,R5-4kaigiroku,◎議案第５０号令和５年度御杖村簡易水道事業特別会計,Water/Sewer,,予算,議長(葛城昌俊君),,次に、日程第４議案第５０号、令和５年度御杖村簡易水道事業特別会計補 正予算第１号の議定についてを議題とし、討論を行います。討論はありませんか。 （「討論なし」の声あり）,R5-4kaigiroku,24
2023,R5-4kaigiroku,◎議案第５１号令和５年度御杖村国民健康特別会計補正,Water/Sewer,,"予算,決算,補正予算",議長(葛城昌俊君),,ありがとうございます。全員の起立により、日程第４議案第５０号、令和５年度御 杖村簡易水道事業特別会計補正予算第１号の議定については、予算決算委員会委員長の報告 のとおり可決されました。   ◎議案第５１号令和５年度御杖村国民健康特別会計補正 予算(第４号)の議定について ［討論、採決］ ,R5-4kaigiroku,24
2023,R5-4kaigiroku,◎議案第５１号令和５年度御杖村国民健康特別会計補正,,,"予算,補正予算",議長(葛城昌俊君),,次に、日程第５議案第５１号、令和５年度御杖村国民健康特別会計補正予算 第４号の議定についてを議題とし、討論を行います。討論はありませんか。 （「討論なし」の声あり）,R5-4kaigiroku,24
2023,R5-4kaigiroku,◎議案第５２号令和５年度御杖村介護保険特別会計補正,,,"予算,決算,補正予算",議長(葛城昌俊君),,ありがとうございます。全員の起立により、日程第５議案第５１号、令和５年度御 杖村国民健康保険特別会計補正予算第４号の議定については、予算決算委員会委員長の報告 のとおり可決されました。   ◎議案第５２号令和５年度御杖村介護保険特別会計補正 予算(第２号)の議定について ［討論、採決］ ,R5-4kaigiroku,24
2023,R5-4kaigiroku,◎議案第５２号令和５年度御杖村介護保険特別会計補正,,,"予算,補正予算",議長(葛城昌俊君),,次に、日程第６議案第５２号、令和５年度御杖村介護保険特別会計補正予算 第２号の議定についてを議題とし、討論を行います。討論はありませんか。 －25－ （「討論なし」の声あり）,R5-4kaigiroku,25
2023,R5-4kaigiroku,◎議案第５３号御杖村の公の施設の指定管理者の指定について,,,"予算,決算,補正予算",議長(葛城昌俊君),,ありがとうございます。全員の起立により、日程第６議案第５２号、令和５年度御 杖村介護保険特別会計補正予算第２号の議定については、予算決算委員会委員長の報告のと おり可決されました。   ◎議案第５３号御杖村の公の施設の指定管理者の指定について （御杖村ケアハウス・御杖村デイサービスセンター） ［上程、委員長報告、委員長質疑］ ,R5-4kaigiroku,25
2023,R5-6kaigiroku,◎発委第４号閉会中の継続調査申出について（むらづくり委員会）,,,"予算,契約,決算,繰越,補正予算",委員長(松岡一生君),,それでは、５月２５日に開催いたしました議会運営委員会の会議結果につい て、報告をいたします。当日は、木村委員が欠席でありましたが、御杖村議会委員会条例第１２条 の規定による定足数に達していたことから、令和５年第２回６月定例会の運営について協議を行い ました。まず、会期及び会期中の日程について協議を行い、会期を６月７日から１５日までの９日間 とし、会期中の日程については、６月７日午前１０時開会、全員,R5-6kaigiroku,4
2023,R5-6kaigiroku,◎発委第４号閉会中の継続調査申出について（むらづくり委員会）,,,"予算,契約,工事,補正予算",村長(伊藤収宜君),,６月定例会の開会にあたりまして、今後の予定も含めて行政報告をさ せていただきたいと思います。先の３月議会で予算の議決をいただいた後、令和５年度も 早２ヶ月が経過致しました。この間は出納整理期間でもあることから、令和４年度に執行 した事務の整理と確認を行いつつ、令和５年度の事務については、早期着手と完了を目指 し、全庁挙げて取り組んでいるところでございます。ロシアによるウクライナ侵攻が長期 化する中,R5-6kaigiroku,5
2023,R5-6kaigiroku,◎承認第２号専決処分の承認を求めることについて,,,"予算,決算,補正予算",議長(葛城昌俊君),,これで、一般質問を終わります。   ◎承認第２号専決処分の承認を求めることについて （令和５年度御杖村一般会計補正予算(第１号)） ［上程、説明、予算決算委員会付託］ ,R5-6kaigiroku,8
2023,R5-6kaigiroku,◎承認第２号専決処分の承認を求めることについて,,,"予算,補正予算",議長(葛城昌俊君),,次に、日程第６承認第２号専決処分の承認を求めることについて、令和５年度 御杖村一般会計補正予算第１号を議題と致します。本案について、提案理由の説明を求めます。 伊藤村長。,R5-6kaigiroku,8
2023,R5-6kaigiroku,◎承認第２号専決処分の承認を求めることについて,,4073000,予算,村長(伊藤収宜君),,本案につきましては、一般会計の歳入歳出それぞれに５，００７万３千円を 追加し、補正後の総額を２８億１，４０７万３千円とするものでございます。内容は、新型コロナウ イルス感染症対応地方創生臨時交付金を活用したプレミアム商品券事業の増額、新型コロナウ イルスワクチン接種の令和５年春開始接種にかかる費用と、マイナンバーカードを利用した住民 票及び印鑑証明書のコンビニ交付サービス導入に係る費用を追加するも,R5-6kaigiroku,8
2023,R5-6kaigiroku,◎承認第２号専決処分の承認を求めることについて,,,"予算,決算",議長(葛城昌俊君),,質疑なしと認めます。これで総括的質疑を終わります。本案については、議会 運営委員長の報告のとおり、全員協議会で詳細な説明を受け、予算決算委員会に付託すること にしたいと思います。ご異議ありませんか。 （「異議なし」の声あり）,R5-6kaigiroku,8
2023,R5-6kaigiroku,◎承認第３号専決処分の承認を求めることについて,,,"予算,決算,補正予算",議長(葛城昌俊君),,異議なしと認めます。したがって、日程第６承認第２号専決処分の承認を求め ることについて、令和５年度御杖村一般会計補正予算第１号は、予算決算委員会に付託すること に決定しました。   ◎承認第３号専決処分の承認を求めることについて （令和５年度御杖村国民健康保険特別会計補正予算(第１号)） ［上程、説明、予算決算委員会付託］ ,R5-6kaigiroku,8
2023,R5-6kaigiroku,◎承認第３号専決処分の承認を求めることについて,,,"予算,補正予算",議長(葛城昌俊君),,次に、日程第７承認第３号専決処分の承認を求めることについて、令和５年度 御杖村国民健康保険特別会計補正予算第１号を議題と致します。本案について、提案理由の説 明を求めます。伊藤村長。,R5-6kaigiroku,8
2023,R5-6kaigiroku,◎承認第３号専決処分の承認を求めることについて,,4768000,予算,村長(伊藤収宜君),,本案につきましては、国民健康保険特別会計診療施設勘定の歳入歳出それ －９－ ぞれに３４５万１千円を追加し、補正後の総額を１億１，４７６万８千円とするものでございます。内容 は、新型コロナウイルスワクチン接種事業の令和５年春開始接種にかかる費用を追加するもので ございます。早急に予算措置が必要となったことから、去る４月３日に専決処分をしましたので、承 認をお願いするものでございます。,R5-6kaigiroku,9
2023,R5-6kaigiroku,◎承認第３号専決処分の承認を求めることについて,,,"予算,決算",議長(葛城昌俊君),,質疑なしと認めます。これで総括的質疑を終わります。本案については、議会 運営委員長の報告のとおり、全員協議会で詳細な説明を受け、予算決算委員会に付託すること にしたいと思います。ご異議ありませんか。 （「異議なし」の声あり）,R5-6kaigiroku,9
2023,R5-6kaigiroku,◎承認第４号専決処分の承認を求めることについて,,,"予算,決算,補正予算",議長(葛城昌俊君),,異議なしと認めます。したがって、日程第７承認第３号専決処分の承認を求め ることについて、令和５年度御杖村国民健康保険特別会計補正予算第１号は、予算決算委員会 に付託することに決定しました。   ◎承認第４号専決処分の承認を求めることについて （令和５年度御杖村一般会計補正予算(第２号)） ［上程、説明、予算決算委員会付託］ ,R5-6kaigiroku,9
2023,R5-6kaigiroku,◎承認第４号専決処分の承認を求めることについて,,,"予算,補正予算",議長(葛城昌俊君),,次に、日程第８承認第４号専決処分の承認を求めることについて、令和５年度 御杖村一般会計補正予算第２号を議題と致します。本案について、提案理由の説明を求めます。 伊藤村長。,R5-6kaigiroku,9
2023,R5-6kaigiroku,◎承認第４号専決処分の承認を求めることについて,,4875000,予算,村長(伊藤収宜君),,本案につきましては、一般会計の歳入歳出それぞれに８０万２千円を追加し、 補正後の総額を２８億１，４８７万５千円とするものでございます。内容は、低所得子育て世帯生活 支援特別給付金支給にかかる費用を追加するものでございます。早急に予算措置が必要となっ たことから、去る５月１日に専決処分をしましたので、承認をお願いするものでございます。,R5-6kaigiroku,9
2023,R5-6kaigiroku,◎承認第４号専決処分の承認を求めることについて,,,"予算,決算",議長(葛城昌俊君),,質疑なしと認めます。これで総括的質疑を終わります。本案については、議会 運営委員長の報告のとおり、全員協議会で詳細な説明を受け、予算決算委員会に付託すること にしたいと思います。ご異議ありませんか。 （「異議なし」の声あり）,R5-6kaigiroku,9
2023,R5-6kaigiroku,◎承認第５号専決処分の承認を求めることについて,,,"予算,決算,補正予算",議長(葛城昌俊君),,異議なしと認めます。したがって、日程第８承認第４号専決処分の承認を求め ることについて、令和５年度御杖村一般会計補正予算第２号は、予算決算委員会に付託すること に決定しました。    －10－ ◎承認第５号専決処分の承認を求めることについて （御杖村税条例の一部を改正する条例の制定について） ［上程、説明、質疑、討論、採決］ ,R5-6kaigiroku,10
2023,R5-6kaigiroku,◎承認第５号専決処分の承認を求めることについて,,2000,"取得,工事",住民生活課長(仲子雄史君),,専決処分の承認をお願いいたしますのは、御杖村税条例の一部を 改正する条例の制定についてでございます。地方税法等の一部を改正する法律及び、関係政省 令が本年３月３１日に、それぞれ公布され、４月１日から施行されることに伴い、御杖村税条例の一 部改正が必要となることから、地方自治法第１７９条第１項の規定により、３月３１日付けで専決処 分を行いましたので、同条第３項の規定により報告をし、議会の御承認をお願,R5-6kaigiroku,10
2023,R5-6kaigiroku,◎議案第２６号単身者集合住宅建設工事に伴う工事請負契約の,Construction,,"契約,工事",議長(葛城昌俊君),,ありがとうございます。全員の起立により、日程第９承認第５号専決処分の承 認を求めることについて、御杖村税条例の一部を改正する条例の制定については、原案のとおり 承認されました。   ◎議案第２６号単身者集合住宅建設工事に伴う工事請負契約の 締結について ［上程、説明、質疑、討論、採決］ ,R5-6kaigiroku,11
2023,R5-6kaigiroku,◎議案第２６号単身者集合住宅建設工事に伴う工事請負契約の,Construction,,"契約,工事",議長(葛城昌俊君),,次に、日程第１０議案第２６号単身者集合住宅整備建設工事に伴う工事請負 契約の締結についてを議題と致します。本案については、議会運営委員長の報告のとおり即決 案件と致します。本案について、提案理由の説明を求めます。伊藤村長。,R5-6kaigiroku,11
2023,R5-6kaigiroku,◎議案第２６号単身者集合住宅建設工事に伴う工事請負契約の,Village Development,,"取得,契約,財産",村長(伊藤収宜君),,本案につきましては、地方自治法第９６条第１項第５号及び議会の議決に付 すべき契約及び財産の取得又は処分に関する条例第２条の規定により、議会の議決を必要とす る契約であることから、提案するものでございます。詳細については、むらづくり振興課長より説明 を申し上げます。,R5-6kaigiroku,11
2023,R5-6kaigiroku,◎議案第２６号単身者集合住宅建設工事に伴う工事請負契約の,Construction,7180000,"取得,契約,工事,財産",むらづくり振興課長(片岡保昌君),,本年度計画しております、御杖村若者単身者用集合住宅整 備事業、単身者集合住宅建設工事につきましては、施工の提案内容とともに、事業実施方針、実 施体制、また実績等も含め、総合的に優れているかを基準として業者を選定する公募型プロポー ザル方式による随意契約として実施しました。この工事は、御杖村大字神末４１２１番地の１に、本 村に移住される単身者の方向けに集合住宅を新築するものでございます。工事概要と契,R5-6kaigiroku,12
2023,R5-6kaigiroku,◎議案第２７号桃俣地区公衆トイレ整備工事に伴う工事請負契約,Construction,,"契約,工事",議長(葛城昌俊君),,ありがとうございます。全員の起立により、日程第１０議案第２６号単身者集合 住宅建設工事に伴う工事請負契約の締結については、原案のとおり可決されました。     ◎議案第２７号桃俣地区公衆トイレ整備工事に伴う工事請負契約 の締結について ［上程、説明、質疑、討論、採決］ ,R5-6kaigiroku,12
2023,R5-6kaigiroku,◎議案第２７号桃俣地区公衆トイレ整備工事に伴う工事請負契約,,,工事,議長(葛城昌俊君),,次に、日程第１１議案第２７号桃俣地区公衆トイレ整備工事に伴う工事請負契 約の締結についてを議題と致します。本案については、議会運営委員長の報告のとおり即決案 件と致します。本案について、提案理由の説明を求めます。伊藤村長。,R5-6kaigiroku,12
2023,R5-6kaigiroku,◎議案第２７号桃俣地区公衆トイレ整備工事に伴う工事請負契約,Village Development,,"取得,契約,財産",村長(伊藤収宜君),,本案につきましては、地方自治法第９６条第１項第５号及び議会の議決に付 すべき契約及び財産の取得又は処分に関する条例第２条の規定により、議会の議決を必要とす る契約であることから、提案するものでございます。詳細については、むらづくり振興課長より説明 を申し上げます。,R5-6kaigiroku,12
2023,R5-6kaigiroku,◎議案第２７号桃俣地区公衆トイレ整備工事に伴う工事請負契約,Construction,6307000,"入札,取得,契約,工事,財産",むらづくり振興課長(片岡保昌君),,本年度計画していおります、桃俣地区公衆トイレ整備工事に つきまして、去る５月２９日に入札を実施致しました。この工事は、御杖村大字桃俣１７５番地の１に、 公衆トイレを整備するものでございます。工事概要と入札内容につきまして説明させていただきま す。工事概要につきましては、木造平屋建て延べ床面積３３.１３㎡、ここに休憩所を備えた公衆ト －13－ イレ棟で、この本体工事と、駐車場、土地造成、植栽工、雨水,R5-6kaigiroku,13
2023,R5-6kaigiroku,◎議案第２８号桃俣地区配水管布設替工事に伴う工事請負契約,,,"契約,工事",議長(葛城昌俊君),,ありがとうございます。全員の起立により、日程第１１議案第２７号桃俣地区公 衆トイレ整備工事に伴う工事請負契約の締結については、原案のとおり可決されました。     ◎議案第２８号桃俣地区配水管布設替工事に伴う工事請負契約 の締結について ［上程、説明、質疑、討論、採決］ ,R5-6kaigiroku,13
2023,R5-6kaigiroku,◎議案第２８号桃俣地区配水管布設替工事に伴う工事請負契約,,,工事,議長(葛城昌俊君),,次に、日程第１２議案第２８号桃俣地区配水管布設替工事に伴う工事請負契 約の締結についてを議題と致します。本案については、議会運営委員長の報告のとおり即決案 件と致します。本案について、提案理由の説明を求めます。伊藤村長。,R5-6kaigiroku,13
2023,R5-6kaigiroku,◎議案第２８号桃俣地区配水管布設替工事に伴う工事請負契約,,,"取得,契約,財産",村長(伊藤収宜君),,本案につきましては、地方自治法第９６条第１項第５号及び議会の議決に付 すべき契約及び財産の取得又は処分に関する条例第２条の規定により、議会の議決を必要とす る契約であることから、提案するものでございます。詳細については、住民生活課長より説明を申 し上げます。,R5-6kaigiroku,13
2023,R5-6kaigiroku,◎議案第２８号桃俣地区配水管布設替工事に伴う工事請負契約,Construction,930000,"入札,取得,契約,工事,財産",住民生活課長(仲子雄史君),,本年度計画しております桃俣地区配水管布設替工事を、去る５月 ２９日に指名競争入札を行い、奈良県宇陀郡御杖村大字土屋原４８０番地の１、中嶋建設株式会 社代表取締役中嶋敏治が５０，９３０千円で落札しました。当該工事は、御杖村大字桃俣菖蒲から 町屋までの配水管７３３ｍ分を耐震性のあるポリエチレン管に更新するものでございます。当該工 事は、議会の議決に付すべき契約及び財産の取得又は処分に関する条例第２条の,R5-6kaigiroku,14
2023,R5-6kaigiroku,◎議案第２９号神末レクリェーシュン体育館耐震改修工事に伴う,,,"契約,工事",議長(葛城昌俊君),,ありがとうございます。全員の起立により、日程第１２議案第２８号桃俣地区配 水管布設替工事に伴う工事請負契約の締結については、原案のとおり可決されました。     ◎議案第２９号神末レクリェーシュン体育館耐震改修工事に伴う 工事請負契約の締結について ［上程、説明、質疑、討論、採決］ ,R5-6kaigiroku,14
2023,R5-6kaigiroku,◎議案第２９号神末レクリェーシュン体育館耐震改修工事に伴う,,,"契約,工事",議長(葛城昌俊君),,次に、日程第１３議案第２９号神末レクリェーション体育館耐震改修工事に伴う 工事請負契約の締結についてを議題と致します。本案については、議会運営委員長の報告のと おり即決案件と致します。本案について、提案理由の説明を求めます。伊藤村長。,R5-6kaigiroku,14
2023,R5-6kaigiroku,◎議案第２９号神末レクリェーシュン体育館耐震改修工事に伴う,,,"取得,契約,財産",村長(伊藤収宜君),,本案につきましては、地方自治法第９６条第１項第５号及び議会の議決に付 すべき契約及び財産の取得又は処分に関する条例第２条の規定により、議会の議決を必要とす る契約であることから、提案するものです。詳細については、教育次長より説明を申し上げます。,R5-6kaigiroku,14
2023,R5-6kaigiroku,◎議案第２９号神末レクリェーシュン体育館耐震改修工事に伴う,Construction,61380000,"入札,契約,工事",教育委員会事務局次長(中村康幸君),,この契約につきましては、神末レクリェーション体育館耐 震改修工事を５月２９日に一般競争入札を行った結果、契約金額、税込み６１，３８０，０００円で、 宇陀市榛原福地６１０番地の１松塚建設株式会社代表取締役井上清利と工事請負契約を締結す るものです。入札の経緯につきまして、説明報告をさせていただきます。役場内の請負業者等選 －15－ 定審査会を４月２１日に開催し、入札参加の条件等を決定しました。本件工,R5-6kaigiroku,15
2023,R5-6kaigiroku,◎議案第３０号令和５年度御杖村一般会計補正予算（第３号）,,,"予算,契約,工事,決算,補正予算",議長(葛城昌俊君),,ありがとうございます。全員の起立により、日程第１３議案第２９号神末レクリェ ーション体育館耐震改修工事に伴う工事請負契約の締結については、原案のとおり可決されまし た。    ◎議案第３０号令和５年度御杖村一般会計補正予算（第３号） の議定について ［上程、説明、総括的質疑、予算決算委員会付託］ ,R5-6kaigiroku,15
2023,R5-6kaigiroku,◎議案第３０号令和５年度御杖村一般会計補正予算（第３号）,,,"予算,補正予算",議長(葛城昌俊君),,次に、日程第１４議案第３０号令和５年度御杖村一般会計補正予算第３号の議 定についてを議題と致します。本案について、提案理由の説明を求めます。伊藤村長。,R5-6kaigiroku,15
2023,R5-6kaigiroku,◎議案第３０号令和５年度御杖村一般会計補正予算（第３号）,,7875000,予算,村長(伊藤収宜君),,本案につきましては、一般会計予算の歳入歳出それぞれ３，３００万円を追加 し、補正後の総額を２８億４，７８７万５千円とするものでございます。主な内容は、電力・ガス・食料 等価格高騰緊急支援給付金事業の追加、新型コロナワクチン接種事業の令和５年秋開始接種に かかる費用の追加、東奈良名張ツーリズム・マーケティングの委託事業の追加、４月の人事異動 に伴う人件費の補正等となっております。よろしくお願い致しま,R5-6kaigiroku,15
2023,R5-6kaigiroku,◎議案第３０号令和５年度御杖村一般会計補正予算（第３号）,,,"予算,決算",議長(葛城昌俊君),,質疑なしと認めます。これで総括的質疑を終わります。本案については、議会 運営委員長の報告のとおり、全員協議会で詳細な説明を受け、予算決算委員会に付託すること にしたいと思います。ご異議ありませんか。 （「異議なし」の声あり）,R5-6kaigiroku,16
2023,R5-6kaigiroku,◎議案第３１号令和５年度御杖村国民健康保険特別会計,,,"予算,決算,補正予算",議長(葛城昌俊君),,異議なしと認めます。したがって、日程第１４議案第３０号令和５年度御杖村一 般会計補正予算第３号の議定については、予算決算委員会に付託することに決定しました。   ◎議案第３１号令和５年度御杖村国民健康保険特別会計 補正予算（第２号）の議定について ［上程、説明、総括的質疑、予算決算委員会付託］ ,R5-6kaigiroku,16
2023,R5-6kaigiroku,◎議案第３１号令和５年度御杖村国民健康保険特別会計,,,予算,議長(葛城昌俊君),,次に、日程第３１議案第３１号令和５年度御杖村国民健康保険特別会計補正 予算第２号の議定についてを議題と致します。本案について、提案理由の説明を求めます。伊藤 村長。,R5-6kaigiroku,16
2023,R5-6kaigiroku,◎議案第３１号令和５年度御杖村国民健康保険特別会計,,,"予算,決算",議長(葛城昌俊君),,質疑なしと認めます。これで総括的質疑を終わります。本案については、議会 運営委員長の報告のとおり、全員協議会で詳細な説明を受け、予算決算委員会に付託すること にしたいと思います。ご異議ありませんか。 （「異議なし」の声あり）,R5-6kaigiroku,16
2023,R5-6kaigiroku,◎同意第１号御杖村農業委員会委員の任命につき同意を求める,,,"予算,決算,補正予算",議長(葛城昌俊君),,異議なしと認めます。したがって、日程第１５議案第３１号令和５年度御杖村国 民健康保険特別会計補正予算第２号の議定についても、予算決算委員会に付託することに決定 しました。     －17－ ◎同意第１号御杖村農業委員会委員の任命につき同意を求める ことについて、同意第２号御杖村農業委員会委員の任命につき 同意を求めることについて、同意第３号御杖村農業委員会委員 の任命につき同意を求めることについて,R5-6kaigiroku,17
2023,R5-6kaigiroku,◎報告第１号令和４年度御杖村一般会計繰越明許費繰越,,,繰越,議長(葛城昌俊君),,ありがとうございます。全員の起立により、日程第２４同意第９号御杖村農業委 員会委員の任命につき同意を求めることについては、同意することに決定しました。     ◎報告第１号令和４年度御杖村一般会計繰越明許費繰越 計算書の報告について ［報告］ ,R5-6kaigiroku,20
2023,R5-6kaigiroku,◎報告第１号令和４年度御杖村一般会計繰越明許費繰越,,,繰越,議長(葛城昌俊君),,次に、日程第２５報告第１号令和４年度御杖村一般会計繰越明許費繰越計 算書の報告についてを議題と致します。本案については、議会運営委員長の報告のとおり開会 日報告と致します。本案について、提案理由の説明を求めます。伊藤村長。,R5-6kaigiroku,20
2023,R5-6kaigiroku,◎報告第１号令和４年度御杖村一般会計繰越明許費繰越,Construction,,繰越,村長(伊藤収宜君),,本件につきましては、令和４年度から繰り越しをさせていただいた４つの事業 について、地方自治法施行令第１４６条第２項の規定により繰越計算書の調整を行いましたので 報告をするものでございます。内容につきましては、産業建設課長から説明を申し上げます。 －21－,R5-6kaigiroku,21
2023,R5-6kaigiroku,◎報告第１号令和４年度御杖村一般会計繰越明許費繰越,,,"予算,繰越,補正予算",産業建設課長(古谷匡敏君),,それでは、報告第１号令和４年度御杖村一般会計繰越明許費繰 越計算書の報告についてということで、ページめくっていただきまして繰越計算書をご覧下さい。３ 月の定例会の一般会計補正予算、ご承認いただきました４つの事業について、その繰越額が確 定致しましたので、事業の進捗状況も含めて、ご報告をさせていただきます。まず、美しい森林づ くり基盤整備事業については、事業者により補助対象となる間伐事業等を現在進め,R5-6kaigiroku,21
2023,R5-6kaigiroku,◎報告第１号令和４年度御杖村一般会計繰越明許費繰越,,,繰越,議長(葛城昌俊君),,質疑なしと認めます。以上で、日程第２５報告第１号令和４年度御杖村一般会 計繰越明許費繰越計算書の報告についてを終わります。     ◎散会の宣言  ,R5-6kaigiroku,21
2023,R5-6kaigiroku,◎報告第１号令和４年度御杖村一般会計繰越明許費繰越,Village Development,,"予算,補正予算",議長(葛城昌俊君),,以上をもって、本日の日程は全て終了致しました。次回の本会議は６月１５日 木曜日、午前１０時より開くことに致します。本日は、これにて散会致します。お疲れ様でした。   （午前１０時２４分散会）     －22－ （令和５年６月１５日）     －23－ 令和５年第２回（６月）御杖村議会定例会（第２号） 令和５年６月１５日（木） 開議 午前１０時００分 ◎議事日程［審議結果］ 第１   奈良県後期高齢,R5-6kaigiroku,25
2023,R5-6kaigiroku,◎承認第２号専決処分の承認を求めることについて（令和５年,,,"予算,補正予算",議長(葛城昌俊君),,ただいまの選挙の結果につきましては、奈良県後期高齢者医療広域連合議 会議員選挙長へ報告いたします。     ◎承認第２号専決処分の承認を求めることについて（令和５年 度御杖村一般会計補正予算（第１号））、承認第３号専決処 分の承認を求めることについて（令和５年度御杖村国民健康 保険特別会計補正予算（第１号））、承認第４号専決処分の 承認を求めることについて（令和５年度御杖村一般会計補正 予算（第２,R5-6kaigiroku,26
2023,R5-6kaigiroku,◎承認第２号専決処分の承認を求めることについて（令和５年,,,"予算,決算,補正予算",議長(葛城昌俊君),,次に、日程第２承認第２号専決処分の承認を求めることについて、令和５年度 御杖村一般会計補正予算第１号、日程第２承認第３号専決処分の承認を求めることについて、令 和５年度御杖村国民健康保険特別会計補正予算第１号、日程第３承認第４号専決処分の承認を 求めることについて、令和５年度御杖村一般会計補正予算第２号の３議案につきましては、予算 決算委員会へ付託した案件でございますので、これを一括議題としたいと,R5-6kaigiroku,26
2023,R5-6kaigiroku,◎承認第２号専決処分の承認を求めることについて（令和５年,,,"予算,決算",議長(葛城昌俊君),,異議なしと認め、そのように進めさせていただきます。日程第２承認第２号、日 程第３承認第３号、日程第４承認第４号について、御杖村会議規則第４１条第１項の規定に基づ き、予算決算委員会委員長より一括して審査経過及び結果の報告をお願いします。山岡委員長。,R5-6kaigiroku,26
2023,R5-6kaigiroku,◎承認第２号専決処分の承認を求めることについて（令和５年,,,"予算,決算,補正予算",６番(山岡隆良君),,それでは、予算決算委員会を代表しまして、当委員会に付託されました、日 程第２承認第２号から日程第４承認第４号につきまして、審査の経過と結果についてご報告いたし ます。まず、審査の経緯でございますが、去る６月７日の本会議におきまして、専決処分による補 正予算３件及び補正予算２件の合計５件の案件が付託されたことにより、６月１３日に予算決算委 員会を開催いたしました。当日は、木村委員を除く委員及び村長を,R5-6kaigiroku,27
2023,R5-6kaigiroku,◎承認第２号専決処分の承認を求めることについて,,,"予算,補正予算",議長(葛城昌俊君),,質疑なしと認めます。これで質疑を終わります。    ◎承認第２号専決処分の承認を求めることについて （令和５度御杖村一般会計補正予算（第１号）） ［討論、採決］ ,R5-6kaigiroku,27
2023,R5-6kaigiroku,◎承認第２号専決処分の承認を求めることについて,,,"予算,補正予算",議長(葛城昌俊君),,続いて議案ごとに、討論及び採決を行います。まず、日程第２承認第２号専決 処分の承認を求めることについて、令和５度御杖村一般会計補正予算第１号を議題とし、討論を 行います。討論はありませんか。 （「討論なし」の声あり）,R5-6kaigiroku,27
2023,R5-6kaigiroku,◎承認第３号専決処分の承認を求めることについて,,,"予算,補正予算",議長(葛城昌俊君),,ありがとうございます。全員の起立により、日程第２承認第２号専決処分の承認 を求めることについて、令和５度御杖村一般会計補正予算第１号は、委員長の報告のとおり承認 されました。     ◎承認第３号専決処分の承認を求めることについて （令和５度御杖村国民健康保険特別会計補正予算（第１号）） ［討論、採決］ ,R5-6kaigiroku,27
2023,R5-6kaigiroku,◎承認第３号専決処分の承認を求めることについて,,,"予算,補正予算",議長(葛城昌俊君),,次に、日程第３承認第３号専決処分の承認を求めることについて、令和５年度御 －28－ 杖村国民健康保険特別会計補正予算第１号を議題とし、討論を行います。討論はありませんか。 （「討論なし」の声あり）,R5-6kaigiroku,28
2023,R5-6kaigiroku,◎承認第４号専決処分の承認を求めることについて,,,"予算,補正予算",議長(葛城昌俊君),,ありがとうございます。全員の起立により、日程第３･承認第３号専決処分の承 認を求めることについて、令和５年度御杖村国民健康保険特別会計補正予算第１号は、委員長 の報告のとおり承認されました。     ◎承認第４号専決処分の承認を求めることについて （令和５度御杖村一般会計補正予算（第２号）） ［討論、採決］ ,R5-6kaigiroku,28
2023,R5-6kaigiroku,◎承認第４号専決処分の承認を求めることについて,,,"予算,補正予算",議長(葛城昌俊君),,次に、日程第４承認第４号専決処分の承認を求めることについて、令和５年度 御杖村一般会計補正予算第２号を議題とし、討論を行います。討論はありませんか。 （「討論なし」の声あり）,R5-6kaigiroku,28
2023,R5-6kaigiroku,◎議案第３０号令和５年度御杖村一般会計補正予算第３号の,,,"予算,補正予算",議長(葛城昌俊君),,ありがとうございます。全員の起立により、日程第４･承認第４号専決処分の承 認を求めることについて、令和５年度御杖村一般会計補正予算第２号は、委員長の報告のとおり 承認されました。     ◎議案第３０号令和５年度御杖村一般会計補正予算第３号の 議定について、議案第３１号令和５年度御杖村国民健康保 険特別会計補正予算第２号の議定について ［一括上程、一括委員長報告、一括委員長質疑］ ,R5-6kaigiroku,28
2023,R5-6kaigiroku,◎議案第３０号令和５年度御杖村一般会計補正予算第３号の,,,"予算,決算,補正予算",議長(葛城昌俊君),,次に、日程第５議案第３０号令和５年度御杖村一般会計補正予算第３号の議 定について、日程第６議案第３１号令和５年度御杖村国民健康保険特別会計補正予算第２号の 議定についての２議案につきましても、予算決算委員会へ付託した案件でございますので、これ を一括議題としたいと思いますが、異議ありませんか。 （「異議なし」の声あり）,R5-6kaigiroku,28
2023,R5-6kaigiroku,◎議案第３０号令和５年度御杖村一般会計補正予算第３号の,,,"予算,決算",議長(葛城昌俊君),,異議なしと認め、そのように進めさせていただきます。日程第５議案第３０号、 日程第６議案第３１号について、御杖村会議規則第４１条第１項の規定に基づき、予算決算委員 会委員長より一括して審査経過及び結果の報告をお願いします。山岡委員長。 －29－,R5-6kaigiroku,29
2023,R5-6kaigiroku,◎議案第３０号令和５年度御杖村一般会計補正予算第３号の,,,"予算,決算,補正予算",６番(山岡隆良君),,それでは、日程第５議案第３０号及び日程第６議案第３１号の補正予算２件に つきまして、一括して、その審査結果について報告をさせていただきます。審査の経緯につきまし ては、先に報告させていただきましたとおりでございます。審査の経過でございますが、各議案ご とに提案理由及び内容について補足説明の有無を確認後、質疑及び討論と採決を行いました。 質疑では、委員より多くの質疑が行われ、村当局より答弁をいただき,R5-6kaigiroku,29
2023,R5-6kaigiroku,◎議案第３０号令和５度御杖村一般会計補正予算（第２号）,,,"予算,補正予算",議長(葛城昌俊君),,質疑なしと認めます。これで質疑を終わります。続いて議案ごとに、討論及び 採決を行います。     ◎議案第３０号令和５度御杖村一般会計補正予算（第２号） の議定について ［討論、採決］ ,R5-6kaigiroku,29
2023,R5-6kaigiroku,◎議案第３０号令和５度御杖村一般会計補正予算（第２号）,,,"予算,補正予算",議長(葛城昌俊君),,まず、日程第５議案第３０号令和５度御杖村一般会計補正予算第３号の議定 についてを議題とし、討論を行います。討論はありませんか。 （「討論なし」の声あり）,R5-6kaigiroku,29
2023,R5-6kaigiroku,◎議案第３１号令和５度御杖村国民健康保険特別会計補正,,,"予算,補正予算",議長(葛城昌俊君),,ありがとうございます。全員の起立により、日程第５議案第３０号令和５度御杖 村一般会計補正予算第３号の議定については、委員長の報告のとおり可決されました。     ◎議案第３１号令和５度御杖村国民健康保険特別会計補正 予算（第２号）の議定について ［討論、採決］ ,R5-6kaigiroku,29
2023,R5-6kaigiroku,◎発委第３号閉会中の継続調査申出について（議会運営委員会）,,,"予算,補正予算",議長(葛城昌俊君),,ありがとうございます。全員の起立により、日程第６議案第３１号令和５年度御 杖村国民健康保険特別会計補正予算第２号の議定については、委員長の報告のとおり可決され ました。     ◎発委第３号閉会中の継続調査申出について（議会運営委員会） ［上程、採決］ ,R5-6kaigiroku,30
2023,R5-9kaigiroku,◎発委第６号閉会中の継続調査申出について（むらづくり委員会）,Education,,"予算,契約,決算,補正予算",委員長(松岡一生君),,それでは、８月２４日に開催いたしました議会運営委員会の会議結果につい て、報告をいたします。当日は、木村委員が病気療養のため欠席でありましたが、 御杖村議会委 員会条例第１２条の規定による定足数に達していたことから、令和５年第３回９月定例会の運営に ついて 協議を行いました。まず、会期及び会期中の日程について協議を行い、会期を ９月７日 から１５日までの９日間とし、会期中の日程については、９月７日,R5-9kaigiroku,4
2023,R5-9kaigiroku,◎発委第６号閉会中の継続調査申出について（むらづくり委員会）,,,工事,１番(張間裕子君),,ただいま、議長の許可を得ましたので、令和５年宇陀衛生一部事務組合議会 第１回臨時会の報告をさせていただきます。去る７月１１日午前９時３０分より、令和５年宇陀衛生 一部事務組合議会第１回臨時会が宇陀市人権交流センターに於いて、開催されました。 出席し た組合議会議員は１４名で、本村からは山岡議員とわたくし張間が出席いたしました。管理者であ る宇陀市金剛市長より収集の挨拶の後、日程に基づき、議事録署名,R5-9kaigiroku,4
2023,R5-9kaigiroku,◎発委第６号閉会中の継続調査申出について（むらづくり委員会）,,8720000,"予算,決算,補正予算",村長(伊藤収宜君),,９月定例会の開会にあたりまして、行政報告をさせていただきます。先ず、新型 コロナウイルスの全国の感染状況は、１つの医療機関当たりの患者数が緩やかな増加傾向となって いることが報道されております。このようなことから、新型コロナワクチン接種の本村における状況に ついてでございますが、６５歳以上の方および基礎疾患をお持ちの方等を対象にしました令和５年 春接種につきましては、８月末現在、接種を受けられた方,R5-9kaigiroku,7
2023,R5-9kaigiroku,◎発委第６号閉会中の継続調査申出について（むらづくり委員会）,,,予算,村長(伊藤収宜君),,山岡議員のご質問にお答えさせていただきます。山岡議員からご質問のあり ました米の直接支払交付金については米の生産農家への支援として、担い手加算交付金につい ては、ほうれん草など村の振興作物を栽培する認定農業者の支援として、それぞれ従前の国の制 度を村単独事業として引き継ぎ、令和元年度から５年間の期限付きで制度化したものです。いず －８－ れも農家の経営安定及び遊休農地、耕作放棄地の発生防止、さらに,R5-9kaigiroku,8
2023,R5-9kaigiroku,◎発委第６号閉会中の継続調査申出について（むらづくり委員会）,,,予算,６番(山岡隆良君),,それでは、２点目の質問をさせていただきます。新型コロナワクチン XBB.１.５に 対応したワクチンの接種が９月２０日から令和６年３月３１日までの間、自己負担なく国費で実施され ます。直近の定点観測によるコロナ新規患者報告数は６月２６日から７月２日まで、２６週７．２４人で あったものが、２７週では９．１４人、２８週では１１．０４人、２９週では１３．９１人、７月２４日から７月３０ 日、３０週では、１５,R5-9kaigiroku,9
2023,R5-9kaigiroku,◎発委第６号閉会中の継続調査申出について（むらづくり委員会）,,,"予算,補助金",１番(張間裕子君),,ただいま、議長の許可を得ましたので私から入学支度金の支援について一般 質問をさせて頂きます。令和３年１２月の定例会、令和５年の全員協議会と二度にわたり、子育て 支援策として通学補助金について質問をさせていただきました。村長は令和３年１２月の定例会で は、かつて廃止になった状況や現在の通学の実態を再確認し検討したいと述べられ、令和５年１ 月の全員協議会では先に一般質問した通学補助金のその後の経過につ,R5-9kaigiroku,11
2023,R5-9kaigiroku,◎発委第６号閉会中の継続調査申出について（むらづくり委員会）,,,"予算,補助金",村長(伊藤収宜君),,近年、全国的に少子化が進む状況への対応といたしまして、国や県におきま しても様々な子育て支援策が実施・検討されています。本村におきましても、これまでに保育料や 給食費、医療費の無料化をはじめ、児童一時預かり事業、グローバル人材育成塾などの様々な 子育て環境の充実に取り組んでまいりました。高校や大学への入学時には多くの費用を要するこ とは承知いたしておりますが、現在、高校生には国の制度として高等学校,R5-9kaigiroku,11
2023,R5-9kaigiroku,◎承認第６号専決処分の承認を求めることについて,,,"予算,補正予算",議長(葛城昌俊君),,異議なしと認めます。したがって、ただいま指名致しました御杖村選挙管理委 員会の委員に、今西隆雄さん、森本敏昭さん、西俣隆太郎さん、岡田啓子さん、御杖村選挙管理 委員会の補充員に、中村光さん、元橋徳江さん、髙山栄子さん、山本和美さんが当選されました ので、御杖村議会会議規則第３３条第２項の規定により、当選の告知を致します。  ◎承認第６号専決処分の承認を求めることについて （令和５年度御杖村一般会計,R5-9kaigiroku,12
2023,R5-9kaigiroku,◎承認第６号専決処分の承認を求めることについて,,,"予算,補正予算",議長(葛城昌俊君),,次に、日程第７承認第６号専決処分の承認を求めることについて、令和５年度 －13－ 御杖村一般会計補正予算第４号を議題と致します。本案について、提案理由の説明を求めます。 伊藤村長。,R5-9kaigiroku,13
2023,R5-9kaigiroku,◎承認第６号専決処分の承認を求めることについて,,,"予算,決算",議長(葛城昌俊君),,質疑なしと認めます。これで総括的質疑を終わります。本案については、議会 運営委員長の報告のとおり、全員協議会で詳細な説明を受け、予算決算委員会に付託すること にしたいと思います。ご異議ありませんか。 （「異議なし」の声あり）,R5-9kaigiroku,13
2023,R5-9kaigiroku,◎議案第３２号御杖村簡易水道事業の設置等に関する,Water/Sewer,,"予算,決算,補正予算",議長(葛城昌俊君),,異議なしと認めます。したがって、日程第７承認第６号専決処分の承認を求め ることについて、令和５年度御杖村一般会計補正予算第４号は、予算決算委員会に付託すること に決定しました。  ◎議案第３２号御杖村簡易水道事業の設置等に関する 条例の制定について ［上程、説明、質疑、討論、採決］ ,R5-9kaigiroku,13
2023,R5-9kaigiroku,◎議案第３２号御杖村簡易水道事業の設置等に関する,Water/Sewer,,"取得,契約,財産",住民生活課長(仲子雄史君),,はい、議長。それでは、議案第３２号御杖村簡易水道事業の設置等 に関する条例の制定について、説明させていただきます。 現在、人口減少社会に入り、国、地方 の財政状況が厳しさを増す一方で、施設の大量更新時代を迎え、維持管理、更新に多額の費用 を要する状況となっております。施設の更新のための費用把握、財源を確保するなど経営基盤を 整備し、地方公営企業の提供する住民サービスを安定的に供給するためには、経営,R5-9kaigiroku,14
2023,R5-9kaigiroku,◎議案第３３号地方公営企業法適用に伴う関係条例の整備に,Water/Sewer,,基金,住民生活課長(仲子雄史君),,はい、議長。それでは、議案第３３号地方公営企業法適用に伴う関 係条例の整備に関する条例の制定について、説明させていただきます。先程の議案３２号御杖村 簡易水道事業の設置等に関する条例の制定と同様、令和６年度から本村の簡易水道事業につき まして、地方公営企業法の財務適用を受けるにあたり、必要となる関係条例の改正及び廃止とな っております。第１条が御杖村簡易水道事業財政調整基金の設置、管理及び処分に関,R5-9kaigiroku,15
2023,R5-9kaigiroku,◎議案第３４号スクールバス購入契約の締結について,,,契約,議長(葛城昌俊君),,休憩前に引き続き、会議を再開いたします。  ◎議案第３４号スクールバス購入契約の締結について ［上程、説明、質疑、討論、採決］ ,R5-9kaigiroku,15
2023,R5-9kaigiroku,◎議案第３４号スクールバス購入契約の締結について,,,契約,議長(葛城昌俊君),,次に、日程第１０議案第３４号スクールバス購入契約の締結についてを議題と 致します。本案については、議会運営委員長の報告のとおり即決案件と致します。本案について、 提案理由の説明を求めます。伊藤村長。,R5-9kaigiroku,15
2023,R5-9kaigiroku,◎議案第３４号スクールバス購入契約の締結について,Education,,"取得,契約,財産",村長(伊藤収宜君),,本案につきましては、地方自治法第９６条第１項第８号及び議会の議決に付す べき契約及び財産の取得又は処分に関する条例第３条の規定により、議会の議決を必要とする 契約であることから、提案するものでございます。詳細については、教育委員会次長より説明申し 上げます。,R5-9kaigiroku,16
2023,R5-9kaigiroku,◎議案第３４号スクールバス購入契約の締結について,,80000,"入札,契約",教育委員会事務局次長(中村康幸君),,はい、議長。現在運行しております大きい方の赤いスクー ルバスは、今年で２３年目の使用となり、老朽化が著しく更新時期を迎えております。この車輌を更 新するために、スクールバス購入について８月３１日に一般競争入札を行った結果、契約金額（税 込み）１千７百３拾８万円で、奈良県磯城郡川西町大字唐院１８番地の１、奈良日野自動車株式会 社代表取締役今井雅章と、物品売買契約を締結するものです。入札の経緯につきま,R5-9kaigiroku,16
2023,R5-9kaigiroku,◎議案第３５号御杖村過疎地域持続的発展計画の変更について,,,契約,議長(葛城昌俊君),,ありがとうございます。全員の起立により、日程第１０議案第３４号スクールバス 購入契約の締結については、原案のとおり可決されました。   ◎議案第３５号御杖村過疎地域持続的発展計画の変更について ［上程、説明、質疑、討論、採決］ ,R5-9kaigiroku,16
2023,R5-9kaigiroku,◎議案第３５号御杖村過疎地域持続的発展計画の変更について,General Affairs,,予算,村長(伊藤収宜君),,本案につきましては、本年度の当初予算に計上し議決をいただきました事業 の内、過疎対策事業債の充当を予定している事業につきまして、奈良県との事前協議を終えまし －17－ たので、それに伴い必要となる過疎地域持続的発展計画の変更について議決をお願いするもの でございます。詳細につきましては、総務課長より申し上げます。,R5-9kaigiroku,17
2023,R5-9kaigiroku,◎議案第３５号御杖村過疎地域持続的発展計画の変更について,,,予算,総務課長(今井智君),,はい、議長。過疎地域持続的発展計画の変更をご覧下さい。ページ左側 の変更前、村外からの移住促進に取り組むため、空き家バンクの運用や空き家の支援を行うと本 文に記載しておりましたが、この続きに、変更後をご覧下さい。本年度当初予算に計上し、議決い ただきました単身者集合住宅整備事業につきまして、過疎対策事業債の充当を行うため、過疎地 域持続的発展計画の本文に、現在の公営住宅の入居の状況及び単身者集合住,R5-9kaigiroku,17
2023,R5-9kaigiroku,◎議案第３６号令和５年度御杖村一般会計補正予算（第５号）,,,"予算,決算,補正予算",議長(葛城昌俊君),,ありがとうございます。全員の起立により、日程第１１議案第３５号御杖村過疎 地域持続的発展計画の変更については、原案のとおり可決されました。   ◎議案第３６号令和５年度御杖村一般会計補正予算（第５号） の議定について ［上程、説明、総括的質疑、予算決算委員会付託］ ,R5-9kaigiroku,17
2023,R5-9kaigiroku,◎議案第３６号令和５年度御杖村一般会計補正予算（第５号）,,,"予算,補正予算",議長(葛城昌俊君),,次に、日程第１２議案第３６号令和５年度御杖村一般会計補正予算第５号の 議定についてを議題と致します。本案について、提案理由の説明を求めます。伊藤村長。,R5-9kaigiroku,17
2023,R5-9kaigiroku,◎議案第３６号令和５年度御杖村一般会計補正予算（第５号）,Welfare,26000,"基金,決算,繰越,補助金",村長(伊藤収宜君),,本案につきましては、歳入歳出それぞれに５千３百９拾２万６千円を追加し補 正後の総額を２９億１千百６拾万１千円とするものでございます。主な内容ですが、歳入では、令 和４年度の決算収支に合わせ繰越金の増額補正を行い、歳出においては、基金積立金の増額と、 障害者福祉等の過年度交付の国庫補助金及び県支出金の精算による返還の必要が生じたため 所要額を計上するものでございます。ご審議の程、よろしくお願いします,R5-9kaigiroku,17
2023,R5-9kaigiroku,◎議案第３６号令和５年度御杖村一般会計補正予算（第５号）,,,"予算,決算",議長(葛城昌俊君),,質疑なしと認めます。これで総括的質疑を終わります。本案については、議会 運営委員長の報告のとおり、全員協議会で詳細な説明を受け、予算決算委員会に付託すること  －18－ にしたいと思います。ご異議ありませんか。 （「異議なし」の声あり）,R5-9kaigiroku,18
2023,R5-9kaigiroku,◎議案第３７号令和５年度御杖村国民健康保険特別会計,,,"予算,決算,補正予算",議長(葛城昌俊君),,異議なしと認めます。したがって、日程第１２議案第３６号令和５年度御杖村一 般会計補正予算第５号の議定については、予算決算委員会に付託することに決定しました。   ◎議案第３７号令和５年度御杖村国民健康保険特別会計 補正予算（第３号）の議定について ［上程、説明、総括的質疑、予算決算委員会付託］ ,R5-9kaigiroku,18
2023,R5-9kaigiroku,◎議案第３７号令和５年度御杖村国民健康保険特別会計,,,予算,議長(葛城昌俊君),,次に、日程第１３議案第３７号令和５年度御杖村国民健康保健特別会計補正 予算第３号の議定についてを議題と致します。本案について、提案理由の説明を求めます。伊藤 村長。,R5-9kaigiroku,18
2023,R5-9kaigiroku,◎議案第３７号令和５年度御杖村国民健康保険特別会計,,,"予算,決算",議長(葛城昌俊君),,質疑なしと認めます。これで総括的質疑を終わります。本案については、議会 運営委員長の報告のとおり、全員協議会で詳細な説明を受け、予算決算委員会に付託すること にしたいと思います。ご異議ありませんか。 （「異議なし」の声あり）,R5-9kaigiroku,18
2023,R5-9kaigiroku,◎議案第３８号令和５年度御杖村介護保険特別会計補正,,,"予算,決算,補正予算",議長(葛城昌俊君),,異議なしと認めます。したがって、日程第１３議案第３７号令和５年度御杖村国 民健康保険特別会計補正予算第３号の議定については、予算決算委員会に付託することに決定 しました。   ◎議案第３８号令和５年度御杖村介護保険特別会計補正 予算（第１号）の議定について ［上程、説明、総括的質疑、予算決算委員会付託］ ,R5-9kaigiroku,18
2023,R5-9kaigiroku,◎議案第３８号令和５年度御杖村介護保険特別会計補正,,,"予算,補正予算",議長(葛城昌俊君),,次に、日程第１４議案第３８号令和５年度御杖村介護保険特別会計補正予算 第１号の議定についてを議題と致します。本案について、提案理由の説明を求めます。伊藤村長。,R5-9kaigiroku,18
2023,R5-9kaigiroku,◎議案第３８号令和５年度御杖村介護保険特別会計補正,,5000,"決算,繰越,補助金",村長(伊藤収宜君),,本案につきましては、歳入歳出それぞれに５千百万５千円を追加し、補正後の －19－ 総額を４億９千百３拾万３千円とするものでございます。主な内容ですが、歳入では、令和４年度 の決算収支に伴う繰越金の増額を行い、歳出では、介護給付に係る前年度補助金の精算より返 還の必要が生じたため、所要額を計上するものでございます。ご審議の程、よろしくお願いします。,R5-9kaigiroku,19
2023,R5-9kaigiroku,◎議案第３８号令和５年度御杖村介護保険特別会計補正,,,"予算,決算",議長(葛城昌俊君),,質疑なしと認めます。これで総括的質疑を終わります。本案については、議会 運営委員長の報告のとおり、全員協議会で詳細な説明を受け、予算決算委員会に付託すること にしたいと思います。ご異議ありませんか。 （「異議なし」の声あり）,R5-9kaigiroku,19
2023,R5-9kaigiroku,◎認定第１号令和４年度御杖村一般会計歳入歳出決算の認定,Water/Sewer,,"予算,決算,補正予算",議長(葛城昌俊君),,異議なしと認めます。したがって、日程第１４議案第３８号令和５年度御杖村介 護保険特別会計補正予算第１号の議定については、予算決算委員会に付託することに決定しま した。   ◎認定第１号令和４年度御杖村一般会計歳入歳出決算の認定 について、認定第２号令和４年度御杖村簡易水道事業特別会 計歳入歳出決算の認定について、認定第３号令和４年度御杖 村国民健康保険特別会計歳入歳出決算の認定について、認 定第４,R5-9kaigiroku,19
2023,R5-9kaigiroku,◎認定第１号令和４年度御杖村一般会計歳入歳出決算の認定,Water/Sewer,,決算,議長(葛城昌俊君),,次に、日程第１５認定第１号令和４年度御杖村一般会計歳入歳出決算の認定 について、日程第１６認定第２号令和４年度御杖村簡易水道事業特別会計歳入歳出決算の認定 について、日程第１７認定第３号令和４年度御杖村国民健康保険特別会計歳入歳出決算の認定 について、日程第１８認定第４号令和４年度御杖村介護保険特別会計歳入歳出決算の認定につ いて、日程第１９認定第５号令和４年度御杖村後期高齢者医療特別会計歳入歳出,R5-9kaigiroku,19
2023,R5-9kaigiroku,◎認定第１号令和４年度御杖村一般会計歳入歳出決算の認定,,4,決算,村長(伊藤収宜君),,本案につきましては、地方自治法第２３３条の規定により、令和４年度の御杖 村一般会計歳入歳出決算について認定をお願いするものでございます。決算の額でございます が、歳入総額２７億１千７百８拾８万８千９百８拾４円、歳出総額２５億４千８拾万７千百３拾４円、差 引額１億７千７百８万１千８百５拾円で、翌年度へ繰り越すべき財源を除いた実質収支額は１億７ 千百７拾６万４千８百５拾円となりました。内容については、,R5-9kaigiroku,19
2023,R5-9kaigiroku,◎認定第１号令和４年度御杖村一般会計歳入歳出決算の認定,Construction,8057000,"予算,基金,工事,決算,繰越,補助金,財産",会計管理者(松本慶一君),,はい。失礼します。令和４年度一般会計決算について、本日提案を致 －20－ しました概要につきまして、決算の内容に関する説明書をお配りさせて頂いておりますので、こち らに基づきまして概要をご説明致します。１枚めくって頂きまして、１ページをご覧下さい。１、一般 会計決算の概要。予算の執行にあたって、計上した歳入については財源の確保に努め、歳出に ついては経費の節減と執行の効率化に努めた結果、令和４年度,R5-9kaigiroku,22
2023,R5-9kaigiroku,◎認定第１号令和４年度御杖村一般会計歳入歳出決算の認定,,,決算,議長(葛城昌俊君),,次に、特別会計決算を一括して、説明を求めます。伊藤村長。,R5-9kaigiroku,22
2023,R5-9kaigiroku,◎認定第１号令和４年度御杖村一般会計歳入歳出決算の認定,Water/Sewer,,決算,村長(伊藤収宜君),,本案につきましては、地方自治法第２３３条の規定により、簡易水道事業特別 会計、国民健康保険特別会計、介護保険特別会計、後期高齢者医療特別会計、以上４会計の 令和４年度歳入歳出決算ついて、認定をお願いするものでございます。それぞれの決算概要に ついては、会計管理者が説明を申し上げます。,R5-9kaigiroku,22
2023,R5-9kaigiroku,◎認定第１号令和４年度御杖村一般会計歳入歳出決算の認定,Construction,338000,決算,会計管理者(松本慶一君),,はい。失礼します。令和４年度特別会計決算につきまして、決算の内 容に関する説明書１２ページをご覧下さい。第１１表のとおり、特別会計決算の状況でございま す。 簡易水道事業特別会計は、歳入総額１億２千７百拾１万２千円、歳出総額１億２千６百拾３３ 万８千円、収支差引額は、９拾７万４千円となりました。前年度との比較では、歳出において、配水 管更新事業費は減額となりましたが、非常用発電機の設置費用及び水道,R5-9kaigiroku,23
2023,R5-9kaigiroku,◎認定第１号令和４年度御杖村一般会計歳入歳出決算の認定,,,決算,議長(葛城昌俊君),,ここで、令和４年度一般会計及び特別会計の決算について、監査委員に決算 審査の意見を求めます。山岡監査委員。,R5-9kaigiroku,23
2023,R5-9kaigiroku,◎認定第１号令和４年度御杖村一般会計歳入歳出決算の認定,,,決算,６番(山岡隆良君),,お手元の令和４年度御杖村一般会計、特別会計の決算審査意見書をご覧い ただきたいと思います。この決算審査につきましては、去る８月２３日に、片桐監査委員とともに審 査を実施させて頂きました。決算審査意見書の各諸表の朗読は省略させていただき、７ページの 決算審査結論の朗読をもって報告に代えさせて頂きたいと思います。令和４年度決算審査結論。 地方公共団体の財政の健全化に関する法律の施行に基づき、本村の令和,R5-9kaigiroku,23
2023,R5-9kaigiroku,◎認定第１号令和４年度御杖村一般会計歳入歳出決算の認定,,,決算,議長(葛城昌俊君),,山岡監査委員ありがとうございました。ただ今、当局よりの説明と、監査委員よ り決算審査に係る意見をいただきました。これから決算５議案について一括して、統括的質疑を 行います。質疑はございませんか。 （「質疑なし」の声あり）,R5-9kaigiroku,23
2023,R5-9kaigiroku,◎認定第１号令和４年度御杖村一般会計歳入歳出決算の認定,,,"予算,決算",議長(葛城昌俊君),,質疑なしと認めます。これで質疑を終わります。各会計決算の認定議案につ いても、議会運営委員会の報告のとおり、全員協議会で詳細な説明を受け、一括して予算決算委 員会に付託することにしたいと思います。ご異議ありませんか。 （「異議なし」の声あり）,R5-9kaigiroku,23
2023,R5-9kaigiroku,◎同意第１０号御杖村固定資産評価審査委員会の委員選任,,,"予算,決算",議長(葛城昌俊君),,異議なしと認めます。したがって、日程第１５認定第１号から日程第１９認定第 ５号までの令和４年度における一般会計歳入歳出決算及び各特別会計歳入歳出決算の認定に ついては、予算決算委員会に付託することに決定しました。    －24－ ◎同意第１０号御杖村固定資産評価審査委員会の委員選任 につき同意を求めることについて ［上程、説明、採決］ ,R5-9kaigiroku,24
2023,R5-9kaigiroku,◎報告第３号令和４年度御杖村教育委員会の権限に属する事務,Education,,工事,教育長(鈴木泰弘君),,失礼致します。令和４年度御杖村教育委員会の権限に属する事務の管理 及び執行の状況について、地方教育行政の組織及び運営に関する法律第２６条の規定により教 育委員による点検・評価を行った内容について、結果を提出しそして報告をさせていただきます。 なお、お手元の報告書の評価基準については、表紙の裏面にありますＡＢＣＤの４段階による評 価にとなっております。教育委員会では、第４次御杖村長期総合計画に基づい,R5-9kaigiroku,27
2023,R5-9kaigiroku,◎報告第３号令和４年度御杖村教育委員会の権限に属する事務,Village Development,,"予算,決算,補正予算",議長(葛城昌俊君),,以上をもって、本日の日程は全て終了致しました。次回の本会議は９月１５日 金曜日午前１０時より開くことに致します。本日は、これにて散会致します。お疲れ様でした。   （午後１２時０４分散会）    －28－ （令和５年９月１５日）     －29－ 令和５年第３回（９月）御杖村議会定例会（第２号） 令和５年９月１５日（金） 開議 午前１０時００分 ◎議事日程［審議結果］ 第１   会議録署名議員の指,R5-9kaigiroku,31
2023,R5-9kaigiroku,◎承認第６号専決処分の承認を求めることについて,,,"予算,補正予算",議長(葛城昌俊君),,日程第１会議録署名議員の指名を行います。本日、会議録署名議員廣口議員 の欠席に伴い、会議録署名議員が欠けましたので、本日より閉会までの会議録署名議員の指名を 行います。御杖村議会会議規則第１２７条の規定に基づき、４番古川芳明君を指名します。   ◎承認第６号専決処分の承認を求めることについて （令和５年度御杖村一般会計補正予算(第４号)） ［上程、委員長報告、委員長質疑、討論、採決］ ,R5-9kaigiroku,31
2023,R5-9kaigiroku,◎承認第６号専決処分の承認を求めることについて,,,"予算,決算,補正予算",議長(葛城昌俊君),,日程第２､承認第６号専決処分の承認を求めることについて、令和５年度御杖 村一般会計補正予算第４号を議題とします。本案につきましては、予算決算委員会へ付託した案 件でございます。御杖村会議規則第４１条第１項の規定に基づき、委員長から審査経過及び結果 の報告をお願いします。山岡委員長。,R5-9kaigiroku,31
2023,R5-9kaigiroku,◎承認第６号専決処分の承認を求めることについて,,,"予算,決算,補正予算",６番(山岡隆良君),,予算決算委員会を代表しまして、当委員会に付託されました、承認第６号につ きまして、その審査の経過と結果についてご報告いたします。まず、審査の経緯でございますが、 去る９月７日の本会議におきまして、専決処分による補正予算１件及び補正予算３件、決算認定５ 件の合計９件の案件が付託されたことにより、９月１２日に予算決算委員会を開催いたしました。当 日は、木村委員を除く委員及び村長をはじめ各部局の所属長出,R5-9kaigiroku,31
2023,R5-9kaigiroku,◎議案第３６号令和５年度御杖村一般会計補正予算(第５号)の議,,,"予算,補正予算",議長(葛城昌俊君),,ありがとうございます。全員の起立により、日程第２､承認第６号専決処分の承 認を求めることについて、令和５年度御杖村一般会計補正予算第４号は、委員長の報告のとおり 承認されました。   ◎議案第３６号令和５年度御杖村一般会計補正予算(第５号)の議 定について、議案第３７号令和５年度御杖村国民健康保険特別 会計補正予算(第３号)の議定について、議案第３８号令和５年度 御杖村介護保険特別会計補正予算(第,R5-9kaigiroku,32
2023,R5-9kaigiroku,◎議案第３６号令和５年度御杖村一般会計補正予算(第５号)の議,,,"予算,決算,補正予算",議長(葛城昌俊君),,次に、日程第３､議案３６号令和５年度御杖村一般会計補正予算第５号の議定 について、日程第４､議案第３７号令和４年度御杖村国民健康保険特別会計補正予算第３号の議 定について、日程第５､議案第３８号令和５年度御杖村介護保険特別会計補正予算第１号の議定 について以上の３議案につきましても、予算決算委員会へ付託した案件でございますので、これ を一括議題としたいと思いますが、異議ありませんか。 （「異議なし,R5-9kaigiroku,32
2023,R5-9kaigiroku,◎議案第３６号令和５年度御杖村一般会計補正予算(第５号)の議,,,"予算,決算",議長(葛城昌俊君),,異議なしと認め、そのように進めさせていただきます。日程第３議案第３６号、 日程第４議案第３７号、日程第５議案第３８号について、御杖村会議規則第４１条第１項の規定に 基づき、予算決算委員会委員長より一括して審査経過及び結果の報告をお願いします。山岡委 員長。,R5-9kaigiroku,32
2023,R5-9kaigiroku,◎議案第３６号令和５年度御杖村一般会計補正予算(第５号)の議,,,"予算,補正予算",議長(葛城昌俊君),,質疑なしと認めます。これで質疑を終わります。   ◎議案第３６号令和５年度御杖村一般会計補正予算(第５号)の議 定について ［討論、採決］ ,R5-9kaigiroku,32
2023,R5-9kaigiroku,◎議案第３６号令和５年度御杖村一般会計補正予算(第５号)の議,,,"予算,補正予算",議長(葛城昌俊君),,続いて議案ごとに、討論及び採決を行います。先ず、日程第３､議案第３６号 －33－ 令和５年度御杖村一般会計補正予算第５号の議定についてを議題とし、討論を行います。討論は ありませんか。 （「討論なし」の声あり）,R5-9kaigiroku,33
2023,R5-9kaigiroku,◎議案第３７号令和５年度御杖村国民健康保険特別会計,,,"予算,補正予算",議長(葛城昌俊君),,ありがとうございます。全員の起立により、日程第３､議案第３６号令和５年度御 杖村一般会計補正予算第５号の議定については、委員長の報告のとおり可決されました。   ◎議案第３７号令和５年度御杖村国民健康保険特別会計 補正予算(第３号)の議定について ［討論、採決］ ,R5-9kaigiroku,33
2023,R5-9kaigiroku,◎議案第３７号令和５年度御杖村国民健康保険特別会計,,,予算,議長(葛城昌俊君),,次に、日程第４､議案第３７号令和５年度御杖村国民健康保険特別会計補正 予算第３号の議定についてを議題とし、討論を行います。討論はありませんか。 （「討論なし」の声あり）,R5-9kaigiroku,33
2023,R5-9kaigiroku,◎議案第３８号令和５年度御杖村介護保険特別会計補正,,,"予算,補正予算",議長(葛城昌俊君),,ありがとうございます。全員の起立により、日程第４､議案第３７号令和５年度御 杖村国民健康保険特別会計補正予算第３号の議定については、委員長の報告のとおり可決され ました。   ◎議案第３８号令和５年度御杖村介護保険特別会計補正 予算(第１号)の議定について ［討論、採決］ ,R5-9kaigiroku,33
2023,R5-9kaigiroku,◎議案第３８号令和５年度御杖村介護保険特別会計補正,,,"予算,補正予算",議長(葛城昌俊君),,次に、日程第５､議案第３８号令和５年度御杖村介護保険特別会計補正予算 第１号の議定についてを議題とし、討論を行います。討論はありませんか。 （「討論なし」の声あり）,R5-9kaigiroku,33
2023,R5-9kaigiroku,◎認定第１号令和４年度御杖村一般会計歳入歳出決算の,Water/Sewer,,"予算,決算,補正予算",議長(葛城昌俊君),,ありがとうございます。全員の起立により、日程第５､議案第３８号令和５年度御 杖村介護保険特別会計補正予算第１号の議定については、委員長の報告のとおり可決されまし た。 －34－ ◎認定第１号令和４年度御杖村一般会計歳入歳出決算の 認定について、認定第２号令和４年度御杖村簡易水道 事業特別会計歳入歳出決算の認定について、認定第３号 令和４年度御杖村国民健康保険特別会計歳入歳出決算 の認定について、認,R5-9kaigiroku,34
2023,R5-9kaigiroku,◎認定第１号令和４年度御杖村一般会計歳入歳出決算の,Water/Sewer,,"予算,決算",議長(葛城昌俊君),,次に、日程第６､認定第１号令和４年度御杖村一般会計歳入歳出決算の認定 について、日程第７､認定第２号令和４年度御杖村簡易水道事業特別会計歳入歳出決算の認定 について、日程第８､認定第３号令和４年度御杖村国民健康保険特別会計歳入歳出決算の認定 について、日程第９､認定第４号令和４年度御杖村介護保険特別会計歳入歳出決算の認定につ いて、日程第１０､認定第５号令和４年度御杖村後期高齢者医療特別会計歳入歳,R5-9kaigiroku,34
2023,R5-9kaigiroku,◎認定第１号令和４年度御杖村一般会計歳入歳出決算の,,,"予算,決算",６番(山岡隆良君),,それでは、認定第１号から認定第５号の各会計歳入歳出決算認定の５件につ きまして、一括して、その審査結果について報告をさせていただきます。審査の経緯につきまして は、先に報告させていただきましたとおりでございます。審査の経過でございますが、全５会計を 一括議題とし、質疑を行いました。委員より多くの質疑が行われ、村当局より答弁をいただきました が、内容については各議員出席の委員会ですので、割愛をさせて,R5-9kaigiroku,34
2023,R5-9kaigiroku,◎認定第１号令和４年度御杖村一般会計歳入歳出決算の,,,決算,議長(葛城昌俊君),,質疑なしと認めます。これで質疑を終わります。   ◎認定第１号令和４年度御杖村一般会計歳入歳出決算の 認定について ［討論、採決］ ,R5-9kaigiroku,34
2023,R5-9kaigiroku,◎認定第１号令和４年度御杖村一般会計歳入歳出決算の,,,決算,議長(葛城昌俊君),,続いて議案ごとに、討論及び採決を行います。先ず、日程第６､認定第１号令 和４年度御杖村一般会計歳入歳出決算の認定についてを議題とし、討論を行います。討論はあり ませんか。 －35－ （「討論なし」の声あり）,R5-9kaigiroku,35
2023,R5-9kaigiroku,◎認定第２号令和４年度御杖村簡易水道事業特別会計,Water/Sewer,,決算,議長(葛城昌俊君),,ありがとうございます。全員の起立により、日程第６､認定第１号令和４年度御 杖村一般会計歳入歳出決算の認定については、委員長の報告のとおり認定されました。   ◎認定第２号令和４年度御杖村簡易水道事業特別会計 歳入歳出決算の認定について ［討論、採決］ ,R5-9kaigiroku,35
2023,R5-9kaigiroku,◎認定第２号令和４年度御杖村簡易水道事業特別会計,Water/Sewer,,決算,議長(葛城昌俊君),,次に、日程第７､認定第２号令和４年度御杖村簡易水道事業特別会計歳入歳 出決算の認定についてを議題とし、討論を行います。討論はありませんか。 （「討論なし」の声あり）,R5-9kaigiroku,35
2023,R5-9kaigiroku,◎認定第３号令和４年度御杖村国民健康保険特別会計,Water/Sewer,,決算,議長(葛城昌俊君),,ありがとうございます。全員の起立により、日程第７､認定第２号令和４年度御 杖村簡易水道事業特別会計歳入歳出決算の認定については、委員長の報告のとおり認定されま した。   ◎認定第３号令和４年度御杖村国民健康保険特別会計 歳入歳出決算の認定について ［討論、採決］ ,R5-9kaigiroku,35
2023,R5-9kaigiroku,◎認定第３号令和４年度御杖村国民健康保険特別会計,,,決算,議長(葛城昌俊君),,次に、日程第８､認定第３号令和４年度御杖村国民健康保険特別会計歳入歳 出決算の認定についてを議題とし、討論を行います。討論はありませんか。 （「討論なし」の声あり）,R5-9kaigiroku,35
2023,R5-9kaigiroku,◎認定第４号令和４年度御杖村介護保健特別会計歳入,,,決算,議長(葛城昌俊君),,ありがとうございます。全員の起立により、日程８､認定第３号令和４年度御杖 村国民健康保険特別会計歳入歳出決算の認定については、委員長の報告のとおり認定されまし た。   ◎認定第４号令和４年度御杖村介護保健特別会計歳入 歳出決算の認定について ［討論、採決］ －36－,R5-9kaigiroku,36
2023,R5-9kaigiroku,◎認定第５号令和４年度御杖村後期高齢者医療特別会計,,,決算,議長(葛城昌俊君),,ありがとうございます。全員の起立により、日程９､認定第４号令和４年度御杖 村介護保険特別会計歳入歳出決算の認定については、委員長の報告のとおり認定されました。   ◎認定第５号令和４年度御杖村後期高齢者医療特別会計 歳入歳出決算の認定について ［討論、採決］ ,R5-9kaigiroku,36
2023,R5-9kaigiroku,◎認定第５号令和４年度御杖村後期高齢者医療特別会計,,,決算,議長(葛城昌俊君),,次に、日程第１０､認定第５号令和４年度御杖村後期高齢者医療特別会計歳 入歳出決算の認定についてを議題とし、討論を行います。討論はありませんか。 （「討論なし」の声あり）,R5-9kaigiroku,36
2023,R5-9kaigiroku,◎発委第５号閉会中の継続調査申出について（議会運営委員会）,,,決算,議長(葛城昌俊君),,ありがとうございます。全員の起立により、日程第１０認定第５号令和４年度御 杖村後期高齢者医療特別会計歳入歳出決算の認定については、委員長の報告のとおり認定さ れました。   ◎発委第５号閉会中の継続調査申出について（議会運営委員会） ［上程、採決］ ,R5-9kaigiroku,36
2024,R6-1kaigiroku,◎発委第２号閉会中の継続調査申出について（むらづくり委員会）,,,"予算,決算,補正予算",委員長(松岡一生君),,それでは、２月２８日に開催いたしました議会運営委員会の会議結果につ いて、報告をいたします。当日は、全委員出席のもと、令和６年第１回、３月定例会の運営について 協議を行いました。まず、会期及び会期中の日程について協議を行い、会期を、３月１１日から２５ 日までの１５日間とし、会期中の日程については、３月１１日午前１０時開会、全員協議会を１２日午 前９時３０分開会、むらづくり委員会を１５日午前９時 ３,R6-1kaigiroku,5
2024,R6-1kaigiroku,◎発委第２号閉会中の継続調査申出について（むらづくり委員会）,,109444000,"予算,工事,補正予算",３番(張間裕子君),,ただいま議長の許可を得ましたので、宇陀衛生一部事務組合議会定例会の 報告をさせていただきます。去る２月１４日午前９時３０分より、令和６年第１回宇陀衛生一部事務 組合議会定例会が宇陀市人権交流センター大会議室に於いて、開催されました。議長より、宇陀 市議会宮田議員欠席の報告があり、出席した組合議員は１３名で定足数に達していることから会 議は成立し、本村からは山岡議員とわたくし張間が出席いたしました。,R6-1kaigiroku,6
2024,R6-1kaigiroku,◎発委第２号閉会中の継続調査申出について（むらづくり委員会）,,6336000,"予算,工事",６番(古川芳明君),,それでは、令和 6 年第１回東宇陀環境衛生組合議会定例会の報告をいたし ます。去る、２月２７日午前１０時より、令和 6 年第１回東宇陀環境衛生組合議会定例会が東宇陀 クリーンセンターにおいて開催されました。宇陀市からは組合議員として、田中剛志氏、松浦利久 子氏、井谷憲司氏が出席いたしました。曽爾村からは組合議員として田中稔一議員、松本喬議 員、大向實議員が出席いたしました。御杖村からは組合副議長と,R6-1kaigiroku,6
2024,R6-1kaigiroku,◎発委第２号閉会中の継続調査申出について（むらづくり委員会）,,2424000,予算,４番(廣口芳弘君),,それでは去る、３月４日午後２時より御杖村議会委員会室において開催されま  －７－ した、令和６年３月曽爾御杖行政一部事務組合議会定例会の報告をさせていただきます。曽爾村 からは、組合議員として佐治議員、東口議員、大向議員が出席し、御杖村からは組合議長として 葛城議員、組合議員として、私廣口と福田議員が出席致しました。葛城議長から、組合議員として 福田議員を紹介し、議会成立宣言がなされ、会議録署名議,R6-1kaigiroku,7
2024,R6-1kaigiroku,◎発委第２号閉会中の継続調査申出について（むらづくり委員会）,Water/Sewer,,工事,２番(寺前伊平君),,２番寺前。議長の許可を得ましたので、当選後初めての一般質問をさせてい ただきます。村長に、国土強靱化地域計画について質問させていただきます。今年の元旦に能登 半島地震があり、近い将来南海トラフ巨大地震が起こりうる可能性を敏感に捉えた村民も多く、防 災への関心がより高まったのではないかと思います。村は令和２年４月、同６年度までの５年間と する御杖村国土強靭化地域計画を策定し、施行されました。私も同計,R6-1kaigiroku,8
2024,R6-1kaigiroku,◎発委第２号閉会中の継続調査申出について（むらづくり委員会）,Water/Sewer,,工事,村長(伊藤収宜君),,寺前議員の質問の国土強靱化計画についてお答えをさせていただきたいと 思います。国土強靱化地域計画は、強くしなやかな国民生活を実現するための防災・減災等に資 する国土強靱化基本法が施行され、第４条において地方公共団体の責務として、地域の状況に 応じた施策を総合的かつ計画的に策定し、及び実施する責務を有することとなっており、令和２年 ４月に、御杖村国土強靱化地域計画及び推進方針の具体的な施策を策定致し,R6-1kaigiroku,8
2024,R6-1kaigiroku,◎発委第２号閉会中の継続調査申出について（むらづくり委員会）,,,工事,２番(寺前伊平君),,伊藤村長から、現在の進捗状況について、詳しく説明いただきありがとうござ いました。早速、村道西川川合敷津線の雨谷橋を含めた補修工事をしていただくということで、ス ピーディーな対応誠に感謝しております。次に、この計画の更新が令和７年度行われると伺ってい ます。そこで、次期計画に、断水時を想定したトイレ等に水洗供給できる雨水タンクを設置して貰 えないかということ、災害時における被災地域への物資運搬活用,R6-1kaigiroku,9
2024,R6-1kaigiroku,◎発委第２号閉会中の継続調査申出について（むらづくり委員会）,,,補助金,村長(伊藤収宜君),,少し現状も含めて説明させていただきたいと思います。まず、地震災害時の 避難所における雨水の利用につきましては、地震による排水管の破損の可能性もありますので、 配水管の破損状況を確認できないうちに、水を流しますと、漏水や浄化槽設備の損害を拡大させ る恐れもあります。災害初期には、ポータブルトイレの使用を第一に考えており、備蓄を行っており ます。次に、被災地域への大型ドローンによる物資運搬につきまして,R6-1kaigiroku,9
2024,R6-1kaigiroku,◎発委第２号閉会中の継続調査申出について（むらづくり委員会）,,,工事,村長(伊藤収宜君),,特に、村内４カ所のそれぞれ大字にあります体育館、これが一番の地域の防 災拠点になると思っています。そうした中で、４カ所の体育館についても耐震工事が今年で完了し ます。そういったことと合わせて、議員おっしゃいますようにうちの村の中では、急傾斜地といいま すか災害区域に大概のところが入っております。そうした中では、それに対応できるようにというこ とで県の事業等を活用しながら、急傾斜崩壊事業ということで,R6-1kaigiroku,10
2024,R6-1kaigiroku,◎発委第２号閉会中の継続調査申出について（むらづくり委員会）,Welfare,,補助金,村長(伊藤収宜君),,張間議員の質問の３期目の村政についての質問にお答えさせていただきま す。まず１点目の質問であります公共交通・移動支援についてですが、現在運行を行っておりま す村内交通バスやデマンド交通を再構築するにあたり、現時点では、ライドシェアを、選択肢のひ とつとして取り上げたものでございます。現在、国土交通省の審議会でライドシェア制度に係る審 議が行われている状況でありますので、本村において確実にライドシェ,R6-1kaigiroku,11
2024,R6-1kaigiroku,◎発委第２号閉会中の継続調査申出について（むらづくり委員会）,Welfare,,契約,村長(伊藤収宜君),,ただいまの、張間議員の質問の中で、高齢者の一人暮らし女性が亡くなられ てしまったという件についてでございますが、この方は、令和６年１月にお亡くなりになられましたが、 今回の件については、保健福祉課、社会福祉協議会、生活支援サポーターが、必要な支援を行 った上での結果であり、亡くなった状況で発見される孤独死でなく、お亡くなりになる少し前から、 生活支援サポーターの見守りの回数を増やすなどの対応を行っ,R6-1kaigiroku,14
2024,R6-1kaigiroku,◎発委第２号閉会中の継続調査申出について（むらづくり委員会）,,1000,予算,７番(山岡隆良君),,それでは、議長の許可を得ましたので一般質問をさせていただきます。今年１ 月１日に発生しました能登半島大地震による災害を鑑みて本村の森林行政について、質問と提 案をさせていただきます。令和６年から森林環境税が国民一人当たり年間、１，０００円の税が徴収 されますが、これは、森林整備に関しての用途限定でのお金となります。もうすでに令和元年度か ら森林環境譲与税という形で村の方にも交付金が下りてきておりま,R6-1kaigiroku,15
2024,R6-1kaigiroku,◎発委第２号閉会中の継続調査申出について（むらづくり委員会）,,,"予算,財産",７番(山岡隆良君),,どうも、丁寧な説明ありがとうございました。能登半島大震災を鑑みたとき、こ の森林をなんとかしなければいけないということで、今回このような質問をさせていただきました。 杖村の９０何パーセントが森林ということで、総面積７，０００ヘクタールぐらいあると思いますけれど も、数十年前に多くの先代の人たちが苦労して残してくれた森林資源をこれからも大切に管理し、 －16－ 後世に大きな村の財産として残していかな,R6-1kaigiroku,16
2024,R6-1kaigiroku,◎承認第２号専決処分の承認を求めることについて,,,"予算,決算,補正予算",議長(葛城昌俊君),,ありがとうございます。全員の起立により、日程第５、承認第１号専決処分の承 認を求めることについて、御杖村手数料徴収条例の一部を改正する条例の制定については、原 案のとおり可決されました。   ◎承認第２号専決処分の承認を求めることについて （令和 5 年度御杖村一般会計補正予算（第 8 号）） ［上程、説明、総括的質疑、予算決算委員会付託］ ,R6-1kaigiroku,17
2024,R6-1kaigiroku,◎承認第２号専決処分の承認を求めることについて,,,"予算,補正予算",議長(葛城昌俊君),,次に、日程第６承認第２号専決処分の承認を求めることについて、令和５年度 御杖村一般会計補正予算第８号を議題と致します。本案について、提案理由の説明を求めます。 伊藤村長。,R6-1kaigiroku,17
2024,R6-1kaigiroku,◎承認第２号専決処分の承認を求めることについて,,2971449000,予算,村長(伊藤収宜君),,本案につきましては、一般会計の歳入歳出それぞれに 1054 万４千円を追加  －18－ し、補正後の総額を２９億 7144 万９千円とするものです。主な内容は、物価高騰対応重点支援地 方創生臨時交付金を活用した住民税均等割課税のみの課税世帯及び子育て世帯加算分の給 付金支給にかかる費用を追加するものでございます。早急に予算措置が必要となったことから、去 る１月９日に専決処分をしましたので、承認をお,R6-1kaigiroku,18
2024,R6-1kaigiroku,◎承認第２号専決処分の承認を求めることについて,,,"予算,決算",議長(葛城昌俊君),,質疑なしと認めます。これで総括的質疑を終わります。本案については、議会 運営委員長の報告のとおり、全員協議会で詳細な説明を受け、予算決算委員会に付託すること にしたいと思います。ご異議ありませんか。 （「異議なし」の声あり）,R6-1kaigiroku,18
2024,R6-1kaigiroku,◎議案第１号御杖村行政組織条例の一部を改正する条例の,,,"予算,決算,補正予算",議長(葛城昌俊君),,異議なしと認めます。したがって、日程第６、承認第２号専決処分の承認を求 めることについて、令和５年度御杖村一般会計補正予算第８号は、予算決算委員会に付託するこ とに決定しました。   ◎議案第１号御杖村行政組織条例の一部を改正する条例の 制定について ［上程、説明、総括的質疑、むらづくり委員会付託］ ,R6-1kaigiroku,18
2024,R6-1kaigiroku,◎議案第１８号令和５年度御杖村一般会計補正予算（第９号）,,,"予算,決算,補正予算",議長(葛城昌俊君),,ありがとうございます。全員の起立により、日程第２３、議案第１７号奈良広域 水質検査センター組合規約の変更については、原案のとおり可決されました。   ◎議案第１８号令和５年度御杖村一般会計補正予算（第９号） の議定について ［上程、説明、総括的質疑、予算決算委員会付託］ －33－,R6-1kaigiroku,33
2024,R6-1kaigiroku,◎議案第１８号令和５年度御杖村一般会計補正予算（第９号）,,,"予算,補正予算",議長(葛城昌俊君),,次に、日程第２４、議案第１８号令和５年度御杖村一般会計補正予算第９号の 議定についてを議題と致します。本案について、提案理由の説明を求めます。伊藤村長。,R6-1kaigiroku,33
2024,R6-1kaigiroku,◎議案第１８号令和５年度御杖村一般会計補正予算（第９号）,,2900434000,基金,村長(伊藤収宜君),,本案につきましては、歳入歳出それぞれ７，１０１万５千円を減額し、補正後の 総額を２９億４３万４千円とするものです。主な減額の内容は、事業等における請負差等により発 生する不用額となっており、また増額は、収支見込みによる余剰金を基金積立するものでございま す。ご審議の程、よろしくお願いします。,R6-1kaigiroku,33
2024,R6-1kaigiroku,◎議案第１８号令和５年度御杖村一般会計補正予算（第９号）,,,"予算,決算",議長(葛城昌俊君),,質疑なしと認めます。これで総括的質疑を終わります。本案については、議会 運営委員長の報告のとおり、全員協議会で詳細な説明を受け、予算決算委員会に付託すること にしたいと思います。ご異議ありませんか。 （「異議なし」の声あり）,R6-1kaigiroku,33
2024,R6-1kaigiroku,◎議案第１９号令和５年度御杖村国民健康保険特別会計,,,"予算,決算,補正予算",議長(葛城昌俊君),,異議なしと認めます。したがって、日程第２４、議案第１８号令和５年度御杖村 一般会計補正予算第９号の議定については、予算決算委員会に付託することに決定しました。   ◎議案第１９号令和５年度御杖村国民健康保険特別会計 補正予算（第５号）の議定について ［上程、説明、総括的質疑、予算決算委員会付託］ ,R6-1kaigiroku,33
2024,R6-1kaigiroku,◎議案第１９号令和５年度御杖村国民健康保険特別会計,,,予算,議長(葛城昌俊君),,次に、日程第２５、議案第１９号令和５年度御杖村国民健康保険特別会計補正 予算第５号の議定についてを議題と致します。本案について、提案理由の説明を求めます。伊藤 村長。,R6-1kaigiroku,33
2024,R6-1kaigiroku,◎議案第１９号令和５年度御杖村国民健康保険特別会計,,8961000,予算,村長(伊藤収宜君),,本案につきましては、事業勘定の歳入歳出それぞれ８９６万１千円を増額し、 補正後の総額を２億８，２０９万６千円とするものです。内容は、診療施設勘定への繰出金増額とな ってございます。 診療施設勘定は、事業勘定からの繰入金の増額に伴い、歳入予算の調整を 行ったもので、合計としての増減はございません。ご審議の程、よろしくお願いします。,R6-1kaigiroku,33
2024,R6-1kaigiroku,◎議案第１９号令和５年度御杖村国民健康保険特別会計,,,"予算,決算",議長(葛城昌俊君),,質疑なしと認めます。これで総括的質疑を終わります。本案については、議会 運営委員長の報告のとおり、全員協議会で詳細な説明を受け、予算決算委員会に付託すること にしたいと思います。ご異議ありませんか。 （「異議なし」の声あり）,R6-1kaigiroku,33
2024,R6-1kaigiroku,◎議案第２０号令和５年度御杖村介護保険特別会計,,,"予算,決算,補正予算",議長(葛城昌俊君),,異議なしと認めます。したがって、日程第２５、議案第１９号令和５年度御杖村 国民健康保険特別会計補正予算第５号の議定についても、予算決算委員会に付託することに決 定しました。 －34－ ◎議案第２０号令和５年度御杖村介護保険特別会計 補正予算（第３号）の議定について ［上程、説明、総括的質疑、予算決算委員会付託］ ,R6-1kaigiroku,34
2024,R6-1kaigiroku,◎議案第２０号令和５年度御杖村介護保険特別会計,,7023000,基金,村長(伊藤収宜君),,本案につきましては、歳入歳出それぞれ１，７０２万３千円を減額し、補正後の 総額を４億７，４７４万２千円とするものでございます。 主な内容は、介護サービス給付費の減額 と、介護給付費準備基金積立の増額となってございます。ご審議の程、よろしくお願いします。,R6-1kaigiroku,34
2024,R6-1kaigiroku,◎議案第２０号令和５年度御杖村介護保険特別会計,,,"予算,決算",議長(葛城昌俊君),,質疑なしと認めます。これで総括的質疑を終わります。本案については、議会 運営委員長の報告のとおり、全員協議会で詳細な説明を受け、予算決算委員会に付託すること にしたいと思います。ご異議ありませんか。 （「異議なし」の声あり）,R6-1kaigiroku,34
2024,R6-1kaigiroku,◎議案第２０号令和５年度御杖村介護保険特別会計,,,"予算,決算,補正予算",議長(葛城昌俊君),,異議なしと認めます。したがって、日程第２６、議案第２０号令和５年度御杖村 介護保険特別会計補正予算第３号の議定についても、予算決算委員会に付託することに決定し ました。  ◎令和６年度施政方針 ［伊藤村長］ ,R6-1kaigiroku,34
2024,R6-1kaigiroku,◎議案第２０号令和５年度御杖村介護保険特別会計,,,予算,議長(葛城昌俊君),,次の日程第２７、議案第２１号から日程第３１、議案第２５号までは、令和６年度 の一般会計予算及び特別会計予算並びに事業会計予算の議案となります。審議に入ります前 に、伊藤村長より、新年度に向けての施策方針を伺いたいと思います。伊藤村長よろしくお願いし ます。,R6-1kaigiroku,34
2024,R6-1kaigiroku,◎議案第２０号令和５年度御杖村介護保険特別会計,Welfare,6230000,予算,村長(伊藤収宜君),,令和６年３月定例会において、新年度の各会計予算案をはじめ、重要な諸議 案をご審議いただくにあたり、村政運営における私の所信と主要施策の概要を申し述べ、議員各 位並びに村民の皆様のご理解とご協力をお願い申し上げたいと思います。はじめに、昨年１１月 の村長選挙において、議員各位並びに村民の皆様から多くのご支援・ご支持をいただき、３期目 の村長の任に就くこととなりました。今後の村政運営につきましては、昨,R6-1kaigiroku,36
2024,R6-1kaigiroku,◎議案第２１号令和６年度御杖村一般会計予算の議定について,,,"予算,決算",議長(葛城昌俊君),,ありがとうございました。   ◎議案第２１号令和６年度御杖村一般会計予算の議定について ［上程、説明、総括的質疑、予算決算委員会付託］ ,R6-1kaigiroku,36
2024,R6-1kaigiroku,◎議案第２１号令和６年度御杖村一般会計予算の議定について,,,予算,議長(葛城昌俊君),,それでは、日程第２７、議案第２１号令和６年度御杖村一般会計予算の議定に ついてを議題と致します。本案について、提案理由の説明を求めます。伊藤村長。,R6-1kaigiroku,36
2024,R6-1kaigiroku,◎議案第２１号令和６年度御杖村一般会計予算の議定について,Construction,304473000,"予算,基金,工事,補助金,財産",副村長(中嶋英樹君),副村長 (Vice Mayor),それでは、令和６年度御杖村一般会計予算の概要につきまして、ご説明 申し上げます。先程の資料、村長の施政方針ところにございます、説明要旨及び説明資料の中の、 ６ページをご覧下さい。この表につきましては、令和６年度の本村全会計の予算案総括表となって おります。区分、一般会計の欄をご覧下さい。予算総額２５億７，３００万円で、前年度に比べまし て１億９，１００万円、６．９％の減額となります。７ページをご覧,R6-1kaigiroku,40
2024,R6-1kaigiroku,◎議案第２１号令和６年度御杖村一般会計予算の議定について,,,"予算,決算",議長(葛城昌俊君),,質疑なしと認めます。これで総括的質疑を終わります。本案については、議会 運営委員長の報告のとおり、全員協議会で詳細な説明を受け、予算決算委員会に付託すること にしたいと思います。ご異議ありませんか。 （「異議なし」の声あり）,R6-1kaigiroku,40
2024,R6-1kaigiroku,◎議案第２２号令和６年度御杖村国民健康保険特別会計,,,"予算,決算",議長(葛城昌俊君),,議なしと認めます。したがって、日程第２７、議案第２１号令和６年度御杖村一  －41－ 般会計予算の議定については、予算決算委員会に付託することに決定しました。   ◎議案第２２号令和６年度御杖村国民健康保険特別会計 予算の議定について ［上程、説明、総括的質疑、予算決算委員会付託］ ,R6-1kaigiroku,41
2024,R6-1kaigiroku,◎議案第２２号令和６年度御杖村国民健康保険特別会計,,,予算,議長(葛城昌俊君),,次に、日程第２８、議案第２２号令和６年度御杖村国民健康保険特別会計予算 の議定についてを議題とします。本案について、提案理由の説明を求めます。伊藤村長。,R6-1kaigiroku,41
2024,R6-1kaigiroku,◎議案第２２号令和６年度御杖村国民健康保険特別会計,,,"予算,決算",議長(葛城昌俊君),,質疑なしと認めます。これで総括的質疑を終わります。本案についても、議会 運営委員長の報告のとおり、全員協議会で詳細な説明を受け、予算決算委員会に付託すること にしたいと思います。ご異議ありませんか。 （「異議なし」の声あり）,R6-1kaigiroku,41
2024,R6-1kaigiroku,◎議案第２３号令和６年度御杖村介護保険特別会計予算,,,"予算,決算",議長(葛城昌俊君),,異議なしと認めます。したがって、日程第２８、議案第２２号令和６年度御杖村 国民健康保険特別会計予算の議定についても、予算決算委員会に付託することに決定しました。   ◎議案第２３号令和６年度御杖村介護保険特別会計予算 の議定について ［上程、説明、総括的質疑、予算決算委員会付託］ ,R6-1kaigiroku,41
2024,R6-1kaigiroku,◎議案第２３号令和６年度御杖村介護保険特別会計予算,,,予算,議長(葛城昌俊君),,次に、日程第２９、議案第２３号令和６年度御杖村介護保険特別会計予算の議 定についてを議題とします。本案について、提案理由の説明を求めます。伊藤村長。,R6-1kaigiroku,41
2024,R6-1kaigiroku,◎議案第２３号令和６年度御杖村介護保険特別会計予算,,,"予算,決算",議長(葛城昌俊君),,質疑なしと認めます。これで総括的質疑を終わります。本案についても、議会 運営委員長の報告のとおり、全員協議会で詳細な説明を受け、予算決算委員会に付託すること にしたいと思います。ご異議ありませんか。 （「異議なし」の声あり） －42－,R6-1kaigiroku,42
2024,R6-1kaigiroku,◎議案第２４号令和６年度御杖村後期高齢者医療特別,,,"予算,決算",議長(葛城昌俊君),,異議なしと認めます。したがって、日程第２９、議案第２３号令和６年度御杖村 介護保険特別会計予算の議定についても、予算決算委員会に付託することに決定しました。   ◎議案第２４号令和６年度御杖村後期高齢者医療特別 会計予算の議定について ［上程、説明、総括的質疑、予算決算委員会付託］ ,R6-1kaigiroku,42
2024,R6-1kaigiroku,◎議案第２４号令和６年度御杖村後期高齢者医療特別,,,"予算,決算",議長(葛城昌俊君),,質疑なしと認めます。これで総括的質疑を終わります。本案についても、議会 運営委員長の報告のとおり、全員協議会で詳細な説明を受け、予算決算委員会に付託すること にしたいと思います。ご異議ありませんか。 （「異議なし」の声あり）,R6-1kaigiroku,42
2024,R6-1kaigiroku,◎議案第２５号令和６年度御杖村簡易水道事業会計,Water/Sewer,,"予算,決算",議長(葛城昌俊君),,異議なしと認めます。したがって、日程第３０、議案第２４号令和６年度御杖村 後期高齢者医療特別会計予算の議定についても、予算決算委員会に付託することに決定しまし た。   ◎議案第２５号令和６年度御杖村簡易水道事業会計 予算の議定について ［上程、説明、総括的質疑、予算決算委員会付託］ ,R6-1kaigiroku,42
2024,R6-1kaigiroku,◎議案第２５号令和６年度御杖村簡易水道事業会計,Water/Sewer,,予算,議長(葛城昌俊君),,次に、日程第３１、議案第２５号令和６年度御杖村簡易水道事業会計予算の議 定についてを議題とします。本案について、提案理由の説明を求めます。伊藤村長。,R6-1kaigiroku,42
2024,R6-1kaigiroku,◎議案第２５号令和６年度御杖村簡易水道事業会計,Water/Sewer,,"予算,決算",議長(葛城昌俊君),,質疑なしと認めます。これで総括的質疑を終わります。本案についても、議会 運営委員長の報告のとおり、全員協議会で詳細な説明を受け、予算決算委員会に付託すること にしたいと思います。ご異議ありませんか。 （「異議なし」の声あり）,R6-1kaigiroku,43
2024,R6-1kaigiroku,◎諮問第１号人権擁護委員候補者の推薦につき,Water/Sewer,,"予算,決算",議長(葛城昌俊君),,異議なしと認めます。したがって、日程第３１、議案第２５号令和６年度御杖村 簡易水道事業会計予算の議定についても、予算決算委員会に付託することに決定しました。   ◎諮問第１号人権擁護委員候補者の推薦につき 意見を求めることについて ［上程、説明、採決］ ,R6-1kaigiroku,43
2024,R6-1kaigiroku,◎同意第１号御杖村固定資産評価審査委員会の,Village Development,,"予算,補正予算",副議長(葛城昌俊君),,以上をもって、本日の日程は全て終了致しました。次回の本会議は３月２５ 日月曜日午前１０時より開くことに致します。本日は、これにて散会致します。長時間にわたりお疲 れ様でした。 （午後２時３９分散会） －45－ －46－ （令和６年３月２５日）     －47－ 令和６年第１回（３月）御杖村議会定例会（第２号） 令和６年３月２５日（月） 開議 午前１０時００分 ◎議事日程［審議結果］ 第１    承,R6-1kaigiroku,49
2024,R6-1kaigiroku,◎承認第２号専決処分の承認を求めることについて,,,"予算,補正予算",議長(葛城昌俊君),,皆さん、おはようございます。本日の令和６年第１回御杖村議会定例会の続 会をご案内させていただいたところ、ご出席をいただきありがとうございます。全議員が出席でござ います。地方自治法第１１３条の規定による定足数に達しておりますので、本日の会議を開きま す。本日の議事日程は、お手元に配布の日程第２号のとおりと致します。   ◎承認第２号専決処分の承認を求めることについて （令和５年度御杖村一般会計補正,R6-1kaigiroku,49
2024,R6-1kaigiroku,◎承認第２号専決処分の承認を求めることについて,,,"予算,決算,補正予算",議長(葛城昌俊君),,ただちに議題に入ります。日程第１、承認第２号専決処分の承認を求めるこ とについて、令和５年度御杖村一般会計補正予算第８号を議題といたします。本案については、 予算決算委員会に付託した案件でございます。御杖村会議規則第４１条第１項の規定に基づき、 予算決算委員会委員長より審査の経過及び結果の報告をお願いします。山岡委員長。,R6-1kaigiroku,49
2024,R6-1kaigiroku,◎承認第２号専決処分の承認を求めることについて,,,"予算,決算,補正予算",議長(葛城昌俊君),,山岡委員長。 ○７番（山岡)隆良君）：予算決算委員会を代表しまして、当委員会に付託されました、日程第１、承 認第２号専決処分の承認を求めることについて、令和５年度御杖村一般会計補正予算第８号に つきまして、その審査の経緯並びに経過と結果についてご報告させていただきます。まず、審査 の経緯でございますが、去る３月１１日の本会議におきまして、令和５年度各会計における専決処 分を含む補正予算４件、令和６,R6-1kaigiroku,49
2024,R6-1kaigiroku,◎議案第１号御杖村行政組織条例の一部を改正する条例,,,"予算,補正予算",議長(葛城昌俊君),,ありがとうございます。全員の起立により、日程第１･承認第２号･専決処分の 承認を求めることについて、令和５年度御杖村一般会計補正予算第８号は、委員長の報告のとお り承認されました。   ◎議案第１号御杖村行政組織条例の一部を改正する条例 の制定について、議案第２号特別職の職員で非常勤の ものの報酬等に関する条例の一部を改正する条例の制 定について、議案第１３号御杖村自然休養村設置条例 の一部を改正,R6-1kaigiroku,50
2024,R6-1kaigiroku,◎議案１８号令和５年度御杖村一般会計補正予算第９号の,,,"予算,補正予算",議長(葛城昌俊君),,ありがとうございます。全員の起立により、日程第７、議案第１６号御杖村営住 宅管理条例の一部を改正する条例の制定についても、委員長の報告のとおり可決されました。   ◎議案１８号令和５年度御杖村一般会計補正予算第９号の 議定について、議案第１９号令和５年度御杖村国民健康 保険特別会計補正予算第５号の議定について、議案第 ２０号令和５年度御杖村介護保険特別会計補正予算第 ３号の議定について ［一括上程,R6-1kaigiroku,53
2024,R6-1kaigiroku,◎議案１８号令和５年度御杖村一般会計補正予算第９号の,,,"予算,決算,補正予算",議長(葛城昌俊君),,次に、日程第８、議案第１８号令和５年度御杖村一般会計補正予算第９号の 議定について、日程第９、議案第１９号令和５年度御杖村国民健康保険特別会計補正予算第５ 号の議定について、日程第１０、議案第２０号令和５年度御杖村介護保険特別会計補正予算第３ 号の議定についての３議案につきましても、予算決算委員会へ付託した案件でございますので、 －54－ これを一括議題としたいと思いますが、異議ありませんか。 （,R6-1kaigiroku,54
2024,R6-1kaigiroku,◎議案１８号令和５年度御杖村一般会計補正予算第９号の,,,"予算,決算",議長(葛城昌俊君),,異議なしと認め、そのように進めさせていただきます。日程第８議案第１８号、 日程第９議案第１９号、日程第１０議案第２０号について、御杖村会議規則第４１条第１項の規定 に基づき、予算決算委員会委員長より一括して審査経過及び結果の報告をお願いします。山岡 委員長。,R6-1kaigiroku,54
2024,R6-1kaigiroku,◎議案１８号令和５年度御杖村一般会計補正予算第９号の,,,"予算,決算,補正予算",７番(山岡隆良君),,予算決算委員会を代表しまして、当委員会に付託されました、日程第８議案 第１８号及び日程第９議案第１９号並びに日程第１０議案第２０号の各会計における補正予算につ きまして、一括して、その審査の経緯並びに経過と結果についてご報告させていただきます。審査 の経緯につきましては、先に報告させていただきましたとおりでございますので、割愛させていた だきます。審査の経過でございますが、令和５年度の各会計におけ,R6-1kaigiroku,54
2024,R6-1kaigiroku,◎議案第１８号令和５度御杖村一般会計補正予算第９号の,,,"予算,補正予算",議長(葛城昌俊君),,質疑なしと認めます。これで質疑を終わります。続いて議案ごとに、討論及び 採決を行います。   ◎議案第１８号令和５度御杖村一般会計補正予算第９号の 議定について ［討論、採決］ ,R6-1kaigiroku,54
2024,R6-1kaigiroku,◎議案第１８号令和５度御杖村一般会計補正予算第９号の,,,"予算,補正予算",議長(葛城昌俊君),,まず、日程第８、議案第１８号令和５度御杖村一般会計補正予算第９号の議 定についてを議題とし、討論を行います。討論はありませんか。 （「討論なし」の声あり）,R6-1kaigiroku,54
2024,R6-1kaigiroku,◎議案第１９号令和５年度御杖村国民健康保険特別会計補,,,"予算,補正予算",議長(葛城昌俊君),,ありがとうございます。全員の起立により、日程第８、議案第１８号令和５度御 杖村一般会計補正予算第９号の議定について、委員長の報告のとおり可決されました。     －55－ ◎議案第１９号令和５年度御杖村国民健康保険特別会計補 正予算第５号の議定について ［討論、採決］ ,R6-1kaigiroku,55
2024,R6-1kaigiroku,◎議案第１９号令和５年度御杖村国民健康保険特別会計補,,,予算,議長(葛城昌俊君),,次に、日程第９、議案第１９号令和５年度御杖村国民健康保険特別会計補 正予算第５号の議定についてを議題とし、討論を行います。討論はありませんか。 「討論なし」の声あり ○議長（葛城昌俊君)）：討論なしと認めます。これで討論を終わります。これより、本案について採決 を行います。本案に対する委員長の報告は可決です。日程第９議案第１９号について、委員長の 報告のとおり決定することに賛成の方は、起立願います,R6-1kaigiroku,55
2024,R6-1kaigiroku,◎議案第２０号令和５年度御杖村介護保険特別会計補正,,,"予算,補正予算",議長(葛城昌俊君),,ありがとうございます。全員の起立により、日程第９、議案第１９号令和５年度 御杖村国民健康保険特別会計補正予算第５号の議定についても、委員長の報告のとおり可決さ れました。   ◎議案第２０号令和５年度御杖村介護保険特別会計補正 予算第３号の議定について ［討論、採決］ ,R6-1kaigiroku,55
2024,R6-1kaigiroku,◎議案第２１号令和６年度御杖村一般会計予算の議定に,Water/Sewer,,"予算,補正予算",議長(葛城昌俊君),,ありがとうございます。全員の起立により、日程第１０、議案第２０号令和５年 度御杖村介護保険特別会計補正予算第３号の議定について、委員長の報告のとおり可決されま した。   ◎議案第２１号令和６年度御杖村一般会計予算の議定に ついて、議案第２２号令和６年度御杖村国民健康保険 特別会計予算の議定について、議案第２３号令和６年 度御杖村介護保険特別会計予算の議定について、議 案第２４号令和６年度御杖村後,R6-1kaigiroku,56
2024,R6-1kaigiroku,◎議案第２１号令和６年度御杖村一般会計予算の議定に,Water/Sewer,,"予算,決算",議長(葛城昌俊君),,次に、日程第１１、議案第２１号令和６年度御杖村一般会計予算の議定につ いて、日程第１２、議案第２２号令和６年度御杖村国民健康保険特別会計予算の議定について、 日程第１３、議案第２３号令和６年度御杖村介護保険特別会計予算の議定について、日程第１４、 議案第２４号令和６年度御杖村後期高齢者医療特別会計予算の議定について、日程第１５、議案 第２５号令和６年度御杖村簡易水道事業会計予算の議定についての５議,R6-1kaigiroku,56
2024,R6-1kaigiroku,◎議案第２１号令和６年度御杖村一般会計予算の議定に,,,"予算,決算",議長(葛城昌俊君),,異議なしと認め、そのように進めさせていただきます。日程第１１議案第２１ 号、日程第１２議案第２２号、日程第１３議案第２３号、日程第１４議案第２４号、日程第１５議案第２ ５号の５議案について、御杖村会議規則第４１条第１項の規定に基づき、予算決算委員会委員長 より一括して審査経過及び結果の報告をお願いします。山岡委員長。,R6-1kaigiroku,56
2024,R6-1kaigiroku,◎議案第２１号令和６年度御杖村一般会計予算の議定に,,,"予算,決算,補助金",７番(山岡隆良君),,それでは、続きまして日程１１議案第２１号から日程第１５議案第２５号の５会計 における令和６年度当初予算の議定につきまして、一括して、その審査の経過と結果について報 告をさせていただきます。審査の経緯につきましては、先に報告させていただきましたとおりでござ いますので、割愛させていただきます。審査の経過でございますが、各案件ごとに当局へ提案理由 及び内容における追加説明の有無を確認後、質疑及び討論と,R6-1kaigiroku,56
2024,R6-1kaigiroku,◎議案第２１号令和６年度御杖村一般会計予算の議定について,,,予算,議長(葛城昌俊君),,質疑なしと認めます。これで質疑を終わります。続いて各議案ごとに、討論及 び採決を行います。   ◎議案第２１号令和６年度御杖村一般会計予算の議定について ［討論、採決］ ,R6-1kaigiroku,56
2024,R6-1kaigiroku,◎議案第２１号令和６年度御杖村一般会計予算の議定について,,,予算,議長(葛城昌俊君),,まず、日程第１１、議案第２１号令和６年度御杖村一般会計予算の議定につ いてを議題とし、討論を行います。討論はありませんか。 （「討論なし」の声あり）,R6-1kaigiroku,56
2024,R6-1kaigiroku,◎議案第２２号令和６年度御杖村国民健康保険特別会計予算,,,予算,議長(葛城昌俊君),,ありがとうございます。全員の起立により、日程第１１、議案第２１号令和６年 度御杖村一般会計予算の議定については、委員長の報告のとおり可決されました。   ◎議案第２２号令和６年度御杖村国民健康保険特別会計予算 の議定について ［討論、採決］ ,R6-1kaigiroku,57
2024,R6-1kaigiroku,◎議案第２３号令和６年度御杖村介護保険特別会計予算,,,予算,議長(葛城昌俊君),,ありがとうございます。全員の起立により、日程第１２、議案第２２号令和６年 度御杖村国民健康保険特別会計予算の議定について、委員長の報告のとおり可決されました。   ◎議案第２３号令和６年度御杖村介護保険特別会計予算 の議定について ［討論、採決］ ,R6-1kaigiroku,57
2024,R6-1kaigiroku,◎議案第２３号令和６年度御杖村介護保険特別会計予算,,,予算,議長(葛城昌俊君),,次に、日程第１３、議案第２３号令和６年度御杖村介護保険特別会計予算の 議定についてを議題とし、討論を行います。討論はありませんか。 （「討論なし」の声あり）,R6-1kaigiroku,57
2024,R6-1kaigiroku,◎議案第２４号令和６年度御杖村後期高齢者医療特別会計,,,予算,議長(葛城昌俊君),,ありがとうございます。全員の起立により、日程第１３、議案第２３号令和６年 度御杖村介護保険特別会計予算の議定について、委員長の報告のとおり可決されました。   ◎議案第２４号令和６年度御杖村後期高齢者医療特別会計 予算の議定について ［討論、採決］ ,R6-1kaigiroku,57
2024,R6-1kaigiroku,◎議案第２４号令和６年度御杖村後期高齢者医療特別会計,,,予算,議長(葛城昌俊君),,次に、日程第１４、議案第２４号令和６年度御杖村後期高齢者医療特別会計 予算の議定についてを議題とし、討論を行います。討論はありませんか。 （「討論なし」の声あり）,R6-1kaigiroku,57
2024,R6-1kaigiroku,◎議案第２５号令和６年度御杖村簡易水道事業会計予算の,Water/Sewer,,予算,議長(葛城昌俊君),,ありがとうございます。全員の起立により、日程第１４、議案第２４号令和６年 度御杖村後期高齢者医療特別会計予算の議定について、委員長の報告のとおり可決されまし た。   ◎議案第２５号令和６年度御杖村簡易水道事業会計予算の 議定について ［討論、採決］ ,R6-1kaigiroku,58
2024,R6-1kaigiroku,◎議案第２５号令和６年度御杖村簡易水道事業会計予算の,Water/Sewer,,予算,議長(葛城昌俊君),,次に、日程第１５、議案第２５号令和６年度御杖村簡易水道事業会計予算の 議定についてを議題とし、討論を行います。討論はありませんか。 （「討論なし」の声あり）,R6-1kaigiroku,58
2024,R6-1kaigiroku,◎発委第１号閉会中の継続調査申出について（議会運営委員会）,Water/Sewer,,予算,議長(葛城昌俊君),,ありがとうございます。全員の起立により、日程第１５、議案第２５号令和６年 度御杖村簡易水道事業会計予算の議定について、委員長の報告のとおり可決されました。   ◎発委第１号閉会中の継続調査申出について（議会運営委員会） ［上程、採決］ ,R6-1kaigiroku,58
2024,R6rinjikaikaigiroku,◎承認第６号専決処分の承認を求めることについて,,,"予算,決算",新議長(山岡隆良君),,異議なしと認めます。よって、５番葛城昌俊君を議会運営委員会委員に選 任することに決定しました。    ◎予算決算委員会委員長の選任について,R6rinjikaikaigiroku,6
2024,R6rinjikaikaigiroku,◎承認第６号専決処分の承認を求めることについて,,,"予算,決算",新議長(山岡隆良君),,次に、日程第７、議選第３号、予算決算委員会委員長の選任についてを 議題とします。私山岡が、４月２４日予算決算委員会委員長の辞任願を提出し、御杖村議会委員 会条例第１０条の規定により許可されていることから、予算決算委員会委員長が欠けています。よ って、予算決算委員会委員長の選任を同条例第７条第２項の規定により、私議長が指名させて いただきます。予算決算委員会委員長に２番寺前伊平君を指名いたしたいと思,R6rinjikaikaigiroku,7
2024,R6rinjikaikaigiroku,◎承認第６号専決処分の承認を求めることについて,,,"予算,決算",新議長(山岡隆良君),,異議なしと認めます。よって、２番寺前伊平君を予算決算委員会委員長に 選任することに決定しました。    ◎予算決算員会副委員長の選任について,R6rinjikaikaigiroku,7
2024,R6rinjikaikaigiroku,◎承認第６号専決処分の承認を求めることについて,,,"予算,決算",新議長(山岡隆良君),,次に、日程第８、議選第４号、予算決算委員会副委員長の選任について を議題とします。張間議員から４月１６日予算決算委員会副委員長の辞任願が提出され、御杖村 議会委員会条例第１０条の規定により許可されていることから、予算決算委員会副委員長が欠け ています。よって、予算決算委員会副委員長の選任を同条例第７条第２項の規定により、私議長 が指名させていただきます。予算決算委員会副委員長に１番福田麻衣子君を指,R6rinjikaikaigiroku,7
2024,R6rinjikaikaigiroku,◎承認第６号専決処分の承認を求めることについて,,,"予算,決算",新議長(山岡隆良君),,異議なしと認めます。よって、１番福田麻衣子君を予算決算委員会副委員 長に選任することに決定しました。    ◎宇陀衛生一部事務組合議会議員の選挙について,R6rinjikaikaigiroku,7
2024,R6rinjikaikaigiroku,◎承認第６号専決処分の承認を求めることについて,,,取得,住民生活課長(仲子雄史君),,専決処分の承認をお願いいたしますのは、過疎地域の持続的発 展の支援に関する特別措置法に係る村税の特別措置条例の一部を改正する条例の制定につい てでございます。過疎地域の持続的発展の支援に関する特別措置法第２４条の地方税の課税免 除または不均一課税に伴う措置が適用される場合等を定める省令の改正に伴い、過疎地域の持 続的発展の支援に関する特別措置法に係る村税の特別措置条例の一部改正が必要となることか ,R6rinjikaikaigiroku,12
2025,R7dai3kaiteireikaikaigiroku,◎発委第６号閉会中の継続調査申出について（むらづくり委員会）,Education,,"予算,決算,補正予算,財産",委員長(森源五君),,それでは、８月２１日に開催いたしました議会運営委員会の会議結果につい て、報告をいたします。当日は、全委員出席のもと、令和７年第３回、９月定例会の運営について協 議を行いました。まず、会期及び会期中の日程について協議を行い、会期を ９月９日から１９日ま での１１日間とし、会期中の日程については、９月９日火曜日、午前１０時開会、全員協議会を９月 １０日水曜日、むらづくり委員会を９月１２日金曜日、予算,R7dai3kaiteireikaikaigiroku,4
2025,R7dai3kaiteireikaikaigiroku,◎発委第６号閉会中の継続調査申出について（むらづくり委員会）,,34536360,契約,６番(山岡隆良君),,それでは、令和７年東宇陀環境衛生組合議会臨時会の報告をさせていただ きます。去る８月２６日、全員協議会早期終了のため午後１時４５分より、令和７年東宇陀環境衛生 組合議会臨時会が東宇陀クリーンセンターにおいて開催されました。宇陀市からは組合議長とし て松浦利久子議員、組合議員として中川ゆり子議員、森田明子議員、勝井太郎議員が出席いた しました。曽爾村からは組合議員として岡本久光議員、松本喬議員、大向,R7dai3kaiteireikaikaigiroku,6
2025,R7dai3kaiteireikaikaigiroku,◎発委第６号閉会中の継続調査申出について（むらづくり委員会）,Construction,,"予算,決算,補正予算",村長(伊藤収宜君),,９月定例会の開会にあたりまして、行政報告をさせていただきます。まず、去 る７月７日に十津川村にて、奈良県簡易水道協会の総会が開催されました。簡易水道事業を取り 巻く環境は、人口減少に伴う水道料金等の減少、また水道施設の老朽化や近年頻発する地震や 台風等自然災害への対応など厳しさが増してきております。このような状況の中、本総会におきま しては、令和８年度の国の予算確保に向け、簡易水道事業へのさらなる,R7dai3kaiteireikaikaigiroku,7
2025,R7dai3kaiteireikaikaigiroku,◎発委第６号閉会中の継続調査申出について（むらづくり委員会）,,,"契約,補助金",村長(伊藤収宜君),,ただ今の影山議員への回答でございます。移住定住への具体的な取り組み に関しては、まずは御杖村を知っていただく為の交流人口関係人口の創出が必要と考えており、 －８－ 通年実施していますやまと姫マラソン、ホタル鑑賞会、雑巾ダッシュのイベントに加え、その他小規 模な交流関係人口に関わる各種イベントを実施しているところです。また交流人口の創出の観点 から言えば２０１３年から奈良県立大学と連携事業を行ってお,R7dai3kaiteireikaikaigiroku,8
2025,R7dai3kaiteireikaikaigiroku,◎発委第６号閉会中の継続調査申出について（むらづくり委員会）,,,補助金,村長(伊藤収宜君),,はい。議員おっしゃられますようにこれからいろいろな方策を考えて情報発信 していくのが必要だと思います。今後、テレワーク環境を含める二拠点生活によります移住は、選 択肢として大いに考えられることから、移住体験住宅に Wifi 環境を整え利用していただいておりま す。移住促進の情報発信については、現在、御杖村空き家情報バンクのご案内と空き家と事業に 関する各種補助金のリーフレットを作成し、イベントや担,R7dai3kaiteireikaikaigiroku,8
2025,R7dai3kaiteireikaikaigiroku,◎議案第３６号財産の無償譲渡について,,,財産,議長(寺前伊平君),,異議なしと認めます。したがって、日程第８、議案第３５号御杖村立集会施設 等使用条例の一部を改正する条例の制定については、むらづくり委員会に付託することに決定し ました。  ◎議案第３６号財産の無償譲渡について ［上程、説明、総括的質疑、むらづくり委員会付託］,R7dai3kaiteireikaikaigiroku,11
2025,R7dai3kaiteireikaikaigiroku,◎議案第３６号財産の無償譲渡について,,,財産,議長(寺前伊平君),,次に、日程第９、議案第３６号財産の無償譲渡についてを議題と致します。本 案について、提案理由の説明を求めます。伊藤村長。,R7dai3kaiteireikaikaigiroku,11
2025,R7dai3kaiteireikaikaigiroku,◎議案第３７号御杖村過疎地域持続的発展計画の変更について,,,財産,議長(寺前伊平君),,異議なしと認めます。したがって、日程第９、議案第３６号財産の無償譲渡に ついても、むらづくり委員会に付託することに決定しました。  ◎議案第３７号御杖村過疎地域持続的発展計画の変更について ［上程、説明、総括的質疑、むらづくり委員会付託］,R7dai3kaiteireikaikaigiroku,11
2025,R7dai3kaiteireikaikaigiroku,◎議案第３７号御杖村過疎地域持続的発展計画の変更について,,,予算,村長(伊藤収宜君),,本案につきましては、本年度予算において実施しております脱炭素推進事 業について、奈良県との事前協議を終えましたので、過疎地域持続的発展計画の変更について 議決をお願いするものでございます。よろしくご審議の程お願いします。,R7dai3kaiteireikaikaigiroku,11
2025,R7dai3kaiteireikaikaigiroku,◎議案第３８号令和７年度御杖村一般会計補正予算（第３号）,,,"予算,決算,補正予算",議長(寺前伊平君),,異議なしと認めます。したがって、日程第１０、議案第３７号御杖村過疎地域 持続的発展計画の変更についても、むらづくり委員会に付託することに決定しました。  ◎議案第３８号令和７年度御杖村一般会計補正予算（第３号） の議定について ［上程、説明、総括的質疑、予算決算委員会付託］,R7dai3kaiteireikaikaigiroku,12
2025,R7dai3kaiteireikaikaigiroku,◎議案第３８号令和７年度御杖村一般会計補正予算（第３号）,,,"予算,補正予算",議長(寺前伊平君),,次に、日程第１１、議案第３８号令和７年度御杖村一般会計補正予算第３号の 議定についてを議題と致します。本案について、提案理由の説明を求めます。伊藤村長。,R7dai3kaiteireikaikaigiroku,12
2025,R7dai3kaiteireikaikaigiroku,◎議案第３８号令和７年度御杖村一般会計補正予算（第３号）,Welfare,6529000,"予算,基金,決算,繰越,補助金",村長(伊藤収宜君),,本案につきましては、歳入歳出それぞれに１，６５２万９千円を追加し補正後 の総額を２７億３，１９８万６千円とするものでございます。主な内容ですが、歳入では、令和６年度 の決算収支に合わせ繰越金の増額補正及び基金繰入金の減額を行い、歳出では、障害福祉費 の過年度交付の国庫及び県費補助金精算による返還金の計上と土木関係予算を組み替えする ものでございます。ご審議の程、よろしくお願いします。,R7dai3kaiteireikaikaigiroku,12
2025,R7dai3kaiteireikaikaigiroku,◎議案第３８号令和７年度御杖村一般会計補正予算（第３号）,,,"予算,決算",議長(寺前伊平君),,疑なしと認めます。これで質疑を終わります。本案については、議会運営委 員会委員長の報告のとおり、全員協議会で詳細な説明を受け、予算決算委員会に付託すること にしたいと思います。ご異議ありませんか。 （「異議なし」の声あり）,R7dai3kaiteireikaikaigiroku,12
2025,R7dai3kaiteireikaikaigiroku,◎議案第３９号令和７年度御杖村介護保険特別会計補正,,,"予算,決算,補正予算",議長(寺前伊平君),,異議なしと認めます。したがって、日程第１１、議案第３８号令和７年度御杖村 一般会計補正予算第３号の議定については、予算決算委員会に付託することに決定しました。  ◎議案第３９号令和７年度御杖村介護保険特別会計補正 予算（第２号）の議定について ［上程、説明、総括的質疑、予算決算委員会付託］,R7dai3kaiteireikaikaigiroku,12
2025,R7dai3kaiteireikaikaigiroku,◎議案第３９号令和７年度御杖村介護保険特別会計補正,,7415000,"基金,決算,繰越,補助金",村長(伊藤収宜君),,本案につきましては、歳入歳出それぞれに３，７４１万５千円を追加し、補正 後の総額を３億９，０１６万２千円とするものでございます。主な内容ですが、歳入では、令和６年度 の決算収支に合わせ繰越金の増額補正を行い、歳出では、過年度交付の国庫補助金の精算に よる返還金及び基金積立金の増額を計上するものでございます。ご審議の程、よろしくお願いしま す。 －13－,R7dai3kaiteireikaikaigiroku,13
2025,R7dai3kaiteireikaikaigiroku,◎議案第３９号令和７年度御杖村介護保険特別会計補正,,,"予算,決算",議長(寺前伊平君),,質疑なしと認めます。これで質疑を終わります。本案についても、議会運営委 員会委員長の報告のとおり、全員協議会で詳細な説明を受け、予算決算委員会に付託すること にしたいと思います。ご異議ありませんか。 （「異議なし」の声あり）,R7dai3kaiteireikaikaigiroku,13
2025,R7dai3kaiteireikaikaigiroku,◎議案第４０号令和７年度御杖村後期高齢者医療特別会計,,,"予算,決算,補正予算",議長(寺前伊平君),,異議なしと認めます。したがって、日程第１２、議案第３９号令和７年度御杖村 介護保険特別会計補正予算第２号の議定についても、予算決算委員会に付託することに決定し ました。  ◎議案第４０号令和７年度御杖村後期高齢者医療特別会計 補正予算（第１号）の議定について ［上程、説明、総括的質疑、予算決算委員会付託］,R7dai3kaiteireikaikaigiroku,13
2025,R7dai3kaiteireikaikaigiroku,◎議案第４０号令和７年度御杖村後期高齢者医療特別会計,,,"予算,補正予算",議長(寺前伊平君),,次に、日程第１３、議案第４０号令和７年度御杖村後期高齢者医療特別会計 補正予算第１号の議定についてを議題と致します。本案について、提案理由の説明を求めます。 伊藤村長。,R7dai3kaiteireikaikaigiroku,13
2025,R7dai3kaiteireikaikaigiroku,◎議案第４０号令和７年度御杖村後期高齢者医療特別会計,,,"予算,決算",議長(寺前伊平君),,質疑なしと認めます。これで質疑を終わります。本案についても、議会運営委 員会委員長の報告のとおり、全員協議会で詳細な説明を受け、予算決算委員会に付託すること にしたいと思います。ご異議ありませんか。 （「異議なし」の声あり）,R7dai3kaiteireikaikaigiroku,13
2025,R7dai3kaiteireikaikaigiroku,◎認定第１号令和６年度御杖村一般会計歳入歳出決算の認定,Water/Sewer,,"予算,決算,補正予算",議長(寺前伊平君),,異議なしと認めます。したがって、日程第１３、議案第４０号令和７年度御杖村 後期高齢者医療特別会計補正予算第１号の議定についても、予算決算委員会に付託することに 決定しました。  ◎認定第１号令和６年度御杖村一般会計歳入歳出決算の認定 について、認定第２号令和６年度御杖村国民健康保険特別会 計歳入歳出決算の認定について、認定第３号令和６年度御杖 村介護保険特別会計歳入歳出決算の認定について、認定第 ,R7dai3kaiteireikaikaigiroku,14
2025,R7dai3kaiteireikaikaigiroku,◎認定第１号令和６年度御杖村一般会計歳入歳出決算の認定,Water/Sewer,,決算,議長(寺前伊平君),,次に、日程第１４、認定第１号令和６年度御杖村一般会計歳入歳出決算の 認定について、日程第１５、認定第２号令和６年度御杖村国民健康特別会計歳入歳出決算の認 定について、日程第１６、認定第３号令和６年度御杖村介護保険特別会計歳入歳出決算の認定 について、日程第１７、認定第４号令和６年度御杖村後期高齢者医療特別会計歳入歳出決算の 認定について、日程第１８、認定第５号令和６年度御杖村簡易水道事業会計歳入歳,R7dai3kaiteireikaikaigiroku,14
2025,R7dai3kaiteireikaikaigiroku,◎認定第１号令和６年度御杖村一般会計歳入歳出決算の認定,,,決算,議長(寺前伊平君),,異議なしと認め、令和６年度各会計の歳入歳出決算の認定、５議案について は、一括議題と致します。まず最初に一般会計歳入歳出決算の認定について、説明を求めます。 伊藤村長。,R7dai3kaiteireikaikaigiroku,14
2025,R7dai3kaiteireikaikaigiroku,◎認定第１号令和６年度御杖村一般会計歳入歳出決算の認定,,6810255,決算,村長(伊藤収宜君),,本案につきましては、地方自治法第２３３条の規定により、令和６年度の御杖 村一般会計歳入歳出決算について認定をお願いするものでございます。決算の額でございます が、歳入総額２６億６，２８３万５４９円、歳出総額２４億９，６８１万２５５円、差引額１億６，６０２万２９４ 円でございます。翌年度へ繰り越すべき財源を除いた実質収支額は、１億６，３２５万７，２９４円と なりました。内容につきましては、会計管理者,R7dai3kaiteireikaikaigiroku,14
2025,R7dai3kaiteireikaikaigiroku,◎認定第１号令和６年度御杖村一般会計歳入歳出決算の認定,Construction,107853000,"予算,基金,工事,決算,繰越,財産",会計管理者(松本慶一君),,失礼します。令和６年度一般会計決算について、本日提案を致しまし た概要につきまして、令和６年度決算の内容に関する説明書をお配りさせて頂いておりますので、 こちらに基づきまして概要をご説明致します。１枚めくって頂きまして、１ページをご覧下さい。１． 一般会計決算の概要、予算の執行にあたって、計上した歳入については財源の確保に努め、歳 出については経費の節減と執行の効率化に努めた結果、令和６年度の一般,R7dai3kaiteireikaikaigiroku,16
2025,R7dai3kaiteireikaikaigiroku,◎認定第１号令和６年度御杖村一般会計歳入歳出決算の認定,,,決算,議長(寺前伊平君),,次に、特別会計歳入歳出決算及び事業会計歳入歳出決算の認定について、 一括して、説明を求めます。伊藤村長。,R7dai3kaiteireikaikaigiroku,16
2025,R7dai3kaiteireikaikaigiroku,◎認定第１号令和６年度御杖村一般会計歳入歳出決算の認定,Water/Sewer,,決算,村長(伊藤収宜君),,本案につきましては、国民健康保険特別会計、介護保険特別会計、後期高 齢者医療特別会計以上３会計は、地方自治法第２３３条の規定により、簡易水道事業会計は地方 公営企業法第３０条の規定により、令和６年度歳入歳出決算ついて、認定をお願いするものでご ざいます。それぞれの決算概要については、会計管理者よりご説明を申し上げます。よろしくお願 い致します。,R7dai3kaiteireikaikaigiroku,16
2025,R7dai3kaiteireikaikaigiroku,◎認定第１号令和６年度御杖村一般会計歳入歳出決算の認定,Construction,406900000,"基金,決算",会計管理者(松本慶一君),,失礼致します。令和６年度特別会計等の決算につきまして、先程と同 －17－ じ決算の内容に関する説明書のほうを使ってご説明申し上げます。１０ページをお開き下さい。第 １０表のとおり、特別会計等の決算状況でございます。つづきまして１１ページをお開き下さい。国 民健康保険特別会計事業勘定の歳入総額は、１億９，５０６万７千円、歳出総額は、１億９，３８６万 ６千円、収支差引額は、１２０万１千円となりました。,R7dai3kaiteireikaikaigiroku,17
2025,R7dai3kaiteireikaikaigiroku,◎認定第１号令和６年度御杖村一般会計歳入歳出決算の認定,,,決算,議長(寺前伊平君),,ここで、令和６年度一般会計及び特別会計並びに事業会計の決算について、 議会選出監査委員の森議員に決算審査の意見を求めます。森監査委員。,R7dai3kaiteireikaikaigiroku,17
2025,R7dai3kaiteireikaikaigiroku,◎認定第１号令和６年度御杖村一般会計歳入歳出決算の認定,,,"決算,繰越",３番(森源五君),,決算審査報告をいたします。お手元の令和６年度御杖村一般会計、特別会計 の決算審査意見書をご覧いただきたいと思います。この決算審査につきましては、去る８月２２日 に、片桐監査委員とともに審査を実施させて頂きました。決算審査意見書の各諸表の朗読は省略 させて頂き、８ページの決算審査結論の朗読をもって報告に代えさせて頂きたいと思います。令和 ６年度決算審査結論、地方公共団体の財政の健全化に関する法律の施,R7dai3kaiteireikaikaigiroku,18
2025,R7dai3kaiteireikaikaigiroku,◎認定第１号令和６年度御杖村一般会計歳入歳出決算の認定,,,決算,議長(寺前伊平君),,森監査委員ありがとうございました。ただ今、当局よりの説明と、森監査委員 より決算審査に係る意見をいただきました。これから令和６年度各会計決算認定５議案について 一括して、統括的質疑を行います。質疑はございませんか。 （「質疑なし」の声あり）,R7dai3kaiteireikaikaigiroku,18
2025,R7dai3kaiteireikaikaigiroku,◎認定第１号令和６年度御杖村一般会計歳入歳出決算の認定,,,"予算,決算",議長(寺前伊平君),,質疑なしと認めます。これで質疑を終わります。令和６年度各会計決算の認 定についても、議会運営委員長の報告のとおり、全員協議会で詳細な説明を受け、一括して予算 決算委員会に付託することにしたいと思います。ご異議ありませんか。 （「異議なし」の声あり）,R7dai3kaiteireikaikaigiroku,18
2025,R7dai3kaiteireikaikaigiroku,◎認定第６号令和６年度奈良県住宅新築資金等貸付金回収,,,"予算,決算",議長(寺前伊平君),,異議なしと認めます。したがって、日程第１４、認定第１号から日程第１８、認 定第５号までの令和６年度における一般会計歳入歳出決算及び各特別会計歳入歳出決算並び に事業会計歳入歳出決算の認定についても、予算決算委員会に付託することに決定しました。  ◎認定第６号令和６年度奈良県住宅新築資金等貸付金回収 管理組合市町村特別会計(御杖村)歳入歳出決算の認定に ついて ［上程、説明、総括的質疑、予算決算委員,R7dai3kaiteireikaikaigiroku,18
2025,R7dai3kaiteireikaikaigiroku,◎認定第６号令和６年度奈良県住宅新築資金等貸付金回収,,,決算,議長(寺前伊平君),,次に、日程第１９、認定第６号令和６年度奈良県住宅新築資金等貸付金回 収管理組合市町村特別会計括弧御杖村分歳入歳出決算の認定についてを議題と致します。本 案について、提案理由の説明を求めます。伊藤村長。 －19－,R7dai3kaiteireikaikaigiroku,19
2025,R7dai3kaiteireikaikaigiroku,◎認定第６号令和６年度奈良県住宅新築資金等貸付金回収,,,決算,村長(伊藤収宜君),,本案につきましては、地方自治法第２９２条において準用する地方自治法施 行令第５条第３項の規定により、令和６年度奈良県住宅新築資金等貸付金回収管理組合市町村 特別会計御杖村分歳入歳出決算の認定をお願いするものでございます。内容については、総務 課長がご説明を申し上げます。,R7dai3kaiteireikaikaigiroku,19
2025,R7dai3kaiteireikaikaigiroku,◎認定第６号令和６年度奈良県住宅新築資金等貸付金回収,,170000,決算,総務課長(今井智君),,令和７年３月３１日をもって、奈良県住宅新築資金等貸付金回収管理組合 が解散したことから、事務を承継した五條市長が決算を行いました令和６年度の市町村特別会計 御杖村分の歳入歳出決算につきまして、議案書１枚めくって決算書をご覧下さい。ページ上段の 表、歳入の収入済額の合計１７万円、その下の表、歳出の支出済額の合計１７万円、歳入歳出差 引残額０円となってございます。ご審議の程、よろしくお願いします。,R7dai3kaiteireikaikaigiroku,19
2025,R7dai3kaiteireikaikaigiroku,◎認定第６号令和６年度奈良県住宅新築資金等貸付金回収,,,決算,議長(寺前伊平君),,ここで、令和６年度奈良県住宅新築資金等貸付金回収管理組合市町村特 別会計括弧御杖村分歳入歳出決算について、議会選出監査委員の森議員に決算審査の意 見を求めます。森監査委員。,R7dai3kaiteireikaikaigiroku,19
2025,R7dai3kaiteireikaikaigiroku,◎認定第６号令和６年度奈良県住宅新築資金等貸付金回収,,170000,決算,３番(森源五君),,令和６年度奈良県住宅新築資金等貸付金回収管理組合市町村特別会計御杖 村分決算審査を、去る令和７年８月２２日に片桐監査委員と実施しましたので、２審査の意見の朗 読をもって報告とさせて頂きます。令和６年度の市町村特別会計御杖村分における歳入総額及 び歳出総額は１７万円となっている。奈良県住宅新築資金等貸付金回収管理組合では、未収金 回収対策として法的措置での対応、普通督促状の送付、面談、電話督促などの,R7dai3kaiteireikaikaigiroku,19
2025,R7dai3kaiteireikaikaigiroku,◎認定第６号令和６年度奈良県住宅新築資金等貸付金回収,,,決算,議長(寺前伊平君),,森監査委員ありがとうございました。ただ今、当局よりの説明と、森監査委員 より決算審査に係る意見をいただきましたので、これから統括的質疑を行います。質疑はございま せんか。 （「質疑なし」の声あり）,R7dai3kaiteireikaikaigiroku,19
2025,R7dai3kaiteireikaikaigiroku,◎認定第６号令和６年度奈良県住宅新築資金等貸付金回収,,,"予算,決算",議長(寺前伊平君),,質疑なしと認めます。これで質疑を終わります。本案についても、議会運営委 員長の報告のとおり、全員協議会で詳細な説明を受け、予算決算委員会に付託することにしたい と思います。ご異議ありませんか。 （「異議なし」の声あり）,R7dai3kaiteireikaikaigiroku,19
2025,R7dai3kaiteireikaikaigiroku,◎諮問第２号人権擁護委員候補者の推薦につき意見を求める,,,"予算,決算",議長(寺前伊平君),,異議なしと認めます。したがって、日程第１９、認定第６号令和６年度奈良県 住宅新築資金等貸付金回収管理組合市町村特別会計括弧御杖村分歳入歳出決算の認定につ いても、予算決算委員会に付託することに決定しました。  ◎諮問第２号人権擁護委員候補者の推薦につき意見を求める ことについて ［上程、説明、答申案配布］ －20－,R7dai3kaiteireikaikaigiroku,20
2025,R7dai3kaiteireikaikaigiroku,◎報告第２号令和６年度御杖村教育委員会の権限に属する,Village Development,,"予算,決算,補正予算,財産",議長(寺前伊平君),,以上をもって、本日の日程は全て終了致しました。次回の本会議は９月１９日 金曜日、午前１０時より開くことに致します。本日は、これにて散会致します。お疲れ様でした。   （午前１１時４９分散会）     －25－ －26－ （令和７年９月１９日）     －27－ 令和７年第３回（９月）御杖村議会定例会（第２号） 令和７年９月１９日（金） 開議 午前１０時００分 ◎議事日程［審議結果］ 日程第１   ,R7dai3kaiteireikaikaigiroku,29
2025,R7dai3kaiteireikaikaigiroku,◎議案第３５号御杖村立集会施設等使用条例の一部を改正,,,財産,議長(寺前伊平君),,皆さん、おはようございます。本日の令和７年第３回御杖村議会定例会の続 会をご案内させていただいたところ、ご出席をいただきありがとうございます。全議員が出席でござ います。地方自治法第１１３条の規定による定足数に達しておりますので、本日の会議を開きます。 本日の議事日程は、お手元に配布の日程第２号のとおりと致します。  ◎議案第３５号御杖村立集会施設等使用条例の一部を改正 する条例の制定について、議,R7dai3kaiteireikaikaigiroku,29
2025,R7dai3kaiteireikaikaigiroku,◎議案第３５号御杖村立集会施設等使用条例の一部を改正,,,財産,議長(寺前伊平君),,それでは、議事に入ります。日程第１､議案３５号御杖村立集会施設等使用 条例の一部を改正する条例の制定について、日程第２､議案第３６号財産の 無償譲渡について、 日程第３､議案第３７号御杖村過疎地域持続的発展計画の変更について以上の３議案につきまし ては、むらづくり委員会へ付託した案件でございますので、これを一括議題としたいと思いますが、 異議ありませんか。 「異議なし」の声あり,R7dai3kaiteireikaikaigiroku,29
2025,R7dai3kaiteireikaikaigiroku,◎議案第３５号御杖村立集会施設等使用条例の一部を改正,,,財産,７番(盛岡英成君),,それでは、むらづくり委員会に付託されました、議案第３５号御杖村立集会施 設等使用条例の一部を改正する条例の制定について、議案第３６号財産の無償譲渡について、 議案第３７号御杖村過疎地域持続的発展計画の変更につきまして、その審査の経緯と結果につ いて、報告させていただきます。審査の経緯でございますが、去る９月９日の本会議におきまして、 議案第３５号から議案第３７号の３件の議案が、付託されたことにより,R7dai3kaiteireikaikaigiroku,29
2025,R7dai3kaiteireikaikaigiroku,◎議案第３６号財産の無償譲渡について,,,財産,議長(寺前伊平君),,ありがとうございます。全員の起立により、日程第１､議案第３５号御杖村立集 会施設等使用条例の一部を改正する条例の制定については、むらづくり委員会委員長の報告の とおり可決されました。   ◎議案第３６号財産の無償譲渡について ［討論、採決］,R7dai3kaiteireikaikaigiroku,30
2025,R7dai3kaiteireikaikaigiroku,◎議案第３６号財産の無償譲渡について,,,財産,議長(寺前伊平君),,次に、日程第２､議案第３６号財産の無償譲渡についてを議題とし、討論を行 います。討論はありませんか。 （「討論なし」の声あり）,R7dai3kaiteireikaikaigiroku,30
2025,R7dai3kaiteireikaikaigiroku,◎議案第３７号御杖村過疎地域持続的発展計画の変更について,,,財産,議長(寺前伊平君),,ありがとうございます。全員の起立により、日程第２､議案第３６号財産の無償 譲渡についても、むらづくり委員会委員長の報告のとおり可決されました。   ◎議案第３７号御杖村過疎地域持続的発展計画の変更について ［討論、採決］,R7dai3kaiteireikaikaigiroku,30
2025,R7dai3kaiteireikaikaigiroku,◎議案第３８号令和７年度御杖村一般会計補正予算（第３号）,,,"予算,補正予算",議長(寺前伊平君),,ありがとうございます。全員の起立により、日程第３､議案第３７号御杖村過疎 地域持続的発展計画の変更についても、むらづくり委員会委員長の報告のとおり可決されました。 －31－ ◎議案第３８号令和７年度御杖村一般会計補正予算（第３号） の議定について、議案第３９号令和７年度御杖村介護保険 特別会計補正予算（第２号）の議定について、議案第４０号 令和７年度御杖村後期高齢者医療特別会計補正予算（第 １号）,R7dai3kaiteireikaikaigiroku,31
2025,R7dai3kaiteireikaikaigiroku,◎議案第３８号令和７年度御杖村一般会計補正予算（第３号）,,,"予算,決算,補正予算",議長(寺前伊平君),,次に、日程第４､議案３８号令和７年度御杖村一般会計補正予算第３号の議 定について、日程第５､議案第３９号令和７年度御杖村介護保険特別会計補正予算第２号の議定 について、日程第６､議案第４０号令和７年度御杖村後期高齢者医療特別会計補正予算第１号の 議定について以上の３議案につきましては、予算決算委員会へ付託した案件でございますので、 これを一括議題としたいと思いますが、異議ありませんか。 （「異議な,R7dai3kaiteireikaikaigiroku,31
2025,R7dai3kaiteireikaikaigiroku,◎議案第３８号令和７年度御杖村一般会計補正予算（第３号）,,,"予算,決算",議長(寺前伊平君),,異議なしと認め、一括議題と致します。日程第４、議案第３８号、日程第５、議 案第３９号、日程第６、議案第４０号について、御杖村議会会議規則第４１条第１項の規定に基づ き、予算決算委員会委員長より一括して審査経過及び結果の報告をお願いします。福田委員長。,R7dai3kaiteireikaikaigiroku,31
2025,R7dai3kaiteireikaikaigiroku,◎議案第３８号令和７年度御杖村一般会計補正予算（第３号）,,,"予算,決算,補正予算",４番(福田麻衣子君),,それでは、予算決算委員会を代表しまして、当委員会に付託されました、 議案第３８号から議案第４０号の補正予算３件につきまして、一括して、審査の経緯と経過及び結 果について報告をさせていただきます。まず、審査の経緯でございますが、去る９月９日の本会議 におきまして、補正予算３件及び決算認定６件の合計９件の議案が付託されたことにより、９月１６ 日火曜日、午前９時から予算決算委員会を開催いたしました。審査,R7dai3kaiteireikaikaigiroku,31
2025,R7dai3kaiteireikaikaigiroku,◎議案第３８号令和７年度御杖村一般会計補正予算（第３号）,,,"予算,決算",議長(寺前伊平君),,福田委員長、ご苦労様でした。これから、福田予算決算委員会委員長報告 に対する質疑を一括して行います。質疑は、ございませんか。 （「質疑なし」の声あり）,R7dai3kaiteireikaikaigiroku,31
2025,R7dai3kaiteireikaikaigiroku,◎議案第３８号令和７度御杖村一般会計補正予算（第３号）の,,,"予算,補正予算",議長(寺前伊平君),,質疑なしと認めます。これで質疑を終わります。  ◎議案第３８号令和７度御杖村一般会計補正予算（第３号）の 議定について ［討論、採決］,R7dai3kaiteireikaikaigiroku,31
2025,R7dai3kaiteireikaikaigiroku,◎議案第３８号令和７度御杖村一般会計補正予算（第３号）の,,,"予算,補正予算",議長(寺前伊平君),,続いて議案ごとに、討論及び採決を行います。先ず、日程第４､議案第３８号 令和７年度御杖村一般会計補正予算第３号の議定についてを議題とし、討論を行います。討論 はありませんか。 （「討論なし」の声あり） －32－,R7dai3kaiteireikaikaigiroku,32
2025,R7dai3kaiteireikaikaigiroku,◎議案第３８号令和７度御杖村一般会計補正予算（第３号）の,,,"予算,決算",議長(寺前伊平君),,討論なしと認めます。これで討論を終わります。これより、本案について採決を 行います。本案に対する予算決算委員会委員長の報告は、可決です。日程第４、議案第３８号を、 予算決算委員会委員長の報告のとおり決定することに賛成の方は、起立願います。 （全員／起立）,R7dai3kaiteireikaikaigiroku,32
2025,R7dai3kaiteireikaikaigiroku,◎議案第３９号令和７年度御杖村介護保険特別会計補正予算,,,"予算,決算,補正予算",議長(寺前伊平君),,ありがとうございます。全員の起立により、日程第４､議案第３８号令和７年度 御杖村一般会計補正予算第３号の議定については、予算決算委員会委員長の報告のとおり可 決されました。   ◎議案第３９号令和７年度御杖村介護保険特別会計補正予算 （第２号）の議定について ［討論、採決］,R7dai3kaiteireikaikaigiroku,32
2025,R7dai3kaiteireikaikaigiroku,◎議案第３９号令和７年度御杖村介護保険特別会計補正予算,,,"予算,補正予算",議長(寺前伊平君),,次に、日程第５､議案第３９号令和７年度御杖村介護保険特別会計補正予算 第２号の議定についてを議題とし、討論を行います。討論はありませんか。 「討論なし」の声あり,R7dai3kaiteireikaikaigiroku,32
2025,R7dai3kaiteireikaikaigiroku,◎議案第３９号令和７年度御杖村介護保険特別会計補正予算,,,"予算,決算",議長(寺前伊平君),,討論なしと認めます。これで討論を終わります。これより、本案について採決を 行います。本案に対する予算決算委員会委員長の報告は、可決です。日程第５、議案第３９号も、 予算決算委員会委員長の 報告のとおり決定することに賛成の方は、起立願います。 （全員／起立）,R7dai3kaiteireikaikaigiroku,32
2025,R7dai3kaiteireikaikaigiroku,◎議案第４０号令和７年度御杖村後期高齢者医療特別会計,,,"予算,決算,補正予算",議長(寺前伊平君),,ありがとうございます。全員の起立により、日程第５､議案第３９号令和７年度 御杖村介護保険特別会計補正予算第２号の議定についても、予算決算委員会委員長の報告の とおり可決されました。   ◎議案第４０号令和７年度御杖村後期高齢者医療特別会計 補正予算（第１号）の議定について ［討論、採決］,R7dai3kaiteireikaikaigiroku,32
2025,R7dai3kaiteireikaikaigiroku,◎議案第４０号令和７年度御杖村後期高齢者医療特別会計,,,予算,議長(寺前伊平君),,次に、日程第６､議案第４０号令和７年度御杖村後期高齢者医療特別会計補 正予算第１号の議定についてを議題とし、討論を行います。討論はありませんか。 「討論なし」の声あり,R7dai3kaiteireikaikaigiroku,32
2025,R7dai3kaiteireikaikaigiroku,◎議案第４０号令和７年度御杖村後期高齢者医療特別会計,,,"予算,決算",議長(寺前伊平君),,討論なしと認めます。これで討論を終わります。これより、本案について採決を 行います。本案に対する予算決算委員会委員長の報告は、可決です。日程第６、議案第４０号も、 予算決算委員会委員長の 報告のとおり決定することに賛成の方は、起立願います。 （全員／起立）,R7dai3kaiteireikaikaigiroku,32
2025,R7dai3kaiteireikaikaigiroku,◎認定第１号令和６年度御杖村一般会計歳入歳出決算の,Water/Sewer,,"予算,決算,補正予算",議長(寺前伊平君),,ありがとうございます。全員の起立により、日程第６､議案第４０号令和７年度 御杖村後期高齢者医療特別会計補正予算第１号の議定についても、予算決算委員会委員長の 報告のとおり可決されました。     －33－ ◎認定第１号令和６年度御杖村一般会計歳入歳出決算の 認定について、認定第２号令和６年度御杖村国民健康保 険特別会計歳入歳出決算の認定について、認定第３号 令和６年度御杖村介護保険特別会計歳入歳出,R7dai3kaiteireikaikaigiroku,33
2025,R7dai3kaiteireikaikaigiroku,◎認定第１号令和６年度御杖村一般会計歳入歳出決算の,Water/Sewer,,"予算,決算",議長(寺前伊平君),,次に、日程第７､認定第１号令和６年度御杖村一般会計歳入歳出決算の認 定について、日程第８､認定第２号令和６年度御杖村国民健康保険特別会計歳入歳出決算の認 定について、日程第９､認定第３号令和６年度御杖村介護保険特別会計歳入歳出決算の認定に ついて、日程第１０､認定第４号令和６年度御杖村後期高齢者医療特別会計歳入歳出決算の認 定について、日程第１１､認定第５号令和６年度御杖村簡易水道事業会計歳入歳出,R7dai3kaiteireikaikaigiroku,33
2025,R7dai3kaiteireikaikaigiroku,◎認定第１号令和６年度御杖村一般会計歳入歳出決算の,,,"予算,決算",議長(寺前伊平),,異議なしと認め、一括議題と致します。日程第７、認定第１号、日程第８、認定 第２号、日程第９、認定第３号、日程第１０、認定第４号、日程第１１、認定第５号、日程第１２、認定 第６号について、御杖村議会会議規則第４１条第１項の規定に基づき、予算決算委員会委員長よ り一括して審査経過及び結果の報告をお願いします。福田委員長。,R7dai3kaiteireikaikaigiroku,33
2025,R7dai3kaiteireikaikaigiroku,◎認定第１号令和６年度御杖村一般会計歳入歳出決算の,,,"予算,決算",４番(福田麻衣子君),,それでは、認定第１号から認定第６号の各会計歳入歳出決算認定の６件に つきまして、一括して、審査経過及び結果について報告をさせていただきます。審査の経緯につ きましては、先に報告させていただきましたとおりでございます。審査の経過でございますが、全６ 会計を一括議題とし、９月１０日の全員協議会において説明いただいた以外に、提案理由及び内 容について追加説明の有無を当局へ確認後、質疑を行いました。委員よ,R7dai3kaiteireikaikaigiroku,33
2025,R7dai3kaiteireikaikaigiroku,◎認定第１号令和６年度御杖村一般会計歳入歳出決算の,,,"予算,決算",議長(寺前伊平君),,福田委員長、ご苦労様でした。これから、予算決算委員会委員長報告に対 する質疑を一括して行います。質疑は、ございませんか。 （「質疑なし」の声あり） －34－,R7dai3kaiteireikaikaigiroku,34
2025,R7dai3kaiteireikaikaigiroku,◎認定第１号令和６年度御杖村一般会計歳入歳出決算の,,,決算,議長(寺前伊平君),,質疑なしと認めます。これで質疑を終わります。   ◎認定第１号令和６年度御杖村一般会計歳入歳出決算の 認定について ［討論、採決］,R7dai3kaiteireikaikaigiroku,34
2025,R7dai3kaiteireikaikaigiroku,◎認定第１号令和６年度御杖村一般会計歳入歳出決算の,,,決算,議長(寺前伊平君),,続いて議案ごとに、討論及び採決を行います。先ず、日程第７､認定第１号令 和６年度御杖村一般会計歳入歳出決算の認定についてを議題とし、討論を行います。討論はあり ませんか。 （「討論なし」の声あり）,R7dai3kaiteireikaikaigiroku,34
2025,R7dai3kaiteireikaikaigiroku,◎認定第１号令和６年度御杖村一般会計歳入歳出決算の,,,"予算,決算",議長(寺前伊平君),,討論なしと認めます。これで討論を終わります。これより、本案について採決 を行います。本案に対する予算決算委員会委員長の報告は、認定です。日程第７、認定第１号を、 予算決算委員会委員長の報告のとおり決定することに賛成の方は、起立願います。 （全員／起立）,R7dai3kaiteireikaikaigiroku,34
2025,R7dai3kaiteireikaikaigiroku,◎認定第２号令和６年度御杖村国民健康保険特別会計歳入,,,"予算,決算",議長(寺前伊平君),,ありがとうございます。全員の起立により、日程第７､認定第１号令和６年度御 杖村一般会計歳入歳出決算の認定については、予算決算委員会委員長の 報告のとおり認定さ れました。   ◎認定第２号令和６年度御杖村国民健康保険特別会計歳入 歳出決算の認定について ［討論、採決］,R7dai3kaiteireikaikaigiroku,34
2025,R7dai3kaiteireikaikaigiroku,◎認定第２号令和６年度御杖村国民健康保険特別会計歳入,,,決算,議長(寺前伊平君),,次に、日程第８､認定第２号令和６年度御杖村国民健康保険特別会計歳入 歳出決算の認定についてを議題とし、討論を行います。討論はありませんか。 （「討論なし」の声あり）,R7dai3kaiteireikaikaigiroku,34
2025,R7dai3kaiteireikaikaigiroku,◎認定第２号令和６年度御杖村国民健康保険特別会計歳入,,,"予算,決算",議長(寺前伊平君),,討論なしと認めます。これで討論を終わります。これより、本案について採決 を行います。本案に対する予算決算委員会委員長の報告は、認定です。日程第８、認定第２号も、 予算決算委員会委員長の報告のとおり決定することに賛成の方は、起立願います。 （全員／起立）,R7dai3kaiteireikaikaigiroku,34
2025,R7dai3kaiteireikaikaigiroku,◎認定第３号令和６年度御杖村介護保健特別会計歳入歳出,,,"予算,決算",議長(寺前伊平君),,ありがとうございます。全員の起立により、日程第８､認定第２号令和６年度御 杖村国民健康保険特別会計歳入歳出決算の認定についても、予算決算委員会委員長の報告の とおり認定されました。   ◎認定第３号令和６年度御杖村介護保健特別会計歳入歳出 決算の認定について ［討論、採決］,R7dai3kaiteireikaikaigiroku,34
2025,R7dai3kaiteireikaikaigiroku,◎認定第３号令和６年度御杖村介護保健特別会計歳入歳出,,,決算,議長(寺前伊平君),,次に、日程第９､認定第３号令和６年度御杖村介護保険特別会計歳入歳出 決算の認定についてを議題とし、討論を行います。討論はありませんか。 （「討論なし」の声あり）,R7dai3kaiteireikaikaigiroku,34
2025,R7dai3kaiteireikaikaigiroku,◎認定第３号令和６年度御杖村介護保健特別会計歳入歳出,,,"予算,決算",議長(寺前伊平君),,討論なしと認めます。これで討論を終わります。これより、本案について採決 を行います。本案に対する予算決算委員会委員長の報告は、認定です。日程第９、認定第３号も、 予算決算委員会委員長の報告のとおり決定することに賛成の方は、起立願います。 （全員／起立） －35－,R7dai3kaiteireikaikaigiroku,35
2025,R7dai3kaiteireikaikaigiroku,◎認定第４号令和６年度御杖村後期高齢者医療特別会計,,,"予算,決算",議長(寺前伊平君),,ありがとうございます。全員の起立により、日程９､認定第３号令和６年度御杖 村介護保険特別会計歳入歳出決算の認定についても、予算決算委員会委員長の報告のとおり 認定されました。   ◎認定第４号令和６年度御杖村後期高齢者医療特別会計 歳入歳出決算の認定について ［討論、採決］,R7dai3kaiteireikaikaigiroku,35
2025,R7dai3kaiteireikaikaigiroku,◎認定第４号令和６年度御杖村後期高齢者医療特別会計,,,決算,議長(寺前伊平君),,次に、日程第１０､認定第４号令和６年度御杖村後期高齢者医療特別会計歳 入歳出決算の認定についてを議題とし、討論を行います。討論はありませんか。 （「討論なし」の声あり）,R7dai3kaiteireikaikaigiroku,35
2025,R7dai3kaiteireikaikaigiroku,◎認定第４号令和６年度御杖村後期高齢者医療特別会計,,,"予算,決算",議長(寺前伊平君),,討論なしと認めます。これで討論を終わります。これより、本案について採決 を行います。本案に対する予算決算委員会委員長の報告は、認定です。日程第１０、認定第４号 も、予算決算委員会委員長の報告のとおり決定することに賛成の方は、起立願います。 （全員／起立）,R7dai3kaiteireikaikaigiroku,35
2025,R7dai3kaiteireikaikaigiroku,◎認定第５号令和６年度御杖村簡易水道事業会計歳入歳出,Water/Sewer,,"予算,決算",議長(寺前伊平君),,ありがとうございます。全員の起立により、日程１０､認定第４号令和６年度御 杖村後期高齢者医療特別会計歳入歳出決算の認定についても、予算決算 委員会委員長の報 告のとおり認定されました。   ◎認定第５号令和６年度御杖村簡易水道事業会計歳入歳出 決算の認定について ［討論、採決］,R7dai3kaiteireikaikaigiroku,35
2025,R7dai3kaiteireikaikaigiroku,◎認定第５号令和６年度御杖村簡易水道事業会計歳入歳出,Water/Sewer,,決算,議長(寺前伊平君),,次に、日程第１１､認定第５号令和６年度御杖村簡易水道事業会計歳入歳出 決算の認定についてを議題とし、討論を行います。討論はありませんか。 （「討論なし」の声あり）,R7dai3kaiteireikaikaigiroku,35
2025,R7dai3kaiteireikaikaigiroku,◎認定第５号令和６年度御杖村簡易水道事業会計歳入歳出,Water/Sewer,,"予算,決算",議長(寺前伊平君),,討論なしと認めます。これで討論を終わります。これより、本案について採決 を行います。本案に対する予算決算委員会委員長の報告は、認定です。日程第１１、認定第５号 も、予算決算委員会委員長の報告のとおり決定することに賛成の方は、起立願います。 （全員／起立）,R7dai3kaiteireikaikaigiroku,35
2025,R7dai3kaiteireikaikaigiroku,◎認定第６号令和６年度奈良県住宅新築資金等貸付金回収,Water/Sewer,,"予算,決算",議長(寺前伊平君),,ありがとうございます。全員の起立により、日程第１１､認定第５号令和６年度 御杖村簡易水道事業会計歳入歳出決算の認定についても、予算決算委員会委員長の報告のと おり認定されました。   ◎認定第６号令和６年度奈良県住宅新築資金等貸付金回収 管理組合市町村特別会計(御杖村)歳入歳出決算の認定に ついて ［討論、採決］,R7dai3kaiteireikaikaigiroku,35
2025,R7dai3kaiteireikaikaigiroku,◎認定第６号令和６年度奈良県住宅新築資金等貸付金回収,,,決算,議長(寺前伊平君),,次に、日程第１２､認定第６号令和６年度奈良県住宅新築資金等貸付金回収 管理組合市町村特別会計括弧御杖村分歳入歳出決算の認定についてを議題 とし、討論を行 います。討論はありませんか。 （「討論なし」の声あり）,R7dai3kaiteireikaikaigiroku,35
2025,R7dai3kaiteireikaikaigiroku,◎認定第６号令和６年度奈良県住宅新築資金等貸付金回収,,,"予算,決算",議長(寺前伊平君),,討論なしと認めます。これで討論を終わります。これより、本案について採決 －36－ を行います。本案に対する予算決算委員会委員長の報告は、認定です。日程第１２、認定第６号 も、予算決算委員会委員長の報告のとおり決定することに賛成の方は、起立願います。 （全員／起立）,R7dai3kaiteireikaikaigiroku,36
2025,R7dai3kaiteireikaikaigiroku,◎発委第５号閉会中の継続調査申出について（議会運営委員会）,,,"予算,決算",議長(寺前伊平君),,ありがとうございます。全員の起立により、日程第１２､認定第６号令和６年度 奈良県住宅新築資金等貸付金回収管理組合市町村特別会計括弧御杖村分歳入歳出決算の認 定についても、予算決算委員会委員長の報告のとおり認定されました。   ◎発委第５号閉会中の継続調査申出について（議会運営委員会） ［上程、採決］,R7dai3kaiteireikaikaigiroku,36
2025,R7dai4kaiteireikaikaigiroku,◎発委第８号閉会中の継続調査申出について（むらづくり委員会）,,,"予算,決算,補正予算",議会運営員会委員長(森源五君),,それでは、１１月２５日に開催いたしました議会運営委員会の 会議結果について、報告をいたします。当日は、全委員出席のもと、令和７年第４回、１２月定例 会の運営について協議を行いました。まず、会期及び会期中の日程について協議を行い、会期 を１２月９日から１７日までの９日間とし、会期中の日程については、開会日を１２月９日火曜日、全 員協議会を１２月１０日水曜日、予算決算委員会を１２月１５日月曜日、続会議,R7dai4kaiteireikaikaigiroku,4
2025,R7dai4kaiteireikaikaigiroku,◎発委第８号閉会中の継続調査申出について（むらづくり委員会）,,7196000,"予算,決算,繰越,補正予算",６番(山岡隆良君),,それでは、令和７年第２回東宇陀環境衛生組合議会定例会報告をさせてい ただきます。去る１１月１４日午後２時より、令和７年第２回東宇陀環境衛生組合議会定例会が東 宇陀クリーンセンターにおいて開催されました。宇陀市からは組合議長として松浦利久子議員、 組合議員として、中川ゆり子議員、森田明子議員、勝井太郎議員が出席いたしました。曽爾村か らは組合議員として岡本久光議員、大向實議員、松本喬議員が出席いたし,R7dai4kaiteireikaikaigiroku,4
2025,R7dai4kaiteireikaikaigiroku,◎発委第８号閉会中の継続調査申出について（むらづくり委員会）,,9000000,"基金,決算,繰越",１番(影山英章君),,それでは、去る令和７年１１月２５日火曜日、午後３時から、桜井市議会議場に おいて開催されました、令和７年桜井宇陀広域連合議会 第２回定例会の報告をさせていただき ます。大園広域連合議会議長の開会宣言、金剛広域連合長の招集挨拶、開議の宣言の後、会 議に入り、議事日程により、会議録署名議員の指名、会期の決定、広域連合長の提出議案の理 由説明がありました。当日付議された議案は、認第１号令和６年度桜井宇陀,R7dai4kaiteireikaikaigiroku,5
2025,R7dai4kaiteireikaikaigiroku,◎発委第８号閉会中の継続調査申出について（むらづくり委員会）,,7715,決算,４番(福田麻衣子君),,それでは、宇陀衛生一部事務組合議会の報告をさせていただきます。去る １１月２７日木曜日、午前１０時から、令和７年宇陀衛生一部事務組合議会第２回定例会が、宇陀 市人権交流センター大会議室で開催されました。出席した組合議会議員は１４名で、御杖村から は、寺前議員とわたくし福田が出席いたしました。管理者である宇陀市金剛市長の招集あいさつ の後、議事日程に基づき、会議録署名議員の指名、会期の決定が行われま,R7dai4kaiteireikaikaigiroku,6
2025,R7dai4kaiteireikaikaigiroku,◎発委第８号閉会中の継続調査申出について（むらづくり委員会）,,2029000,"予算,決算",２番(小田靜男君),,それでは、報告させていただきます。曽爾御杖行政一部事務組合議会令和７ 年第２回定例会報告書。それでは去る、１２月２日午後３時より御杖村議会委員会室において開 催されました、令和７年第２回曽爾御杖行政一部事務組合議会定例会の報告をさせていただきま す。 曽爾村からは、佐治議員、東口議員、大向議員が出席し、御杖村 からは盛岡議員、福田 議員、私、小田が出席致しました。伊藤管理者の挨拶のあと、大向議長か,R7dai4kaiteireikaikaigiroku,7
2025,R7dai4kaiteireikaikaigiroku,◎発委第８号閉会中の継続調査申出について（むらづくり委員会）,Water/Sewer,,"予算,補正予算",村長(伊藤収宜君),,１２月定例会の開会にあたりまして、９月定例会以降の行政報告を申し上げ ます。まず、１０月３日から４日にかけて、和歌山市で全国国保地域医療学会が開催され、奈良県 国民健康保険直営診療施設運営協議会会長として参加してまいりました。国保直診開設者サミッ トでは、人口減少地域の生活を守る～都市部の未来は今の地方にあるをテーマに、意見交換が 行われ、市町村の枠を超えた地域医療の連携として、奈良県東部地域医療,R7dai4kaiteireikaikaigiroku,8
2025,R7dai4kaiteireikaikaigiroku,◎発委第８号閉会中の継続調査申出について（むらづくり委員会）,,,予算,６番(山岡隆良君),,それでは、わたくしから２点目の質問ということで村の景観保全についてという ことを質問させていただきます。本年度は中山間集落支援事業として、昨年までは農地の耕作者 や耕作者以外の人も一緒になり、耕作放棄地の田んぼや農道の除草作業等、水路の清掃作業 等への事業費補助として４百万程度予算化されていましたが、今年度はこの事業費補助がなくな りました。無くなった理由は、５年限定の事業であった、との回答でした,R7dai4kaiteireikaikaigiroku,11
2025,R7dai4kaiteireikaikaigiroku,◎発委第８号閉会中の継続調査申出について（むらづくり委員会）,,,補助金,６番(山岡隆良君),,どうもご回答ありがとうございました。集落の整備環境推進づくりに以前の８割 が１０割になるということで、、補助金の嵩上げがあるということですけれども、これは具体的にどう  －12－ いう内容のものかどのくらいの金額的に嵩上げがあるのか、担当部局でもいいんですけれども教 えていただくことができますか。,R7dai4kaiteireikaikaigiroku,12
2025,R7dai4kaiteireikaikaigiroku,◎発委第８号閉会中の継続調査申出について（むらづくり委員会）,,,取得,村長(伊藤収宜君),,議員ご質問の高校通学支援について、お答えさせていただきます。本村に おいては、平成１４年度から若者等定住人口の確保と増加を目指し、高校へ進学する家庭の経済 －15－ 的負担を軽減するための就学支援として高校生の通学費を支援して参りました。また、若者定住 対策として、結婚祝金・出産祝金等各種奨励金が措置されておりました。これらの各種制度により、 若者の定住人口の確保に努めて参りましたが、奨励金を取得,R7dai4kaiteireikaikaigiroku,15
2025,R7dai4kaiteireikaikaigiroku,◎議案第４８号令和７年度御杖村一般会計補正予算（第４号）,,,"予算,決算,補正予算",議長(寺前伊平君),,ありがとうございます。全員の起立により、日程第１２、議案第４７号、戸籍に 係る電子情報処理の事務の委託の廃止に関する協議についても、原案のとおり可決されました。   ◎議案第４８号令和７年度御杖村一般会計補正予算（第４号） の議定について ［上程、説明、総括的質疑、予算決算委員会付託］,R7dai4kaiteireikaikaigiroku,22
2025,R7dai4kaiteireikaikaigiroku,◎議案第４８号令和７年度御杖村一般会計補正予算（第４号）,,,"予算,補正予算",議長(寺前伊平君),,次に、日程第１３、議案第４８号、令和７年度御杖村一般会計補正予算第４号 の議定についてを議題と致します。本案について、提案理由の説明を求めます。伊藤村長。,R7dai4kaiteireikaikaigiroku,22
2025,R7dai4kaiteireikaikaigiroku,◎議案第４８号令和７年度御杖村一般会計補正予算（第４号）,,,"予算,決算",議長(寺前伊平君),,質疑なしと認めます。これで質疑を終わります。本案については、議会運営 委員会副委員長の報告のとおり、全員協議会で詳細な説明を受け、予算決算委員会に付託する ことにしたいと思います。ご異議ありませんか。 （「異議なし」の声あり）,R7dai4kaiteireikaikaigiroku,22
2025,R7dai4kaiteireikaikaigiroku,◎議案第４９号令和７年度御杖村国民健康保険特別会計,,,"予算,決算,補正予算",議長(寺前伊平君),,異議なしと認めます。したがって、日程第１３、議案第４８号、令和７年度御杖 村一般会計補正予算第４号の議定については、予算決算委員会に付託することに決定しました。   ◎議案第４９号令和７年度御杖村国民健康保険特別会計 補正予算（第１号）の議定について ［上程、説明、総括的質疑、予算決算委員会付託］ －23－,R7dai4kaiteireikaikaigiroku,23
2025,R7dai4kaiteireikaikaigiroku,◎議案第４９号令和７年度御杖村国民健康保険特別会計,,,"予算,補正予算",議長(寺前伊平君),,次に、日程第１４、議案第４９号、令和７年度御杖村国民健康保険特別会計 補正予算第１号の議定についてを議題と致します。本案について、提案理由の説明を求めます。 伊藤村長。,R7dai4kaiteireikaikaigiroku,23
2025,R7dai4kaiteireikaikaigiroku,◎議案第４９号令和７年度御杖村国民健康保険特別会計,,,"予算,決算",議長(寺前伊平君),,質疑なしと認めます。これで質疑を終わります。本案についても、議会運営委 員会副委員長の報告のとおり、全員協議会で詳細な説明を受け、予算決算委員会に付託するこ とにしたいと思います。ご異議ありませんか。 （「異議なし」の声あり）,R7dai4kaiteireikaikaigiroku,23
2025,R7dai4kaiteireikaikaigiroku,◎議案第５０号令和７年度御杖村介護保険特別会計補正予算,,,"予算,決算,補正予算",議長(寺前伊平君),,異議なしと認めます。したがって、日程第１４、議案第４９号、令和７年度御杖 村国民健康保険特別会計補正予算第１号の議定についても、予算決算委員会に付託することに 決定しました。   ◎議案第５０号令和７年度御杖村介護保険特別会計補正予算 （第３号）の議定について ［上程、説明、総括的質疑、予算決算委員会付託］,R7dai4kaiteireikaikaigiroku,23
2025,R7dai4kaiteireikaikaigiroku,◎議案第５０号令和７年度御杖村介護保険特別会計補正予算,,,予算,議長(寺前伊平君),,次に、日程第１５、議案第５０号、令和７年度御杖村介護保険特別会計補正 予算第３号の議定についてを議題と致します。本案について、提案理由の説明を求めます。伊藤 村長。,R7dai4kaiteireikaikaigiroku,23
2025,R7dai4kaiteireikaikaigiroku,◎議案第５０号令和７年度御杖村介護保険特別会計補正予算,,,"予算,決算",議長(寺前伊平君),,質疑なしと認めます。これで質疑を終わります。本案についても、議会運営委 員会副委員長の報告のとおり、全員協議会で詳細な説明を受け、予算決算委員会に付託するこ とにしたいと思います。ご異議ありませんか。 （「異議なし」の声あり） －24－,R7dai4kaiteireikaikaigiroku,24
2025,R7dai4kaiteireikaikaigiroku,◎議案第５１号令和７年度御杖村後期高齢者医療特別会計,,,"予算,決算,補正予算",議長(寺前伊平君),,異議なしと認めます。したがって、日程第１５、議案第５０号、令和７年度御杖 村介護保険特別会計補正予算第３号の議定についても、予算決算委員会に付託することに決定 しました。   ◎議案第５１号令和７年度御杖村後期高齢者医療特別会計 補正予算（第２号）の議定について ［上程、説明、総括的質疑、予算決算委員会付託］,R7dai4kaiteireikaikaigiroku,24
2025,R7dai4kaiteireikaikaigiroku,◎議案第５１号令和７年度御杖村後期高齢者医療特別会計,,,"予算,補正予算",議長(寺前伊平君),,次に、日程第１６、議案第５１号、令和７年度御杖村後期高齢者医療特別会 計補正予算第２号の議定についてを議題と致します。本案について、提案理由の説明を求めま す。伊藤村長。,R7dai4kaiteireikaikaigiroku,24
2025,R7dai4kaiteireikaikaigiroku,◎議案第５１号令和７年度御杖村後期高齢者医療特別会計,,,"予算,決算",議長(寺前伊平君),,質疑なしと認めます。これで質疑を終わります。本案についても、議会運営委 員会副委員長の報告のとおり、全員協議会で詳細な説明を受け、予算決算委員会に付託するこ とにしたいと思います。ご異議ありませんか。 （「異議なし」の声あり）,R7dai4kaiteireikaikaigiroku,24
2025,R7dai4kaiteireikaikaigiroku,◎議案第５１号令和７年度御杖村後期高齢者医療特別会計,,,"予算,決算,補正予算",議長(寺前伊平君),,異議なしと認めます。したがって、日程第１６、議案第５０号、令和７年度御杖 村後期高齢者医療特別会計補正予算第２号の議定についても、予算決算委員会に付託すること に決定しました。   ◎散会の宣言,R7dai4kaiteireikaikaigiroku,24
2025,R7dai4kaiteireikaikaigiroku,◎議案第５１号令和７年度御杖村後期高齢者医療特別会計,Village Development,,"予算,補正予算",議長(寺前伊平君),,以上をもって、本日の日程は全て終了致しました。次回の本会議は１２月１７ 日、水曜日、午前１０時より開くことに致します。本日は、これにて散会致します。お疲れ様でした。  （午前１１時４９分散会）     －25－ －26－ （令和７年１２月１７日）     －27－ 令和７年第４回（１２月）御杖村議会定例会（第２号） 令和７年１２月１７日（水） 開議 午前１０時００分 ◎議事日程［審議結果］ 第１ ,R7dai4kaiteireikaikaigiroku,28
2025,R7dai4kaiteireikaikaigiroku,◎議案第４８号令和７年度御杖村一般会計補正予算(第４号),,,"予算,補正予算",議長(寺前伊平君),,皆さん、おはようございます。本日の令和７年第４回御杖村議会定例会の続会 をご案内させていただいたところ、ご出席をいただきありがとうございます。全議員が出席でござい ます。地方自治法第１１３条の規定による定足数に達しておりますので、本日の会議を開きます。本 日の議事日程は、お手元に配布の日程第２号のとおりと致します。   ◎議案第４８号令和７年度御杖村一般会計補正予算(第４号) の議定について、議案,R7dai4kaiteireikaikaigiroku,28
2025,R7dai4kaiteireikaikaigiroku,◎議案第４８号令和７年度御杖村一般会計補正予算(第４号),,,"予算,決算,補正予算",議長(寺前伊平君),,それでは、議事に入ります。日程第１､議案４８号、令和７年度御杖村一般会 計補正予算第４号の議定について、日程第２､議案第４９号、令和７年度御杖村国民健康保険特 別会計補正予算第１号の議定について、日程第３､議案第５０号、令和７年度御杖村介護保険特 別会計補正予算第３号の議定について、日程第４､議案第５１号、令和７年度御杖村後期高齢者 医療特別会計補正予算第２号の議定について、以上の４議案につきまし,R7dai4kaiteireikaikaigiroku,28
2025,R7dai4kaiteireikaikaigiroku,◎議案第４８号令和７年度御杖村一般会計補正予算(第４号),,,"予算,決算",議長(寺前伊平君),,異議なしと認め、一括議題と致します。日程第１、議案第４８号、日程第２、議 案第４９号、日程第３、議案第５０号、日程第４、議案第５１号について、御杖村議会会議規則第 ４１条第１項の規定に基づき、予算決算委員会委員長より一括して審査経過及び結果の報告をお 願いします。福田委員長。,R7dai4kaiteireikaikaigiroku,28
2025,R7dai4kaiteireikaikaigiroku,◎議案第４８号令和７年度御杖村一般会計補正予算(第４号),,,"予算,決算,補正予算",４番(福田麻衣子君),,それでは、予算決算委員会を代表しまして、当委員会に付託されました、 議案第４８号から議案第５１号の補正予算に関する４議案につきまして、一括して、審査の経緯と 経過及び結果について報告をさせていただきます。まず、審査の経緯でございますが、去る１２月 ９日開催の令和７年第４回定例会本会議におきまして、令和７年度の一般会計及び特別会計に おける補正予算４議案が付託されたことによりまして、１２月１５日、月,R7dai4kaiteireikaikaigiroku,29
2025,R7dai4kaiteireikaikaigiroku,◎議案第４８号令和７年度御杖村一般会計補正予算(第４号),,,"予算,決算",議長(寺前伊平君),,福田委員長、ご苦労様でした。これから、予算決算委員会委員長報告に対 する質疑を一括して行います。質疑は、ございませんか。 （「質疑なし」の声あり）,R7dai4kaiteireikaikaigiroku,29
2025,R7dai4kaiteireikaikaigiroku,◎議案第４８号令和７年度御杖村一般会計補正予算(第４号),,,"予算,補正予算",議長(寺前伊平君),,質疑なしと認めます。これで質疑を終わります。   ◎議案第４８号令和７年度御杖村一般会計補正予算(第４号) の議定について ［討論、採決］,R7dai4kaiteireikaikaigiroku,29
2025,R7dai4kaiteireikaikaigiroku,◎議案第４８号令和７年度御杖村一般会計補正予算(第４号),,,"予算,補正予算",議長(寺前伊平君),,先ず、日程第１､議案第４８号、令和７年度御杖村一般会計補正予算第４号 の議定についてを議題とし、討論を行います。討論はありませんか。 （「討論なし」の声あり）,R7dai4kaiteireikaikaigiroku,29
2025,R7dai4kaiteireikaikaigiroku,◎議案第４８号令和７年度御杖村一般会計補正予算(第４号),,,"予算,決算",議長(寺前伊平君),,討論なしと認めます。これで討論を終わります。これより、本案について採決 を行います。本案に対する予算決算委員会委員長の報告は、可決です。日程第１、議案第４８号 を、予算決算委員会委員長の報告のとおり決定することに賛成の方は、起立願います。 （全員／起立）,R7dai4kaiteireikaikaigiroku,29
2025,R7dai4kaiteireikaikaigiroku,◎議案第４９号令和７年度御杖村国民健康保険特別,,,"予算,決算,補正予算",議長(寺前伊平君),,ありがとうございます。全員の起立により、日程第１､議案第４８号、令和７年度 御杖村一般会計補正予算第４号の議定については、予算決算委員会委員長の報告のとおり可 決されました。   ◎議案第４９号令和７年度御杖村国民健康保険特別 会計補正予算(第１号)の議定について ［討論、採決］,R7dai4kaiteireikaikaigiroku,29
2025,R7dai4kaiteireikaikaigiroku,◎議案第４９号令和７年度御杖村国民健康保険特別,,,予算,議長(寺前伊平君),,次に、日程第２､議案第４９号、令和７年度御杖村国民健康保険特別会計補 正予算第１号の議定についてを議題とし、討論を行います。討論はありませんか。 （「討論なし」の声あり）,R7dai4kaiteireikaikaigiroku,29
2025,R7dai4kaiteireikaikaigiroku,◎議案第４９号令和７年度御杖村国民健康保険特別,,,"予算,決算",議長(寺前伊平君),,討論なしと認めます。これで討論を終わります。これより、本案について採決 を行います。本案に対する予算決算委員会委員長の報告は、可決です。日程第２、議案第４９号 も、予算決算委員会委員長の報告のとおり決定することに賛成の方は、起立願います。 （全員／起立）,R7dai4kaiteireikaikaigiroku,29
2025,R7dai4kaiteireikaikaigiroku,◎議案第５０号令和７年度御杖村介護保険特別会計,,,"予算,決算,補正予算",議長(寺前伊平君),,ありがとうございます。全員の起立により、日程第２､議案第４９号、令和７年度 御杖村国民健康保険特別会計補正予算第１号の議定についても、予算決算委員会委員長の報 告のとおり可決されました。   ◎議案第５０号令和７年度御杖村介護保険特別会計 補正予算(第３号)の議定について ［討論、採決］,R7dai4kaiteireikaikaigiroku,29
2025,R7dai4kaiteireikaikaigiroku,◎議案第５０号令和７年度御杖村介護保険特別会計,,,"予算,決算",議長(寺前伊平君),,討論なしと認めます。これで討論を終わります。これより、本案について採決 を行います。本案に対する予算決算委員会委員長の報告は、可決です。日程第３、議案第５０号 も、予算決算委員会委員長の報告のとおり決定することに賛成の方は、起立願います。 （全員／起立）,R7dai4kaiteireikaikaigiroku,30
2025,R7dai4kaiteireikaikaigiroku,◎議案第５１号令和７年度御杖村後期高齢者医療特別,,,"予算,決算,補正予算",議長(寺前伊平君),,ありがとうございます。全員の起立により、日程第３､議案第５０号、令和７年度 御杖村介護保険特別会計補正予算第３号の議定についても、予算決算委員会委員長の報告の とおり可決されました。   ◎議案第５１号令和７年度御杖村後期高齢者医療特別 会計補正予算(第２号)の議定について ［討論、採決］,R7dai4kaiteireikaikaigiroku,30
2025,R7dai4kaiteireikaikaigiroku,◎議案第５１号令和７年度御杖村後期高齢者医療特別,,,"予算,補正予算",議長(寺前伊平君),,次に、日程第４､議案第５１号、令和７年度御杖村後期高齢者医療特別会計 補正予算第２号の議定についてを議題とし、討論を行います。討論はありませんか。 （「討論なし」の声あり）,R7dai4kaiteireikaikaigiroku,30
2025,R7dai4kaiteireikaikaigiroku,◎議案第５１号令和７年度御杖村後期高齢者医療特別,,,"予算,決算",議長(寺前伊平君),,討論なしと認めます。これで討論を終わります。これより、本案について採決 を行います。本案に対する予算決算委員会委員長の報告は、可決です。日程第４、議案第５１号 も、予算決算委員会委員長の報告のとおり決定することに賛成の方は、起立願います。 （全員／起立）,R7dai4kaiteireikaikaigiroku,30
2025,R7dai4kaiteireikaikaigiroku,◎発委第７号閉会中の継続調査申出について（議会運営委員会）,,,"予算,決算,補正予算",議長(寺前伊平君),,ありがとうございます。全員の起立により、日程第４､議案第５１号、令和７年度 御杖村後期高齢者医療特別会計補正予算第２号の議定についても、予算決算委員会委員長の 報告のとおり可決されました。   ◎発委第７号閉会中の継続調査申出について（議会運営委員会） ［上程、採決］,R7dai4kaiteireikaikaigiroku,30
2026,R86teireigikaigijiroku,◎発委第 ４号 閉会中の継続調査申出について（むらづくり委員会）,,,"予算,取得,契約,工事,決算,繰越,補正予算,財産",委員長(森源五君),,議長の指名を受けましたので、５月２１日に開催いたしました議 会運営委員会の報告をさせていただきます。当日は、全委員出席のもと、令和８年第２ 回、６月定例会の運営について協議を行いました。まず、会期及び会期中の日程について 協議を行い、会期を、６月９日火曜日から１７日水曜日までの９日間とし、会期中の日程 については、６月９日火曜日午前１０時開会、全員協議会を６月１０日水曜日午前１０時 開会、むらづく,R86teireigikaigijiroku,31
2026,R86teireigikaigijiroku,◎発委第 ４号 閉会中の継続調査申出について（むらづくり委員会）,,,"予算,基金,契約,補正予算,財産",村長(伊藤収宜君),,おはようございます。６月議会定例会を招集いたしましたとこ ろ、議員の皆様には何かとご多用の中、全員のご出席をいただきありがとうございます。 開会にあたり、行政報告をさせていただきたいと思います。 先ず、先週の台風 6 号への対応及び被害状況についてご報告いたします。 今回の台風 6 号は、本年 5 月 29 日から運用が開始された新たな防災気象情報をもと に、初めて対応した台風となりました。本村に,R86teireigikaigijiroku,31
2026,R86teireigikaigijiroku,◎議案第２６号    財産の取得について,,,"取得,財産",議長(寺前伊平君),,ありがとうございます。全員の起立により、日程第７ 議案第２５ 号 御杖村消防団員等公務災害補償条例の一部を改正する条例については、原案のとおり 可決されました。     13 ◎議案第２６号    財産の取得について ［上程、説明、総括的質疑、むらづくり委員会付託］ ○議長（寺前伊平君） ： 次に、日程第８  議案第２６号 財産の取得について を議題と 致します。本案について、提案理由の説明を求め,R86teireigikaigijiroku,31
2026,R86teireigikaigijiroku,◎議案第２６号    財産の取得について,,,"取得,契約,財産",村長(伊藤収宜君),,本案につきましては、本年度更新する職員用パソコンを取得す ることについて「地方自治法第 96 条第 1 項第 8 号」及び「議会の議決に付すべき契約 及び財産の取得又は処分に関する条例第 3 条」の規定により、議会の議決を必要とする 財産の取得であることから、提案するものでございます。  ○議長（寺前伊平君） ： ただ今、提案理由の説明をいただきましたので、これから、総括的 質疑を行います。質疑は,R86teireigikaigijiroku,31
2026,R86teireigikaigijiroku,◎議案第２７号,,,"取得,契約,工事,財産",議長(寺前伊平君),,異議なしと認めます。 したがって、日程第８  議案第２６号 財産の取得については、むらづくり委員会に付 託することに決定しました。    ◎議案第２７号 みつえ青少年旅行村新規サイト敷地整備工事請負契約の締結に ついて ［上程、説明、総括的質疑、むらづくり委員会付託］ ○議長（寺前伊平君） ： 次に、日程第９  議案第２７号 みつえ青少年旅行村新規サイト 敷地整備工事請負契約の締結について を議題,R86teireigikaigijiroku,31
2026,R86teireigikaigijiroku,◎議案第２７号,,,"取得,契約,財産",村長(伊藤収宜君),,本案につきましては、 「地方自治法第 96 条第 1 項第 5 号」及び 「議会の議決に付すべき契約及び財産の取得又は処分に関する条例第 2 条」の規定によ り、議会の議決を必要とする契約であることから、提案するものでございます。  ○議長（寺前伊平君） ： ただ今、提案理由の説明をいただきましたので、これから、総括的 質疑を行います。質疑はございませんか。  （ 「質疑なし」の声あり） ,R86teireigikaigijiroku,31
2026,R86teireigikaigijiroku,◎議案第２８号,,,"予算,契約,工事,決算,補正予算",議長(寺前伊平君),,異議なしと認めます。したがって、日程第９  議案第２７号 みつえ青少年旅行村新規サイト敷地整備工事請負契約の締結についても、むらづくり委員 会に付託することに決定しました。    ◎議案第２８号 令和８年度御杖村一般会計補正予算(第１号)の議定について ［上程、説明、総括的質疑、予算決算委員会付託］,R86teireigikaigijiroku,31
2026,R86teireigikaigijiroku,◎議案第２８号,,,予算,議長(寺前伊平君),,次に、日程第１０ 議案第２８号 令和８年度御杖村一般会計補正 予算(第１号)の議定について を議題と致します。 本案について、提案理由の説明を求めます。伊藤村長。 ,R86teireigikaigijiroku,31
2026,R86teireigikaigijiroku,◎議案第２８号,,2702397000,"予算,決算,補助金",村長(伊藤収宜君),,本案につきましては、一般会計予算の歳入歳出それぞれに ４，９３９万７千円を追加し、補正後の総額を２７億２３９万７千円とするものでござ います。主な内容は、物価高騰対策指定管理者事業継続補助金及び村道部分改良事業の 追加、4 月の人事異動に伴う人件費の補正等となっています。  ○議長（寺前伊平君） ： ただ今、提案理由の説明をいただきましたので、これから、総括的 質疑を行います。質疑はございませんか,R86teireigikaigijiroku,31
2026,R86teireigikaigijiroku,◎議案第２９号,,,"予算,決算,補正予算",議長(寺前伊平君),,異議なしと認めます。したがって、日程第１０ 議案第２８号 令和８年度御杖村一般会計補正予算(第１号)の議定については、予算決算委員会に付託す ることに決定しました。    ◎議案第２９号 令和８年度御杖村国民健康保険特別会計補正予算(第１号） の議定について ［上程、説明、総括的質疑、予算決算委員会付託］,R86teireigikaigijiroku,31
2026,R86teireigikaigijiroku,◎議案第２９号,,,"予算,補正予算",議長(寺前伊平君),,次に、日程第１１ 議案第２９号 令和８年度御杖村国民健康保険 特別会計補正予算(第１号）の議定について を議題と致します。 本案について、提案理由 の説明を求めます。伊藤村長。 ,R86teireigikaigijiroku,31
2026,R86teireigikaigijiroku,◎議案第２９号,,6498000,"予算,決算",村長(伊藤収宜君),,本案につきましては、歳入歳出それぞれに１，００９万８千円 を追加し、補正後の総額を１億１，６４９万８千円とするものでございます。 主な内容は、奈良県派遣医師の初任給調整手当等の追加、４月の人事異動に伴う人件費 の補正等となっています。  ○議長（寺前伊平君） ： ただ今、提案理由の説明をいただきましたので、これから、総括的 質疑を行います。質疑はございませんか。   15 （ 「質疑なし」の声あり,R86teireigikaigijiroku,31
2026,R86teireigikaigijiroku,◎議案第３０号,,,"予算,決算,補正予算",議長(寺前伊平君),,異議なしと認めます。したがって、日程第１１ 議案第２９号 令和８年度御杖村国民健康保険特別会計補正予算(第１号)の議定について、予算決算委員 会に付託することに決定しました。    ◎議案第３０号 令和８年度御杖村介護保険特別会計補正予算（第１号） の議定について ［上程、説明、総括的質疑、予算決算委員会付託］ ○議長（寺前伊平君） ： 次に、日程第１２ 議案第３０号 令和８年度御杖村介護保険特 ,R86teireigikaigijiroku,31
2026,R86teireigikaigijiroku,◎議案第３０号,,9948000,"予算,決算",村長(伊藤収宜君),,本案につきましては、歳入歳出それぞれ１０３万４千円を追加 し、補正後の総額を３億４，９９４万８千円とするものでございます。 補正の内容は、介護保険システム改修費用の追加となっています。  ○議長（寺前伊平君） ： ただ今、提案理由の説明をいただきましたので、これから、総括的 質疑を行います。質疑はございませんか。  （ 「質疑なし」の声あり）  ○議長（寺前伊平君） ： 本案については、議会運営委,R86teireigikaigijiroku,31
2026,R86teireigikaigijiroku,◎同意第１号,,,"予算,決算,補正予算",議長(寺前伊平君),,異議なしと認めます。したがって、日程第１２ 議案第３０号 令和８年度御杖村介護保険特別会計補正予算（第１号）の議定について、予算決算委員 会に付託することに決定しました。    ◎同意第１号 御杖村公平委員会の委員選任につき同意を求めることについて ［上程、説明、採決］ ○議長（寺前伊平君） ： 次に、日程第１３ 同意第１号 御杖村公平委員会の委員選任につ き同意を求めることについて を議題としま,R86teireigikaigijiroku,31
2026,R86teireigikaigijiroku,◎報告第２号,Welfare,,繰越,保健福祉課長(川上隆二君),,別冊、御杖村新型インフルエンザ等対策行動計画の改定 についてですが、本行動計画は、２０１５年に策定されたものでありますが、２０２０ 年に発生した新型コロナウイルス感染症への対応を受け、２０２４年７月に、国の新型イ ンフルエンザ等対策特別措置法及び政府行動計画、２０２５年６月に、県行動計画が改定 されました。つきましては、新型インフルエンザ等対策特別措置法第8条第8項において準 用する同条第6項の規,R86teireigikaigijiroku,31
2026,R86teireigikaigijiroku,◎報告第２号,,,繰越,村長(伊藤収宜君),,本件につきましては、令和 7 年度から繰り越しさせていただい た 7 件の事業について、地方自治法施行令第 146 条第 2 項の規定により繰越計算書の調 整を行いましたので報告するものでございます。 内容については、副村長からご説明申し上げます。  ○議長（寺前伊平君） ： 中嶋副村長。 ,R86teireigikaigijiroku,31
2026,R86teireigikaigijiroku,◎報告第２号,,869000,"予算,契約,工事,繰越,補助金,補正予算",副村長(中嶋英樹君),副村長 (Vice Mayor),"ご説明申し上げます。去る、3 月定例会において、一般会計補 正予算第 8 号で可決いただきました繰越明許費 7 事業につきまして、繰越額が確定しまし たので報告いたします。議案書の最後、繰越計算書をご覧ください。 まず、各事業の金額は、補正予算にて許可いただいた金額で、その右、翌年度繰越額が確 定した金額となります。各事業、確定した金額でご説明いたします。 地域振興券交付事業、翌年度繰越額 64,",R86teireigikaigijiroku,31
2026,R86teireigikaigijiroku,◎報告第２号,,,繰越,議長(寺前伊平君),,質疑なしと認めます。以上で、日程第２４ 報告第２号 令和７ 年度御杖村一般会計繰越明許費繰越計算書の報告について を終わります。    ◎散会の宣言,R86teireigikaigijiroku,31
2026,R86teireigikaigijiroku,◎報告第２号,Village Development,,"予算,取得,契約,工事,補正予算,財産",議長(寺前伊平君),,以上をもって、本日の日程は全て終了致しました。次回の本会議は６ 月１７日水曜日･午前１０時より開くことに致します。 本日は、これにて散会致します。お疲れ様でした。     （午前１１時１０分散会）     22 （令和８年６月１７日）     23 令和８年第２回（６月）御杖村議会定例会（第２号） 令和８年６月１７日（水） 開議 午前１０時００分 ◎議事日程［審議結果］ 日程第１ 議案第２６号  ,R86teireigikaigijiroku,31
2026,R86teireigikaigijiroku,◎議案第２７号,,,"取得,契約,工事,財産",議長(寺前伊平君),,皆さん、おはようございます。本日の令和８年第２回御杖村議会 定例会の続会をご案内いたしましたところ、ご出席をいただきありがとうございます。 全議員が出席でございます。地方自治法第１１３条の規定による定足数に達しております ので、本日の会議を開きます。本日の議事日程は、お手元に配布の日程第２号のとおりと 致します。    ◎議案第２６号 財産の取得について ◎議案第２７号 みつえ青少年旅行村新規サイ,R86teireigikaigijiroku,31
2026,R86teireigikaigijiroku,◎議案第２７号,,,"取得,契約,工事,財産",議長(寺前伊平君),,異議なしと認め、そのように進めさせていただきます。 日程第１・議案第２６号 ・財産の取得について 日程第２・議案第２７号 ・みつえ青少 年旅行村新規サイト敷地整備工事請負契約の締結について 御杖村議会会議規則第４１条第 １項の規定に基づき、むらづくり委員会委員長より一括して審査の経過及び結果の報告をお 願いします。むらづくり委員会委員長、盛岡英成君。 ,R86teireigikaigijiroku,31
2026,R86teireigikaigijiroku,◎議案第２７号,,,"取得,契約,工事,財産",議長(寺前伊平君),,盛岡議員。  ○７番（盛岡英成君） ： それでは、むらづくり委員会に付託されました２議案につきまし て、その審査の経緯と結果について、報告させていただきます。審査の経緯でございま すが、去る６月９日の本会議におきまして、 議案第２６号 財産の取得について 議案第２７号 みつえ青少年旅行村新規サイト敷地整備工事請負契約の締結について の２議案が付託されたことにより、６月１５日にむらづくり委員会を開催,R86teireigikaigijiroku,31
2026,R86teireigikaigijiroku,◎議案第２６号,,,"取得,財産",議長(寺前伊平君),,質疑なしと認めます。これで質疑を終わります。続いて議案ごと に、討論及び採決を行います。    ◎議案第２６号 財産の取得について ［討論、採決］ ,R86teireigikaigijiroku,31
2026,R86teireigikaigijiroku,◎議案第２６号,,,"取得,財産",議長(寺前伊平君),,先ず、日程第１・議案第２６号 ・財産の取得について を議題と し、討論を行います。討論はありませんか。  （「討論なし」の声あり） ,R86teireigikaigijiroku,31
2026,R86teireigikaigijiroku,◎議案第２７号,,,"取得,契約,工事,財産",議長(寺前伊平君),,討論なしと認めます。これで討論を終わります。 これより、本案について採決を行います。本案に対する盛岡むらづくり委員会委員長の 報告は、可決です。日程第１･議案第２６号について、むらづくり委員会委員長の報告のと おり決定することに賛成の方は、起立願います。  （全員／起立）  ○議長（寺前伊平君） ： ありがとうございます。全員の起立により、日程第１・議案第２６ 号 ・財産の取得について は、盛岡む,R86teireigikaigijiroku,31
2026,R86teireigikaigijiroku,◎議案第２７号,,,"契約,工事",議長(寺前伊平君),,次に、日程第２・議案第２７号 ・みつえ青少年旅行村新規サイト 敷地整備工事請負契約の締結について を議題とし、討論を行います。 討論はありませんか。  （「討論なし」の声あり） ,R86teireigikaigijiroku,31
2026,R86teireigikaigijiroku,◎議案第３０号,,,"予算,契約,工事,決算,補正予算",議長(寺前伊平君),,討論なしと認めます。これで討論を終わります。 これより、本案について採決を行います。本案に対する盛岡むらづくり委員会委員長の 報告は、可決です。日程第２･議案第２７号について、むらづくり委員会委員長の報告のと おり決定することに賛成の方は、起立願います。  （全員／起立）  ○議長（寺前伊平君） ： ありがとうございます。全員の起立により、日程第２・議案第２７ 号 ・みつえ青少年旅行村新規サイト敷,R86teireigikaigijiroku,31
2026,R86teireigikaigijiroku,◎議案第３０号,,,"予算,決算,補正予算",議長(寺前伊平君),, 次に、 日程第３･議案第２８号 ･令和８年度御杖村一般会計補正予算第１号の議定について、 日程第４・議案第２９号 ・令和８年度御杖村国民健康保険特別会計補正予算第１号の議定について 日程第５･議案第３０号 ･令和８年度御杖村介護保険特別会計補正予算第１号の議定について の３議案につきましては、予算決算委員会へ付託した案件でございますので、これを一括議 題としたいと思いますが、異議ありませんか。 ,R86teireigikaigijiroku,31
2026,R86teireigikaigijiroku,◎議案第３０号,,,"予算,決算,補正予算",議長(寺前伊平君),,異議なしと認め、そのように進めさせていただきます。 日程第３･議案第２８号 ･令和８年度御杖村一般会計補正予算第１号の議定について、 日程第４･議案第２９号 ･令和８年度御杖村国民健康保険特別会計補正予算第１号の議定について 日程第５･議案第３０号 ･令和８年度御杖村介護保険特別会計補正予算第１号の議定について 御杖村議会会議規則第４１条第１項の規定に基づき、予算決算委員会委員長より一括して 審査,R86teireigikaigijiroku,31
2026,R86teireigikaigijiroku,◎議案第３０号,,,"予算,決算,補正予算",４番(福田麻衣子君),,それでは、予算決算委員会を代表しまして、当委員会に付託さ れました、補正予算３議案につきまして、その審査の経緯並びに経過と結果についてご 報告させていただきます。まず、審査の経緯でございますが、去る６月９日の本会議に おきまして、 議案第 28 号 令和８年度御杖村一般会計補正予算第１号の議定について 議案第 29 号 令和８年度御杖村国民健康保険特別会計補正予算第１号の議定について 議案第 30,R86teireigikaigijiroku,31
2026,R86teireigikaigijiroku,◎議案第２８号,,,"予算,補正予算",議長(寺前伊平君),,質疑なしと認めます。これで質疑を終わります。続いて議案ごと に、討論及び採決を行います。    ◎議案第２８号 令和８度御杖村一般会計補正予算（第１号）の議定について ［討論、採決］,R86teireigikaigijiroku,31
2026,R86teireigikaigijiroku,◎議案第２８号,,,"予算,決算",議長(寺前伊平君),,討論なしと認めます。これで討論を終わります。 これより、本案について採決を行います。本案に対する福田予算決算委員会委員長の報 告は、可決です。日程第３･議案第２８号について、予算決算委員会委員長の報告のとおり 決定することに賛成の方は、起立願います。  （全員／起立） ,R86teireigikaigijiroku,31
2026,R86teireigikaigijiroku,◎議案第２９号,,,"予算,決算,補正予算",議長(寺前伊平君),,ありがとうございます。全員の起立により、日程第３･議案第２８ 号･令和８年度御杖村一般会計補正予算第１号の議定について は、福田予算決算委員会委 員長の報告のとおり可決されました。    ◎議案第２９号 令和８年度御杖村国民健康保険特別会計補正予算（第１号）の 議定について ［討論、採決］,R86teireigikaigijiroku,31
2026,R86teireigikaigijiroku,◎議案第２９号,,,"予算,補正予算",議長(寺前伊平君),,次に、日程第４･議案第２９号･令和８年度御杖村国民健康保険特別 会計補正予算第１号の議定について を議題とし、討論を行います。討論はありませんか。  （「討論なし」の声あり） ,R86teireigikaigijiroku,31
2026,R86teireigikaigijiroku,◎議案第２９号,,,"予算,決算",議長(寺前伊平君),,討論なしと認めます。これで討論を終わります。 これより、本案について採決を行います。本案に対する福田予算決算委員会委員長の報 告は、可決です。日程第４･議案第２９号について、予算決算委員会委員長の報告のとおり  28 決定することに賛成の方は、起立願います。  （全員／起立） ,R86teireigikaigijiroku,31
2026,R86teireigikaigijiroku,◎議案第３０号,,,"予算,補正予算",議長(寺前伊平君),,ありがとうございます。全員の起立により、日程第４･議案第２９ 号･令和８年度御杖村国民健康保険特別会計補正予算第１号の議定については、福田予算決 算委員会委員長の報告のとおり可決されました。    ◎議案第３０号 令和８年度御杖村介護保険特別会計補正予算（第１号）の議定に ついて ［討論、採決］,R86teireigikaigijiroku,31
2026,R86teireigikaigijiroku,◎議案第３０号,,,"予算,補正予算",議長(寺前伊平君),,次に、日程第５･議案第３０号･令和８年度御杖村介護保険特別会計 補正予算第１号の議定について を議題とし、討論を行います。討論はありませんか。  （「討論なし」の声あり） ,R86teireigikaigijiroku,31
2026,R86teireigikaigijiroku,◎議案第３０号,,,"予算,決算",議長(寺前伊平君),,討論なしと認めます。これで討論を終わります。 これより、本案について採決を行います。本案に対する福田予算決算委員会委員長の報 告は、可決です。日程第５･議案第３０号について、予算決算委員会委員長の報告のとおり 決定することに賛成の方は、起立願います。  （全員／起立） ,R86teireigikaigijiroku,31
2026,R86teireigikaigijiroku,◎発委第３号 閉会中の継続調査申出について（議会運営委員会）,,,"予算,決算,補正予算",議長(寺前伊平君),,ありがとうございます。全員の起立により、日程第５･議案第３０ 号･令和８年度御杖村介護保険特別会計補正予算第１号の議定についても、福田予算決算委 員会委員長の報告のとおり可決されました。    ◎発委第３号 閉会中の継続調査申出について（議会運営委員会） ［上程、採決］,R86teireigikaigijiroku,31
2024,kaigiroku,◎発委第４号閉会中の継続調査申出について（むらづくり委員会）[採決] ・・・・・・・・・・・・・・ －28－,,,"予算,決算,補正予算",委員長(松岡一生君),,それでは、５月２３日に開催いたしました議会運営委員会の会議結果につ いて、報告をいたします。当日は、全委員出席のもと、令和６年第２回６月定例会の運営について 協議を行いました。まず、会期及び会期中の日程について協議を行い、会期を、６月１０日から２０ 日までの１１日間とし、会期中の日程については、６月１０日午前１０時開会、全員協議会を１１日 午前１０時開会、予算決算委員会を１４日午前１０時開会、 続,kaigiroku,4
2024,kaigiroku,◎発委第４号閉会中の継続調査申出について（むらづくり委員会）[採決] ・・・・・・・・・・・・・・ －28－,,,"予算,契約,補正予算,財産",村長(伊藤収宜君),,おはようございます。６月議会定例会を招集いたしましたところ、議員の皆様 には何かとご多用の中、全員のご出席を頂きましてありがとうございます。開会にあたり、行政報告 をさせていただきたいと思います。先の３月議会で予算の議決をいただいた後、令和６年度も早２ ヶ月が経過致しました。この間は出納整理期間でもあることから、令和５年度に執行した事務の整 理と確認を行いつつ、令和６年度の事務については、早期着手,kaigiroku,4
2024,kaigiroku,◎発委第４号閉会中の継続調査申出について（むらづくり委員会）[採決] ・・・・・・・・・・・・・・ －28－,,,契約,５番(葛城昌俊君),,議長の許可をいただきましたので、私から村長の方に質問をさせていただきま す。さて、村長は４月から新たに政策推進課を設置されました。今年３月の定例議会で御杖村行 政組織条例の一部改正案が提出され、議会で可決いたしました。４月１日より政策推進課が業務 を開始されています。６月になりまだ２か月と時間は浅いですが、村長の政策推進課設置の一番 の目的は旧御杖小学校の利活用を掲げられていたと私は認識しています,kaigiroku,7
2024,kaigiroku,◎発委第４号閉会中の継続調査申出について（むらづくり委員会）[採決] ・・・・・・・・・・・・・・ －28－,,,"予算,補正予算",村長(伊藤収宜君),,葛城議員のご質問にお答えをさせていただきます。葛城議員からご質問のあ りました旧御杖小学校の利活用に向けた現在の進捗状況でございますが、４月から新設しました 政策推進課において民間事業者への貸付を前提に、事業者の再公募に向けた公募要件の整理 や今後の積極的な広報周知活動に向けての準備を進めているところであります。議員おっしゃる とおり昨年度実施しました利活用事業者の公募については、残念ながら事業者,kaigiroku,7
2024,kaigiroku,◎発委第４号閉会中の継続調査申出について（むらづくり委員会）[採決] ・・・・・・・・・・・・・・ －28－,,,工事,村長(伊藤収宜君),,まず、ドクターヘリポートの進捗状況につきましては、現在旧御杖小学校の屋 外運動場内への設置を前提に県、消防署といった関係機関との事前協議を進めるとともに、５月 からはヘリポート設置工事のための設計に着手をしております。今後は、設計が完了次第、工事 に着手し、年内中にはドクターヘリポートとして利用できるよう進めていきたいと思っております。続 いて、旧御杖小学校の利活用については、今年度は先ほど申し上,kaigiroku,8
2024,kaigiroku,◎議案第２９号御杖村保健福祉医療総合センター長寿命化改修,Welfare,,"契約,工事",議長(山岡隆良君),,ありがとうございます。全員の起立により、日程第８議案第２８号、御杖村水道 事業給水条例の一部を改正する条例の制定については、原案のとおり可決されました。   ◎議案第２９号御杖村保健福祉医療総合センター長寿命化改修 工事に伴う工事請負契約の締結について ［上程、説明、質疑、討論、採決］ ,kaigiroku,11
2024,kaigiroku,◎議案第２９号御杖村保健福祉医療総合センター長寿命化改修,Welfare,,"契約,工事",議長(山岡隆良君),,次に、日程第９議案第２９号、御杖村保健福祉医療総合センター長寿命化 改修工事に伴う工事請負契約の締結についてを議題と致します。本案についても、議会運営委 員会委員長の報告のとおり即決案件と致します。本案について、提案理由の説明を求めます。伊 藤村長。,kaigiroku,11
2024,kaigiroku,◎議案第２９号御杖村保健福祉医療総合センター長寿命化改修,Welfare,,"取得,契約,財産",村長(伊藤収宜君),,本案につきましては、地方自治法第９６条第１項第５号及び議会の議決に付 すべき契約及び財産の取得又は処分に関する条例第２条の規定により、議会の議決を必要とす る契約であることから、提案するものでございます。詳細につきましては、保健福祉課長より説明申 －12－ し上げます。,kaigiroku,12
2024,kaigiroku,◎議案第２９号御杖村保健福祉医療総合センター長寿命化改修,Welfare,135539800,"入札,取得,契約,工事,財産",保健福祉課長(川上隆二君),,詳細について、ご説明させていただきます。本年度計画しておりま す、御杖村保健福祉医療総合センター長寿命化改修工事につきまして、この工事は、保健センタ ー及び老人福祉センターの長寿命化改修工事で、工事場所は、奈良県宇陀郡御杖村菅野１５８ １番地でございます。契約の締結方法は、一般競争入札による公告を行い、令和６年５月１７日に 開札を行いました。結果についてですが、契約の相手方は、奈良県桜井市大字桜井,kaigiroku,12
2024,kaigiroku,◎議案第３０号奈良県住宅新築資金等貸付金回収管理組合,Welfare,,"契約,工事",議長(山岡隆良君),,ありがとうございます。全員の起立により、日程第９議案第２９号、御杖村保健 福祉医療総合センター長寿命化改修工事に伴う工事請負契約の締結については、原案のとおり 可決されました。   ◎議案第３０号奈良県住宅新築資金等貸付金回収管理組合 規約の変更について ［上程、説明、質疑、討論、採決］ ,kaigiroku,12
2024,kaigiroku,◎議案第３１号奈良県住宅新築資金等貸付金回収管理組合の,,,決算,総務課長(今井智君),,議案第３１号、奈良県住宅新築資金等貸付金回収管理組合の解散につ いて、ご説明申し上げます。別紙の組合の解散に関する協議書をご覧下さい。第１条におきまし －14－ て、組合は、令和７年３月３１日をもって解散する。第２条におきまして、事務の承継となってござい ます。第１項では、公文書の管理事務、労働保険の精算事務、その他組合の解散に伴う事務につ いて、五條市が継承する。なお、組合が解散した場合の決算は,kaigiroku,14
2024,kaigiroku,◎議案第３２号奈良県住宅新築資金等貸付金回収管理組合の,,,財産,議長(山岡隆良君),,ありがとうございます。全員の起立により、日程第１１議案第３１号、奈良県住 宅新築資金等貸付金回収管理組合の解散については、原案のとおり可決されました。     ◎議案第３２号奈良県住宅新築資金等貸付金回収管理組合の 解散に伴う財産の処分について ［上程、説明、質疑、討論、採決］ ,kaigiroku,14
2024,kaigiroku,◎議案第３２号奈良県住宅新築資金等貸付金回収管理組合の,,,財産,議長(山岡隆良君),,次に、日程第１２議案第３２号、奈良県住宅新築資金等貸付金回収管理組 合の解散に伴う財産の処分についてを議題と致します。本案についても、議会運営委員会委員 長の報告のとおり即決案件と致します。本案について、提案理由の説明を求めます。伊藤村長。,kaigiroku,14
2024,kaigiroku,◎議案第３２号奈良県住宅新築資金等貸付金回収管理組合の,General Affairs,,財産,村長(伊藤収宜君),,本案につきましては、奈良県住宅新築資金等貸付金回収管理組合の解 散に伴う財産処分について、関係地方公共団体と協議するため、地方自治法第２９０条の規定 －15－ により、議会の議決を求めるものでございます。詳細につきましては、総務課長より説明を申し 上げます。,kaigiroku,15
2024,kaigiroku,◎議案第３２号奈良県住宅新築資金等貸付金回収管理組合の,,,"基金,財産",総務課長(今井智君),,議案第３２号、奈良県住宅新築資金等貸付金回収管理組合の解散に伴う 財産処分ついて、ご説明申し上げます。別紙の組合の解散に伴う財産の処分に関する協議書を ご覧下さい。財政調整基金については、令和６年度末基金残高を、構成市長村が組合に負担し た別表の負担金の割合に応じて配分する。ない、御杖村の負担割合は、０．３５％でございます。 第２項、物品については廃棄処分とする。第３項、電算システムの著作権につい,kaigiroku,15
2024,kaigiroku,◎議案第３３号令和６年度御杖村一般会計補正予算（第１号）,,,"予算,決算,補正予算,財産",議長(山岡隆良君),,ありがとうございます。全員の起立により、日程第１２議案第３２号、奈良県住 宅新築資金等貸付金回収管理組合の解散に伴う財産の処分については、 原案のとおり可決され ました。   ◎議案第３３号令和６年度御杖村一般会計補正予算（第１号） の議定について ［上程、説明、総括的質疑、予算決算委員会付託］ ,kaigiroku,15
2024,kaigiroku,◎議案第３３号令和６年度御杖村一般会計補正予算（第１号）,,,"予算,補正予算",議長(山岡隆良君),,次に、日程第１３議案第３３号、令和６年度御杖村一般会計補正予算第１号の 議定についてを議題と致します。本案について、提案理由の説明を求めます。伊藤村長。,kaigiroku,15
2024,kaigiroku,◎議案第３３号令和６年度御杖村一般会計補正予算（第１号）,,4191000,予算,村長(伊藤収宜君),,本案につきましては、一般会計予算の歳入歳出それぞれに２，４１９万１千円 を追加し、補正後の総額を２５億９，２８３万１千円とするものでございます。主な内容は、新型コロ ナワクチン接種事業、定額減税調整給付事業、４月の人事異動に伴う人件費の補正等となってご ざいます。ご審議の程、よろしくお願いします。 －16－,kaigiroku,16
2024,kaigiroku,◎議案第３３号令和６年度御杖村一般会計補正予算（第１号）,,,"予算,決算",議長(山岡隆良君),,質疑なしと認めます。これで質疑を終わります。本案については、議会運営 委員会委員長の報告のとおり、全員協議会で詳細な説明を受け、予算決算委員会に付託するこ とにしたいと思います。ご異議ありませんか。 （「異議なし」の声あり）,kaigiroku,16
2024,kaigiroku,◎議案第３４号令和６年度御杖村国民健康保険特別会計補正予算,,,"予算,決算,補正予算",議長(山岡隆良君),,異議なしと認めます。したがって、日程第１３議案第３３号、令和６年度御杖村 一般会計補正予算第１号の議定については、予算決算委員会に付託することに決定しました。   ◎議案第３４号令和６年度御杖村国民健康保険特別会計補正予算 （第１号）の議定について ［上程、説明、総括的質疑、予算決算委員会付託］ ,kaigiroku,16
2024,kaigiroku,◎議案第３４号令和６年度御杖村国民健康保険特別会計補正予算,,,予算,議長(山岡隆良君),,次に、日程第１４議案第３４号、令和６年度御杖村国民健康保険特別会計補 正予算第１号の議定についてを議題と致します。本案について、提案理由の説明を求めます。伊 藤村長。,kaigiroku,16
2024,kaigiroku,◎議案第３４号令和６年度御杖村国民健康保険特別会計補正予算,,,"予算,決算",議長(山岡隆良君),,質疑なしと認めます。これで質疑を終わります。本案についても、議会運営委 員会委員長の報告のとおり、全員協議会で詳細な説明を受け、予算決算委員会に付託すること にしたいと思います。ご異議ありませんか。 （「異議なし」の声あり）,kaigiroku,16
2024,kaigiroku,◎議案第３５号令和６年度御杖村後期高齢者医療特別会計補正,,,"予算,決算,補正予算",議長(山岡隆良君),,異議なしと認めます。したがって、日程第１４議案第３４号、令和６年度御杖村 国民健康保険特別会計補正予算第１号の議定についても、予算決算委員会に付託することに決 定しました。   ◎議案第３５号令和６年度御杖村後期高齢者医療特別会計補正 予算（第１号）の議定について ［上程、説明、総括的質疑、予算決算委員会付託］ ,kaigiroku,16
2024,kaigiroku,◎議案第３５号令和６年度御杖村後期高齢者医療特別会計補正,,,"予算,補正予算",議長(山岡隆良君),,次に、日程第１５議案第３５号、令和６年度御杖村後期高齢者医療特別会計 補正予算第１号の議定についてを議題と致します。本案について、提案理由の説明を求めます。 伊藤村長。 －17－,kaigiroku,17
2024,kaigiroku,◎議案第３５号令和６年度御杖村後期高齢者医療特別会計補正,,,"予算,決算",議長(山岡隆良君),,質疑なしと認めます。これで質疑を終わります。本案についても、議会運営委 員会委員長の報告のとおり、全員協議会で詳細な説明を受け、予算決算委員会に付託すること にしたいと思います。ご異議ありませんか。 （「異議なし」の声あり）,kaigiroku,17
2024,kaigiroku,◎議案第３６号令和６年度御杖村簡易水道事業会計補正,Water/Sewer,,"予算,決算,補正予算",議長(山岡隆良君),,異議なしと認めます。したがって、日程第１５議案第３５号、令和６年度御杖村 後期高齢者医療特別会計補正予算第１号の議定についても、予算決算 委員会に付託すること に決定しました。   ◎議案第３６号令和６年度御杖村簡易水道事業会計補正 予算（第１号）の議定について ［上程、説明、総括的質疑、予算決算委員会付託］ ,kaigiroku,17
2024,kaigiroku,◎議案第３６号令和６年度御杖村簡易水道事業会計補正,Water/Sewer,,"予算,補正予算",議長(山岡隆良君),,次に、日程第１６議案第３６号、令和６年度御杖村簡易水道事業会計補正予算 第１号の議定についてを議題と致します。本案について、提案理由の説明を求めます。伊藤村長。,kaigiroku,17
2024,kaigiroku,◎議案第３６号令和６年度御杖村簡易水道事業会計補正,Water/Sewer,,"予算,決算",議長(山岡隆良君),,質疑なしと認めます。これで質疑を終わります。本案についても、議会運営委 員会委員長の報告のとおり、全員協議会で詳細な説明を受け、予算決算委員会に付託すること にしたいと思います。ご異議ありませんか。 （「異議なし」の声あり）,kaigiroku,17
2024,kaigiroku,◎報告第１号令和５年度御杖村一般会計繰越明許費繰越,Water/Sewer,,"予算,決算,繰越,補正予算",議長(山岡隆良君),,異議なしと認めます。したがって、日程第１６議案第３６号、令和６年度御杖村 簡易水道事業会計補正予算第１号の議定についても、予算決算委員会に付託することに決定し ました。   ◎報告第１号令和５年度御杖村一般会計繰越明許費繰越 計算書の報告について ［報告］ －18－,kaigiroku,18
2024,kaigiroku,◎報告第１号令和５年度御杖村一般会計繰越明許費繰越,,,繰越,議長(山岡隆良君),,次に、日程第１７報告第１号、令和５年度御杖村一般会計繰越明許費繰越 計算書の報告についてを議題と致します。本案については、議会運営委員会委員長の報告のと おり開会日報告と致します。本案について、提案理由の説明を求めます。伊藤村長。,kaigiroku,18
2024,kaigiroku,◎報告第１号令和５年度御杖村一般会計繰越明許費繰越,,,繰越,村長(伊藤収宜君),,本件につきましては、令和５年度から繰り越しさせていただきました９つの事 業について、地方自治法施行令第１４６条第２項の規定により繰越計算書の調整を行いましたの で報告をするものでございます。内容につきまして、副村長から説明を申し上げます。,kaigiroku,18
2024,kaigiroku,◎報告第１号令和５年度御杖村一般会計繰越明許費繰越,,8074000,"工事,繰越,補助金",副村長(中嶋英樹君),副村長 (Vice Mayor),ご説明申し上げます。去る、３月の定例会におきまして、一般会計補正予 算第９号で可決いただきました９つの事業について、その繰越額が確定しましたので、繰越金額と 進捗状況も併せてご説明申し上げます。議案書の最後、繰越計算書をご覧ください。まず、住民 基本台帳事務、繰越額３９６万円は、住民票の振り仮名対応に係るシステム改修委託で、国から の仕様が決定したため、現在、受託業者が作業を進めており、１１月末頃,kaigiroku,18
2024,kaigiroku,◎報告第１号令和５年度御杖村一般会計繰越明許費繰越,,,繰越,議長(山岡隆良君),,質疑なしと認めます。以上で、日程第１７報告第１号、令和５年度御杖村一般 会計繰越明許費繰越計算書の報告についてを終わります。   ◎散会の宣言 ,kaigiroku,19
2024,kaigiroku,◎報告第１号令和５年度御杖村一般会計繰越明許費繰越,Village Development,,"予算,補正予算",議長(山岡隆良君),,以上をもって、本日の日程は全て終了致しました。次回の本会議は６月２０日 木曜日、午前１０時より開くことに致します。本日は、これにて散会致します。お疲れ様でした。   （午前１１時１２分散会）     －20－ （令和６年６月２０日）     －21－ 令和６年第２回（６月）御杖村議会定例会（第２号） 令和６年６月２０日（木） 午前１０時００分開議 ◎議事日程［審議結果］ 第１   選挙第８号   ,kaigiroku,23
2024,kaigiroku,◎議案第３３号令和６年度御杖村一般会計補正予算第１号,Water/Sewer,,"予算,補正予算",議長(山岡隆良君),,ただいまの選挙の結果につきましては、奈良県後期高齢者医療広域連合議 会議員選挙長へ報告いたします。   ◎議案第３３号令和６年度御杖村一般会計補正予算第１号 の議定について、議案第３４号令和６年度御杖村国民健 康保険特別会計補正予算第１号の議定について、議案 第３５号令和６年度御杖村後期高齢者医療特別会計補正 予算第３号の議定について、議案第３６号令和６年度御杖 村簡易水道事業会計補正予算第１号の,kaigiroku,24
2024,kaigiroku,◎議案第３３号令和６年度御杖村一般会計補正予算第１号,Water/Sewer,,"予算,決算,補正予算",議長(山岡隆良君),,次に、日程第２議案第３３号、令和６年度御杖村一般会計補正予算第１号の 議定について、日程第３議案第３４号、令和６年度御杖村国民健康保険特別会計補正予算第１ 号の議定について、日程第４議案第３５号、令和６年度御杖村後期高齢者医療特別会計補正予 算第３号の議定について、日程第５議案第３６号、令和６年度御杖村簡易水道事業会計補正予算 第１号の議定についての４議案につきましては、予算決算委員会へ付託した案,kaigiroku,24
2024,kaigiroku,◎議案第３３号令和６年度御杖村一般会計補正予算第１号,,,決算,議長(山岡隆良君),,異議なしと認め、そのように進めさせていただきます。日程第２議案第３３号 から日程第５議案第３６号の４議案について、御杖村会議規則第４１条第１項の規定に基づき、予 算決算委員会委員長より一括して審査経過及び結果の報告をお願いします。寺前委員長。,kaigiroku,24
2024,kaigiroku,◎議案第３３号令和６年度御杖村一般会計補正予算第１号,,,"予算,決算,補正予算",２番(寺前伊平君),,予算決算委員会を代表しまして、当委員会に付託されました、日程第２議案 第３３号から日程第５議案第３６号の各会計における補正予算につきまして、一括して、その審査 の経緯並びに経過と結果についてご報告させていただきます。まず、審査の経緯でございます が、去る６月１０日の本会議におきまして、令和６年度各会計における補正予算４件の案件が付託 されたことにより、６月１４日に委員会を開催いたしました。当日は、,kaigiroku,25
2024,kaigiroku,◎議案第３３号令和６年度御杖村一般会計補正予算第１号,,,"予算,決算",議長(山岡隆良君),,寺前委員長、ご苦労様でした。これから、予算決算委員会委員長報告に対 する質疑を一括して行います。質疑は、ございませんか。 （「質疑なし」の声あり）,kaigiroku,25
2024,kaigiroku,◎議案第３３号令和６度御杖村一般会計補正予算第１号の,,,"予算,補正予算",議長(山岡隆良君),,質疑なしと認めます。これで質疑を終わります。続いて議案ごとに、討論及び 採決を行います。   ◎議案第３３号令和６度御杖村一般会計補正予算第１号の 議定について ［討論、採決］ ,kaigiroku,25
2024,kaigiroku,◎議案第３３号令和６度御杖村一般会計補正予算第１号の,,,"予算,補正予算",議長(山岡隆良君),,先ず、日程第２議案第３３号、令和６年度御杖村一般会計補正予算第１号の 議定についてを議題とし、討論を行います。討論はありませんか。 （「討論なし」の声あり）,kaigiroku,25
2024,kaigiroku,◎議案第３３号令和６度御杖村一般会計補正予算第１号の,,,"予算,決算",議長(山岡隆良君),,討論なしと認めます。これで討論を終わります。これより、本案について採決 を行います。本案に対する予算決算委員会委員長の報告は、可決です。日程第２議案第３３号に ついて、予算決算委員会委員長の報告のとおり決定することに賛成の方は、起立願います。 （全員／起立）,kaigiroku,25
2024,kaigiroku,◎議案第３４号令和６年度御杖村国民健康保険特別会計補,,,"予算,決算,補正予算",議長(山岡隆良君),,ありがとうございます。全員の起立により、日程第２議案第３３号、令和６年度 御杖村一般会計補正予算第１号の議定については、予算決算委員会委員長の報告のとおり可 決されました。   ◎議案第３４号令和６年度御杖村国民健康保険特別会計補 正予算第１号の議定について ［討論、採決］ ,kaigiroku,25
2024,kaigiroku,◎議案第３４号令和６年度御杖村国民健康保険特別会計補,,,予算,議長(山岡隆良君),,次に、日程第３議案第３４号、令和６年度御杖村国民健康保険特別会計補 正予算第１号の議定についてを議題とし、討論を行います。討論はありませんか。 「討論なし」の声あり,kaigiroku,25
2024,kaigiroku,◎議案第３４号令和６年度御杖村国民健康保険特別会計補,,,"予算,決算",議長(山岡隆良君),,討論なしと認めます。これで討論を終わります。これより、本案について採決 を行います。本案に対する予算決算委員会委員長の報告は、可決です。日程第３議案第３４号に ついて、予算決算委員会委員長の報告のとおり決定することに賛成の方は、起立願います。 （全員／起立）,kaigiroku,25
2024,kaigiroku,◎議案第３５号令和６年度御杖村後期高齢者特別会計,,,"予算,決算,補正予算",議長(山岡隆良君),,ありがとうございます。全員の起立により、日程第３議案第３４号、令和６年度 御杖村国民健康保険特別会計補正予算第１号の議定についても、予算決算委員会委員長の報 －26－ 告のとおり可決されました。   ◎議案第３５号令和６年度御杖村後期高齢者特別会計 補正予算第１号の議定について ［討論、採決］ ,kaigiroku,26
2024,kaigiroku,◎議案第３５号令和６年度御杖村後期高齢者特別会計,,,"予算,補正予算",議長(山岡隆良君),,次に、日程第４議案第３５号、令和６年度御杖村後期高齢者医療特別会計 補正予算第３号の議定についてを議題とし、討論を行います。討論はありませんか。 （「討論なし」の声あり）,kaigiroku,26
2024,kaigiroku,◎議案第３５号令和６年度御杖村後期高齢者特別会計,,,"予算,決算",議長(山岡隆良君),,討論なしと認めます。これで討論を終わります。これより、本案について採決 を行います。本案に対する予算決算委員会委員長の報告は、可決です。日程第４議案第３５号に ついて、予算決算委員会委員長の報告のとおり決定することに賛成の方は、起立願います。 （全員／起立）,kaigiroku,26
2024,kaigiroku,◎議案第３６号令和６年度御杖村簡易水道事業会計補正,Water/Sewer,,"予算,決算,補正予算",議長(山岡隆良君),,ありがとうございます。全員の起立により、日程第４議案第３５号、令和６年度 御杖村後期高齢者医療特別会計補正予算第３号の議定についても、予算決算委員会委員長の 報告のとおり可決されました。   ◎議案第３６号令和６年度御杖村簡易水道事業会計補正 予算第１号の議定について ［討論、採決］ ,kaigiroku,26
2024,kaigiroku,◎議案第３６号令和６年度御杖村簡易水道事業会計補正,Water/Sewer,,"予算,決算",議長(山岡隆良君),,討論なしと認めます。これで討論を終わります。これより、本案について採決 を行います。本案に対する予算決算委員会委員長の報告は、可決です。日程第５議案第３６号に ついて、予算決算委員会委員長の報告のとおり決定することに賛成の方は、起立願います。 （全員／起立）,kaigiroku,26
2024,kaigiroku,◎発委第３号閉会中の継続調査申出について（議会運営委員会）,Water/Sewer,,"予算,決算,補正予算",議長(山岡隆良君),,ありがとうございます。全員の起立により、日程第５議案第３６号、令和６年 度御杖村簡易水道事業会計補正予算第１号の議定についても、予算決算委員会委員長の報 告のとおり可決されました。   ◎発委第３号閉会中の継続調査申出について（議会運営委員会） ［上程、採決］ ,kaigiroku,26
2024,kaigirokuR6-12,◎発委第８号閉会中の継続調査申出について（むらづくり委員会）,,,"予算,決算,補正予算",議会運営員会委員長(松岡一生君),,それでは、１１月１５日に開催いたしました議会運営委員会の 会議結果について、報告をいたします。当日は、全委員出席のもと、令和６年第４回、１２月定例会 の運営について協議を行いました。まず、会期及び会期中の日程について協議を行い、会期を１２ 月２日月曜日から１３日金曜日までの１２日間とし、会期中の日程については、１２月２日月曜日午 前１０時開会、全員協議会を１２月３日火曜日午前１０時開会、予算決算委,kaigirokuR6-12,4
2024,kaigirokuR6-12,◎発委第８号閉会中の継続調査申出について（むらづくり委員会）,Water/Sewer,,"予算,補正予算",村長(伊藤収宜君),,１２月定例会の開会にあたりまして、行政報告をさせていただきます。まず、１０ 月３日から５日にかけて、岩手県盛岡市で全国国保地域医療学会が開催され、奈良県国民健康保 険直営診療施設運営協議会会長として参加をしてまいりました。国保直診開設者サミットでは、生 涯を住み慣れた地域で過ごすために、自治体と国保直診で構築する地域包括ケア体制をテーマ に、意見交換が行われ、御杖村の取り組みとして、在宅医療と介護,kaigirokuR6-12,4
2024,kaigirokuR6-12,◎発委第８号閉会中の継続調査申出について（むらづくり委員会）,,,予算,２番(寺前伊平君),,今年４回目の一般質問に立たせていただきます。質問は、村の基幹産業の一 つであります林業全般についてでございます。御杖村の面積の内、９割を占める約７千ヘクタール が森林です。その森林の持つ機能である保水力向上と強靭な村土を保全するため、森林環境譲 与税を活用した施業放置林整備事業により、令和５年度実績で６８．３ｈａの４割間伐を実施されて います。ですが、この間伐事業を阻害している最大の要因として、相,kaigirokuR6-12,5
2024,kaigirokuR6-12,◎発委第８号閉会中の継続調査申出について（むらづくり委員会）,,,補助金,村長(伊藤収宜君),,ただ今の寺前議員の質問にお答えしたいと思います。御杖村の森林は、戦 後の拡大造林期に植林されたスギやヒノキの人工林が大半を占めており、樹齢は７０年生前後と なり利用期を迎えています。昔は住民の多くの方が農林業で生計を立てておられましたが、特に 林業に於いては、外国産の木材輸入が自由化されて木材価格が低迷したことによって林業離れ が進み、林業後継者の減少や、世代交代で山への関心が薄れた森林所有者が増,kaigirokuR6-12,6
2024,kaigirokuR6-12,◎発委第８号閉会中の継続調査申出について（むらづくり委員会）,,,"予算,工事",２番(寺前伊平君),,質問の前半については、ご丁寧な説明ありがとうございます。今後、そういう形 で具体的に進めって行っていただきたいと思いますし、来年度の予算に反映できるような施策を 取り入れていただければというふうに思います。最後の土屋原地区の皆伐、これについては民民 の事業とはいえ、どういうように理解せれているのかその民間の方々が、分かりませんけれど、常に 法に基づいたものでなければならないと私は思っています。大事,kaigirokuR6-12,6
2024,kaigirokuR6-12,◎承認第７号専決処分の承認を求めることについて,,,"予算,決算,補正予算",議長(山岡隆良君),,ありがとうございます。全員の起立により、日程第８、発議第３号御杖村議会 議員の議員報酬等の特例に関する条例の制定についても、原案のとおり可決されました。   ◎承認第７号専決処分の承認を求めることについて （令和６年度御杖村一般会計補正予算（第３号）） ［上程、説明、総括的質疑、予算決算委員会付託］,kaigirokuR6-12,9
2024,kaigirokuR6-12,◎承認第７号専決処分の承認を求めることについて,,,"予算,補正予算",議長(山岡隆良君),,次に、日程第９、承認第７号専決処分の承認を求めることについて、令和６年 度御杖村一般会計補正予算第３号を議題と致します。本案について、提案理由の説明を求めま す。伊藤村長。,kaigirokuR6-12,9
2024,kaigirokuR6-12,◎承認第７号専決処分の承認を求めることについて,,5603000,"予算,補正予算",村長(伊藤収宜君),,本案につきましては、衆議院解散に伴う総選挙を執行する予算の補正が必 要となり、一般会計の歳入歳出それぞれに３０２万円を追加し、補正後の総額を２６億４，５６０万３ 千円とするものでございます。去る１０月９日に補正予算の専決処分をさせていただきましたので、 承認をお願いするものでございます。,kaigirokuR6-12,9
2024,kaigirokuR6-12,◎承認第７号専決処分の承認を求めることについて,,,"予算,決算",議長(山岡隆良君),,質疑なしと認めます。これで質疑を終わります。本案については、議会運営 委員会委員長の報告のとおり、全員協議会で詳細な説明を受け、予算決算委員会に付託するこ とにしたいと思います。ご異議ありませんか。 （「異議なし」の声あり）,kaigirokuR6-12,9
2024,kaigirokuR6-12,◎議案第４８号御杖村議会議員の議員報酬等に関する,,,"予算,決算,補正予算",議長(山岡隆良君),,異議なしと認めます。したがって、日程第９、承認第７号専決処分の承認を求 めることについて、令和６年度御杖村一般会計補正予算第３号は、予算決算委員会に付託するこ とに決定しました。   ◎議案第４８号御杖村議会議員の議員報酬等に関する 条例の一部を改正する条例の制定について ［上程、説明、質疑、討論、採決］,kaigirokuR6-12,9
2024,kaigirokuR6-12,◎議案第５０号令和６年度御杖村一般会計補正予算（第４号）,,,"予算,決算,補正予算",議長(山岡隆良君),,ありがとうございます。全員の起立により、日程第１１、議案第４９号、奈良県 市町村総合事務組合を組織する地方公共団体の数の減少及び奈良県市町村総合事務組合規 約の変更については、原案のとおり可決されました。   ◎議案第５０号令和６年度御杖村一般会計補正予算（第４号） の議定について ［上程、説明、総括的質疑、予算決算委員会付託］,kaigirokuR6-12,11
2024,kaigirokuR6-12,◎議案第５０号令和６年度御杖村一般会計補正予算（第４号）,,,"予算,補正予算",議長(山岡隆良君),,次に、日程第１２議案第５０号、令和６年度御杖村一般会計補正予算第３号 の議定についてを議題と致します。本案について、提案理由の説明を求めます。伊藤村長。,kaigirokuR6-12,11
2024,kaigirokuR6-12,◎議案第５０号令和６年度御杖村一般会計補正予算（第４号）,,,"予算,決算",議長(山岡隆良君),,質疑なしと認めます。これで質疑を終わります。本案については、議会運営 －12－ 委員会副委員長の報告のとおり、全員協議会で詳細な説明を受け、予算決算委員会に付託する ことにしたいと思います。ご異議ありませんか。 （「異議なし」の声あり）,kaigirokuR6-12,12
2024,kaigirokuR6-12,◎議案第５１号令和６年度御杖村国民健康保険特別会計,,,"予算,決算,補正予算",議長(山岡隆良君),,異議なしと認めます。したがって、日程第１２、議案第５０号、令和６年度御杖 村一般会計補正予算第３号の議定については、予算決算委員会に付託することに決定しました。   ◎議案第５１号令和６年度御杖村国民健康保険特別会計 補正予算（第１号）の議定について ［上程、説明、総括的質疑、予算決算委員会付託］,kaigirokuR6-12,12
2024,kaigirokuR6-12,◎議案第５１号令和６年度御杖村国民健康保険特別会計,,,"予算,補正予算",議長(山岡隆良君),,次に、日程第１３、議案第５１号、令和６年度御杖村国民健康保険特別会計 補正予算第２号の議定についてを議題と致します。本案について、提案理由の説明を求めます。 伊藤村長。,kaigirokuR6-12,12
2024,kaigirokuR6-12,◎議案第５１号令和６年度御杖村国民健康保険特別会計,,7494000,基金,村長(伊藤収宜君),,本案につきましては、事業勘定について、歳入歳出それぞれに２７万８千円 を追加し補正後の総額を２億７，７４９万４千円とするものでございます。主な内容は、歳入では、 保険基盤安定繰入金、財政調整基金繰入金の増額を行い、歳出では、国民健康保険事業費納 付金を増額するものでございます。ご審議の程、よろしくお願いします。,kaigirokuR6-12,12
2024,kaigirokuR6-12,◎議案第５１号令和６年度御杖村国民健康保険特別会計,,,"予算,決算",議長(山岡隆良君),,質疑なしと認めます。これで質疑を終わります。本案についても、議会運営委 員会副委員長の報告のとおり、全員協議会で詳細な説明を受け、予算決算委員会に付託するこ とにしたいと思います。ご異議ありませんか。 （「異議なし」の声あり）,kaigirokuR6-12,12
2024,kaigirokuR6-12,◎議案第５２号令和６年度御杖村介護保険特別会計補正予算,,,"予算,決算,補正予算",議長(山岡隆良君),,異議なしと認めます。したがって、日程第１３、議案第５１号、令和６年度御杖 村国民健康保険特別会計補正予算第２号の議定についても、予算決算委員会に付託することに 決定しました。   ◎議案第５２号令和６年度御杖村介護保険特別会計補正予算 （第２号）の議定について ［上程、説明、総括的質疑、予算決算委員会付託］,kaigirokuR6-12,12
2024,kaigirokuR6-12,◎議案第５２号令和６年度御杖村介護保険特別会計補正予算,,,予算,議長(山岡隆良君),,次に、日程第１４、議案第５２号、令和６年度御杖村介護保険特別会計補正 予算第２号の議定についてを議題と致します。本案について、提案理由の説明を求めます。伊藤 村長。,kaigirokuR6-12,12
2024,kaigirokuR6-12,◎議案第５２号令和６年度御杖村介護保険特別会計補正予算,,,"予算,決算",議長(山岡隆良君),,質疑なしと認めます。これで質疑を終わります。本案についても、議会運営委 員会副委員長の報告のとおり、全員協議会で詳細な説明を受け、予算決算委員会に付託するこ とにしたいと思います。ご異議ありませんか。 （「異議なし」の声あり）,kaigirokuR6-12,13
2024,kaigirokuR6-12,◎同意第４号御杖村教育委員会の委員任命につき同意を,Education,,"予算,決算,補正予算",議長(山岡隆良君),,異議なしと認めます。したがって、日程第１４、議案第５２号、令和６年度御杖 村介護保険特別会計補正予算第２号の議定についても、予算決算委員会に付託することに決定 しました。   ◎同意第４号御杖村教育委員会の委員任命につき同意を 求めることについて ［上程、説明、採決］,kaigirokuR6-12,13
2024,kaigirokuR6-12,◎同意第４号御杖村教育委員会の委員任命につき同意を,Village Development,,"予算,補正予算",議長(山岡隆良君),,以上をもって、本日の日程は全て終了致しました。次回の本会議は１２月１３ 日金曜日、午前１０時より開くことに致します。本日は、これにて散会致します。お疲れ様でした。  （午前１０時５２分散会） －14－ （令和６年１２月１３日）     －15－ 令和６年第４回（１２月）御杖村議会定例会（第２号） 令和６年１２月１３日（金） 開議 午前１０時００分 ◎議事日程［審議結果］ 第１   諸般の報告   ,kaigirokuR6-12,17
2024,kaigirokuR6-12,◎同意第４号御杖村教育委員会の委員任命につき同意を,Education,1000000,"予算,工事,決算,補正予算",６番(古川芳明君),,それでは、令和６年東宇陀環境衛生組合全員協議会の報告と、同日行われ ました東宇陀環境衛生組合議会臨時会の報告を合わせて行わせていただきます。去る、１０月１０ 日午前９時３０分より、令和６年東宇陀環境衛生組合議会全員協議会が東宇陀クリーンセンター において開催されました。宇陀市から組合議員として、中川ゆり子議員、松浦利久子議員、勝井 太郎議員、曽爾村からは組合議員として、岡本久光議員、松本喬議員、大,kaigirokuR6-12,18
2024,kaigirokuR6-12,◎同意第４号御杖村教育委員会の委員任命につき同意を,Education,9000000,"基金,決算,繰越",５番(葛城昌俊君),,議長の許可を得ましたので、去る令和６年１１月２７日水曜日、午後３時から宇 陀市議会議場において開催されました、令和６年桜井宇陀広域連合議会第２回定例会の報告をさ せていただきます。大園広域連合議会議長の開会宣言、金剛広域連合長の招集挨拶、開議の宣 言の後、会議に入り、議事日程により、会議録署名議員の指名、会期の決定、広域連合長の提出 議案の理由説明がありました。当日付議された議案は、令和５年度桜井,kaigirokuR6-12,19
2024,kaigirokuR6-12,◎同意第４号御杖村教育委員会の委員任命につき同意を,Education,820981332,決算,１番(福田麻衣子君),,ただいま議長の許可を得ましたので、宇陀衛生一部事務組合議会の報告 をさせていただきます。去る１１月２８日木曜日、午前１０時から、令和６年宇陀衛生一部事務組合 議会第２回定例会が、宇陀市役所大会議室で開催されました。出席した組合議会議員は１４名で、 御杖村からは、寺前議員とわたくし福田が出席いたしました。 管理者である宇陀市金剛市長の招 集あいさつの後、議事日程に基づき、会議録署名議員の指名、会期の,kaigirokuR6-12,20
2024,kaigirokuR6-12,◎同意第４号御杖村教育委員会の委員任命につき同意を,Education,14207810000,"取得,決算,財産",２番(寺前伊平君),,議長の許可を得ましたので、令和６年奈良県広域消防組合第２回定例会の報 告をさせていただきます。令和６年奈良県広域消防組合議会の第２回定例会は１１月２８日、橿原 市内の同組合消防本部で開催されました。定例会ではまず、救急事案で出動した公用車、救急 車が運行中、マンホールが破損した事故に係る和解、損害賠償額の決定ついての報告に同意い たしました。令和 7 年度に導入する高規格救急自動車６台分の購入費計,kaigirokuR6-12,20
2024,kaigirokuR6-12,◎同意第４号御杖村教育委員会の委員任命につき同意を,Education,914000,"予算,決算",４番(廣口芳弘君),,それでは、議長の許可を得ましたので、令和６年１２月曽爾御杖行政一部事 務組合議会定例会報告をさせていただきます。去る１２月４日午前９時３０分より御杖村議会委員 会室において開催されました、令和６年１２月曽爾御杖行政一部事務組合議会定例会の報告をさ せていただきます。曽爾村からは、組合議員とし東口議員、大向議員、佐治議員が出席し、御杖 村からは組合議長として葛城議員、組合議員として、福田議員と私廣口,kaigirokuR6-12,21
2024,kaigirokuR6-12,◎承認７号専決処分の承認を求めることについて（令和,,,"予算,補正予算",議長(山岡隆良君),,廣口議員、ご苦労様でした。以上で諸般の報告を終わります。   ◎承認７号専決処分の承認を求めることについて（令和 ６年度御杖村一般会計補正予算（第３号））、議案第 ５０号令和６年度御杖村一般会計補正予算(第４号)の 議定について、議案第５１号令和６年度御杖村国民健 康保険特別会計補正予算(第２号)の議定について、 議案第５２号令和６年度御杖村介護保険特別会計補正 予算(第２号)の議定について ［一,kaigirokuR6-12,21
2024,kaigirokuR6-12,◎承認７号専決処分の承認を求めることについて（令和,,,"予算,決算,補正予算",議長(山岡隆良君),,それでは、議事に入ります。日程第２、承認第７号専決処分の承認を求める ことについて、令和６年度御杖村一般会計補正予算第３号、日程第３、議案第５０号令和６年度御 杖村一般会計補正予算第４号の議定について、日程第４、議案第５１号令和６年度御杖村国民健 康保険特別会計補正予算第２号の議定について、日程第５、議案第５２号令和６年度御杖村介護 保険特別会計補正予算第２号の議定について以上の４議案につきまして,kaigirokuR6-12,21
2024,kaigirokuR6-12,◎承認７号専決処分の承認を求めることについて（令和,,,"予算,決算",議長(山岡隆良君),,異議なしと認め、そのように進めさせていただきます。日程第２承認第７号、 日程第３議案第５０号、日程第４議案第５１号、日程第５議案第５２号について、御杖村会議規則 第４１条第１項の規定に基づき、予算決算委員会委員長より一括して審査経過及び結果の報告を お願いします。寺前委員長。,kaigirokuR6-12,21
2024,kaigirokuR6-12,◎承認７号専決処分の承認を求めることについて（令和,,,"予算,決算,補正予算",２番(寺前伊平君),,それでは、予算決算委員会を代表しまして、当委員会に付託されました、承 認第７号及び議案第５０号から議案第５２号の専決を含む補正予算４件につきまして、一括して、 審査の経緯と経過及び結果について報告をさせていただきます。まず、審査の経緯でございます が、去る１２月２日の本会議におきまして、専決を含む補正予算４件が付託されたことにより、１２月 １０日に予算決算委員会を開催いたしました。審査の経過でござ,kaigirokuR6-12,22
2024,kaigirokuR6-12,◎承認７号専決処分の承認を求めることについて（令和,,,"予算,決算",議長(山岡隆良君),,寺前委員長、ご苦労様でした。これから、予算決算委員会委員長報告に対 する質疑を一括して行います。質疑は、ございませんか。 （「質疑なし」の声あり）,kaigirokuR6-12,22
2024,kaigirokuR6-12,◎承認７号専決処分の承認を求めることについて,,,"予算,補正予算",議長(山岡隆良君),,質疑なしと認めます。これで質疑を終わります。   ◎承認７号専決処分の承認を求めることについて （令和６年度御杖村一般会計補正予算（第３号）） ［討論、採決］,kaigirokuR6-12,22
2024,kaigirokuR6-12,◎承認７号専決処分の承認を求めることについて,,,"予算,補正予算",議長(山岡隆良君),,続いて議案ごとに、討論及び採決を行います。先ず、日程第２､承認第７号専 決処分の承認を求めることについて、令和６年度御杖村一般会計補正予算第３号を議題とし、討 論を行います。討論はありませんか。 （「討論なし」の声あり）,kaigirokuR6-12,22
2024,kaigirokuR6-12,◎承認７号専決処分の承認を求めることについて,,,"予算,決算",議長(山岡隆良君),,討論なしと認めます。これで討論を終わります。これより、本案について採決 を行います。本案に対する予算決算委員会委員長の報告は、承認です。日程第２、承認第７号 を、予算決算委員会委員長の報告のとおり決定することに賛成の方は、起立願います。 （全員／起立）,kaigirokuR6-12,22
2024,kaigirokuR6-12,◎議案第５０号令和６年度御杖村一般会計補正予算(第４号),,,"予算,決算,補正予算",議長(山岡隆良君),,ありがとうございます。全員の起立により、日程第２､承認第７号専決処分の承 認を求めることについて、令和６年度御杖村一般会計補正予算第３号は、予算決算委員会委員 長の報告のとおり承認されました。   ◎議案第５０号令和６年度御杖村一般会計補正予算(第４号) の議定について ［討論、採決］,kaigirokuR6-12,22
2024,kaigirokuR6-12,◎議案第５０号令和６年度御杖村一般会計補正予算(第４号),,,"予算,補正予算",議長(山岡隆良君),,次に、日程第３､議案第５０号令和６年度御杖村一般会計補正予算(第４号) の議定についてを議題とし、討論を行います。討論はありませんか。 （「討論なし」の声あり）,kaigirokuR6-12,22
2024,kaigirokuR6-12,◎議案第５０号令和６年度御杖村一般会計補正予算(第４号),,,"予算,決算",議長(山岡隆良君),,討論なしと認めます。これで討論を終わります。これより、本案について採決 を行います。本案に対する予算決算委員会委員長の報告は、可決です。日程第３、議案第５０号 ついて、予算決算委員会委員長の報告のとおり決定することに賛成の方は、起立願います。 （全員／起立）,kaigirokuR6-12,22
2024,kaigirokuR6-12,◎議案第５１号令和６年度御杖村国民健康保険特別,,,"予算,決算,補正予算",議長(山岡隆良君),,ありがとうございます。全員の起立により、日程第３､議案第５０号令和６年度 御杖村一般会計補正予算第４号の議定については、予算決算委員会委員長の報告のとおり可 決されました。   ◎議案第５１号令和６年度御杖村国民健康保険特別 会計補正予算(第２号)の議定について ［討論、採決］,kaigirokuR6-12,22
2024,kaigirokuR6-12,◎議案第５１号令和６年度御杖村国民健康保険特別,,,予算,議長(山岡隆良君),,次に、日程第４､議案第５１号令和６年度御杖村国民健康保険特別会計補正 －23－ 予算第２号の議定についてを議題とし、討論を行います。討論はありませんか。 （「討論なし」の声あり）,kaigirokuR6-12,23
2024,kaigirokuR6-12,◎議案第５１号令和６年度御杖村国民健康保険特別,,,"予算,決算",議長(山岡隆良君),,討論なしと認めます。これで討論を終わります。これより、本案について採決 を行います。本案に対する予算決算委員会委員長の報告は、可決です。日程第４、議案第５１号 ついても、予算決算委員会委員長の報告のとおり決定することに賛成の方は、起立願います。 （全員／起立）,kaigirokuR6-12,23
2024,kaigirokuR6-12,◎議案第５２号令和６年度御杖村介護保険特別会計,,,"予算,決算,補正予算",議長(山岡隆良君),,ありがとうございます。全員の起立により、日程第４､議案第５１号令和６年度 御杖村国民健康保険特別会計補正予算第２号の議定についても、予算決算委員会委員長の報 告のとおり可決されました。   ◎議案第５２号令和６年度御杖村介護保険特別会計 補正予算(第２号)の議定について ［討論、採決］,kaigirokuR6-12,23
2024,kaigirokuR6-12,◎議案第５２号令和６年度御杖村介護保険特別会計,,,"予算,補正予算",議長(山岡隆良君),,次に、日程第５､議案第５２号令和６年度御杖村介護保険特別会計補正予算 第２号の議定についてを議題とし、討論を行います。討論はありませんか。 （「討論なし」の声あり）,kaigirokuR6-12,23
2024,kaigirokuR6-12,◎議案第５２号令和６年度御杖村介護保険特別会計,,,"予算,決算",議長(山岡隆良君),,討論なしと認めます。これで討論を終わります。これより、本案について採決 を行います。本案に対する予算決算委員会委員長の報告は、可決です。日程第５、議案第５２号 ついても、予算決算委員会委員長の報告のとおり決定することに賛成の方は、起立願います。 （全員／起立）,kaigirokuR6-12,23
2024,kaigirokuR6-12,◎発委第７号閉会中の継続調査申出について（議会運営委員会）,,,"予算,決算,補正予算",議長(山岡隆良君),,ありがとうございます。全員の起立により、日程第５､議案第５２号令和６年度 御杖村介護保険特別会計補正予算第２号の議定についても、予算決算委員会委員長の報告の とおり可決されました。   ◎発委第７号閉会中の継続調査申出について（議会運営委員会） ［上程、採決］,kaigirokuR6-12,23
2024,kaigirokuR6-9,◎発委第６号閉会中の継続調査申出について（むらづくり委員会）,Education,,"予算,契約,決算,補正予算,財産",議会運営員会副委員長(古川芳明君),,それでは、松岡委員長が欠席されていますので、私副委 員長の古川が報告させていただきます。それでは、８月２０日に開催いたしました議会運営委員会 の会議結果について、報告をいたします。当日は、全委員出席のもと、令和６年第３回、９月定例会 の運営について協議をしました。まず、会期及び会期中の日程について協議を行い、会期を ９月 ５日から１７日までの１３日間とし、会期中の日程については、９月５日午前１０時,kaigirokuR6-9,4
2024,kaigirokuR6-9,◎発委第６号閉会中の継続調査申出について（むらづくり委員会）,,839000,"予算,補正予算",１番(福田麻衣子君),,宇陀衛生一部事務組合議会報告。去る７月５日金曜日、午前１０時から、令 和６年宇陀衛生一部事務組合議会第１回臨時会が、宇陀市人権交流センター大会議室で開催さ れました。 組合議会議員１４名全員出席で、御杖村からは、寺前議員とわたくし福田が出席いた しました。 当日は組合管理者、金剛宇陀市長の招集あいさつ後、議事日程に基づき、仮議席の 指定、議長の選挙、議席の指定、会議録署名議員の指名、会期の   決,kaigirokuR6-9,5
2024,kaigirokuR6-9,◎発委第６号閉会中の継続調査申出について（むらづくり委員会）,Construction,7368000,"予算,取得,契約,工事,繰越,補正予算,財産",２番(寺前伊平君),,奈良県広域消防組合議会の令和６年第１回臨時会が７月１１日に橿原市内の 同組合消防本部で開かれ、同組合議会議員の寺前が出席いたしましたので、臨時会の報告をさせ ていただきます。臨時会には奈良市、生駒市のこの両市を除く加盟の市町村議会から２５人が出席 しました。管理者の亀田忠彦橿原市長による招集あいさつに引き続き、議長、副議長の選挙と議会 運営委員会の委員が選任され、新たに議長に選ばれた南満御所市議会,kaigirokuR6-9,5
2024,kaigirokuR6-9,◎発委第６号閉会中の継続調査申出について（むらづくり委員会）,,,"予算,工事,決算,補正予算",村長(伊藤収宜君),,９月定例会の開会にあたりまして、行政報告をさせていただきます。まず、国 道３６９号線の曽爾村山粕地内におきまして、７月７日の夜に、山崩れが発生し、７月２６日まで全面 通行止め、８月８日までが時間帯通行止めとなり、村民の皆様には、約１ヶ月に亘りご不便をおかけ しました。現在も応急工事により土嚢を積み上げた仮復旧の状態でありますので、災害が再発しな いよう早期の対策工事を県の関係部署に曽爾村と共に要望,kaigirokuR6-9,7
2024,kaigirokuR6-9,◎発委第６号閉会中の継続調査申出について（むらづくり委員会）,,,予算,村長(伊藤収宜君),,これから次年度予算のいろいろ検討、査定もはってくるわけでございます。そ うした中で、どういう制度がいいのか、全額助成がいいのか、それともいくらかの補助を持っての助 成がいいのか、そういうことを含めて内容については検討していきたいと思いますので、よろしくお 願いします。,kaigirokuR6-9,8
2024,kaigirokuR6-9,◎発委第６号閉会中の継続調査申出について（むらづくり委員会）,,5100000,予算,２番(寺前伊平君),,ただいま、議長の許可を得ましたので、今年３回目の一般質問をさせていただ きます。質問は、スマート農業推進と大型ドローンの使用についてでございます。農林水産省が１ 昨年、ドローンやロボット技術、情報通信技、これ術略して、ICT と申しますが、を活用したスマート 農業について、インターネット上で実施したアンケートによれば、現場で必要とされる技術として一 度の飛行で広範囲の農薬散布が可能なドローンが最も,kaigirokuR6-9,9
2024,kaigirokuR6-9,◎発委第６号閉会中の継続調査申出について（むらづくり委員会）,,1500000,"予算,補助金",村長(伊藤収宜君),,ただ今の寺前議員のお話にありましたように、スマート農業支援事業といたし まして昨年度に農業用ドローンの講習会を行い、今年度は補助率２分の１、補助金額上限１５０万 円とする補助金交付要綱を設けまして、３機分の購入補助金の予算を計上しております。補助率 の設定につきましては、農業用ドローンを購入された場合、労務費の削減や受託散布による収益 も見込まれますので、購入費の補助率は２分の１といたしました。現,kaigirokuR6-9,9
2024,kaigirokuR6-9,◎発委第６号閉会中の継続調査申出について（むらづくり委員会）,,,予算,２番(寺前伊平君),,今、伊藤村長のほうか答弁いただきました。本年度中に、一般の方が購入し たいという動きがあるということをお聞きしましたけれども、３機分使っていただきたいという村のほう で持っていらっしゃる以上、２分の１というよりももう少し補助率を上げていく、たとえば３分の２ぐら いに上げていく、全額というのはいろんな意味で無理なところがあると思いますけれども、補助率を 上げていくということで考えていただいて、３機分,kaigirokuR6-9,9
2024,kaigirokuR6-9,◎発委第６号閉会中の継続調査申出について（むらづくり委員会）,,,予算,村長(伊藤収宜君),,議員おっしゃいますように、これからの後継者不足、高齢化等考えますとスマ ート農業はやはり考えていかなければならないと思っています。そうした中で、ドローンがすべてで はなく、ほかのいろんな考え方の中で、いろんな方策もでてくると思いますが、そういうことも踏まえ ながら、どういう農業がいいのかということも含めて、新年度予算でも考えていければと思います。  －10－ ただ、ドローンに限っていいますと、少し,kaigirokuR6-9,10
2024,kaigirokuR6-9,◎議案第３９号一般Ｘ線撮影装置物品売買契約の締結について,,,契約,議長(山岡隆良君),,ありがとうございます。全員の起立により、日程第７議案第３８号、御杖村国民 健康保険条例の一部を改正する条例の制定については、原案のとおり可決されました。   ◎議案第３９号一般Ｘ線撮影装置物品売買契約の締結について ［上程、説明、質疑、討論、採決］ ,kaigirokuR6-9,12
2024,kaigirokuR6-9,◎議案第３９号一般Ｘ線撮影装置物品売買契約の締結について,,,契約,議長(山岡隆良君),,次に、日程第８議案第３９号、一般Ｘ線撮影装置物品売買契約の締結につ いてを議題と致します。本案についても、議会運営委員長の報告のとおり即決案件と致します。本 案について、提案理由の説明を求めます。伊藤村長。,kaigirokuR6-9,12
2024,kaigirokuR6-9,◎議案第３９号一般Ｘ線撮影装置物品売買契約の締結について,Welfare,,"取得,契約,財産",村長(伊藤収宜君),,本案につきましては、地方自治法第９６条第１項第８号及び議会の議決に付 すべき契約及び財産の取得又は処分に関する条例第３条の規定により、議会の議決を必要とす る契約であることから、提案するものでございます。詳細につきましては、保健福祉課長より説明を 申し上げます。,kaigirokuR6-9,12
2024,kaigirokuR6-9,◎議案第３９号一般Ｘ線撮影装置物品売買契約の締結について,,7150000,"入札,取得,契約,財産",保健福祉課長(川上隆二君),,詳細について、ご説明させていただきます。本年度計画しておりま す、一般Ｘ線撮影装置の財産取得につきまして、この財産取得は、御杖村国民健康保険診療所 で使用している平成２５年購入の一般Ｘ線撮影装置について、耐用年数が経過し、更新によるも ので、場所は、奈良県宇陀郡御杖村菅野１５８１番地、御杖村国民健康保険診療所でございます。 財産取得の方法は、一般競争入札による公告を行い、令和６年８月１日に開札を行,kaigirokuR6-9,13
2024,kaigirokuR6-9,◎議案第４０号奈良県後期高齢者医療広域連合規約の変更について,,,契約,議長(山岡隆良君),,ありがとうございます。全員の起立により、日程第８議案第３９号、一般Ｘ線撮 影装置物品売買契約の締結については、原案のとおり可決されました。   ◎議案第４０号奈良県後期高齢者医療広域連合規約の変更について ［上程、説明、質疑、討論、採決］ ,kaigirokuR6-9,13
2024,kaigirokuR6-9,◎議案第４１号奈良広域水質検査センター組合規約の変更に,,,財産,議長(山岡隆良君),,ありがとうございます。全員の起立により、日程第９議案第４０号、奈良県後期 高齢者医療広域連合規約の変更については、原案のとおり可決されました。   ◎議案第４１号奈良広域水質検査センター組合規約の変更に ついて、議案第４２号奈良広域水質検査センター組合の解散 について、議案第４３号奈良広域水質検査センター組合の 解散に伴う財産処分について ［一括上程、一括説明、一括質疑］ ,kaigirokuR6-9,14
2024,kaigirokuR6-9,◎議案第４１号奈良広域水質検査センター組合規約の変更に,,,財産,議長(山岡隆良君),,次に、日程第１０議案第４１号、奈良広域水質検査センター組合規約の変更 について、日程第１１議案第４２号、奈良広域水質検査センター組合の解散について、日程第１２ 議案第４３号、奈良広域水質検査センター組合の解散に伴う財産処分については、関連する議 案となりますので、一括議題とし提案理由についても一括して行い個別審議としたいと思います。 ご異議ありませんか。 （「異議なし」の声あり）,kaigirokuR6-9,14
2024,kaigirokuR6-9,◎議案第４１号奈良広域水質検査センター組合規約の変更に,,,財産,村長(伊藤収宜君),,議案第４１号から議案第４３号に関しまして、関連がございますので一括して ご説明を申し上げます。本案につきましては、奈良広域水質検査センター組合が、令和７年３月３ １日での解散を予定しております。議案第４１号につきましては、事務の承継を行うための規約改 正になり、議案第４２号につきましては、組合を構成する３５市町村１企業団の協議により、令和７ 年３月３１日をもって奈良広域水質検査センター組合を解散す,kaigirokuR6-9,14
2024,kaigirokuR6-9,◎議案第４１号奈良広域水質検査センター組合規約の変更に,Water/Sewer,,"基金,財産",住民生活課長(仲子雄史君),,議案第４１号奈良広域水質検査センター組合規約の変更について、  －15－ 議案第４２号奈良広域水質検査センター組合の解散について、議案第４３号奈良広域水質検査 センター組合の解散に伴う財産処分について、関連がございますので一括してご説明申し上げま す。本村を含む３９市町村は、平成５年１２月の水道法に基づく水質基準の改正、強化に対応する ため、水道水質の検査業務に関する事務を共同処理するために地方自,kaigirokuR6-9,15
2024,kaigirokuR6-9,◎議案第４３号奈良広域水質検査センター組合の解散に伴う,,,財産,議長(山岡隆良君),,ありがとうございます。全員の起立により、日程第１１議案第４２号、奈良広域 水質検査センター組合の解散については、原案のとおり可決されました。   ◎議案第４３号奈良広域水質検査センター組合の解散に伴う 財産処分について ［討論、採決］ ,kaigirokuR6-9,16
2024,kaigirokuR6-9,◎議案第４３号奈良広域水質検査センター組合の解散に伴う,,,財産,議長(山岡隆良君),,続いて、日程第１２議案第４３号、奈良広域水質検査センター組合の解散に 伴う財産処分について討論を行います。討論はありませんか。 （「討論なし」の声あり）,kaigirokuR6-9,16
2024,kaigirokuR6-9,◎議案第４４号御杖村過疎地域持続的発展計画の変更について,,,財産,議長(山岡隆良君),,ありがとうございます。全員の起立により、日程第１２議案第４３号、奈良広域 水質検査センター組合の解散に伴う財産処分については、原案のとおり可決されました。   ◎議案第４４号御杖村過疎地域持続的発展計画の変更について ［上程、説明、質疑、討論、採決］ ,kaigirokuR6-9,16
2024,kaigirokuR6-9,◎議案第４５号令和６年度御杖村一般会計補正予算（第２号）,,,"予算,決算,補正予算",議長(山岡隆良君),,ありがとうございます。全員の起立により、日程第１３議案第４４号、御杖村過 疎地域持続的発展計画の変更については、原案のとおり可決されました。   ◎議案第４５号令和６年度御杖村一般会計補正予算（第２号） の議定について ［上程、説明、総括的質疑、予算決算委員会付託］ ,kaigirokuR6-9,17
2024,kaigirokuR6-9,◎議案第４５号令和６年度御杖村一般会計補正予算（第２号）,,,"予算,補正予算",議長(山岡隆良君),,次に、日程第１４議案第４５号、令和６年度御杖村一般会計補正予算第２号 の議定についてを議題と致します。本案について、提案理由の説明を求めます。伊藤村長。,kaigirokuR6-9,17
2024,kaigirokuR6-9,◎議案第４５号令和６年度御杖村一般会計補正予算（第２号）,Welfare,5392000,"基金,決算,繰越,補助金",村長(伊藤収宜君),,本案につきましては、歳入歳出それぞれに４，５３９万２千円を追加し補正後 の総額を２６億４，２５８万３千円とするものでございます。主な内容ですが、歳入では、令和５年度 の決算収支に合わせ繰越金の増額補正及び基金繰入金の減額を行い、歳出においては、基金 積立金の増額と、障害者福祉等の過年度交付の国庫補助金の精算による返還の必要が生じたた め所要額を計上するものでございます。ご審議の程、よろしくお願いし,kaigirokuR6-9,17
2024,kaigirokuR6-9,◎議案第４５号令和６年度御杖村一般会計補正予算（第２号）,,,"予算,決算",議長(山岡隆良君),,質疑なしと認めます。これで質疑を終わります。本案については、議会運営 委員会副委員長の報告のとおり、全員協議会で詳細な説明を受け、予算決算委員会に付託する ことにしたいと思います。ご異議ありませんか。 （「異議なし」の声あり）,kaigirokuR6-9,17
2024,kaigirokuR6-9,◎議案第４６号令和６年度御杖村介護保険特別会計補正予算,,,"予算,決算,補正予算",議長(山岡隆良君),,異議なしと認めます。したがって、日程第１４議案第４５号、令和６年度御杖村 一般会計補正予算第２号の議定については、予算決算委員会に付託することに決定しました。 －18－ ◎議案第４６号令和６年度御杖村介護保険特別会計補正予算 （第１号）の議定について ［上程、説明、総括的質疑、予算決算委員会付託］ ,kaigirokuR6-9,18
2024,kaigirokuR6-9,◎議案第４６号令和６年度御杖村介護保険特別会計補正予算,,408465000,"基金,決算,繰越,補助金",村長(伊藤収宜君),,本案につきましては、歳入歳出それぞれに４，２１５万７千円を追加し、補正 後の総額を４億８４６万５千円とするものでございます。主な内容ですが、歳入では、令和５年度の 決算収支に合わせ繰越金の増額補正を行い、歳出においては、過年度交付の国庫補助金の精 算による返還金及び基金積立金の増額を計上するものでございます。ご審議の程、よろしくお願 いします。,kaigirokuR6-9,18
2024,kaigirokuR6-9,◎議案第４６号令和６年度御杖村介護保険特別会計補正予算,,,"予算,決算",議長(山岡隆良君),,質疑なしと認めます。これで質疑を終わります。本案についても、議会運営委 員会副委員長の報告のとおり、全員協議会で詳細な説明を受け、予算決算委員会に付託するこ とにしたいと思います。ご異議ありませんか。 （「異議なし」の声あり）,kaigirokuR6-9,18
2024,kaigirokuR6-9,◎議案第４７号令和６年度御杖村簡易水道事業会計補正予算,Water/Sewer,,"予算,決算,補正予算",議長(山岡隆良君),,異議なしと認めます。したがって、日程第１５議案第４６号、令和６年度御杖村 介護保険特別会計補正予算第１号の議定についても、予算決算委員会に付託することに決定し ました。   ◎議案第４７号令和６年度御杖村簡易水道事業会計補正予算 （第２号）の議定について ［上程、説明、総括的質疑、予算決算委員会付託］ ,kaigirokuR6-9,18
2024,kaigirokuR6-9,◎議案第４７号令和６年度御杖村簡易水道事業会計補正予算,Water/Sewer,,"予算,決算",議長(山岡隆良君),,質疑なしと認めます。これで質疑を終わります。本案についても、議会運営委 員会副委員長の報告のとおり、全員協議会で詳細な説明を受け、予算決算委員会に付託するこ とにしたいと思います。ご異議ありませんか。 （「異議なし」の声あり）,kaigirokuR6-9,19
2024,kaigirokuR6-9,◎議案第４７号令和６年度御杖村簡易水道事業会計補正予算,Water/Sewer,,"予算,決算,補正予算",議長(山岡隆良君),,異議なしと認めます。したがって、日程第１６議案第４７号、令和６年度御杖村 簡易水道事業会計補正予算第２号の議定についても、予算決算委員会に付託することに決定し ました。   ◎休憩【休憩 午前１１時１５分】 ,kaigirokuR6-9,19
2024,kaigirokuR6-9,◎議案第４７号令和６年度御杖村簡易水道事業会計補正予算,Water/Sewer,,決算,議長(山岡隆良君),,次に、日程第１７認定第１号から決算認定に入って行くわけでございますが、 暫時しばらく休憩を入れたいと思います。休憩時間は５分として、２０分に再開をしたいと思います が、よろしくお願いしたいと思います。   ◎再会【再会 午前１１時２０分】 ,kaigirokuR6-9,19
2024,kaigirokuR6-9,◎認定第１号令和５年度御杖村一般会計歳入歳出決算の認定,Water/Sewer,,決算,議長(山岡隆良君),,それでは休憩前に引き続き、会議を再開させていただきます。   ◎認定第１号令和５年度御杖村一般会計歳入歳出決算の認定 について、認定第２号令和５年度御杖村簡易水道事業特別会 計歳入歳出決算の認定について、認定第３号令和５年度御杖 村国民健康保険特別会計歳入歳出決算の認定について、認 定第４号令和５年度御杖村介護保険特別会計歳入歳出決算 の認定について、認定第５号令和５年度御杖村後期高齢者医 療特別,kaigirokuR6-9,19
2024,kaigirokuR6-9,◎認定第１号令和５年度御杖村一般会計歳入歳出決算の認定,Water/Sewer,,決算,議長(山岡隆良君),,次に、日程第１７認定第１号、令和５年度御杖村一般会計歳入歳出決算の 認定について、日程第１８認定第２号、令和５年度御杖村簡易水道事業特別会計歳入歳出決算 の認定について、日程第１９認定第３号、令和５年度御杖村国民健康保険特別会計歳入歳出決 算の認定について、日程第２０認定第４号、令和５年度御杖村介護保険特別会計歳入歳出決算 の認定について、日程第２１認定第５号、令和５年度御杖村後期高齢者医療特別会,kaigirokuR6-9,19
2024,kaigirokuR6-9,◎認定第１号令和５年度御杖村一般会計歳入歳出決算の認定,,9050,決算,村長(伊藤収宜君),,本案につきましては、地方自治法第２３３条の規定により、令和５年度の御杖 村一般会計歳入歳出決算について認定をお願いするものでございます。決算の額でございます  －20－ が、歳入総額２８億５，４８７万３，９７９円、歳出総額２６億６，９４９万９，０５０円、差引額１億８，５３７ 万４，９２９円で、翌年度へ繰り越すべき財源を除いた実質収支額は、１億７，８８３万６，９２９円とな りました。内容につきまして,kaigirokuR6-9,20
2024,kaigirokuR6-9,◎認定第１号令和５年度御杖村一般会計歳入歳出決算の認定,Construction,401827000,"予算,基金,工事,決算,繰越,財産",会計管理者(松本慶一君),,失礼致します。令和５年度一般会計決算について、本日提案を致し ました概要につきまして、決算の内容に関する説明書をお配りさせて頂いておりますので、こちら に基づきまして概要を説明致します。１枚めくって頂きまして、１ページをご覧下さい。１、一般会計 決算の概要、予算の執行にあたって、計上した歳入については財源の確保に努め、歳出につい ては経費の節減と執行の効率化に努めた結果、令和５年度の一般会計歳入歳,kaigirokuR6-9,22
2024,kaigirokuR6-9,◎認定第１号令和５年度御杖村一般会計歳入歳出決算の認定,,,決算,議長(山岡隆良君),,次に、特別会計決算を一括して、説明を求めます。伊藤村長。,kaigirokuR6-9,22
2024,kaigirokuR6-9,◎認定第１号令和５年度御杖村一般会計歳入歳出決算の認定,Water/Sewer,,決算,村長(伊藤収宜君),,本案につきましては、地方自治法第２３３条の規定により、簡易水道事業特 別会計、国民健康保険特別会計、介護保険特別会計、後期高齢者医療特別会計、以上４会計 の令和５年度歳入歳出決算ついて、認定をお願いするものでございます。それぞれの決算概要 につきましては、会計管理者より説明を申し上げます。,kaigirokuR6-9,22
2024,kaigirokuR6-9,◎認定第１号令和５年度御杖村一般会計歳入歳出決算の認定,Construction,108054000,決算,会計管理者(松本慶一君),,失礼します。令和５年度特別会計決算につきまして、決算の内容に 関する説明書１１ページをご覧いただきたいと思います。第１１表のとおり、特別会計決算の状況 でございます。簡易水道事業特別会計は、歳入総額１億１，８７１万円、歳出総額１億８０５万４千 円、収支差引額は１，０６５万６千円となりました。前年度との比較では、歳出において、平成４年度 借入簡水債の償還終了による公債費の減及び公営企業会計への移行に,kaigirokuR6-9,23
2024,kaigirokuR6-9,◎認定第１号令和５年度御杖村一般会計歳入歳出決算の認定,,,決算,議長(山岡隆良君),,ここで、令和５年度一般会計及び特別会計の決算について、監査委員に決 算審査の意見を求めます。廣口監査委員。,kaigirokuR6-9,23
2024,kaigirokuR6-9,◎認定第１号令和５年度御杖村一般会計歳入歳出決算の認定,Water/Sewer,,決算,４番(廣口芳弘君),,お手元の令和５年度御杖村一般会計、特別会計の決算審査意見書をご覧い ただきたいと思います。この決算審査につきましては、去る８月２３日に、片桐監査委員とともに審 査を実施させていただきました。決算審査意見書の各諸表の朗読は省略させていただき、７ペー ジの決算審査結論の朗読をもって報告に代えさせていただきたいと思います。令和５年度決算審 査結論、地方公共団体の財政の健全化に関する法律の施行に基づき、本,kaigirokuR6-9,23
2024,kaigirokuR6-9,◎認定第１号令和５年度御杖村一般会計歳入歳出決算の認定,,,決算,議長(山岡隆良君),,廣口監査委員ありがとうございました。ただ今、当局よりの説明と、監査委員 より決算審査に係る意見をいただきました。これから決算５議案について一括して、統括的質疑を 行います。質疑はございませんか。 （「質疑なし」の声あり）,kaigirokuR6-9,23
2024,kaigirokuR6-9,◎認定第１号令和５年度御杖村一般会計歳入歳出決算の認定,,,決算,議長(山岡隆良君),,質疑なしと認めます。これで質疑を終わります。各会計決算の認定議案につ いても、議会運営委員会副委員長の報告のとおり、全員協議会で詳細な説明を受け、一括して予 算決算委員会に付託することにしたいと思います。ご異議ありませんか。 （「異議なし」の声あり）,kaigirokuR6-9,23
2024,kaigirokuR6-9,◎同意第３号教育長の任命につき同意を求めることについて,,,"予算,決算",議長(山岡隆良君),,異議なしと認めます。したがって、日程第１７認定第１号から日程第２１認定  －24－ 第５号までの令和５年度における一般会計歳入歳出決算及び各特別会計歳入歳出決算の認定 についても、予算決算委員会に付託することに決定しました。   ◎同意第３号教育長の任命につき同意を求めることについて ［上程、説明、採決］ ,kaigirokuR6-9,24
2024,kaigirokuR6-9,◎報告第２号継続費精算報告書について,Water/Sewer,2693000,契約,住民生活課長(仲子雄史君),,令和４年度から５年度にかけて設定しておりました公営企業会計移  －25－ 行事業について、精算報告をさせていただきます。公営企業会計移行事業につきましては、令和 ６年度から地方公営企業法の適用を受けるにあたり進めてきた事業で、県内の簡易水道設置団 体１１村が奈良県の共同発注により公営企業会計の財務会計システムの導入や条例や規則の制 定や改正、各種事務手続きの変更手続き等の支援業務を委託したものでご,kaigirokuR6-9,25
2024,kaigirokuR6-9,◎報告第３号令和５年度御杖村教育委員会の権限に属する事務,Village Development,,"予算,決算,補正予算",議長(山岡隆良君),,以上をもって、本日の日程は全て終了致しました。次回の本会議は９月１７日 火曜日、午前１０時より開くことに致します。本日は、これにて散会致します。お疲れ様でした。   （午後１２時０５分散会）     －28－ （令和６年９月１７日）     －29－ 令和６年第３回（９月）御杖村議会定例会（第２号） 令和６年９月１７日（火） 開議 午前１０時００分 ◎議事日程［審議結果］ 第１   議案第４５号 ,kaigirokuR6-9,31
2024,kaigirokuR6-9,◎議案第４５号令和６年度御杖村一般会計補正予算(第２号)の議,Water/Sewer,,"予算,補正予算",議長(山岡隆良君),,皆さん、おはようございます。本日の令和６年第３回御杖村議会定例会の続 会をご案内させていただいたところ、ご出席をいただきありがとうございます。全議員が出席でござ います。地方自治法第１１３条の規定による定足数に達しておりますので、本日 の会議を開きま す。本日の議事日程は、お手元に配布の日程第２号のとおりと致します。   ◎議案第４５号令和６年度御杖村一般会計補正予算(第２号)の議 定について、議,kaigirokuR6-9,31
2024,kaigirokuR6-9,◎議案第４５号令和６年度御杖村一般会計補正予算(第２号)の議,Water/Sewer,,"予算,決算,補正予算",議長(山岡隆良君),,それでは、議事に入ります。日程第１議案第４５号、令和６年度御杖村一般 会計補正予算第２号の議定について、日程第２議案第４６号、令和６年度御杖村介護保険特別会 計補正予算第１号の議定について、日程第３議案第４７号、令和６年度御杖村簡易水道事業会計 補正予算第２号の議定について以上の３議案につきましては、予算決算委員会へ付託した案件 でございますので、これを一括議題としたいと思いますが、異議ありません,kaigirokuR6-9,31
2024,kaigirokuR6-9,◎議案第４５号令和６年度御杖村一般会計補正予算(第２号)の議,,,"予算,決算",議長(山岡隆良君),,異議なしと認め、そのように進めさせていただきます。日程第１議案第４５号、 日程第２議案第４６号、日程第３議案第４７号について、御杖村会議規則第４１条第１項の規定に 基づき、予算決算委員会委員長より一括して審査経過及び結果の報告をお願いします。寺前委 員長。,kaigirokuR6-9,31
2024,kaigirokuR6-9,◎議案第４５号令和６年度御杖村一般会計補正予算(第２号)の議,,,"予算,決算,補正予算",２番(寺前伊平君),,それでは、予算決算委員会を代表しまして、当委員会に付託されました、議 案第４５号から議案第４７号の補正予算３件につきまして、一括して、審査の経緯と経過及び結果 について報告をさせていただきます。まず、審査の経緯でございますが、去る９月５日の本会議に おきまして、補正予算３件及び決算認定５件の合計８件の案件が付託されたことにより、９月１２日 に予算決算委員会を開催いたしました。審査の経過でございます,kaigirokuR6-9,31
2024,kaigirokuR6-9,◎議案第４５号令和６年度御杖村一般会計補正予算(第２号)の議,,,"予算,決算",議長(山岡隆良君),,寺前委員長、ご苦労様でした。これから、予算決算委員会委員長報告に対 する質疑を一括して行います。質疑は、ございませんか。 －32－ （「質疑なし」の声あり）,kaigirokuR6-9,32
2024,kaigirokuR6-9,◎議案第４５号令和６年度御杖村一般会計補正予算(第２号)の議,,,"予算,補正予算",議長(山岡隆良君),,質疑なしと認めます。これで質疑を終わります。   ◎議案第４５号令和６年度御杖村一般会計補正予算(第２号)の議 定について ［討論、採決］ ,kaigirokuR6-9,32
2024,kaigirokuR6-9,◎議案第４５号令和６年度御杖村一般会計補正予算(第２号)の議,,,"予算,補正予算",議長(山岡隆良君),,続いて議案ごとに、討論及び採決を行います。先ず、日程第１議案第４５号、 令和６年度御杖村一般会計補正予算第２号の議定についてを議題とし、討論を行います。討論は ありませんか。 （「討論なし」の声あり）,kaigirokuR6-9,32
2024,kaigirokuR6-9,◎議案第４５号令和６年度御杖村一般会計補正予算(第２号)の議,,,"予算,決算",議長(山岡隆良君),,討論なしと認めます。これで討論を終わります。これより、本案について採決 を行います。本案に対する予算決算委員会委員長の報告は、可決です。日程第１議案第４５号 を、予算決算委員会委員長の報告のとおり決定することに賛成の方は、起立願います。 （全員／起立）,kaigirokuR6-9,32
2024,kaigirokuR6-9,◎議案第４６号令和６年度御杖村介護保険特別会計補正予算,,,"予算,決算,補正予算",議長(山岡隆良君),,ありがとうございます。全員の起立により、日程第１議案第４５号、令和６年度 御杖村一般会計補正予算第２号の議定については、予算決算委員会委員長の報告のとおり可 決されました。   ◎議案第４６号令和６年度御杖村介護保険特別会計補正予算 (第１号)の議定について ［討論、採決］ ,kaigirokuR6-9,32
2024,kaigirokuR6-9,◎議案第４６号令和６年度御杖村介護保険特別会計補正予算,,,"予算,決算",議長(山岡隆良君),,討論なしと認めます。これで討論を終わります。これより、本案について採決 を行います。本案に対する予算決算委員会委員長の報告は、可決です。日程第２議案第４６号 も、予算決算委員会委員長の報告のとおり決定することに賛成の方は、起立願います。 （全員／起立）,kaigirokuR6-9,32
2024,kaigirokuR6-9,◎議案第４７号令和６年度御杖村簡易水道事業会計補正予算,Water/Sewer,,"予算,決算,補正予算",議長(山岡隆良君),,ありがとうございます。全員の起立により、日程第２議案第４６号、令和６年度 御杖村介護保険特別会計補正予算第１号の議定についても、予算決算委員会委員長の報告の とおり可決されました。   ◎議案第４７号令和６年度御杖村簡易水道事業会計補正予算 (第２号)の議定について ［討論、採決］ ,kaigirokuR6-9,32
2024,kaigirokuR6-9,◎議案第４７号令和６年度御杖村簡易水道事業会計補正予算,Water/Sewer,,"予算,決算",議長(山岡隆良君),,討論なしと認めます。これで討論を終わります。これより、本案について採決 を行います。本案に対する予算決算委員会委員長の報告は、可決です。日程第３議案第４７号 も、予算決算委員会委員長の報告のとおり決定することに賛成の方は、起立願います。 （全員／起立）,kaigirokuR6-9,33
2024,kaigirokuR6-9,◎認定第１号令和５年度御杖村一般会計歳入歳出決算の,Water/Sewer,,"予算,決算,補正予算",議長(山岡隆良君),,ありがとうございます。全員の起立により、日程第３議案第４７号、令和６年度 御杖村簡易水道事業会計補正予算第２号の議定についても、予算決算委員会委員長の報告の とおり可決されました。   ◎認定第１号令和５年度御杖村一般会計歳入歳出決算の 認定について、認定第２号令和５年度御杖村簡易水道 事業特別会計歳入歳出決算の認定について、認定第３号 令和５年度御杖村国民健康保険特別会計歳入歳出決算 の認定につ,kaigirokuR6-9,33
2024,kaigirokuR6-9,◎認定第１号令和５年度御杖村一般会計歳入歳出決算の,Water/Sewer,,"予算,決算",議長(山岡隆良君),,次に、日程第４認定第１号、令和５年度御杖村一般会計歳入歳出決算の認 定について、日程第５認定第２号、令和５年度御杖村簡易水道事業特別会計歳入歳出決算の認 定について、日程第６認定第３号、令和５年度御杖村国民健康保険特別会計歳入歳出決算の認 定について、日程第７認定第４号、令和５年度御杖村介護保険特別会計歳入歳出決算の認定に ついて、日程第８認定第５号、令和５年度御杖村後期高齢者医療特別会計歳入歳出,kaigirokuR6-9,33
2024,kaigirokuR6-9,◎認定第１号令和５年度御杖村一般会計歳入歳出決算の,,,"予算,決算",２番(寺前伊平君),,それでは、認定第１号から認定第５号の各会計歳入歳出決算認定の５件につ きまして、一括して、審査経過及び結果について報告をさせていただきます。審査の経緯につき ましては、先に報告させていただきましたとおりでございます。審査の経過でございますが、全５会 計を一括議題として、質疑を行いました。委員より多くの質疑が行われ、村当局より答弁をいただ きましたが、内容については全議員出席の委員会ですので、割愛を,kaigirokuR6-9,33
2024,kaigirokuR6-9,◎認定第１号令和５年度御杖村一般会計歳入歳出決算の,,,"予算,決算",議長(山岡隆良君),,寺前委員長、ご苦労様でした。これから、予算決算委員会委員長報告に対 する質疑を一括して行います。質疑は、ございませんか。 －34－ （「質疑なし」の声あり）,kaigirokuR6-9,34
2024,kaigirokuR6-9,◎認定第１号令和５年度御杖村一般会計歳入歳出決算の,,,決算,議長(山岡隆良君),,質疑なしと認めます。これで質疑を終わります。   ◎認定第１号令和５年度御杖村一般会計歳入歳出決算の 認定について ［討論、採決］ ,kaigirokuR6-9,34
2024,kaigirokuR6-9,◎認定第１号令和５年度御杖村一般会計歳入歳出決算の,,,決算,議長(山岡隆良君),,続いて議案ごとに、討論及び採決を行います。先ず、日程第４認定第１号、 令和５年度御杖村一般会計歳入歳出決算の認定についてを議題とし、討論を行います。討論は ありませんか。 （「討論なし」の声あり）,kaigirokuR6-9,34
2024,kaigirokuR6-9,◎認定第１号令和５年度御杖村一般会計歳入歳出決算の,,,"予算,決算",議長(山岡隆良君),,討論なしと認めます。これで討論を終わります。これより、本案について採決 を行います。本案に対する予算決算委員会委員長の報告は、認定です。日程第４認定第１号も、 予算決算委員会委員長の報告のとおり決定することに賛成の方は、起立願います。 （全員／起立）,kaigirokuR6-9,34
2024,kaigirokuR6-9,◎認定第２号令和５年度御杖村簡易水道事業特別会計,Water/Sewer,,"予算,決算",議長(山岡隆良君),,ありがとうございます。全員の起立により、日程第４認定第１号、令和５年度御 杖村一般会計歳入歳出決算の認定についても、予算決算委員会委員長の報告のとおり認定され ました。   ◎認定第２号令和５年度御杖村簡易水道事業特別会計 歳入歳出決算の認定について ［討論、採決］ ,kaigirokuR6-9,34
2024,kaigirokuR6-9,◎認定第２号令和５年度御杖村簡易水道事業特別会計,Water/Sewer,,決算,議長(山岡隆良君),,次に、日程第５認定第２号、令和５年度御杖村簡易水道事業特別会計歳入 歳出決算の認定についてを議題とし、討論を行います。討論はありませんか。 （「討論なし」の声あり）,kaigirokuR6-9,34
2024,kaigirokuR6-9,◎認定第２号令和５年度御杖村簡易水道事業特別会計,Water/Sewer,,"予算,決算",議長(山岡隆良君),,討論なしと認めます。これで討論を終わります。これより、本案について採決 を行います。本案に対する予算決算委員会委員長の報告は、認定です。日程第５認定第２号も、 予算決算委員会委員長の報告のとおり決定することに賛成の方は、起立願います。 （全員／起立）,kaigirokuR6-9,34
2024,kaigirokuR6-9,◎認定第３号令和５年度御杖村国民健康保険特別会計,Water/Sewer,,"予算,決算",議長(山岡隆良君),,ありがとうございます。全員の起立により、日程第５認定第２号、令和５年度御 杖村簡易水道事業特別会計歳入歳出決算の認定についても、予算決算委員会委員長の報告の とおり認定されました。   ◎認定第３号令和５年度御杖村国民健康保険特別会計 歳入歳出決算の認定について ［討論、採決］ ,kaigirokuR6-9,34
2024,kaigirokuR6-9,◎認定第３号令和５年度御杖村国民健康保険特別会計,,,決算,議長(山岡隆良君),,次に、日程第６認定第３号、令和５年度御杖村国民健康保険特別会計歳入 －35－ 歳出決算の認定についてを議題とし、討論を行います。討論はありませんか。 （「討論なし」の声あり）,kaigirokuR6-9,35
2024,kaigirokuR6-9,◎認定第３号令和５年度御杖村国民健康保険特別会計,,,"予算,決算",議長(山岡隆良君),,討論なしと認めます。これで討論を終わります。これより、本案について採決 を行います。本案に対する予算決算委員会委員長の報告は、認定です。日程第６認定第３号も、 予算決算委員会委員長の報告のとおり決定することに賛成の方は、起立願います。 （全員／起立）,kaigirokuR6-9,35
2024,kaigirokuR6-9,◎認定第４号令和５年度御杖村介護保健特別会計歳入,,,"予算,決算",議長(山岡隆良君),,ありがとうございます。全員の起立により、日程６認定第３号令和５年度御杖 村国民健康保険特別会計歳入歳出決算の認定についても、予算決算委員会委員長の報告のと おり認定されました。   ◎認定第４号令和５年度御杖村介護保健特別会計歳入 歳出決算の認定について ［討論、採決］ ,kaigirokuR6-9,35
2024,kaigirokuR6-9,◎認定第４号令和５年度御杖村介護保健特別会計歳入,,,決算,議長(山岡隆良君),,次に、日程第７認定第４号、令和５年度御杖村介護保険特別会計歳入歳出 決算の認定についてを議題とし、討論を行います。討論はありませんか。 （「討論なし」の声あり）,kaigirokuR6-9,35
2024,kaigirokuR6-9,◎認定第４号令和５年度御杖村介護保健特別会計歳入,,,"予算,決算",議長(山岡隆良君),,討論なしと認めます。これで討論を終わります。これより、本案について採決 を行います。本案に対する予算決算委員会委員長の報告は、認定です。日程第７認定第４号も、 予算決算委員会委員長の報告のとおり決定することに賛成の方は、起立願います。 （全員／起立）,kaigirokuR6-9,35
2024,kaigirokuR6-9,◎認定第５号令和５年度御杖村後期高齢者医療特別会計,,,"予算,決算",議長(山岡隆良君),,ありがとうございます。全員の起立により、日程７認定第４号、令和５年度御杖 村介護保険特別会計歳入歳出決算の認定についても、予算決算委員会委員長の報告のとおり 認定されました。   ◎認定第５号令和５年度御杖村後期高齢者医療特別会計 歳入歳出決算の認定について ［討論、採決］ ,kaigirokuR6-9,35
2024,kaigirokuR6-9,◎認定第５号令和５年度御杖村後期高齢者医療特別会計,,,決算,議長(山岡隆良君),,次に、日程第８認定第５号、令和５年度御杖村後期高齢者医療特別会計歳 入歳出決算の認定についてを議題とし、討論を行います。討論はありませんか。 （「討論なし」の声あり）,kaigirokuR6-9,35
2024,kaigirokuR6-9,◎認定第５号令和５年度御杖村後期高齢者医療特別会計,,,"予算,決算",議長(山岡隆良君),,討論なしと認めます。これで討論を終わります。これより、本案について採決 を行います。本案に対する予算決算委員会委員長の報告は、認定です。日程第８認定第５号も、 予算決算委員会委員長の報告のとおり決定することに賛成の方は、起立願います。 （全員／起立）,kaigirokuR6-9,35
2024,kaigirokuR6-9,◎発委第５号閉会中の継続調査申出について（議会運営委員会）,,,"予算,決算",議長(山岡隆良君),,ありがとうございます。全員の起立により、日程第８認定第５号、令和５年度御 杖村後期高齢者医療特別会計歳入歳出決算の認定についても、予算決算委員会委員長の報告 のとおり認定されました。   －36－ ◎発委第５号閉会中の継続調査申出について（議会運営委員会） ［上程、採決］ ,kaigirokuR6-9,36
2025,kaigirokuR7,◎発委第２号閉会中の継続調査申出について（むらづくり委員会）,,,"予算,基金,決算,補正予算",委員長(松岡一生君),,それでは、２月１８日に開催いたしました議会運営委員会の会議結果につ いて、報告をいたします。当日は、全委員出席のもと、令和７年第１回、３月定例会の運営について 協議を行いました。まず、会期及び会期中の日程について協議を行い、会期を、３月６日から２１日 までの１６日間とし、会期中の日程については、３月６日午前１０時開会、全員協議会を７日午前９ 時開会、むらづくり委員会を１１日午前９時開会、予算決算委,kaigirokuR7,5
2025,kaigirokuR7,◎発委第２号閉会中の継続調査申出について（むらづくり委員会）,,100144000,"予算,補正予算",１番(福田麻衣子君),,ただいま、議長の許可を得ましたので、派遣議員を代表しまして宇陀衛生 一部事務組合議会の報告をさせていただきます。去る２月１３日木曜日、午前１０時から、令和７年 宇陀衛生一部事務組合 議会第１回定例会が、宇陀市人権交流センター大会議室で開催されま した。出席した組合議会議員は１４名で、御杖村からは、寺前議員とわたくし福田が出席いたしま した。管理者である宇陀市金剛市長の招集あいさつの後、議事日程に基,kaigirokuR7,6
2025,kaigirokuR7,◎発委第２号閉会中の継続調査申出について（むらづくり委員会）,,308514000,"予算,工事",６番(古川芳明君),,去る、２月１７日午前１０時より、東宇陀クリーンセンターにおいて開催されまし た、東宇陀環境衛生組合議会令和７年第１回定例会の報告をさせていただきます。宇陀市からは 組合議長として松浦利久子議員、組合議員として、中川ゆり子議員、森田明子議員、勝井太郎議 員が出席いたしました。曽爾村からは組合 議員として大向實議員、松本喬議員、岡本久光議員 が出席いたしました。御杖村からは組合副議長として山岡隆良議員,kaigirokuR7,6
2025,kaigirokuR7,◎発委第２号閉会中の継続調査申出について（むらづくり委員会）,Construction,508420000,"予算,基金,補正予算",２番(寺前伊平君),,令和７年奈良県広域消防組合議会の第１回定例会が２月２７日、橿原市内の 同組合消防本部で開かれ、組合派遣議員の私が出席しましたので報告させていただきます。定 －７－ 例会は、総額１６０億９，４６７万２千円の令和７年度一般会計当初予算案、前年度比５億２，６５８万 円増、３．３８％増や令和６年度一般会計補正予算案など議案９件、専決処分の報告１件、公平委 員の選任同意 1 件と組合議会の個人情報の保護に関,kaigirokuR7,7
2025,kaigirokuR7,◎発委第２号閉会中の継続調査申出について（むらづくり委員会）,Welfare,6248000,予算,５番(葛城昌俊君),,それでは去る、３月３日午後２時より御杖村議会委員会室において開催されま した、令和７年３月曽爾御杖行政一部事務組合議会定例会の報告をさせていただきます。曽爾村 からは、組合議員として佐治議員、東口議員、大向議員が出席し、御杖村からは組合議員として 福田議員、組合議長として、私葛城が出席致しました。議会成立宣言のあと、会議録署名議員に､ １番佐治議員､２番東口議員の指名につづき、会期を１日間と決定し,kaigirokuR7,8
2025,kaigirokuR7,◎発委第２号閉会中の継続調査申出について（むらづくり委員会）,,,"予算,工事,決算",村長(伊藤収宜君),,ただ今の質問にお答えしたいと思います。昨年２月に完成した桃俣鞍取トイ レ休憩所につきましては、一部の村民の疑問に対し、２度の情報公開も含めて真摯に対応してき ました。また全村民に対しましても広報誌による予算額や決算額のお知らせ、工事の竣工に併せ ては工事内容も記載したチラシの配布も行い、事業の周知に努めてまいりました。昨年１１月には、 共同通信社からの取材を受け、１２月全国の新聞に掲載されました。,kaigirokuR7,9
2025,kaigirokuR7,◎発委第２号閉会中の継続調査申出について（むらづくり委員会）,,2000,予算,村長(伊藤収宜君),,議員おっしゃられますように、移住定住には交流人口、関係人口の創出がま ずは必要であると認識しております。移住体験住宅につきましては、令和２年１月より若者団地内 で運営しており、連続する７日から３０日の間で利用していただいております。一泊、２千円であり ます。これまで、２２世帯の方が利用され、６世帯の移住に繋がっております。 関係人口創出イベ ントにつきましては、通年実施している、やまと姫マラソン、,kaigirokuR7,10
2025,kaigirokuR7,◎発委第２号閉会中の継続調査申出について（むらづくり委員会）,Village Development,,予算,２番(寺前伊平君),,自席にて、質問させていただきます。伊藤村長には、答弁ありがとうございま す。ただですね今の答弁を聞かせていただいて、いわゆるこれぞというですね、新メニューという のが聞かせていただいてなかったというのがちょっと残念かなと思いますが。この後はですね、私 が質問させていただいたように、全国からの観光客を呼び込み、そしてそれが交流人口、関係人 口に繋がり、そしてまた移住定住に繋がっていく、そういうような,kaigirokuR7,10
2025,kaigirokuR7,◎承認第１号専決処分の承認を求めることについて,,,"予算,決算,補正予算",議長(山岡隆良君),,これで、一般質問を終わります。  ◎承認第１号専決処分の承認を求めることについて （令和６年度御杖村一般会計補正予算（第５号）） ［上程、説明、総括的質疑、予算決算委員会付託］ －11－,kaigirokuR7,11
2025,kaigirokuR7,◎承認第１号専決処分の承認を求めることについて,,,"予算,補正予算",議長(山岡隆良君),,次に、日程第５、承認第１号専決処分の承認を求めることについて、令和６年 度御杖村一般会計補正予算第５号を議題と致します。本案について、提案理由の説明を求めま す。伊藤村長,kaigirokuR7,11
2025,kaigirokuR7,◎承認第１号専決処分の承認を求めることについて,,9197000,予算,村長(伊藤収宜君),,本案につきましては、一般会計の歳入歳出それぞれに２，８３０万７千円を追 加し、補正後の総額を２６億７，９１９万７千円とするものでございます。主な内容は、物価高騰対応 重点支援地方創生臨時交付金を活用しました非課税世帯及び子育て世帯加算分の給付金支給 にかかる費用及び地域振興券発行事業を追加するものでございます。早急に予算措置が必要と なったことから、去る１２月１７日に専決処分をしましたので、承認を,kaigirokuR7,11
2025,kaigirokuR7,◎承認第１号専決処分の承認を求めることについて,,,"予算,決算",議長(山岡隆良君),,質疑なしと認めます。これで総括的質疑を終わります。本案については、議会 運営委員長の報告のとおり、全員協議会で詳細な説明を受け、予算決算委員会に付託すること にしたいと思います。ご異議ありませんか。 （「異議なし」の声あり）,kaigirokuR7,11
2025,kaigirokuR7,◎議案第１号御杖村ドクターヘリ場外離着陸場の設置及び管理,,,"予算,決算,補正予算",議長(山岡隆良君),,異議なしと認めます。したがって、日程第５、承認第１号専決処分の承認を求 めることについて、令和６年度御杖村一般会計補正予算第５号は、予算決算委員会に付託するこ とに決定しました。   ◎議案第１号御杖村ドクターヘリ場外離着陸場の設置及び管理 に関する条例の一部を改正する条例の制定について ［上程、説明、総括的質疑、むらづくり委員会付託］,kaigirokuR7,11
2025,kaigirokuR7,◎議案第１３号御杖村国民健康保険財政調整基金の設置、,,,基金,議長(山岡隆良君),,ありがとうございます。全員の起立により、日程第１７、議案第１２号御杖村国 民健康保険税条例の一部を改正する条例の制定についても、原案のとおり可決されました。   ◎議案第１３号御杖村国民健康保険財政調整基金の設置、 管理及び処分に関する条例の一部を改正する条例の制定 について ［上程、説明、総括的質疑、むらづくり委員会付託］,kaigirokuR7,22
2025,kaigirokuR7,◎議案第１３号御杖村国民健康保険財政調整基金の設置、,,,基金,議長(山岡隆良君),,次に、日程第１８、議案第１３号御杖村国民健康保険財政調整基金の設置、管 理及び処分に関する条例の一部を改正する条例の制定についてを議題と致します。本案につい て、提案理由の説明を求めます。伊藤村長。,kaigirokuR7,22
2025,kaigirokuR7,◎議案第１３号御杖村国民健康保険財政調整基金の設置、,,,基金,村長(伊藤収宜君),,本案につきましては、国民健康保険の県単位化に伴い、従来の基金の設置 目的や活用について変更が生じており、より適切な運営のために基金が活用できるように改正を 行うものでございます。よろしくお願いします。,kaigirokuR7,22
2025,kaigirokuR7,◎議案第１４号御杖村家庭的保育事業等の設備及び運営に,,,基金,議長(山岡隆良君),,異議なしと認めます。したがって、日程第１８、議案第１３号御杖村国民健康保 険財政調整基金の設置、管理及び処分に関する条例の一部を改正する 条例の制定について は、むらづくり委員会に付託することに決定しました。   ◎議案第１４号御杖村家庭的保育事業等の設備及び運営に 関する基準を定める条例の一部を改正する条例の制定に ついて ［上程、説明、質疑、討論、採決］ －23－,kaigirokuR7,23
2025,kaigirokuR7,◎議案第１４号御杖村家庭的保育事業等の設備及び運営に,,,取得,保健福祉課長(川上隆二君),,詳細について、説明をさせていただきます。改正の内容は、管理栄 養士国家試験は、栄養士の免許を受けた者でなければ受けることができなかったところ、改正後 においては、管理栄養士養成施設卒業者については栄養士免許の取得が不要となったことによ り、栄養士免許を取得せずとも管理栄養士となることが可能となりました。改正は、１点ございます。 第１６条第１項第２号について、栄養士を栄養士又は管理栄養士に改めるもの,kaigirokuR7,23
2025,kaigirokuR7,◎議案第１９号村道路線の変更について,,,"予算,補正予算",議長(山岡隆良君),,以上、日程第２４議案第１９号まで済ませていただきましたけれども、ちょうどお 昼時間も差し迫ってまいりました。補正予算また新年度予算等々の詳細説明をいただきながら議 事進行を進めて行きたいと思いますので、暫時昼食休憩とさせていただきまして、午後１３時より再 会ということでさせていただきたいと思います。長時間渡りますけれども、皆様方のご理解とご協力 よろしくお願いしたいと思います。再会は１３時というこ,kaigirokuR7,27
2025,kaigirokuR7,◎議案第２０号令和６年度御杖村一般会計補正予算（第６号）,,,"予算,決算,補正予算",議長(山岡隆良君),,休憩前に引き続きまして、会議を再開いたします。   ◎議案第２０号令和６年度御杖村一般会計補正予算（第６号） の議定について ［上程、説明、総括的質疑、予算決算委員会付託］,kaigirokuR7,27
2025,kaigirokuR7,◎議案第２０号令和６年度御杖村一般会計補正予算（第６号）,,,"予算,補正予算",議長(山岡隆良君),,次に、日程第２５、議案第２０号令和６年度御杖村一般会計補正予算第６号の 議定についてを議題と致します。本案について、提案理由の説明を求めます。伊藤村長。,kaigirokuR7,27
2025,kaigirokuR7,◎議案第２０号令和６年度御杖村一般会計補正予算（第６号）,,2421000,基金,村長(伊藤収宜君),,本案につきましては、歳入歳出それぞれに１，２４２万１千円を追加し補正後の 総額を２６億９，１６１万８千円とするものでございます。主な内容ですが、事業等における請負差 等により発生する不用額の減額となっており、また増額は、人事院勧告に沿った人件費の増額及 び収支見込みによる余剰金を基金積立するものでございます。よろしくお願いします。,kaigirokuR7,27
2025,kaigirokuR7,◎議案第２０号令和６年度御杖村一般会計補正予算（第６号）,,,"予算,決算",議長(山岡隆良君),,質疑なしと認めます。これで総括的質疑を終わります。本案については、議会 運営委員長の報告のとおり、全員協議会で詳細な説明を受け、予算決算委員会に付託すること にしたいと思います。ご異議ありませんか。 （「異議なし」の声あり）,kaigirokuR7,27
2025,kaigirokuR7,◎議案第２１号令和６年度御杖村国民健康保険特別会計,,,"予算,決算,補正予算",議長(山岡隆良君),,異議なしと認めます。したがって、日程第２５、議案第２０号令和６年度御杖村 一般会計補正予算第６号の議定については、予算決算委員会に付託することに決定しました。   ◎議案第２１号令和６年度御杖村国民健康保険特別会計 補正予算（第３号）の議定について ［上程、説明、総括的質疑、予算決算委員会付託］,kaigirokuR7,27
2025,kaigirokuR7,◎議案第２１号令和６年度御杖村国民健康保険特別会計,,,予算,議長(山岡隆良君),,次に、日程第２６、議案第２１号令和６年度御杖村国民健康保険特別会計補正 予算第３号の議定についてを議題と致します。本案について、提案理由の説明を求めます。伊藤 村長。 －28－,kaigirokuR7,28
2025,kaigirokuR7,◎議案第２１号令和６年度御杖村国民健康保険特別会計,,,"予算,決算",議長(山岡隆良君),,質疑なしと認めます。これで総括的質疑を終わります。本案についても、議会 運営委員長の報告のとおり、全員協議会で詳細な説明を受け、予算決算委員会に付託すること にしたいと思います。ご異議ありませんか。 （「異議なし」の声あり）,kaigirokuR7,28
2025,kaigirokuR7,◎議案第２２号令和６年度御杖村介護保険特別会計,,,"予算,決算,補正予算",議長(山岡隆良君),,異議なしと認めます。したがって、日程第２６、議案第２１号令和６年度御杖村 国民健康保険特別会計補正予算第３号の議定についても、予算決算委員会に付託することに決 定しました。   ◎議案第２２号令和６年度御杖村介護保険特別会計 補正予算（第３号）の議定について ［上程、説明、総括的質疑、予算決算委員会付託］,kaigirokuR7,28
2025,kaigirokuR7,◎議案第２２号令和６年度御杖村介護保険特別会計,,,"予算,補正予算",議長(山岡隆良君),,次に、日程第２７、議案第２２号令和６年度御杖村介護保険特別会計補正予算 第３号の議定についてを議題と致します。本案について、提案理由の説明を求めます。伊藤村長。,kaigirokuR7,28
2025,kaigirokuR7,◎議案第２２号令和６年度御杖村介護保険特別会計,,9160000,基金,村長(伊藤収宜君),,本案につきましては、歳入歳出それぞれ１，０４７万３千円を減額し、補正後の 総額を４億２，９１６万円とするものものでございます。主な内容は、介護給付費の実績見込みに合 わせた減額及び介護給付費準備基金の積立を行うもののでございます。よろしくお願いします。,kaigirokuR7,28
2025,kaigirokuR7,◎議案第２２号令和６年度御杖村介護保険特別会計,,,"予算,決算",議長(山岡隆良君),,質疑なしと認めます。これで総括的質疑を終わります。本案についても、議会 運営委員長の報告のとおり、全員協議会で詳細な説明を受け、予算決算委員会に付託すること にしたいと思います。ご異議ありませんか。 （「異議なし」の声あり）,kaigirokuR7,28
2025,kaigirokuR7,◎議案第２３号令和６年度御杖村後期高齢者医療特別会計,,,"予算,決算,補正予算",議長(山岡隆良君),,異議なしと認めます。したがって、日程第２７、議案第２２号令和６年度御杖村 介護保険特別会計補正予算第３号の議定についても、予算決算委員会に付託することに決定し ました。  －29－ ◎議案第２３号令和６年度御杖村後期高齢者医療特別会計 補正予算（第２号）の議定について ［上程、説明、総括的質疑、予算決算委員会付託］,kaigirokuR7,29
2025,kaigirokuR7,◎議案第２３号令和６年度御杖村後期高齢者医療特別会計,,,予算,議長(山岡隆良君),,次に、日程第２８、議案第２３号令和６年度御杖村後期高齢者医療特別会計補 正予算第２号の議定についてを議題と致します。本案について、提案理由の説明を求めます。伊 藤村長。,kaigirokuR7,29
2025,kaigirokuR7,◎議案第２３号令和６年度御杖村後期高齢者医療特別会計,,,"予算,決算",議長(山岡隆良君),,質疑なしと認めます。これで総括的質疑を終わります。本案についても、議会 運営委員長の報告のとおり、全員協議会で詳細な説明を受け、予算決算委員会に付託すること にしたいと思います。ご異議ありませんか。 （「異議なし」の声あり）,kaigirokuR7,29
2025,kaigirokuR7,◎議案第２４号令和６年度令和６年度御杖村簡易水道事業,Water/Sewer,,"予算,決算,補正予算",議長(山岡隆良君),,異議なしと認めます。したがって、日程第２８、議案第２３号令和６年度御杖村 後期高齢者医療特別会計補正予算第２号の議定についても、予算決算委員会に付託することに 決定しました。   ◎議案第２４号令和６年度令和６年度御杖村簡易水道事業 会計補正予算（第３号）の議定について ［上程、説明、総括的質疑、予算決算委員会付託］,kaigirokuR7,29
2025,kaigirokuR7,◎議案第２４号令和６年度令和６年度御杖村簡易水道事業,Water/Sewer,,"予算,補正予算",議長(山岡隆良君),,次に、日程第２９、議案第２４号令和６年度御杖村簡易水道事業会計補正予算 第３号の議定についてを議題と致します。本案について、提案理由の説明を求めます。伊藤村長。,kaigirokuR7,29
2025,kaigirokuR7,◎議案第２４号令和６年度令和６年度御杖村簡易水道事業,Water/Sewer,9541000,工事,村長(伊藤収宜君),,本案につきましては、収益的収入額を２２４万９千円増額し、補正後の予定額 を８，３１５万円、収益的支出額を１８４万９千円減額し、補正後の予定額を７，５６０万３千円、資本 的収入額を１６５万４千円減額し、補正後の予定額を４，９５４万１千円、資本的支出額を１９２万８ 千円減額し、補正後の予定額を７，００５万８千円とするものでございます。主な内容は、人事院勧 告に沿った人件費を増額及び配水管布設替工事にお,kaigirokuR7,29
2025,kaigirokuR7,◎議案第２４号令和６年度令和６年度御杖村簡易水道事業,Water/Sewer,,"予算,決算",議長(山岡隆良君),,質疑なしと認めます。これで総括的質疑を終わります。本案についても、議会 －30－ 運営委員長の報告のとおり、全員協議会で詳細な説明を受け、予算決算委員会に付託すること にしたいと思います。ご異議ありませんか。 （「異議なし」の声あり）,kaigirokuR7,30
2025,kaigirokuR7,◎議案第２４号令和６年度令和６年度御杖村簡易水道事業,Water/Sewer,,"予算,決算,補正予算",議長(山岡隆良君),,異議なしと認めます。したがって、日程第２９、議案第２４号令和６年度御杖村 簡易水道事業会計補正予算第３号の議定についても、予算決算委員会に付託することに決定し ました。  ◎令和７年度施政方針 ［伊藤村長］,kaigirokuR7,30
2025,kaigirokuR7,◎議案第２４号令和６年度令和６年度御杖村簡易水道事業,Water/Sewer,,予算,議長(山岡隆良君),,次に、日程第３０議案第２５号から日程第３４議案第２９号までは、令和７年度 の一般会計予算及び特別会計予算並びに事業会計予算の議案となります。審議に入ります前に、 伊藤村長より、新年度に向けての施策方針を伺いたいと思います。伊藤村長よろしくお願いしま す。,kaigirokuR7,30
2025,kaigirokuR7,◎議案第２４号令和６年度令和６年度御杖村簡易水道事業,Welfare,8000000,予算,村長(伊藤収宜君),,令和７年３月定例会において、新年度の各会計予算案をはじめ、重要な諸議 案をご審議いただくにあたり、村政運営における私の所信と主要施策の概要を申し述べ、議員各 位並びに村民の皆様のご理解とご協力をお願い申し上げたいと思います。私が平成２７年より、村 政をお預かりして９年、これまで村民皆様の温かいご支援とご協力に支えられ、元気な過疎のむら づくりに取り組んでまいりました。昨年度に積極的な取組を申し上げ,kaigirokuR7,32
2025,kaigirokuR7,◎議案第２５号令和７年度御杖村一般会計予算の議定について,,,"予算,決算",議長(山岡隆良君),,ありがとうございました。   ◎議案第２５号令和７年度御杖村一般会計予算の議定について ［上程、説明、総括的質疑、予算決算委員会付託］ ,kaigirokuR7,32
2025,kaigirokuR7,◎議案第２５号令和７年度御杖村一般会計予算の議定について,,,予算,議長(山岡隆良君),,それでは、日程第３０、議案第２５号令和７年度御杖村一般会計予算の議定に ついてを議題と致します。本案について、提案理由の説明を求めます。伊藤村長。,kaigirokuR7,32
2025,kaigirokuR7,◎議案第２５号令和７年度御杖村一般会計予算の議定について,Construction,407053000,"予算,取得,基金,工事,決算,補助金,財産",副村長(中嶋英樹君),副村長 (Vice Mayor),令和７年度御杖村一般会計予算の概要につきまして、ご説明申し上げま す。村長の施政方針に続きまして、令和７年度予算案説明要旨及び説明資料の６ページをご覧く ださい。まず６ページこちらの表は、本村の令和７年度全会計の予算案総括表となっています。区 分、一般会計の欄をご覧ください。予算総額２６億９，１００万円で、前年度に比べ１億１，８００万円、 ４．６％の増額となります。次７ページをご覧ください。この表,kaigirokuR7,36
2025,kaigirokuR7,◎議案第２５号令和７年度御杖村一般会計予算の議定について,,,"予算,決算",議長(山岡隆良君),,質疑なしと認めます。これで総括的質疑を終わります。本案についても、議会 運営委員長の報告のとおり、全員協議会で詳細な説明を受け、予算決算委員会に付託すること にしたいと思います。ご異議ありませんか。 （「異議なし」の声あり）,kaigirokuR7,36
2025,kaigirokuR7,◎議案第２６号令和７年度御杖村国民健康保険特別会計予算,,,"予算,決算",議長(山岡隆良君),,異議なしと認めます。したがって、日程第３０、議案第２５号令和７年度御杖村 一般会計予算の議定についても、予算決算委員会に付託することに決定しました。   ◎議案第２６号令和７年度御杖村国民健康保険特別会計予算 の議定について ［上程、説明、総括的質疑、予算決算委員会付託］,kaigirokuR7,36
2025,kaigirokuR7,◎議案第２６号令和７年度御杖村国民健康保険特別会計予算,,,予算,議長(山岡隆良君),,次に、日程第３１、議案第２６号令和７年度御杖村国民健康保険特別会計予算 の議定についてを議題とします。本案について、提案理由の説明を求めます。伊藤村長。,kaigirokuR7,36
2025,kaigirokuR7,◎議案第２６号令和７年度御杖村国民健康保険特別会計予算,,,"予算,決算",議長(山岡隆良君),,質疑なしと認めます。これで総括的質疑を終わります。本案についても、議会 運営委員長の報告のとおり、全員協議会で詳細な説明を受け、予算決算委員会に付託すること にしたいと思います。ご異議ありませんか。 （「異議なし」の声あり）,kaigirokuR7,37
2025,kaigirokuR7,◎議案第２７号令和７年度御杖村介護保険特別会計予算の,,,"予算,決算",議長(山岡隆良君),,異議なしと認めます。したがって、日程第３１、議案第２６号令和７年度御杖村 国民健康保険特別会計予算の議定についても、予算決算委員会に付託することに決定しました。   ◎議案第２７号令和７年度御杖村介護保険特別会計予算の 議定について ［上程、説明、総括的質疑、予算決算委員会付託］,kaigirokuR7,37
2025,kaigirokuR7,◎議案第２７号令和７年度御杖村介護保険特別会計予算の,,,予算,議長(山岡隆良君),,次に、日程第３２、議案第２７号令和７年度御杖村介護保険特別会計予算の議 定についてを議題とします。本案について、提案理由の説明を求めます。伊藤村長。,kaigirokuR7,37
2025,kaigirokuR7,◎議案第２７号令和７年度御杖村介護保険特別会計予算の,,,"予算,決算",議長(山岡隆良君),,質疑なしと認めます。これで総括的質疑を終わります。本案についても、議会 運営委員長の報告のとおり、全員協議会で詳細な説明を受け、予算決算委員会に付託すること にしたいと思います。ご異議ありませんか。 （「異議なし」の声あり）,kaigirokuR7,37
2025,kaigirokuR7,◎議案第２８号令和７年度御杖村後期高齢者医療特別会計,,,"予算,決算",議長(山岡隆良君),,異議なしと認めます。したがって、日程第３２、議案第２７号令和７年度御杖村 介護保険特別会計予算の議定についても、予算決算委員会に付託することに決定しました。   ◎議案第２８号令和７年度御杖村後期高齢者医療特別会計 予算の議定について ［上程、説明、総括的質疑、予算決算委員会付託］,kaigirokuR7,37
2025,kaigirokuR7,◎議案第２８号令和７年度御杖村後期高齢者医療特別会計,,,"予算,決算",議長(山岡隆良君),,質疑なしと認めます。これで総括的質疑を終わります。本案についても、議会 運営委員長の報告のとおり、全員協議会で詳細な説明を受け、予算決算委員会に付託すること にしたいと思います。ご異議ありませんか。 （「異議なし」の声あり）,kaigirokuR7,38
2025,kaigirokuR7,◎議案第２９号令和７年度御杖村簡易水道事業会計,Water/Sewer,,"予算,決算",議長(山岡隆良君),,異議なしと認めます。したがって、日程第３３、議案第２８号令和７年度御杖村 後期高齢者医療特別会計予算の議定についても、予算決算委員会に付託することに決定しまし た。   ◎議案第２９号令和７年度御杖村簡易水道事業会計 予算の議定について ［上程、説明、総括的質疑、予算決算委員会付託］ ,kaigirokuR7,38
2025,kaigirokuR7,◎議案第２９号令和７年度御杖村簡易水道事業会計,Water/Sewer,,予算,議長(山岡隆良君),,次に、日程第３４、議案第２９号令和７年度御杖村簡易水道事業会計予算の議 定についてを議題とします。本案について、提案理由の説明を求めます。伊藤村長。,kaigirokuR7,38
2025,kaigirokuR7,◎議案第２９号令和７年度御杖村簡易水道事業会計,Water/Sewer,,"予算,決算",議長(山岡隆良君),,質疑なしと認めます。これで総括的質疑を終わります。本案についても、議会 運営委員長の報告のとおり、全員協議会で詳細な説明を受け、予算決算委員会に付託すること にしたいと思います。ご異議ありませんか。 （「異議なし」の声あり）,kaigirokuR7,38
2025,kaigirokuR7,◎諮問第１号人権擁護委員候補者の推薦につき意見を,Water/Sewer,,"予算,決算",議長(山岡隆良君),,異議なしと認めます。したがって、日程第３４、議案第２９号令和７年度御杖村 簡易水道事業会計予算の議定についても、予算決算委員会に付託することに決定しました。   ◎諮問第１号人権擁護委員候補者の推薦につき意見を 求めることについて ［上程、説明、答申案配布］,kaigirokuR7,38
2025,kaigirokuR7,◎同意第４号御杖村監査委員の選任につき同意を求めること,Village Development,,"予算,基金,補正予算",副議長(山岡隆良君),,以上をもって、本日の日程は全て終了致しました。次回の本会議は３月２１ 日金曜日、午前１０時より開くことに致します。本日は、これにて散会致します。長時間にわたりお 疲れ様でした。 （午後２時１３分散会）  －42－ （令和７年３月２１日）     －43－ 令和７年第１回（３月）御杖村議会定例会（第２号） 令和７年３月２１日（金） 開議 午前１０時００分 ◎議事日程［審議結果］ 第１   承認第１号,kaigirokuR7,45
2025,kaigirokuR7,◎承認第１号専決処分の承認を求めることについて,,,"予算,補正予算",議長(山岡隆良君),,皆さん、おはようございます。本日の令和７年第１回御杖村議会定例会の続 会をご案内させていただい たところ、ご出席をいただきありがとうございます。全議員が出席でご ざいます。地方自治法第１１３条の規定による定足数に達しておりますので、本日の会議を開きま す。本日の議事日程は、お手元に配布の日程第２号のとおりと致します。   ◎承認第１号専決処分の承認を求めることについて （令和６年度御杖村一般会計補,kaigirokuR7,45
2025,kaigirokuR7,◎承認第１号専決処分の承認を求めることについて,,,"予算,決算,補正予算",議長(山岡隆良君),,ただちに議題に入ります。日程第１･承認第１号･専決処分の承認を求めるこ とについて、令和６年度御杖村一般会計補正予算第５号を議題といたします。本案については、 予算決算委員会に付託した案件でございます。御杖村会議規則第４１条第１項の規定に基づき、 予算決算委員会委員長より審査の経過 及び結果の報告をお願いします。予算決算委員会委員 長、寺前伊平君。,kaigirokuR7,45
2025,kaigirokuR7,◎承認第１号専決処分の承認を求めることについて,,,"予算,決算,補正予算",２番(寺前伊平君),,議長の許可を得ましたので、予算決算委員会を代表しまして、当委員会に付 託されました、承認第１号専決処分の承認を求めることについて、令和６年度御杖村一般会計補 正予算第５号につきまして、その審査の経緯並びに経過と結果についてご報告させていただきま す。まず、審査の経緯でございますが、去る３月６日の本会議におきまして、令和６年度一般会計 及び各特別会計における専決処分を含む補正予算６件、令和７年度一般,kaigirokuR7,45
2025,kaigirokuR7,◎承認第１号専決処分の承認を求めることについて,,,"予算,決算",議長(山岡隆良君),,寺前委員長、ありがとうございました。これから、予算決算委員会委員長報告 に対する質疑を行います。質疑は、ございませんか。 （「質疑なし」の声あり）,kaigirokuR7,45
2025,kaigirokuR7,◎承認第１号専決処分の承認を求めることについて,,,"予算,決算",議長(山岡隆良君),,討論なしと認めます。これで討論を終わります。これより、本案について採決 －46－ を行います。本案に対する予算決算委員会委員長の報告は、承認です。日程第１、承認第１号に ついて、予算決算委員会委員長の報告のとおり決定することに賛成の方は、ご起立願います。 （全員／起立）,kaigirokuR7,46
2025,kaigirokuR7,◎議案第１号御杖村ドクターヘリ場外離着陸場の設置及び,,,"予算,基金,決算,補正予算",議長(山岡隆良君),,ありがとうございます。全員の起立により、日程第１、承認第１号専決処分の承 認を求めることについて、令和６年度御杖村一般会計補正予算第５号は、予算決算委員会委員 長の報告のとおり承認されました。    ◎議案第１号御杖村ドクターヘリ場外離着陸場の設置及び 管理に関する条例の一部を改正する条例の制定につい て、議案第１３号御杖村国民健康保険財政調整基金の設 置、管理及び処分に関する条例の一部を改正する,kaigirokuR7,46
2025,kaigirokuR7,◎議案第１号御杖村ドクターヘリ場外離着陸場の設置及び,,,基金,議長(山岡隆良君),,次に、日程第２、議案第１号御杖村ドクターヘリ場外離着陸場の設置及び管 理に関する条例の一部を改正する条例の制定について、日程第３、議案第１３号御杖村国民健 康保険財政調整基金の設置、管理及び処分に関する条例の一部を改正する条例の制定につい て、日程第４、議案第１８号第四次御杖村長期総合計画後期基本計画の策定について、日程第５、 議案第１９号村道路線の変更についての４議案につきましては、むらづくり委,kaigirokuR7,46
2025,kaigirokuR7,◎議案第１号御杖村ドクターヘリ場外離着陸場の設置及び,,,基金,６番(古川芳明君),,最初に委員会当日、廣口委員長、松岡副委員長が入院加療のため欠席とな ったことから、御杖村議会委員会条例第９条第２項の規定により、年長委員の私古川が職務代行 をさせていただきましたので、むらづくり委員会を代表しまして、報告させていただきます。それで は、当委員会に付託されました、議案第１号及び議案第１３号と議案第１８号並びに議案第１９号 以上の４議案につきまして、その審査の経緯と結果について、一括し,kaigirokuR7,47
2025,kaigirokuR7,◎議案第１３号御杖村国民健康保険財政調整基金の設置、,,,基金,議長(山岡隆良君),,ありがとうございます。全員の起立により、日程第２、議案第１号御杖村ドクタ ーヘリ場外離着陸場の設置及び管理に関する条例の一部を改正する条例の制定については、 むらづくり委員会委員長職務代行の報告のとおり可決されました。   ◎議案第１３号御杖村国民健康保険財政調整基金の設置、 管理及び処分に関する条例の一部を改正する条例の制定 について ［討論、採決］,kaigirokuR7,47
2025,kaigirokuR7,◎議案第１３号御杖村国民健康保険財政調整基金の設置、,,,基金,議長(山岡隆良君),,次に、日程第３、議案第１３号御杖村国民健康保険財政調整基金の設置、 管理及び処分に関する条例の一部を改正する条例の制定についてを議題とし、討論を行います。 討論はありませんか。 （「討論なし」の声あり）,kaigirokuR7,47
2025,kaigirokuR7,◎議案第１８号第四次御杖村長期総合計画（後期基本計画）の,,,基金,議長(山岡隆良君),,ありがとうございます。全員の起立により、日程第３、議案第１３号御杖村国民 健康保険財政調整基金の設置、管理及び処分に関する条例の一部を改正する条例の制定につ いても、むらづくり委員会委員長職務代行の報告のとおり可決されました。   ◎議案第１８号第四次御杖村長期総合計画（後期基本計画）の 策定について ［討論、採決］,kaigirokuR7,48
2025,kaigirokuR7,◎議案第２０号令和６年度御杖村一般会計補正予算（第６号）,Water/Sewer,,"予算,補正予算",議長(山岡隆良君),,ありがとうございます。全員の起立により、日程第５、議案第１９号村道路線の 変更についても、むらづくり委員会委員長職務代行の報告のとおり可決されました。   ◎議案第２０号令和６年度御杖村一般会計補正予算（第６号） の議定について、議案第２１号令和６年度御杖村国民健 康保険特別会計補正予算（第３号）の議定について、議 案第２２号令和６年度御杖村介護保険特別会計補正予算 （第３号）の議定について、議案,kaigirokuR7,49
2025,kaigirokuR7,◎議案第２０号令和６年度御杖村一般会計補正予算（第６号）,Water/Sewer,,"予算,決算,補正予算",議長(山岡隆良君),,次に、日程第６、議案第２０号令和６年度御杖村一般会計補正予算第６号の 議定について、日程第７、議案第２１号令和６年度御杖村国民健康保険特別会計補正予算第３ 号の議定について、日程第８、議案第２２号令和６年度御杖村介護保険特別会計補正予算第３号 の議定について、日程第９、議案第２３号令和６年度御杖村後期高齢者医療特別会計補正予算 第２号の議定について、 日程第１０、議案第２４号令和６年度御杖村簡易水,kaigirokuR7,49
2025,kaigirokuR7,◎議案第２０号令和６年度御杖村一般会計補正予算（第６号）,,,"予算,決算",議長(山岡隆良君),,異議なしと認め、そのように進めさせていただきます。日程第６議案第２０号、 日程第７議案第２１号、日程第８議案第２２号、日程第９議案第２３号、日程第１０議案第２４号の５ 議案について、御杖村会議規則第４１条第 １項の規定に基づき、予算決算委員会委員長より一 括して審査経過及び結果の 報告をお願いします。予算決算委員会委員長、寺前伊平君。,kaigirokuR7,49
2025,kaigirokuR7,◎議案第２０号令和６年度御杖村一般会計補正予算（第６号）,,,"予算,決算,補正予算",２番(寺前伊平君),,それでは、予算決算委員会を代表しまして、当委員会に付託されました、議 案第２０号の一般会計及び議案第２１号から議案第２４号までの各特別会計における補正予算に つきまして、一括して、その審査の経緯並びに経過と結果についてご報告させていただきます。審 査の経緯につきましては、先に報告させていただきましたとおりでございますので、割愛させてい ただきます。審査の経過でございますが、令和６年度の一般会計及び,kaigirokuR7,49
2025,kaigirokuR7,◎議案第２０号令和６年度御杖村一般会計補正予算（第６号）,,,"予算,決算",議長(山岡隆良君),,寺前委員長、ありがとうございました。これから、予算決算委員会委員長報告 に対する質疑を一括して行います。 質疑は、ございませんか。 （「質疑なし」の声あり）,kaigirokuR7,49
2025,kaigirokuR7,◎議案第２０号令和６度御杖村一般会計補正予算（第６号）の,,,"予算,補正予算",議長(山岡隆良君),,質疑なしと認めます。これで質疑を終わります。続いて議案ごとに、討論及び 採決を行います。  ◎議案第２０号令和６度御杖村一般会計補正予算（第６号）の 議定について ［討論、採決］,kaigirokuR7,49
2025,kaigirokuR7,◎議案第２０号令和６度御杖村一般会計補正予算（第６号）の,,,"予算,補正予算",議長(山岡隆良君),,まず、日程第６、議案第２０号令和６度御杖村一般会計補正予算第６号の 議定についてを議題とし、討論を行います。討論はありませんか。 （「討論なし」の声あり）,kaigirokuR7,49
2025,kaigirokuR7,◎議案第２０号令和６度御杖村一般会計補正予算（第６号）の,,,"予算,決算",議長(山岡隆良君),,討論なしと認めます。これで討論を終わります。これより、本案について採決を 行います。本案に対する予算決算委員会委員長の報告は、可決です。日程第６、議案第２０号に ついては、予算決算委員会委員長の報告のとおり決定することに賛成の方は、ご起立願います。 －50－ （全員／起立）,kaigirokuR7,50
2025,kaigirokuR7,◎議案第２１号令和６年度御杖村国民健康保険特別会計補正,,,"予算,決算,補正予算",議長(山岡隆良君),,ありがとうございます。全員の起立により、日程第６、議案第２０号令和６度御 杖村一般会計補正予算第６号の議定については、予算決算委員会委員長の報告のとおり可決さ れました。   ◎議案第２１号令和６年度御杖村国民健康保険特別会計補正 予算（第３号）の議定について ［討論、採決］,kaigirokuR7,50
2025,kaigirokuR7,◎議案第２１号令和６年度御杖村国民健康保険特別会計補正,,,予算,議長(山岡隆良君),,次に、日程第７、議案第２１号令和６年度御杖村国民健康保険特別会計補 正予算第３号の議定についてを議題とし、討論を行います。討論はありませんか。 「討論なし」の声あり,kaigirokuR7,50
2025,kaigirokuR7,◎議案第２１号令和６年度御杖村国民健康保険特別会計補正,,,"予算,決算",議長(山岡隆良君),,討論なしと認めます。これで討論を終わります。これより、本案について採決を 行います。本案に対する予算決算委員会委員長の報告は、可決です。日程第７、議案第２１号に ついても、予算決算委員会委員長の報告のとおり決定することに賛成の方は、ご起立願います。 （全員／起立）,kaigirokuR7,50
2025,kaigirokuR7,◎議案第２２号令和６年度御杖村介護保険特別会計補正予算,,,"予算,決算,補正予算",議長(山岡隆良君),,ありがとうございます。全員の起立により、日程第７、議案第２１号令和６年度 御杖村国民健康保険特別会計補正予算第３号の議定についても、予算決算委員会委員長の報 告のとおり可決されました。   ◎議案第２２号令和６年度御杖村介護保険特別会計補正予算 （第３号）の議定について ［討論、採決］,kaigirokuR7,50
2025,kaigirokuR7,◎議案第２２号令和６年度御杖村介護保険特別会計補正予算,,,"予算,決算",議長(山岡隆良君),,討論なしと認めます。これで討論を終わります。これより、本案について採決を 行います。本案に対する予算決算委員会委員長の報告は、可決です。日程第８、議案第２２号に ついても、予算決算委員会委員長の報告のとおり決定することに賛成の方は、ご起立願います。 （全員／起立）,kaigirokuR7,50
2025,kaigirokuR7,◎議案第２３号令和６年度御杖村後期高齢者医療特別会計補正,,,"予算,決算,補正予算",議長(山岡隆良君),,ありがとうございます。全員の起立により、日程第８、議案第２２号令和６年度 御杖村介護保険特別会計補正予算第３号の議定についても、予算決算委員会委員長の報告の とおり可決されました。   ◎議案第２３号令和６年度御杖村後期高齢者医療特別会計補正 予算（第２号）の議定について ［討論、採決］,kaigirokuR7,50
2025,kaigirokuR7,◎議案第２３号令和６年度御杖村後期高齢者医療特別会計補正,,,"予算,補正予算",議長(山岡隆良君),,次に、日程第９、議案第２３号令和６年度御杖村後期高齢者医療特別会計 補正予算第２号の議定についてを議題とし、討論を行います。討論はありませんか。 「討論なし」の声あり －51－,kaigirokuR7,51
2025,kaigirokuR7,◎議案第２３号令和６年度御杖村後期高齢者医療特別会計補正,,,"予算,決算",議長(山岡隆良君),,討論なしと認めます。これで討論を終わります。これより、本案について採決を 行います。本案に対する予算決算委員会委員長の報告は、可決です。日程第９、議案第２３号に ついても、予算決算委員会委員長の報告のとおり決定することに賛成の方は、ご起立願います。 （全員／起立）,kaigirokuR7,51
2025,kaigirokuR7,◎議案第２４号令和６年度御杖村簡易水道事業会計補正予算,Water/Sewer,,"予算,決算,補正予算",議長(山岡隆良君),,ありがとうございます。全員の起立により、日程第９、議案第２３号令和６年度 御杖村後期高齢者医療特別会計補正予算第３号の議定についても、予算決算委員会委員長の 報告のとおり可決されました。   ◎議案第２４号令和６年度御杖村簡易水道事業会計補正予算 （第３号）の議定について ［討論、採決］,kaigirokuR7,51
2025,kaigirokuR7,◎議案第２４号令和６年度御杖村簡易水道事業会計補正予算,Water/Sewer,,予算,議長(山岡隆良君),,次に、日程第１０、議案第２４号令和６年度御杖村簡易水道事業会計補正 予算第３号の議定についてを議題とし、討論を行います。討論はありませんか。 （「討論なし」の声あり）,kaigirokuR7,51
2025,kaigirokuR7,◎議案第２４号令和６年度御杖村簡易水道事業会計補正予算,Water/Sewer,,"予算,決算",議長(山岡隆良君),,討論なしと認めます。これで討論を終わります。これより、本案について採決を 行います。本案に対する予算決算委員会委員長の報告は、可決です。日程第１０、議案第２４号に ついても、予算決算委員会委員長の報告のとおり決定することに賛成の方は、ご起立願います。 （全員／起立）,kaigirokuR7,51
2025,kaigirokuR7,◎議案第２５号令和７年度御杖村一般会計予算の議定につい,Water/Sewer,,"予算,決算,補正予算",議長(山岡隆良君),,ありがとうございます。全員の起立により、日程第１０、議案第２４号令和６年 度御杖村簡易水道事業会計補正予算第３号の議定についても、予算決算委員会委員長の報告 のとおり可決されました。   ◎議案第２５号令和７年度御杖村一般会計予算の議定につい て、議案第２６号令和７年度御杖村国民健康保険特別会計 予算の議定について、議案第２７号令和７年度御杖村介護 保険特別会計予算の議定について、議案第２８号令和,kaigirokuR7,51
2025,kaigirokuR7,◎議案第２５号令和７年度御杖村一般会計予算の議定につい,Water/Sewer,,"予算,決算",議長(山岡隆良君),,次に、日程第１１、議案第２５号令和７年度御杖村一般会計予算の議定につ いて、日程第１２、議案第２６号令和７年度御杖村国民健康保険特別会計予算の議定について、 日程第１３、議案第２７号令和７年度御杖村介護保険特別会計予算の議定について、日程第１４、 議案第２８号令和７年度御杖村後期高齢者医療特別会計予算の議定について、日程第１５、議案 第２９号令和７年度御杖村簡易水道事業会計予算の議定についての５議,kaigirokuR7,51
2025,kaigirokuR7,◎議案第２５号令和７年度御杖村一般会計予算の議定につい,,,"予算,決算",議長(山岡隆良君),,異議なしと認め、そのように進めさせていただきます。日程第１１議案第２５号、 －52－ 日程第１２議案第２６号、日程第１３議案第２７号、日程第１４議案第２８号、日程第１５議案第２９号 の５議案について、御杖村会議規則第４１条第１項の規定に基づき、予算決算委員会委員長より 一括して審査経過 及び結果の報告をお願いします。予算決算委員会委員長、寺前伊平君。,kaigirokuR7,52
2025,kaigirokuR7,◎議案第２５号令和７年度御杖村一般会計予算の議定につい,,,"予算,入札,決算,補助金,補正予算",２番(寺前伊平君),,それでは、議案第２５号から議案第２９号の一般会計及び各特別会計における 令和７年度当初予算の議定につきまして、一括して、その審査の経過と結果について報告をさせて いただきます。審査の経緯につきましては、先に報告させていただきましたとおりでございますので、 割愛させていただきます。審査の経過でございますが、補正予算同様、議案ごとに３月７日開催の 全員協議会において説明いただいた以外に、提案理由及び内,kaigirokuR7,52
2025,kaigirokuR7,◎議案第２５号令和７年度御杖村一般会計予算の議定につい,,,"予算,決算",議長(山岡隆良君),,寺前委員長、ありがとうございました。これから、予算決算委員会委員長報告 に対する質疑を一括して行います。質疑は、ございませんか。 （「質疑なし」の声あり）,kaigirokuR7,52
2025,kaigirokuR7,◎議案第２５号令和７年度御杖村一般会計予算の議定について,,,予算,議長(山岡隆良君),,質疑なしと認めます。これで質疑を終わります。続いて議案ごとに、討論及び 採決を行います。   ◎議案第２５号令和７年度御杖村一般会計予算の議定について ［討論、採決］,kaigirokuR7,52
2025,kaigirokuR7,◎議案第２５号令和７年度御杖村一般会計予算の議定について,,,予算,議長(山岡隆良君),,まず、日程第１１、議案２５号令和７年度御杖村一般会計予算の議定につい てを議題とし、討論を行います。討論はありませんか。 （「討論なし」の声あり）,kaigirokuR7,52
2025,kaigirokuR7,◎議案第２５号令和７年度御杖村一般会計予算の議定について,,,"予算,決算",議長(山岡隆良君),,討論なしと認めます。これで討論を終わります。これより、本案について採決 を行います。本案に対する予算決算委員会委員長の報告は、可決です。日程第１１、議案第２５ 号について、予算決算委員会委員長の報告のとおり決定することに賛成の方は、ご起立願います。 （全員／起立）,kaigirokuR7,52
2025,kaigirokuR7,◎議案第２６号令和７年度御杖村国民健康保険特別会計予算,,,"予算,決算",議長(山岡隆良君),,ありがとうございます。全員の起立により、日程第１１、議案２５号令和７年度 御杖村一般会計予算の議定については、予算決算委員会委員長の報告のとおり可決されました。   ◎議案第２６号令和７年度御杖村国民健康保険特別会計予算 の議定について ［討論、採決］,kaigirokuR7,52
2025,kaigirokuR7,◎議案第２６号令和７年度御杖村国民健康保険特別会計予算,,,"予算,決算",議長(山岡隆良君),,討論なしと認めます。これで討論を終わります。これより、本案について採決 を行います。本案に対する予算決算委員会委員長の報告は、可決です。日程第１２、議案第２６ 号についても、予算決算委員会委員長の報告のとおり決定することに賛成の方は、ご起立願いま す。 （全員／起立）,kaigirokuR7,53
2025,kaigirokuR7,◎議案第２７号令和７年度御杖村介護保険特別会計予算,,,"予算,決算",議長(山岡隆良君),,ありがとうございます。全員の起立により、日程第１２、議案第２６号令和７年 度御杖村国民健康保険特別会計予算の議定についても、予算決算委員会 委員長の報告のと おり可決されました。   ◎議案第２７号令和７年度御杖村介護保険特別会計予算 の議定について ［討論、採決］,kaigirokuR7,53
2025,kaigirokuR7,◎議案第２７号令和７年度御杖村介護保険特別会計予算,,,予算,議長(山岡隆良君),,次に、日程第１３、議案第２７号令和７年度御杖村介護保険特別会計予算の 議定についてを議題とし、討論を行います。討論はありませんか。 （「討論なし」の声あり）,kaigirokuR7,53
2025,kaigirokuR7,◎議案第２７号令和７年度御杖村介護保険特別会計予算,,,"予算,決算",議長(山岡隆良君),,討論なしと認めます。これで討論を終わります。これより、本案について採決を 行います。本案に対する予算決算委員会委員長の報告は、可決です。日程第１３、議案第２７号に ついても、予算決算委員会委員長の報告のとおり決定することに賛成の方は、ご起立願います。 （全員／起立）,kaigirokuR7,53
2025,kaigirokuR7,◎議案第２８号令和７年度御杖村後期高齢者医療特別会計,,,"予算,決算",議長(山岡隆良君),,ありがとうございます。全員の起立により、日程第１３、議案第２７号令和７年 度御杖村介護保険特別会計予算の議定についても、予算決算委員会委員長の報告のとおり可 決されました。   ◎議案第２８号令和７年度御杖村後期高齢者医療特別会計 予算の議定について ［討論、採決］,kaigirokuR7,53
2025,kaigirokuR7,◎議案第２８号令和７年度御杖村後期高齢者医療特別会計,,,予算,議長(山岡隆良君),,次に、日程第１４、議案第２８号令和７年度御杖村後期高齢者医療特別会計 予算の議定についてを議題とし、討論を行います。討論はありませんか。 （「討論なし」の声あり）,kaigirokuR7,53
2025,kaigirokuR7,◎議案第２８号令和７年度御杖村後期高齢者医療特別会計,,,"予算,決算",議長(山岡隆良君),,討論なしと認めます。これで討論を終わります。これより、本案について採決 を行います。本案に対する予算決算委員会委員長の報告は、可決です。日程第１４、議案第２８ 号についても、予算決算委員会委員長の報告のとおり決定することに賛成の方は、ご起立願いま す。 （全員／起立）,kaigirokuR7,53
2025,kaigirokuR7,◎議案第２９号令和７年度御杖村簡易水道事業会計予算の,Water/Sewer,,"予算,決算",議長(山岡隆良君),,ありがとうございます。全員の起立により、日程第１４、議案第２８号令和７年 度御杖村後期高齢者医療特別会計予算の議定についても、予算決算委員会委員長の報告のと おり可決されました。   －54－ ◎議案第２９号令和７年度御杖村簡易水道事業会計予算の 議定について ［討論、採決］,kaigirokuR7,54
2025,kaigirokuR7,◎議案第２９号令和７年度御杖村簡易水道事業会計予算の,Water/Sewer,,予算,議長(山岡隆良君),,次に、日程第１５、議案第２９号令和７年度御杖村簡易水道事業会計予算の 議定についてを議題とし、討論を行います。討論はありませんか。 （「討論なし」の声あり）,kaigirokuR7,54
2025,kaigirokuR7,◎議案第２９号令和７年度御杖村簡易水道事業会計予算の,Water/Sewer,,"予算,決算",議長(山岡隆良君),,討論なしと認めます。これで討論を終わります。これより、本案について採決を 行います。本案に対する予算決算委員会委員長の報告は、可決です。日程第１５、議案第２９号に ついても、予算決算委員会委員長の報告のとおり決定することに賛成の方は、ご起立願います。 （全員／起立）,kaigirokuR7,54
2025,kaigirokuR7,◎発委第１号閉会中の継続調査申出について（議会運営委員会）,Water/Sewer,,"予算,決算",議長(山岡隆良君),,ありがとうございます。全員の起立により、日程第１５、議案第２９号令和７年 度御杖村簡易水道事業会計予算の議定についても、予算決算委員会委員長の報告のとおり可 決されました。   ◎発委第１号閉会中の継続調査申出について（議会運営委員会） ［上程、採決］,kaigirokuR7,54
2025,r7dai2kaiteireikaikaigiroku,◎発委第４号閉会中の継続調査申出について（むらづくり委員会）,Education,,"予算,決算,繰越,補正予算",委員長(森源五君),,議長の指名を受けましたので、５月２２日に開催いたしました議会運営委員会 の報告をさせていただきます。当日は、全委員出席のもと、令和７年第２回、６月定例会の運営につ いて協議を行いました。まず、会期及び会期中の日程について協議を行い、会期を、６月５日木曜 日から１２日木曜日までの８日間とし、会期中の日程については、６月５日木曜日午前１０時開会、 全員協議会を６月６日金曜日午前１０時開会、予算決算委員,r7dai2kaiteireikaikaigiroku,3
2025,r7dai2kaiteireikaikaigiroku,◎発委第４号閉会中の継続調査申出について（むらづくり委員会）,,,"予算,補正予算",村長(伊藤収宜君),,おはようございます。６月議会定例会を招集いたしましたところ、議員の皆様 には何かとご多用の中、全員のご出席を頂きましてありがとうございます。開会にあたり、行政報告 をさせていただきたいと思います。去る４月２１日、宇陀市役所において、宇陀市、山添村、曽爾 村、御杖村の１市３村が連携して、広域的に地域医療の課題解決に対応していくため、新たに、 奈良県東部地域医療協議会の調印式及び設立総会が開催されまし,r7dai2kaiteireikaikaigiroku,3
2025,r7dai2kaiteireikaikaigiroku,◎発委第４号閉会中の継続調査申出について（むらづくり委員会）,,9827000,"取得,工事,決算",村長(伊藤収宜君),,ご質問のありました桃俣鞍取トイレ休憩所につきましては、令和４年度から令 和５年度の２カ年で事業を行い令和６年２月から供用を開始しております。設置場所については村 を横断する国道にあっては西からの入口であり、村営バスの主要なバス停が設置されております。 また国指定史跡である伊勢本街道の西の起点でもある事から、鞍取峠を越えてきたハイカー等か らも要望が多かったところでございます。元々この場所には男女兼,r7dai2kaiteireikaikaigiroku,6
2025,r7dai2kaiteireikaikaigiroku,◎議案第３１号令和７年度御杖村一般会計補正予算（第２号）,,,"予算,決算,補正予算",議長(寺前伊平君),,異議なしと認めます。したがって、日程第７、議案第３０号御杖村デマンド交 通条例の制定については、むらづくり委員会に付託することに決定しました。  ◎議案第３１号令和７年度御杖村一般会計補正予算（第２号） の議定について ［上程、説明、総括的質疑、予算決算委員会付託］,r7dai2kaiteireikaikaigiroku,9
2025,r7dai2kaiteireikaikaigiroku,◎議案第３１号令和７年度御杖村一般会計補正予算（第２号）,,,"予算,補正予算",議長(寺前伊平君),,次に、日程第８、議案第３１号令和７年度御杖村一般会計補正予算第２号の 議定についてを議題と致します。本案について、提案理由の説明を求めます。伊藤村長。,r7dai2kaiteireikaikaigiroku,9
2025,r7dai2kaiteireikaikaigiroku,◎議案第３１号令和７年度御杖村一般会計補正予算（第２号）,,5457000,予算,村長(伊藤収宜君),,本案につきましては、一般会計予算の歳入歳出それぞれに２，３６６万７千円 を追加し、補正後の総額を２７億１，５４５万７千円とするものです。主な内容は、４月の人事異動に 伴う人件費の補正、奈良県防災行政通信ネットワーク運営協議会負担金等となってございます。 ご審議の程、よろしくお願いします。 －10－,r7dai2kaiteireikaikaigiroku,10
2025,r7dai2kaiteireikaikaigiroku,◎議案第３１号令和７年度御杖村一般会計補正予算（第２号）,,,"予算,決算",議長(寺前伊平君),,質疑なしと認めます。これで質疑を終わります。本案については、議会運営 委員会委員長の報告のとおり、全員協議会で詳細な説明を受け、予算決算委員会に付託するこ とにしたいと思います。ご異議ありませんか。 （「異議なし」の声あり）,r7dai2kaiteireikaikaigiroku,10
2025,r7dai2kaiteireikaikaigiroku,◎議案第３２号令和７年度御杖村介護保険特別会計補正,,,"予算,決算,補正予算",議長(寺前伊平君),,異議なしと認めます。したがって、日程第８･議案第３１号･令和７年度御杖村 一般会計補正予算第２号の議定については、予算決算委員会に付託することに決定しました。   ◎議案第３２号令和７年度御杖村介護保険特別会計補正 予算（第１号）の議定について ［上程、説明、総括的質疑、予算決算委員会付託］,r7dai2kaiteireikaikaigiroku,10
2025,r7dai2kaiteireikaikaigiroku,◎議案第３２号令和７年度御杖村介護保険特別会計補正,,,"予算,補正予算",議長(寺前伊平君),,次に、日程第９、議案第３２号令和７年度御杖村介護保険特別会計補正予算 第１号の議定についてを議題と致します。本案について、提案理由の説明を求めます。伊藤村長。,r7dai2kaiteireikaikaigiroku,10
2025,r7dai2kaiteireikaikaigiroku,◎議案第３２号令和７年度御杖村介護保険特別会計補正,,,"予算,決算",議長(寺前伊平君),,質疑なしと認めます。これで質疑を終わります。本案についても、議会運営委 員会委員長の報告のとおり、全員協議会で詳細な説明を受け、予算決算委員会に付託すること にしたいと思います。ご異議ありませんか。 （「異議なし」の声あり）,r7dai2kaiteireikaikaigiroku,10
2025,r7dai2kaiteireikaikaigiroku,◎同意第６号御杖村教育委員会の委員任命につき同意を求,Education,,"予算,決算,補正予算",議長(寺前伊平君),,異議なしと認めます。したがって、日程第９･議案第３２号･令和７年度御杖村 介護保険特別会計補正予算第１号の議定についても、予算決算委員会に付託することに決定し ました。   ◎同意第６号御杖村教育委員会の委員任命につき同意を求 めることについて ［上程、説明、採決］,r7dai2kaiteireikaikaigiroku,10
2025,r7dai2kaiteireikaikaigiroku,◎報告第１号令和６年度御杖村一般会計繰越明許費繰越,,,繰越,議長(寺前伊平君),,ありがとうございます。全員の起立により、日程第１０、同意第６号御杖村教育 委員会の委員任命につき同意を求めることについては、同意することに決定しました。   ◎報告第１号令和６年度御杖村一般会計繰越明許費繰越 計算書の報告について ［報告］,r7dai2kaiteireikaikaigiroku,11
2025,r7dai2kaiteireikaikaigiroku,◎報告第１号令和６年度御杖村一般会計繰越明許費繰越,,,繰越,議長(寺前伊平君),,次に、日程第１１、報告第１号令和６年度御杖村一般会計繰越明許費繰越 計算書の報告についてを議題と致します。本案については、議会運営委員会委員長の報告のと おり開会日報告と致します。本案について、提案理由の説明を求めます。伊藤村長。,r7dai2kaiteireikaikaigiroku,11
2025,r7dai2kaiteireikaikaigiroku,◎報告第１号令和６年度御杖村一般会計繰越明許費繰越,,,繰越,村長(伊藤収宜君),,本件につきましては、令和６年度から繰り越しさせていただきました１１件の事 業について、地方自治法施行令第１４６条第２項の規定により繰越計算書の調整を行いましたの で報告をするものでございます。内容につきましては、副村長から説明を申し上げます。,r7dai2kaiteireikaikaigiroku,11
2025,r7dai2kaiteireikaikaigiroku,◎報告第１号令和６年度御杖村一般会計繰越明許費繰越,Construction,3595000,"予算,工事,繰越,補助金,補正予算",副村長(中嶋英樹君),副村長 (Vice Mayor),ご説明申し上げます。去る、３月定例会におきまして、一般会計補正予算 第６号で可決いただきました繰越明許費１１事業につきまして、繰越額が確定しましたので報告を いたします。議案書の最後、繰越計算書をご覧ください。まず、庁舎エレベーター修繕、翌年度繰 越額１４８万９千円は、修理部品が受注生産品により、想定以上に納期に時間がかかることとなっ たため繰り越しするもので、現在、修理部品は発注済みであり、年内,r7dai2kaiteireikaikaigiroku,12
2025,r7dai2kaiteireikaikaigiroku,◎報告第１号令和６年度御杖村一般会計繰越明許費繰越,,,繰越,議長(寺前伊平君),,質疑なしと認めます。以上で、日程第１１、報告第１号令和６年度御杖村一般 会計繰越明許費繰越計算書の報告についてを終わります。   ◎散会の宣言,r7dai2kaiteireikaikaigiroku,12
2025,r7dai2kaiteireikaikaigiroku,◎報告第１号令和６年度御杖村一般会計繰越明許費繰越,Village Development,,"予算,補正予算",議長(寺前伊平君),,以上をもって、本日の日程は全て終了致しました。次回の本会議は６月１２日 木曜日･午前１０時より開くことに致します。本日は、これにて散会致します。お疲れ様でした。   （午前１０時５５分散会）     －13－ －14－ （令和７年６月１２日）     －15－ 令和７年第２回（６月）御杖村議会定例会（第２号） 令和７年６月１２日（木） 開議 午前１０時００分 ◎議事日程［審議結果］ 日程第１   ,r7dai2kaiteireikaikaigiroku,16
2025,r7dai2kaiteireikaikaigiroku,◎議案第３１号令和７年度御杖村一般会計補正予算（第２号）,,,"予算,補正予算",議長(寺前伊平君),,ありがとうございます。全員の起立により、日程第１、議案第３０号御杖村デマ ンド交通条例の制定については、盛岡むらづくり委員会委員長の報告のとおり可決されました。   －17－ ◎議案第３１号令和７年度御杖村一般会計補正予算（第２号） の議定について、議案第３２号令和７年度御杖村介護保険 特別会計補正予算（第１号）の議定について ［一括上程、一括委員長報告、一括委員長質疑］,r7dai2kaiteireikaikaigiroku,17
2025,r7dai2kaiteireikaikaigiroku,◎議案第３１号令和７年度御杖村一般会計補正予算（第２号）,,,"予算,決算,補正予算",議長(寺前伊平君),,次に、日程第２、議案第３１号令和７年度御杖村一般会計補正予算第２号の 議定について、日程第３、議案第３２号令和７年度御杖村介護保険特別会計補正予算第１号の議 定についての２議案につきましては、予算決算委員会へ付託した案件でございますので、これを 一括議題としたいと思いますが、異議ありませんか。 （「異議なし」の声あり）,r7dai2kaiteireikaikaigiroku,17
2025,r7dai2kaiteireikaikaigiroku,◎議案第３１号令和７年度御杖村一般会計補正予算（第２号）,,,"予算,決算,補正予算",議長(寺前伊平君),,異議なしと認め、そのように進めさせていただきます。日程第２、議案第３１号 令和７年度御杖村一般会計補正予算第２号の議定について、日程第３、議案第３２号令和７年度 御杖村介護保険特別会計補正予算第１号の議定について、御杖村議会会議規則第４１条第１項 の規定に基づき、予算決算委員会委員長より一括して審査の経過及び結果の報告をお願いしま す。福田委員長。,r7dai2kaiteireikaikaigiroku,17
2025,r7dai2kaiteireikaikaigiroku,◎議案第３１号令和７年度御杖村一般会計補正予算（第２号）,,,"予算,決算,補正予算",４番(福田麻衣子君),,それでは、予算決算委員会を代表しまして、当委員会に付託されました、 議案第３１号令和７年度御杖村一般会計補正予算第２号の議定について及び議案第３２号令和７ 年度御杖村介護保険特別会計補正予算第１号の議定につきまして、その審査の経緯並びに経 過と結果についてご報告させていただきます。まず、審査の経緯でございますが、去る６月５日の 本会議におきまして、議案第３１号令和７年度御杖村一般会計補正予算第２号,r7dai2kaiteireikaikaigiroku,17
2025,r7dai2kaiteireikaikaigiroku,◎議案第３１号令和７年度御杖村一般会計補正予算（第２号）,,,"予算,決算",議長(寺前伊平君),,福田委員長、ご苦労様でした。これから、福田予算決算委員会委員長報告 に対する質疑を一括して行います。質疑は、ございませんか。 （「質疑なし」の声あり）,r7dai2kaiteireikaikaigiroku,17
2025,r7dai2kaiteireikaikaigiroku,◎議案第３１号令和７度御杖村一般会計補正予算（第１号）の,,,"予算,補正予算",議長(寺前伊平君),,質疑なしと認めます。これで質疑を終わります。続いて議案ごとに、討論及び 採決を行います。    －18－ ◎議案第３１号令和７度御杖村一般会計補正予算（第１号）の 議定について ［討論、採決］,r7dai2kaiteireikaikaigiroku,18
2025,r7dai2kaiteireikaikaigiroku,◎議案第３１号令和７度御杖村一般会計補正予算（第１号）の,,,"予算,補正予算",議長(寺前伊平君),,先ず、日程第２、議案第３１号令和７年度御杖村一般会計補正予算第２号の 議定についてを議題とし、討論を行います。討論はありませんか。 （「討論なし」の声あり）,r7dai2kaiteireikaikaigiroku,18
2025,r7dai2kaiteireikaikaigiroku,◎議案第３１号令和７度御杖村一般会計補正予算（第１号）の,,,"予算,決算",議長(寺前伊平君),,討論なしと認めます。これで討論を終わります。これより、本案について採決を 行います。本案に対する福田予算決算委員会委員長の報告は、可決です。日程第２、議案第３１ 号について、予算決算委員会委員長の報告のとおり決定することに賛成の方は、起立願います。 （全員／起立）,r7dai2kaiteireikaikaigiroku,18
2025,r7dai2kaiteireikaikaigiroku,◎議案第３２号令和６年度御杖村介護保険特別会計補正予算,,,"予算,決算,補正予算",議長(寺前伊平君),,ありがとうございます。全員の起立により、日程第２、議案第３１号令和７年度 御杖村一般会計補正予算第２号の議定については、福田予算決算委員会委員長の報告のとお り可決されました。   ◎議案第３２号令和６年度御杖村介護保険特別会計補正予算 （第３号）の議定について ［討論、採決］,r7dai2kaiteireikaikaigiroku,18
2025,r7dai2kaiteireikaikaigiroku,◎議案第３２号令和６年度御杖村介護保険特別会計補正予算,,,"予算,決算",議長(寺前伊平君),,討論なしと認めます。これで討論を終わります。これより、本案について採決を 行います。本案に対する福田予算決算委員会委員長の報告は、可決です。日程第３、議案第３２ 号について、予算決算委員会委員長の報告のとおり決定することに賛成の方は、起立願います。 （全員／起立）,r7dai2kaiteireikaikaigiroku,18
2025,r7dai2kaiteireikaikaigiroku,◎発委第３号閉会中の継続調査申出について（議会運営委員会）,,,"予算,決算,補正予算",議長(寺前伊平君),,ありがとうございます。全員の起立により、日程第３、議案第３２号令和７年度 御杖村介護保険特別会計補正予算第１号の議定についても、福田予算決算委員会委員長の報 告のとおり可決されました。   ◎発委第３号閉会中の継続調査申出について（議会運営委員会） ［上程、採決］,r7dai2kaiteireikaikaigiroku,18
2025,r7rinnjigikaikaigirokudai1kkai,◎発議第１号御杖村議会委員会条例の一部を改正する条例の,,,"予算,決算",議長(寺前伊平君),,山岡議員。 ○６番（山岡隆良）君：それでは、私のほうから提案理由の説明をさせていただきます。発議第１号御 杖村議会委員会条例の一部を改正する条例の制定について。それでは、発議第１号御杖村議会 委員会条例の一部を改正する条例の制定については、議員３名による提出でございますが、代表 いたしまして、私の方からその提案理由につきまして、ご説明をさせていただきます。令和６年１２ 月２日開催の令和６年第４回御,r7rinnjigikaikaigirokudai1kkai,5
2025,r7rinnjigikaikaigirokudai1kkai,◎議選第４号御杖村議会運営委員会の委員長、副委員長及び,,,"予算,決算",議長(寺前伊平君),,議なしと認めます。したがいまして、わたくし議長が指名させていただくことに 決定しました。予算決算委員会委員長に４番福田麻衣子君、副委員長に１番影山英章君、委員 に２番小田靜男君、３番森源五君、５番寺前伊平、６番山岡隆良君、７番盛岡英成君を、むらづく り委員会委員長に７番盛岡英成君、副委員長に２番小田靜男君、委員に１番影山英章君、３番森 源五君、４番福田麻衣子君、５番寺前伊平、６番山岡隆良君を指名さ,r7rinnjigikaikaigirokudai1kkai,6
2025,r7rinnjigikaikaigirokudai1kkai,◎発議第２号御杖村議会傍聴規則の一部を改正する規則の,,,"予算,補正予算",議長(寺前伊平君),,ありがとうございます。全員の起立により、日程第１７、承認第２号専決処分の 承認を求めることについて、御杖村税条例等の一部を改正する条例の制定については原案のと おり承認されました。     －11－ ◎専決処分の承認を求めることについて （令和７年度御杖村一般会計補正予算（第１号）） ［上程、説明、質疑、討論、採決］,r7rinnjigikaikaigirokudai1kkai,11
2025,r7rinnjigikaikaigirokudai1kkai,◎発議第２号御杖村議会傍聴規則の一部を改正する規則の,,,"予算,補正予算",議長(寺前伊平君),,次に、日程第１８、承認第３号専決処分の承認を求めることについて、令和７ 年度御杖村一般会計補正予算第１号を議題と致します。本案について、提案理由の説明を求め ます。伊藤村長。,r7rinnjigikaikaigirokudai1kkai,11
2025,r7rinnjigikaikaigirokudai1kkai,◎発議第２号御杖村議会傍聴規則の一部を改正する規則の,General Affairs,1780000,"予算,補正予算,財産",村長(伊藤収宜君),,本案につきましては、土屋原財産区議会議員辞職に伴う補欠選挙を執行す る予算の補正が必要となり、一般会計の歳入歳出それぞれに７８万円を追加し、補正後の総額を ２６億９，１７８万円とするものでございます。去る４月１日に補正予算の専決処分をさせていただき ましたので、承認をお願いするものでございます。詳細につきましては、総務課長より説明申し上 げます。,r7rinnjigikaikaigirokudai1kkai,11
2025,r7rinnjigikaikaigirokudai1kkai,◎発議第２号御杖村議会傍聴規則の一部を改正する規則の,,1780000,"予算,基金,補正予算,財産",総務課長(今井智君),,それでは、令和７年度御杖村一般会計補正予算第１号の内容について、ご 説明申し上げます。第１号補正につきましては、土屋原財産区議会の議員辞職に伴い、財産区 議会議員の補欠選挙執行に係る経費を４月１日付けで専決補正しております。補正予算書の表 紙、１ページをご覧ください。第１条において、予算の総額に７８万円を追加し、補正後の総額を ２６億９，１７８万円とするものです。補正の内容について、先に歳出からご,r7rinnjigikaikaigirokudai1kkai,11
2025,r7rinnjigikaikaigirokudai1kkai,◎同意第５号御杖村監査委員の選任につき同意を求めることについて,,,"予算,補正予算",議長(寺前伊平君),,ありがとうございます。全員の起立により、日程第１８、承認第３号専決処分の 承認を求めることについて、令和７年度御杖村一般会計補正予算第１号も原案のとおり承認され ました。   ◎同意第５号御杖村監査委員の選任につき同意を求めることについて ［上程、説明、採決］,r7rinnjigikaikaigirokudai1kkai,12
